received_at,timestamp_ms,sync_state,frame_num,rssi,snr,lq,msg_type,payload_hex
2026-02-11T19:19:38.261168,8926,1,78,0,0,2,NONE,
2026-02-11T19:19:38.359593,9026,1,79,0,0,2,NONE,
2026-02-11T19:19:38.458907,9126,1,80,0,0,2,NONE,
2026-02-11T19:19:38.558180,9226,1,81,0,0,2,NONE,
2026-02-11T19:19:38.657755,9326,1,82,0,0,2,NONE,
2026-02-11T19:19:38.756860,9426,1,83,0,0,2,NONE,
2026-02-11T19:19:38.856283,9526,1,84,0,0,2,NONE,
2026-02-11T19:19:38.955758,9626,1,85,0,0,2,NONE,
2026-02-11T19:19:39.055137,9726,1,86,0,0,2,NONE,
2026-02-11T19:19:39.154124,9826,1,87,0,0,2,NONE,
2026-02-11T19:19:39.253926,9926,1,88,0,0,2,NONE,
2026-02-11T19:19:39.353355,10026,1,89,0,0,2,NONE,
2026-02-11T19:19:39.452876,10126,1,90,0,0,2,NONE,
2026-02-11T19:19:39.551885,10226,1,91,0,0,2,NONE,
2026-02-11T19:19:39.651122,10326,1,92,0,0,2,NONE,
2026-02-11T19:19:39.751140,10426,1,93,0,0,2,NONE,
2026-02-11T19:19:39.854902,10526,1,94,0,0,2,NONE,
2026-02-11T19:19:39.949557,10626,1,95,0,0,2,NONE,
2026-02-11T19:19:40.048846,10726,1,96,0,0,2,NONE,
2026-02-11T19:19:40.147628,10826,1,97,0,0,2,NONE,
2026-02-11T19:19:40.247427,10926,1,98,0,0,2,NONE,
2026-02-11T19:19:40.346398,11026,1,99,0,0,2,NONE,
2026-02-11T19:19:40.445877,11126,1,100,0,0,2,NONE,
2026-02-11T19:19:40.545553,11226,1,101,0,0,2,NONE,
2026-02-11T19:19:40.644950,11326,1,102,0,0,2,NONE,
2026-02-11T19:19:40.744190,11426,1,103,0,0,1,NONE,
2026-02-11T19:19:40.843688,11526,1,104,0,0,1,NONE,
2026-02-11T19:19:40.943075,11626,1,105,0,0,1,NONE,
2026-02-11T19:19:41.042404,11726,1,106,0,0,1,NONE,
2026-02-11T19:19:41.141432,11826,1,107,0,0,1,NONE,
2026-02-11T19:19:41.241030,11926,1,108,0,0,1,NONE,
2026-02-11T19:19:41.340866,12026,1,109,0,0,1,NONE,
2026-02-11T19:19:41.439583,12126,1,110,0,0,1,NONE,
2026-02-11T19:19:41.539134,12226,1,111,0,0,1,NONE,
2026-02-11T19:19:41.639072,12326,1,112,0,0,1,NONE,
2026-02-11T19:19:41.737479,12426,1,113,0,0,1,NONE,
2026-02-11T19:19:41.837319,12526,1,114,0,0,1,NONE,
2026-02-11T19:19:41.937195,12626,1,115,0,0,1,NONE,
2026-02-11T19:19:42.036367,12726,1,116,0,0,1,NONE,
2026-02-11T19:19:42.136076,12826,1,117,0,0,1,NONE,
2026-02-11T19:19:42.234855,12926,1,118,0,0,1,NONE,
2026-02-11T19:19:42.334706,13026,1,119,0,0,1,NONE,
2026-02-11T19:19:42.434124,13126,1,120,0,0,1,NONE,
2026-02-11T19:19:42.533574,13226,1,121,0,0,1,NONE,
2026-02-11T19:19:42.632401,13326,1,122,0,0,1,NONE,
2026-02-11T19:19:42.731523,13426,1,123,0,0,1,NONE,
2026-02-11T19:19:42.831222,13526,1,124,0,0,1,NONE,
2026-02-11T19:19:42.930598,13626,1,125,0,0,1,NONE,
2026-02-11T19:19:43.029969,13726,1,126,0,0,1,NONE,
2026-02-11T19:19:43.129118,13826,1,127,0,0,1,NONE,
2026-02-11T19:19:43.228771,13926,1,128,0,0,1,NONE,
2026-02-11T19:19:43.327817,14026,1,129,0,0,1,NONE,
2026-02-11T19:19:43.427507,14126,1,130,0,0,1,NONE,
2026-02-11T19:19:43.526877,14226,1,131,0,0,1,NONE,
2026-02-11T19:19:43.626937,14326,1,132,0,0,1,NONE,
2026-02-11T19:19:43.725689,14426,1,133,0,0,1,NONE,
2026-02-11T19:19:43.826553,14526,1,134,0,0,1,NONE,
2026-02-11T19:19:43.924042,14626,1,135,0,0,1,NONE,
2026-02-11T19:19:44.023815,14726,1,136,0,0,1,NONE,
2026-02-11T19:19:44.124406,14826,1,137,0,0,1,NONE,
2026-02-11T19:19:44.222373,14926,1,138,0,0,1,NONE,
2026-02-11T19:19:44.321579,15026,1,139,0,0,1,NONE,
2026-02-11T19:19:44.421558,15126,1,140,0,0,1,NONE,
2026-02-11T19:19:44.520584,15226,1,141,0,0,1,NONE,
2026-02-11T19:19:44.620464,15326,1,142,0,0,1,NONE,
2026-02-11T19:19:44.719743,15426,1,143,0,0,1,NONE,
2026-02-11T19:19:44.819274,15526,1,144,0,0,1,NONE,
2026-02-11T19:19:44.923081,15626,1,145,0,0,1,NONE,
2026-02-11T19:19:45.017852,15726,1,146,0,0,1,NONE,
2026-02-11T19:19:45.117268,15826,1,147,0,0,1,NONE,
2026-02-11T19:19:45.216381,15926,1,148,0,0,1,NONE,
2026-02-11T19:19:45.315551,16026,1,149,0,0,1,NONE,
2026-02-11T19:19:45.414677,16126,1,150,0,0,1,NONE,
2026-02-11T19:19:45.514628,16226,1,151,0,0,1,NONE,
2026-02-11T19:19:45.613751,16326,1,152,0,0,1,NONE,
2026-02-11T19:19:45.713522,16426,1,153,0,0,1,NONE,
2026-02-11T19:19:45.812362,16526,1,154,0,0,1,NONE,
2026-02-11T19:19:45.911933,16626,1,155,0,0,1,NONE,
2026-02-11T19:19:46.011329,16726,1,156,0,0,1,NONE,
2026-02-11T19:19:46.110293,16826,1,157,0,0,1,NONE,
2026-02-11T19:19:46.210035,16926,1,158,0,0,1,NONE,
2026-02-11T19:19:46.309492,17026,1,159,0,0,1,NONE,
2026-02-11T19:19:46.408465,17126,1,160,0,0,1,NONE,
2026-02-11T19:19:46.508341,17226,1,161,0,0,1,NONE,
2026-02-11T19:19:46.607802,17326,1,162,0,0,1,NONE,
2026-02-11T19:19:46.707067,17426,1,163,0,0,0,NONE,
2026-02-11T19:19:46.806345,17526,1,164,0,0,0,NONE,
2026-02-11T19:19:46.905210,17626,1,165,0,0,0,NONE,
2026-02-11T19:19:47.004982,17726,1,166,0,0,0,NONE,
2026-02-11T19:19:47.104333,17826,1,167,0,0,0,NONE,
2026-02-11T19:19:47.203928,17926,1,168,0,0,0,NONE,
2026-02-11T19:19:47.303569,18026,1,169,0,0,0,NONE,
2026-02-11T19:19:47.402296,18126,1,170,0,0,0,NONE,
2026-02-11T19:19:47.502133,18226,1,171,0,0,0,NONE,
2026-02-11T19:19:47.601433,18326,1,172,0,0,0,NONE,
2026-02-11T19:19:47.700465,18426,1,173,0,0,0,NONE,
2026-02-11T19:19:47.800076,18526,1,174,0,0,0,NONE,
2026-02-11T19:19:47.899432,18626,1,175,0,0,0,NONE,
2026-02-11T19:19:47.998258,18726,1,176,0,0,0,NONE,
2026-02-11T19:19:48.098076,18826,1,177,0,0,0,NONE,
2026-02-11T19:19:48.198002,18926,1,178,0,0,0,NONE,
2026-02-11T19:19:48.296570,19026,1,179,0,0,0,NONE,
2026-02-11T19:19:48.395371,19126,1,180,0,0,0,NONE,
2026-02-11T19:19:48.495583,19226,1,181,0,0,0,NONE,
2026-02-11T19:19:48.595004,19326,1,182,0,0,0,NONE,
2026-02-11T19:19:48.694299,19426,1,183,0,0,0,NONE,
2026-02-11T19:19:48.794573,19526,1,184,0,0,0,NONE,
2026-02-11T19:19:48.893191,19626,1,185,0,0,0,NONE,
2026-02-11T19:19:48.992170,19726,1,186,0,0,0,NONE,
2026-02-11T19:19:49.091696,19826,1,187,0,0,0,NONE,
2026-02-11T19:19:49.191078,19926,1,188,0,0,0,NONE,
2026-02-11T19:19:49.289997,20026,1,189,0,0,0,NONE,
2026-02-11T19:19:49.389768,20126,1,190,0,0,0,NONE,
2026-02-11T19:19:49.489704,20226,1,191,0,0,0,NONE,
2026-02-11T19:19:49.588149,20326,1,192,0,0,0,NONE,
2026-02-11T19:19:49.687857,20426,1,193,0,0,0,NONE,
2026-02-11T19:19:49.787192,20526,1,194,0,0,0,NONE,
2026-02-11T19:19:49.886251,20626,1,195,0,0,0,NONE,
2026-02-11T19:19:49.990290,20726,1,196,0,0,0,NONE,
2026-02-11T19:19:50.085223,20826,1,197,0,0,0,NONE,
2026-02-11T19:19:50.184539,20926,1,198,0,0,0,NONE,
2026-02-11T19:19:50.284291,21026,1,199,0,0,0,NONE,
2026-02-11T19:19:50.383529,21126,1,200,0,0,0,NONE,
2026-02-11T19:19:50.482829,21226,1,201,0,0,0,NONE,
2026-02-11T19:19:50.582271,21326,1,202,0,0,0,NONE,
2026-02-11T19:19:50.681188,21426,1,203,0,0,0,NONE,
2026-02-11T19:19:50.781177,21526,1,204,0,0,0,NONE,
2026-02-11T19:19:50.880291,21626,1,205,0,0,0,NONE,
2026-02-11T19:19:50.979619,21726,1,206,0,0,0,NONE,
2026-02-11T19:19:51.079009,21826,1,207,0,0,0,NONE,
2026-02-11T19:19:51.178330,21926,1,208,0,0,0,NONE,
2026-02-11T19:19:51.277983,22026,1,209,0,0,0,NONE,
2026-02-11T19:19:51.377065,22126,1,210,0,0,0,NONE,
2026-02-11T19:19:51.476031,22226,1,211,0,0,0,NONE,
2026-02-11T19:19:51.575369,22326,1,212,0,0,0,NONE,
2026-02-11T19:19:51.675172,22426,1,213,0,0,0,NONE,
2026-02-11T19:19:51.774351,22526,1,214,0,0,0,NONE,
2026-02-11T19:19:51.873906,22626,1,215,0,0,0,NONE,
2026-02-11T19:19:51.973194,22726,1,216,0,0,0,NONE,
2026-02-11T19:19:52.072857,22826,1,217,0,0,0,NONE,
2026-02-11T19:19:52.171587,22926,1,218,0,0,0,NONE,
2026-02-11T19:19:52.271301,23026,1,219,0,0,0,NONE,
2026-02-11T19:19:52.370727,23126,1,220,0,0,0,NONE,
2026-02-11T19:19:52.470438,23226,1,221,0,0,0,NONE,
2026-02-11T19:19:52.568975,23326,1,222,0,0,0,NONE,
2026-02-11T19:19:52.668848,23426,1,223,0,0,0,NONE,
2026-02-11T19:19:52.767826,23526,1,224,0,0,0,NONE,
2026-02-11T19:19:52.867564,23626,1,225,0,0,0,NONE,
2026-02-11T19:19:52.966788,23726,1,226,0,0,0,NONE,
2026-02-11T19:19:53.066516,23826,1,227,0,0,0,NONE,
2026-02-11T19:19:53.165535,23926,1,228,0,0,0,NONE,
2026-02-11T19:19:53.264894,24026,1,229,0,0,0,NONE,
2026-02-11T19:19:53.363895,24126,1,230,0,0,0,NONE,
2026-02-11T19:19:53.463978,24226,1,231,0,0,0,NONE,
2026-02-11T19:19:53.563142,24326,1,232,0,0,0,NONE,
2026-02-11T19:19:53.662298,24426,1,233,0,0,0,NONE,
2026-02-11T19:19:53.761733,24526,1,234,0,0,0,NONE,
2026-02-11T19:19:53.861098,24626,1,235,0,0,0,NONE,
2026-02-11T19:19:53.960536,24726,1,236,0,0,0,NONE,
2026-02-11T19:19:54.059949,24826,1,237,0,0,0,NONE,
2026-02-11T19:19:54.159218,24926,1,238,0,0,0,NONE,
2026-02-11T19:19:54.258593,25026,1,239,0,0,0,NONE,
2026-02-11T19:19:54.359274,25126,1,240,0,0,0,NONE,
2026-02-11T19:19:54.456855,25226,1,241,0,0,0,NONE,
2026-02-11T19:19:54.556950,25326,1,242,0,0,0,NONE,
2026-02-11T19:19:54.655528,25426,1,243,0,0,0,NONE,
2026-02-11T19:19:54.755263,25526,1,244,0,0,0,NONE,
2026-02-11T19:19:54.854143,25626,1,245,0,0,0,NONE,
2026-02-11T19:19:54.953722,25726,1,246,0,0,0,NONE,
2026-02-11T19:19:55.053415,25826,1,247,0,0,0,NONE,
2026-02-11T19:19:55.152866,25926,1,248,0,0,0,NONE,
2026-02-11T19:19:55.252303,26026,1,249,0,0,0,NONE,
2026-02-11T19:19:55.351630,26126,1,250,0,0,0,NONE,
2026-02-11T19:19:55.451223,26226,1,251,0,0,0,NONE,
2026-02-11T19:19:55.550502,26326,1,252,0,0,0,NONE,
2026-02-11T19:19:55.649633,26426,1,253,0,0,0,NONE,
2026-02-11T19:19:55.748987,26526,1,254,0,0,0,NONE,
2026-02-11T19:19:55.852868,26626,1,255,0,0,0,NONE,
2026-02-11T19:19:55.947615,26726,1,256,0,0,0,NONE,
2026-02-11T19:19:56.047176,26826,1,257,0,0,0,NONE,
2026-02-11T19:19:56.146132,26926,1,258,0,0,0,NONE,
2026-02-11T19:19:56.245387,27026,1,259,0,0,0,NONE,
2026-02-11T19:19:56.345438,27126,1,260,0,0,0,NONE,
2026-02-11T19:19:56.444232,27226,1,261,0,0,0,NONE,
2026-02-11T19:19:56.543610,27326,1,262,0,0,0,NONE,
2026-02-11T19:19:56.643111,27426,1,263,-69,0,1,UL,
2026-02-11T19:19:56.742790,27526,1,264,0,0,1,NONE,
2026-02-11T19:19:56.841406,27626,1,265,0,0,1,NONE,
2026-02-11T19:19:56.941494,27726,1,266,0,0,1,NONE,
2026-02-11T19:19:57.041135,27826,1,267,0,0,1,NONE,
2026-02-11T19:19:57.139414,27926,1,268,0,0,1,NONE,
2026-02-11T19:19:57.239483,28026,1,269,0,0,1,NONE,
2026-02-11T19:19:57.339144,28126,1,270,0,0,1,NONE,
2026-02-11T19:19:57.437911,28226,1,271,0,0,1,NONE,
2026-02-11T19:19:57.536986,28326,1,272,0,0,1,NONE,
2026-02-11T19:19:57.636350,28426,1,273,0,0,1,NONE,
2026-02-11T19:19:57.736099,28526,1,274,0,0,1,NONE,
2026-02-11T19:19:57.835809,28626,1,275,0,0,1,NONE,
2026-02-11T19:19:57.935174,28726,1,276,0,0,1,NONE,
2026-02-11T19:19:58.034256,28826,1,277,0,0,1,NONE,
2026-02-11T19:19:58.133292,28926,1,278,0,0,1,NONE,
2026-02-11T19:19:58.233411,29026,1,279,0,0,1,NONE,
2026-02-11T19:19:58.335763,29126,1,280,0,0,1,NONE,
2026-02-11T19:19:58.432101,29226,1,281,0,0,1,NONE,
2026-02-11T19:19:58.531153,29326,1,282,0,0,1,NONE,
2026-02-11T19:19:58.630475,29426,1,283,0,0,1,NONE,
2026-02-11T19:19:58.729514,29526,1,284,0,0,1,NONE,
2026-02-11T19:19:58.829276,29626,1,285,0,0,1,NONE,
2026-02-11T19:19:58.928355,29726,1,286,0,0,1,NONE,
2026-02-11T19:19:59.027705,29826,1,287,0,0,1,NONE,
2026-02-11T19:19:59.127178,29926,1,288,0,0,1,NONE,
2026-02-11T19:19:59.226020,30026,1,289,0,0,1,NONE,
2026-02-11T19:19:59.326177,30126,1,290,0,0,1,NONE,
2026-02-11T19:19:59.425059,30226,1,291,0,0,1,NONE,
2026-02-11T19:19:59.524633,30326,1,292,0,0,1,NONE,
2026-02-11T19:19:59.624250,30426,1,293,0,0,1,NONE,
2026-02-11T19:19:59.723067,30526,1,294,0,0,1,NONE,
2026-02-11T19:19:59.822163,30626,1,295,0,0,1,NONE,
2026-02-11T19:19:59.921926,30726,1,296,0,0,1,NONE,
2026-02-11T19:20:00.020862,30826,1,297,0,0,1,NONE,
2026-02-11T19:20:00.125291,30926,1,298,0,0,1,NONE,
2026-02-11T19:20:00.219915,31026,1,299,0,0,1,NONE,
2026-02-11T19:20:00.318897,31126,1,300,0,0,1,NONE,
2026-02-11T19:20:00.418623,31226,1,301,0,0,1,NONE,
2026-02-11T19:20:00.518000,31326,1,302,0,0,1,NONE,
2026-02-11T19:20:00.616884,31426,1,303,0,0,1,NONE,
2026-02-11T19:20:00.716609,31526,1,304,0,0,1,NONE,
2026-02-11T19:20:00.816156,31626,1,305,0,0,1,NONE,
2026-02-11T19:20:00.915104,31726,1,306,0,0,1,NONE,
2026-02-11T19:20:01.014807,31826,1,307,0,0,1,NONE,
2026-02-11T19:20:01.114164,31926,1,308,0,0,1,NONE,
2026-02-11T19:20:01.213624,32026,1,309,0,0,1,NONE,
2026-02-11T19:20:01.312859,32126,1,310,0,0,1,NONE,
2026-02-11T19:20:01.412139,32226,1,311,0,0,1,NONE,
2026-02-11T19:20:01.511697,32326,1,312,0,0,1,NONE,
2026-02-11T19:20:01.610505,32426,1,313,0,0,1,NONE,
2026-02-11T19:20:01.710393,32526,1,314,0,0,1,NONE,
2026-02-11T19:20:01.809675,32626,1,315,0,0,1,NONE,
2026-02-11T19:20:01.908524,32726,1,316,0,0,1,NONE,
2026-02-11T19:20:02.008409,32826,1,317,0,0,1,NONE,
2026-02-11T19:20:02.107763,32926,1,318,0,0,1,NONE,
2026-02-11T19:20:02.206719,33026,1,319,0,0,1,NONE,
2026-02-11T19:20:02.306470,33126,1,320,0,0,1,NONE,
2026-02-11T19:20:02.405873,33226,1,321,0,0,1,NONE,
2026-02-11T19:20:02.504998,33326,1,322,0,0,1,NONE,
2026-02-11T19:20:02.604706,33426,1,323,0,0,1,NONE,
2026-02-11T19:20:02.703840,33526,1,324,0,0,1,NONE,
2026-02-11T19:20:02.803399,33626,1,325,0,0,1,NONE,
2026-02-11T19:20:02.902580,33726,1,326,0,0,1,NONE,
2026-02-11T19:20:03.001696,33826,1,327,0,0,1,NONE,
2026-02-11T19:20:03.101503,33926,1,328,0,0,1,NONE,
2026-02-11T19:20:03.200291,34026,1,329,0,0,1,NONE,
2026-02-11T19:20:03.299421,34126,1,330,0,0,1,NONE,
2026-02-11T19:20:03.399595,34226,1,331,0,0,1,NONE,
2026-02-11T19:20:03.502773,34326,1,332,0,0,1,NONE,
2026-02-11T19:20:03.598197,34426,1,333,0,0,1,NONE,
2026-02-11T19:20:03.697560,34526,1,334,0,0,1,NONE,
2026-02-11T19:20:03.796773,34626,1,335,0,0,1,NONE,
2026-02-11T19:20:03.896166,34726,1,336,0,0,1,NONE,
2026-02-11T19:20:03.995561,34826,1,337,0,0,1,NONE,
2026-02-11T19:20:04.094797,34926,1,338,0,0,1,NONE,
2026-02-11T19:20:04.194207,35026,1,339,0,0,1,NONE,
2026-02-11T19:20:04.293683,35126,1,340,0,0,1,NONE,
2026-02-11T19:20:04.392779,35226,1,341,0,0,1,NONE,
2026-02-11T19:20:04.492262,35326,1,342,0,0,1,NONE,
2026-02-11T19:20:04.591611,35426,1,343,0,0,1,NONE,
2026-02-11T19:20:04.690978,35526,1,344,0,0,1,NONE,
2026-02-11T19:20:04.790133,35626,1,345,0,0,1,NONE,
2026-02-11T19:20:04.889694,35726,1,346,0,0,1,NONE,
2026-02-11T19:20:04.988895,35826,1,347,0,0,1,NONE,
2026-02-11T19:20:05.088353,35926,1,348,0,0,1,NONE,
2026-02-11T19:20:05.187903,36026,1,349,0,0,1,NONE,
2026-02-11T19:20:05.287976,36126,1,350,0,0,1,NONE,
2026-02-11T19:20:05.386013,36226,1,351,0,0,1,NONE,
2026-02-11T19:20:05.485548,36326,1,352,0,0,1,NONE,
2026-02-11T19:20:05.584590,36426,1,353,0,0,1,NONE,
2026-02-11T19:20:05.684096,36526,1,354,0,0,1,NONE,
2026-02-11T19:20:05.783889,36626,1,355,0,0,1,NONE,
2026-02-11T19:20:05.883214,36726,1,356,0,0,1,NONE,
2026-02-11T19:20:05.982197,36826,1,357,0,0,1,NONE,
2026-02-11T19:20:06.081918,36926,1,358,0,0,1,NONE,
2026-02-11T19:20:06.181524,37026,1,359,0,0,1,NONE,
2026-02-11T19:20:06.280385,37126,1,360,0,0,1,NONE,
2026-02-11T19:20:06.380130,37226,1,361,0,0,1,NONE,
2026-02-11T19:20:06.479765,37326,1,362,0,0,1,NONE,
2026-02-11T19:20:06.579018,37426,1,363,0,0,0,NONE,
2026-02-11T19:20:06.678045,37526,1,364,0,0,0,NONE,
2026-02-11T19:20:06.777035,37626,1,365,0,0,0,NONE,
2026-02-11T19:20:06.876787,37726,1,366,0,0,0,NONE,
2026-02-11T19:20:06.975708,37826,1,367,0,0,0,NONE,
2026-02-11T19:20:07.075357,37926,1,368,0,0,0,NONE,
2026-02-11T19:20:07.175129,38026,1,369,0,0,0,NONE,
2026-02-11T19:20:07.274003,38126,1,370,0,0,0,NONE,
2026-02-11T19:20:07.373192,38226,1,371,0,0,0,NONE,
2026-02-11T19:20:07.473103,38326,1,372,0,0,0,NONE,
2026-02-11T19:20:07.571682,38426,1,373,0,0,0,NONE,
2026-02-11T19:20:07.672078,38526,1,374,0,0,0,NONE,
2026-02-11T19:20:07.770720,38626,1,375,0,0,0,NONE,
2026-02-11T19:20:07.870133,38726,1,376,0,0,0,NONE,
2026-02-11T19:20:07.970117,38826,1,377,0,0,0,NONE,
2026-02-11T19:20:08.069170,38926,1,378,0,0,0,NONE,
2026-02-11T19:20:08.168322,39026,1,379,0,0,0,NONE,
2026-02-11T19:20:08.267632,39126,1,380,0,0,0,NONE,
2026-02-11T19:20:08.366921,39226,1,381,0,0,0,NONE,
2026-02-11T19:20:08.466420,39326,1,382,0,0,0,NONE,
2026-02-11T19:20:08.565346,39426,1,383,0,0,0,NONE,
2026-02-11T19:20:08.665169,39526,1,384,0,0,0,NONE,
2026-02-11T19:20:08.764465,39626,1,385,0,0,0,NONE,
2026-02-11T19:20:08.863607,39726,1,386,0,0,0,NONE,
2026-02-11T19:20:08.962811,39826,1,387,0,0,0,NONE,
2026-02-11T19:20:09.062193,39926,1,388,0,0,0,NONE,
2026-02-11T19:20:09.161489,40026,1,389,0,0,0,NONE,
2026-02-11T19:20:09.261234,40126,1,390,0,0,0,NONE,
2026-02-11T19:20:09.360222,40226,1,391,0,0,0,NONE,
2026-02-11T19:20:09.459590,40326,1,392,0,0,0,NONE,
2026-02-11T19:20:09.559348,40426,1,393,0,0,0,NONE,
2026-02-11T19:20:09.658583,40526,1,394,0,0,0,NONE,
2026-02-11T19:20:09.758020,40626,1,395,0,0,0,NONE,
2026-02-11T19:20:09.857378,40726,1,396,0,0,0,NONE,
2026-02-11T19:20:09.956721,40826,1,397,0,0,0,NONE,
2026-02-11T19:20:10.056113,40926,1,398,0,0,0,NONE,
2026-02-11T19:20:10.155548,41026,1,399,0,0,0,NONE,
2026-02-11T19:20:10.254108,41126,1,400,0,0,0,NONE,
2026-02-11T19:20:10.353667,41226,1,401,0,0,0,NONE,
2026-02-11T19:20:10.453202,41326,1,402,0,0,0,NONE,
2026-02-11T19:20:10.552303,41426,1,403,0,0,0,NONE,
2026-02-11T19:20:10.651884,41526,1,404,0,0,0,NONE,
2026-02-11T19:20:10.751093,41626,1,405,0,0,0,NONE,
2026-02-11T19:20:10.852160,41726,1,406,0,0,0,NONE,
2026-02-11T19:20:10.950198,41826,1,407,0,0,0,NONE,
2026-02-11T19:20:11.048984,41926,1,408,0,0,0,NONE,
2026-02-11T19:20:11.151205,42026,1,409,0,0,0,NONE,
2026-02-11T19:20:11.248205,42126,1,410,0,0,0,NONE,
2026-02-11T19:20:11.347694,42226,1,411,0,0,0,NONE,
2026-02-11T19:20:11.447168,42326,1,412,0,0,0,NONE,
2026-02-11T19:20:11.546197,42426,1,413,0,0,0,NONE,
2026-02-11T19:20:11.645456,42526,1,414,0,0,0,NONE,
2026-02-11T19:20:11.745190,42626,1,415,0,0,0,NONE,
2026-02-11T19:20:11.844316,42726,1,416,0,0,0,NONE,
2026-02-11T19:20:11.943463,42826,1,417,0,0,0,NONE,
2026-02-11T19:20:12.042704,42926,1,418,0,0,0,NONE,
2026-02-11T19:20:12.142587,43026,1,419,0,0,0,NONE,
2026-02-11T19:20:12.241305,43126,1,420,0,0,0,NONE,
2026-02-11T19:20:12.340765,43226,1,421,0,0,0,NONE,
2026-02-11T19:20:12.441014,43326,1,422,0,0,0,NONE,
2026-02-11T19:20:12.540182,43426,1,423,0,0,0,NONE,
2026-02-11T19:20:12.638717,43526,1,424,0,0,0,NONE,
2026-02-11T19:20:12.738014,43626,1,425,0,0,0,NONE,
2026-02-11T19:20:12.838188,43726,1,426,0,0,0,NONE,
2026-02-11T19:20:12.937955,43826,1,427,0,0,0,NONE,
2026-02-11T19:20:13.036538,43926,1,428,0,0,0,NONE,
2026-02-11T19:20:13.136078,44026,1,429,0,0,0,NONE,
2026-02-11T19:20:13.234926,44126,1,430,0,0,0,NONE,
2026-02-11T19:20:13.334823,44226,1,431,0,0,0,NONE,
2026-02-11T19:20:13.434189,44326,1,432,0,0,0,NONE,
2026-02-11T19:20:13.533322,44426,1,433,0,0,0,NONE,
2026-02-11T19:20:13.632283,44526,1,434,0,0,0,NONE,
2026-02-11T19:20:13.731812,44626,1,435,0,0,0,NONE,
2026-02-11T19:20:13.831014,44726,1,436,0,0,0,NONE,
2026-02-11T19:20:13.930173,44826,1,437,0,0,0,NONE,
2026-02-11T19:20:14.030265,44926,1,438,0,0,0,NONE,
2026-02-11T19:20:14.129126,45026,1,439,0,0,0,NONE,
2026-02-11T19:20:14.228238,45126,1,440,0,0,0,NONE,
2026-02-11T19:20:14.328493,45226,1,441,0,0,0,NONE,
2026-02-11T19:20:14.427780,45326,1,442,0,0,0,NONE,
2026-02-11T19:20:14.527049,45426,1,443,0,0,0,NONE,
2026-02-11T19:20:14.626493,45526,1,444,0,0,0,NONE,
2026-02-11T19:20:14.725347,45626,1,445,0,0,0,NONE,
2026-02-11T19:20:14.824840,45726,1,446,0,0,0,NONE,
2026-02-11T19:20:14.924119,45826,1,447,0,0,0,NONE,
2026-02-11T19:20:15.023784,45926,1,448,0,0,0,NONE,
2026-02-11T19:20:15.123163,46026,1,449,0,0,0,NONE,
2026-02-11T19:20:15.221884,46126,1,450,0,0,0,NONE,
2026-02-11T19:20:15.321455,46226,1,451,0,0,0,NONE,
2026-02-11T19:20:15.421024,46326,1,452,0,0,0,NONE,
2026-02-11T19:20:15.519899,46426,1,453,0,0,0,NONE,
2026-02-11T19:20:15.619916,46526,1,454,0,0,0,NONE,
2026-02-11T19:20:15.719368,46626,1,455,0,0,0,NONE,
2026-02-11T19:20:15.818609,46726,1,456,0,0,0,NONE,
2026-02-11T19:20:15.917970,46826,1,457,0,0,0,NONE,
2026-02-11T19:20:16.016797,46926,1,458,0,0,0,NONE,
2026-02-11T19:20:16.116553,47026,1,459,0,0,0,NONE,
2026-02-11T19:20:16.215994,47126,1,460,0,0,0,NONE,
2026-02-11T19:20:16.315414,47226,1,461,0,0,0,NONE,
2026-02-11T19:20:16.414429,47326,1,462,0,0,0,NONE,
2026-02-11T19:20:16.513867,47426,1,463,0,0,0,NONE,
2026-02-11T19:20:16.612903,47526,1,464,0,0,0,NONE,
2026-02-11T19:20:16.713530,47626,1,465,0,0,0,NONE,
2026-02-11T19:20:16.811905,47726,1,466,0,0,0,NONE,
2026-02-11T19:20:16.911457,47826,1,467,0,0,0,NONE,
2026-02-11T19:20:17.010601,47926,1,468,0,0,0,NONE,
2026-02-11T19:20:17.109618,48026,1,469,0,0,0,NONE,
2026-02-11T19:20:17.209400,48126,1,470,0,0,0,NONE,
2026-02-11T19:20:17.308610,48226,1,471,0,0,0,NONE,
2026-02-11T19:20:17.407616,48326,1,472,0,0,0,NONE,
2026-02-11T19:20:17.507462,48426,1,473,0,0,0,NONE,
2026-02-11T19:20:17.606736,48526,1,474,0,0,0,NONE,
2026-02-11T19:20:17.705823,48626,1,475,0,0,0,NONE,
2026-02-11T19:20:17.805496,48726,1,476,0,0,0,NONE,
2026-02-11T19:20:17.904445,48826,1,477,0,0,0,NONE,
2026-02-11T19:20:18.003869,48926,1,478,0,0,0,NONE,
2026-02-11T19:20:18.103543,49026,1,479,0,0,0,NONE,
2026-02-11T19:20:18.202844,49126,1,480,0,0,0,NONE,
2026-02-11T19:20:18.301836,49226,1,481,0,0,0,NONE,
2026-02-11T19:20:18.401857,49326,1,482,0,0,0,NONE,
2026-02-11T19:20:18.500402,49426,1,483,0,0,0,NONE,
2026-02-11T19:20:18.600303,49526,1,484,0,0,0,NONE,
2026-02-11T19:20:18.699877,49626,1,485,0,0,0,NONE,
2026-02-11T19:20:18.802175,49726,1,486,0,0,0,NONE,
2026-02-11T19:20:18.898557,49826,1,487,0,0,0,NONE,
2026-02-11T19:20:18.997647,49926,1,488,0,0,0,NONE,
2026-02-11T19:20:19.097116,50026,1,489,0,0,0,NONE,
2026-02-11T19:20:19.195605,50126,1,490,0,0,0,NONE,
2026-02-11T19:20:19.295252,50226,1,491,0,0,0,NONE,
2026-02-11T19:20:19.395126,50326,1,492,0,0,0,NONE,
2026-02-11T19:20:19.494706,50426,1,493,0,0,0,NONE,
2026-02-11T19:20:19.593891,50526,1,494,0,0,0,NONE,
2026-02-11T19:20:19.693196,50626,1,495,0,0,0,NONE,
2026-02-11T19:20:19.792776,50726,1,496,0,0,0,NONE,
2026-02-11T19:20:19.891773,50826,1,497,0,0,0,NONE,
2026-02-11T19:20:19.990895,50926,1,498,0,0,0,NONE,
2026-02-11T19:20:20.091298,51026,1,499,0,0,0,NONE,
2026-02-11T19:20:20.190097,51126,1,500,0,0,0,NONE,
2026-02-11T19:20:20.288866,51226,1,501,0,0,0,NONE,
2026-02-11T19:20:20.388859,51326,1,502,0,0,0,NONE,
2026-02-11T19:20:20.487725,51426,1,503,0,0,0,NONE,
2026-02-11T19:20:20.588475,51526,1,504,0,0,0,NONE,
2026-02-11T19:20:20.686756,51626,1,505,0,0,0,NONE,
2026-02-11T19:20:20.785614,51726,1,506,0,0,0,NONE,
2026-02-11T19:20:20.885121,51826,1,507,0,0,0,NONE,
2026-02-11T19:20:20.984121,51926,1,508,0,0,0,NONE,
2026-02-11T19:20:21.084019,52026,1,509,0,0,0,NONE,
2026-02-11T19:20:21.183180,52126,1,510,0,0,0,NONE,
2026-02-11T19:20:21.282803,52226,1,511,0,0,0,NONE,
2026-02-11T19:20:21.381731,52326,1,512,0,0,0,NONE,
2026-02-11T19:20:21.481430,52426,1,513,0,0,0,NONE,
2026-02-11T19:20:21.581140,52526,1,514,0,0,0,NONE,
2026-02-11T19:20:21.680215,52626,1,515,0,0,0,NONE,
2026-02-11T19:20:21.779216,52726,1,516,0,0,0,NONE,
2026-02-11T19:20:21.879047,52826,1,517,0,0,0,NONE,
2026-02-11T19:20:21.978222,52926,1,518,0,0,0,NONE,
2026-02-11T19:20:22.077948,53026,1,519,0,0,0,NONE,
2026-02-11T19:20:22.176933,53126,1,520,0,0,0,NONE,
2026-02-11T19:20:22.276292,53226,1,521,0,0,0,NONE,
2026-02-11T19:20:22.375632,53326,1,522,0,0,0,NONE,
2026-02-11T19:20:22.474983,53426,1,523,0,0,0,NONE,
2026-02-11T19:20:22.574352,53526,1,524,0,0,0,NONE,
2026-02-11T19:20:22.674090,53626,1,525,0,0,0,NONE,
2026-02-11T19:20:22.773208,53726,1,526,0,0,0,NONE,
2026-02-11T19:20:22.872558,53826,1,527,0,0,0,NONE,
2026-02-11T19:20:22.972084,53926,1,528,0,0,0,NONE,
2026-02-11T19:20:23.070746,54026,1,529,0,0,0,NONE,
2026-02-11T19:20:23.170042,54126,1,530,0,0,0,NONE,
2026-02-11T19:20:23.269921,54226,1,531,0,0,0,NONE,
2026-02-11T19:20:23.368756,54326,1,532,0,0,0,NONE,
2026-02-11T19:20:23.468857,54426,1,533,0,0,0,NONE,
2026-02-11T19:20:23.568115,54526,1,534,0,0,0,NONE,
2026-02-11T19:20:23.666543,54626,1,535,0,0,0,NONE,
2026-02-11T19:20:23.766723,54726,1,536,0,0,0,NONE,
2026-02-11T19:20:23.866133,54826,1,537,0,0,0,NONE,
2026-02-11T19:20:23.965570,54926,1,538,0,0,0,NONE,
2026-02-11T19:20:24.064201,55026,1,539,0,0,0,NONE,
2026-02-11T19:20:24.163877,55126,1,540,0,0,0,NONE,
2026-02-11T19:20:24.263537,55226,1,541,0,0,0,NONE,
2026-02-11T19:20:24.362320,55326,1,542,0,0,0,NONE,
2026-02-11T19:20:24.466433,55426,1,543,0,0,0,NONE,
2026-02-11T19:20:24.561142,55526,1,544,0,0,0,NONE,
2026-02-11T19:20:24.661013,55626,1,545,0,0,0,NONE,
2026-02-11T19:20:24.760374,55726,1,546,0,0,0,NONE,
2026-02-11T19:20:24.859403,55826,1,547,0,0,0,NONE,
2026-02-11T19:20:24.958718,55926,1,548,0,0,0,NONE,
2026-02-11T19:20:25.058421,56026,1,549,0,0,0,NONE,
2026-02-11T19:20:25.158620,56126,1,550,0,0,0,NONE,
2026-02-11T19:20:25.256829,56226,1,551,0,0,0,NONE,
2026-02-11T19:20:25.356736,56326,1,552,0,0,0,NONE,
2026-02-11T19:20:25.455437,56426,1,553,0,0,0,NONE,
2026-02-11T19:20:25.555171,56526,1,554,0,0,0,NONE,
2026-02-11T19:20:25.653854,56626,1,555,0,0,0,NONE,
2026-02-11T19:20:25.753571,56726,1,556,0,0,0,NONE,
2026-02-11T19:20:25.853094,56826,1,557,0,0,0,NONE,
2026-02-11T19:20:25.951876,56926,1,558,0,0,0,NONE,
2026-02-11T19:20:26.051587,57026,1,559,0,0,0,NONE,
2026-02-11T19:20:26.152214,57126,1,560,0,0,0,NONE,
2026-02-11T19:20:26.250198,57226,1,561,0,0,0,NONE,
2026-02-11T19:20:26.349613,57326,1,562,0,0,0,NONE,
2026-02-11T19:20:26.453145,57426,1,563,0,0,0,NONE,
2026-02-11T19:20:26.548163,57526,1,564,0,0,0,NONE,
2026-02-11T19:20:26.647558,57626,1,565,0,0,0,NONE,
2026-02-11T19:20:26.747457,57726,1,566,0,0,0,NONE,
2026-02-11T19:20:26.846295,57826,1,567,0,0,0,NONE,
2026-02-11T19:20:26.946046,57926,1,568,0,0,0,NONE,
2026-02-11T19:20:27.045346,58026,1,569,0,0,0,NONE,
2026-02-11T19:20:27.144555,58126,1,570,0,0,0,NONE,
2026-02-11T19:20:27.244334,58226,1,571,0,0,0,NONE,
2026-02-11T19:20:27.343040,58326,1,572,0,0,0,NONE,
2026-02-11T19:20:27.442577,58426,1,573,0,0,0,NONE,
2026-02-11T19:20:27.541685,58526,1,574,0,0,0,NONE,
2026-02-11T19:20:27.641053,58626,1,575,0,0,0,NONE,
2026-02-11T19:20:27.741203,58726,1,576,0,0,0,NONE,
2026-02-11T19:20:27.839392,58826,1,577,0,0,0,NONE,
2026-02-11T19:20:27.938793,58926,1,578,0,0,0,NONE,
2026-02-11T19:20:28.038534,59026,1,579,0,0,0,NONE,
2026-02-11T19:20:28.137690,59126,1,580,0,0,0,NONE,
2026-02-11T19:20:28.239306,59226,1,581,0,0,0,NONE,
2026-02-11T19:20:28.336046,59326,1,582,0,0,0,NONE,
2026-02-11T19:20:28.435973,59426,1,583,0,0,0,NONE,
2026-02-11T19:20:28.535204,59526,1,584,0,0,0,NONE,
2026-02-11T19:20:28.634525,59626,1,585,0,0,0,NONE,
2026-02-11T19:20:28.733857,59726,1,586,0,0,0,NONE,
2026-02-11T19:20:28.833179,59826,1,587,0,0,0,NONE,
2026-02-11T19:20:28.932538,59926,1,588,0,0,0,NONE,
2026-02-11T19:20:29.032277,60026,1,589,0,0,0,NONE,
2026-02-11T19:20:29.131310,60126,1,590,0,0,0,NONE,
2026-02-11T19:20:29.230181,60226,1,591,0,0,0,NONE,
2026-02-11T19:20:29.329998,60326,1,592,0,0,0,NONE,
2026-02-11T19:20:29.428942,60426,1,593,0,0,0,NONE,
2026-02-11T19:20:29.533275,60526,1,594,0,0,0,NONE,
2026-02-11T19:20:29.627976,60626,1,595,0,0,0,NONE,
2026-02-11T19:20:29.727301,60726,1,596,0,0,0,NONE,
2026-02-11T19:20:29.826785,60826,1,597,0,0,0,NONE,
2026-02-11T19:20:29.926009,60926,1,598,0,0,0,NONE,
2026-02-11T19:20:30.025114,61026,1,599,0,0,0,NONE,
2026-02-11T19:20:30.124965,61126,1,600,0,0,0,NONE,
2026-02-11T19:20:30.223421,61226,1,601,0,0,0,NONE,
2026-02-11T19:20:30.323368,61326,1,602,0,0,0,NONE,
2026-02-11T19:20:30.422817,61426,1,603,0,0,0,NONE,
2026-02-11T19:20:30.522059,61526,1,604,0,0,0,NONE,
2026-02-11T19:20:30.621423,61626,1,605,0,0,0,NONE,
2026-02-11T19:20:30.720437,61726,1,606,0,0,0,NONE,
2026-02-11T19:20:30.819799,61826,1,607,0,0,0,NONE,
2026-02-11T19:20:30.919448,61926,1,608,0,0,0,NONE,
2026-02-11T19:20:31.018329,62026,1,609,0,0,0,NONE,
2026-02-11T19:20:31.118393,62126,1,610,0,0,0,NONE,
2026-02-11T19:20:31.217533,62226,1,611,0,0,0,NONE,
2026-02-11T19:20:31.316785,62326,1,612,0,0,0,NONE,
2026-02-11T19:20:31.415453,62426,1,613,0,0,0,NONE,
2026-02-11T19:20:31.516025,62526,1,614,0,0,0,NONE,
2026-02-11T19:20:31.614861,62626,1,615,0,0,0,NONE,
2026-02-11T19:20:31.714191,62726,1,616,0,0,0,NONE,
2026-02-11T19:20:31.813896,62826,1,617,0,0,0,NONE,
2026-02-11T19:20:31.912820,62926,1,618,0,0,0,NONE,
2026-02-11T19:20:32.011894,63026,1,619,0,0,0,NONE,
2026-02-11T19:20:32.111220,63126,1,620,0,0,0,NONE,
2026-02-11T19:20:32.211115,63226,1,621,0,0,0,NONE,
2026-02-11T19:20:32.309907,63326,1,622,0,0,0,NONE,
2026-02-11T19:20:32.409870,63426,1,623,0,0,0,NONE,
2026-02-11T19:20:32.509162,63526,1,624,0,0,0,NONE,
2026-02-11T19:20:32.607871,63626,1,625,0,0,0,NONE,
2026-02-11T19:20:32.707745,63726,1,626,0,0,0,NONE,
2026-02-11T19:20:32.807346,63826,1,627,0,0,0,NONE,
2026-02-11T19:20:32.905754,63926,1,628,0,0,0,NONE,
2026-02-11T19:20:33.005540,64026,1,629,0,0,0,NONE,
2026-02-11T19:20:33.104823,64126,1,630,0,0,0,NONE,
2026-02-11T19:20:33.204185,64226,1,631,0,0,0,NONE,
2026-02-11T19:20:33.303884,64326,1,632,0,0,0,NONE,
2026-02-11T19:20:33.403141,64426,1,633,0,0,0,NONE,
2026-02-11T19:20:33.502514,64526,1,634,0,0,0,NONE,
2026-02-11T19:20:33.607132,64626,1,635,0,0,0,NONE,
2026-02-11T19:20:33.701258,64726,1,636,0,0,0,NONE,
2026-02-11T19:20:33.800260,64826,1,637,0,0,0,NONE,
2026-02-11T19:20:33.899999,64926,1,638,0,0,0,NONE,
2026-02-11T19:20:33.999138,65026,1,639,0,0,0,NONE,
2026-02-11T19:20:34.098588,65126,1,640,0,0,0,NONE,
2026-02-11T19:20:34.197374,65226,1,641,0,0,0,NONE,
2026-02-11T19:20:34.297138,65326,1,642,0,0,0,NONE,
2026-02-11T19:20:34.396566,65426,1,643,0,0,0,NONE,
2026-02-11T19:20:34.495722,65526,1,644,0,0,0,NONE,
2026-02-11T19:20:34.600339,65626,1,645,0,0,0,NONE,
2026-02-11T19:20:34.694295,65726,1,646,0,0,0,NONE,
2026-02-11T19:20:34.793458,65826,1,647,0,0,0,NONE,
2026-02-11T19:20:34.895630,65926,1,648,0,0,0,NONE,
2026-02-11T19:20:34.992924,66026,1,649,0,0,0,NONE,
2026-02-11T19:20:35.091741,66126,1,650,0,0,0,NONE,
2026-02-11T19:20:35.191831,66226,1,651,0,0,0,NONE,
2026-02-11T19:20:35.291015,66326,1,652,0,0,0,NONE,
2026-02-11T19:20:35.392804,66426,1,653,0,0,0,NONE,
2026-02-11T19:20:35.489865,66526,1,654,0,0,0,NONE,
2026-02-11T19:20:35.589682,66626,1,655,0,0,0,NONE,
2026-02-11T19:20:35.687990,66726,1,656,0,0,0,NONE,
2026-02-11T19:20:35.786994,66826,1,657,0,0,0,NONE,
2026-02-11T19:20:35.886302,66926,1,658,0,0,0,NONE,
2026-02-11T19:20:35.986054,67026,1,659,0,0,0,NONE,
2026-02-11T19:20:36.084998,67126,1,660,0,0,0,NONE,
2026-02-11T19:20:36.184749,67226,1,661,0,0,0,NONE,
2026-02-11T19:20:36.284132,67326,1,662,0,0,0,NONE,
2026-02-11T19:20:36.383307,67426,1,663,0,0,0,NONE,
2026-02-11T19:20:36.482909,67526,1,664,0,0,0,NONE,
2026-02-11T19:20:36.582388,67626,1,665,0,0,0,NONE,
2026-02-11T19:20:36.681109,67726,1,666,0,0,0,NONE,
2026-02-11T19:20:36.781018,67826,1,667,0,0,0,NONE,
2026-02-11T19:20:36.880275,67926,1,668,0,0,0,NONE,
2026-02-11T19:20:36.979824,68026,1,669,0,0,0,NONE,
2026-02-11T19:20:37.078264,68126,1,670,0,0,0,NONE,
2026-02-11T19:20:37.178043,68226,1,671,0,0,0,NONE,
2026-02-11T19:20:37.277866,68326,1,672,0,0,0,NONE,
2026-02-11T19:20:37.376162,68426,1,673,0,0,0,NONE,
2026-02-11T19:20:37.476325,68526,1,674,0,0,0,NONE,
2026-02-11T19:20:37.576052,68626,1,675,0,0,0,NONE,
2026-02-11T19:20:37.674476,68726,1,676,0,0,0,NONE,
2026-02-11T19:20:37.774392,68826,1,677,0,0,0,NONE,
2026-02-11T19:20:37.873738,68926,1,678,0,0,0,NONE,
2026-02-11T19:20:37.972506,69026,1,679,0,0,0,NONE,
2026-02-11T19:20:38.071976,69126,1,680,0,0,0,NONE,
2026-02-11T19:20:38.171564,69226,1,681,0,0,0,NONE,
2026-02-11T19:20:38.271139,69326,1,682,0,0,0,NONE,
2026-02-11T19:20:38.370457,69426,1,683,0,0,0,NONE,
2026-02-11T19:20:38.469891,69526,1,684,0,0,0,NONE,
2026-02-11T19:20:38.569103,69626,1,685,0,0,0,NONE,
2026-02-11T19:20:38.668406,69726,1,686,0,0,0,NONE,
2026-02-11T19:20:38.767904,69826,1,687,0,0,0,NONE,
2026-02-11T19:20:38.867462,69926,1,688,0,0,0,NONE,
2026-02-11T19:20:38.965731,70026,1,689,0,0,0,NONE,
2026-02-11T19:20:39.065753,70126,1,690,0,0,0,NONE,
2026-02-11T19:20:39.165081,70226,1,691,0,0,0,NONE,
2026-02-11T19:20:39.264053,70326,1,692,0,0,0,NONE,
2026-02-11T19:20:39.364180,70426,1,693,0,0,0,NONE,
2026-02-11T19:20:39.463305,70526,1,694,0,0,0,NONE,
2026-02-11T19:20:39.562349,70626,1,695,0,0,0,NONE,
2026-02-11T19:20:39.661836,70726,1,696,0,0,0,NONE,
2026-02-11T19:20:39.761262,70826,1,697,0,0,0,NONE,
2026-02-11T19:20:39.860329,70926,1,698,0,0,0,NONE,
2026-02-11T19:20:39.959867,71026,1,699,0,0,0,NONE,
2026-02-11T19:20:40.059313,71126,1,700,0,0,0,NONE,
2026-02-11T19:20:40.158442,71226,1,701,0,0,0,NONE,
2026-02-11T19:20:40.258352,71326,1,702,0,0,0,NONE,
2026-02-11T19:20:40.357357,71426,1,703,0,0,0,NONE,
2026-02-11T19:20:40.456677,71526,1,704,0,0,0,NONE,
2026-02-11T19:20:40.555789,71626,1,705,0,0,0,NONE,
2026-02-11T19:20:40.654700,71726,1,706,0,0,0,NONE,
2026-02-11T19:20:40.754378,71826,1,707,0,0,0,NONE,
2026-02-11T19:20:40.853481,71926,1,708,0,0,0,NONE,
2026-02-11T19:20:40.953415,72026,1,709,0,0,0,NONE,
2026-02-11T19:20:41.052915,72126,1,710,0,0,0,NONE,
2026-02-11T19:20:41.152887,72226,1,711,0,0,0,NONE,
2026-02-11T19:20:41.256114,72326,1,712,0,0,0,NONE,
2026-02-11T19:20:41.351128,72426,1,713,-69,-1,1,UL,
2026-02-11T19:20:41.450258,72526,1,714,0,0,1,NONE,
2026-02-11T19:20:41.549288,72626,1,715,0,0,1,NONE,
2026-02-11T19:20:41.648720,72726,1,716,0,0,1,NONE,
2026-02-11T19:20:41.747590,72826,1,717,0,0,1,NONE,
2026-02-11T19:20:41.847525,72926,1,718,0,0,1,NONE,
2026-02-11T19:20:41.946719,73026,1,719,0,0,1,NONE,
2026-02-11T19:20:42.046168,73126,1,720,0,0,1,NONE,
2026-02-11T19:20:42.145175,73226,1,721,0,0,1,NONE,
2026-02-11T19:20:42.244208,73326,1,722,0,0,1,NONE,
2026-02-11T19:20:42.344191,73426,1,723,0,0,1,NONE,
2026-02-11T19:20:42.442964,73526,1,724,0,0,1,NONE,
2026-02-11T19:20:42.542319,73626,1,725,0,0,1,NONE,
2026-02-11T19:20:42.642137,73726,1,726,0,0,1,NONE,
2026-02-11T19:20:42.740991,73826,1,727,0,0,1,NONE,
2026-02-11T19:20:42.840720,73926,1,728,0,0,1,NONE,
2026-02-11T19:20:42.940409,74026,1,729,0,0,1,NONE,
2026-02-11T19:20:43.041180,74126,1,730,0,0,1,NONE,
2026-02-11T19:20:43.138943,74226,1,731,0,0,1,NONE,
2026-02-11T19:20:43.237488,74326,1,732,0,0,1,NONE,
2026-02-11T19:20:43.337158,74426,1,733,0,0,1,NONE,
2026-02-11T19:20:43.437268,74526,1,734,0,0,1,NONE,
2026-02-11T19:20:43.536017,74626,1,735,0,0,1,NONE,
2026-02-11T19:20:43.635344,74726,1,736,0,0,1,NONE,
2026-02-11T19:20:43.734544,74826,1,737,0,0,1,NONE,
2026-02-11T19:20:43.833595,74926,1,738,0,0,1,NONE,
2026-02-11T19:20:43.933592,75026,1,739,0,0,1,NONE,
2026-02-11T19:20:44.032344,75126,1,740,0,0,1,NONE,
2026-02-11T19:20:44.132402,75226,1,741,0,0,1,NONE,
2026-02-11T19:20:44.231697,75326,1,742,0,0,1,NONE,
2026-02-11T19:20:44.330216,75426,1,743,-69,-1,2,UL,
2026-02-11T19:20:44.430498,75526,1,744,0,0,2,NONE,
2026-02-11T19:20:44.529387,75626,1,745,0,0,2,NONE,
2026-02-11T19:20:44.628734,75726,1,746,0,0,2,NONE,
2026-02-11T19:20:44.728302,75826,1,747,0,0,2,NONE,
2026-02-11T19:20:44.827531,75926,1,748,0,0,2,NONE,
2026-02-11T19:20:44.926887,76026,1,749,0,0,2,NONE,
2026-02-11T19:20:45.026225,76126,1,750,0,0,2,NONE,
2026-02-11T19:20:45.125507,76226,1,751,0,0,2,NONE,
2026-02-11T19:20:45.224562,76326,1,752,0,0,2,NONE,
2026-02-11T19:20:45.323842,76426,1,753,0,0,2,NONE,
2026-02-11T19:20:45.423116,76526,1,754,0,0,2,NONE,
2026-02-11T19:20:45.523114,76626,1,755,0,0,2,NONE,
2026-02-11T19:20:45.621763,76726,1,756,0,0,2,NONE,
2026-02-11T19:20:45.721610,76826,1,757,0,0,2,NONE,
2026-02-11T19:20:45.820772,76926,1,758,0,0,2,NONE,
2026-02-11T19:20:45.920558,77026,1,759,0,0,2,NONE,
2026-02-11T19:20:46.020081,77126,1,760,0,0,2,NONE,
2026-02-11T19:20:46.118973,77226,1,761,0,0,2,NONE,
2026-02-11T19:20:46.217958,77326,1,762,0,0,2,NONE,
2026-02-11T19:20:46.317346,77426,1,763,0,0,2,NONE,
2026-02-11T19:20:46.417062,77526,1,764,0,0,2,NONE,
2026-02-11T19:20:46.516476,77626,1,765,0,0,2,NONE,
2026-02-11T19:20:46.615697,77726,1,766,0,0,2,NONE,
2026-02-11T19:20:46.715083,77826,1,767,0,0,2,NONE,
2026-02-11T19:20:46.815509,77926,1,768,0,0,2,NONE,
2026-02-11T19:20:46.913843,78026,1,769,0,0,2,NONE,
2026-02-11T19:20:47.013118,78126,1,770,0,0,2,NONE,
2026-02-11T19:20:47.112469,78226,1,771,0,0,2,NONE,
2026-02-11T19:20:47.211360,78326,1,772,0,0,2,NONE,
2026-02-11T19:20:47.311107,78426,1,773,0,0,2,NONE,
2026-02-11T19:20:47.410125,78526,1,774,0,0,2,NONE,
2026-02-11T19:20:47.509364,78626,1,775,0,0,2,NONE,
2026-02-11T19:20:47.609132,78726,1,776,0,0,2,NONE,
2026-02-11T19:20:47.708498,78826,1,777,0,0,2,NONE,
2026-02-11T19:20:47.807763,78926,1,778,0,0,2,NONE,
2026-02-11T19:20:47.907138,79026,1,779,0,0,2,NONE,
2026-02-11T19:20:48.011008,79126,1,780,0,0,2,NONE,
2026-02-11T19:20:48.105925,79226,1,781,0,0,2,NONE,
2026-02-11T19:20:48.205195,79326,1,782,0,0,2,NONE,
2026-02-11T19:20:48.304545,79426,1,783,0,0,2,NONE,
2026-02-11T19:20:48.403614,79526,1,784,0,0,2,NONE,
2026-02-11T19:20:48.502804,79626,1,785,0,0,2,NONE,
2026-02-11T19:20:48.602140,79726,1,786,0,0,2,NONE,
2026-02-11T19:20:48.701914,79826,1,787,0,0,2,NONE,
2026-02-11T19:20:48.800904,79926,1,788,0,0,2,NONE,
2026-02-11T19:20:48.900608,80026,1,789,0,0,2,NONE,
2026-02-11T19:20:49.000009,80126,1,790,0,0,2,NONE,
2026-02-11T19:20:49.099071,80226,1,791,0,0,2,NONE,
2026-02-11T19:20:49.198180,80326,1,792,0,0,2,NONE,
2026-02-11T19:20:49.297924,80426,1,793,0,0,2,NONE,
2026-02-11T19:20:49.397308,80526,1,794,0,0,2,NONE,
2026-02-11T19:20:49.496701,80626,1,795,0,0,2,NONE,
2026-02-11T19:20:49.596045,80726,1,796,0,0,2,NONE,
2026-02-11T19:20:49.694912,80826,1,797,0,0,2,NONE,
2026-02-11T19:20:49.794729,80926,1,798,0,0,2,NONE,
2026-02-11T19:20:49.893666,81026,1,799,0,0,2,NONE,
2026-02-11T19:20:49.993018,81126,1,800,0,0,2,NONE,
2026-02-11T19:20:50.092722,81226,1,801,0,0,2,NONE,
2026-02-11T19:20:50.192049,81326,1,802,0,0,2,NONE,
2026-02-11T19:20:50.291372,81426,1,803,0,0,2,NONE,
2026-02-11T19:20:50.390424,81526,1,804,0,0,2,NONE,
2026-02-11T19:20:50.489811,81626,1,805,0,0,2,NONE,
2026-02-11T19:20:50.589717,81726,1,806,0,0,2,NONE,
2026-02-11T19:20:50.688411,81826,1,807,0,0,2,NONE,
2026-02-11T19:20:50.788275,81926,1,808,0,0,2,NONE,
2026-02-11T19:20:50.887541,82026,1,809,0,0,2,NONE,
2026-02-11T19:20:50.986527,82126,1,810,0,0,2,NONE,
2026-02-11T19:20:51.086277,82226,1,811,0,0,2,NONE,
2026-02-11T19:20:51.185780,82326,1,812,0,0,2,NONE,
2026-02-11T19:20:51.284958,82426,1,813,0,0,1,NONE,
2026-02-11T19:20:51.384317,82526,1,814,0,0,1,NONE,
2026-02-11T19:20:51.483406,82626,1,815,0,0,1,NONE,
2026-02-11T19:20:51.583505,82726,1,816,0,0,1,NONE,
2026-02-11T19:20:51.681624,82826,1,817,0,0,1,NONE,
2026-02-11T19:20:51.781936,82926,1,818,0,0,1,NONE,
2026-02-11T19:20:51.880872,83026,1,819,0,0,1,NONE,
2026-02-11T19:20:51.980358,83126,1,820,0,0,1,NONE,
2026-02-11T19:20:52.079827,83226,1,821,0,0,1,NONE,
2026-02-11T19:20:52.178603,83326,1,822,0,0,1,NONE,
2026-02-11T19:20:52.277739,83426,1,823,0,0,1,NONE,
2026-02-11T19:20:52.377623,83526,1,824,0,0,1,NONE,
2026-02-11T19:20:52.478425,83626,1,825,0,0,1,NONE,
2026-02-11T19:20:52.575964,83726,1,826,0,0,1,NONE,
2026-02-11T19:20:52.675995,83826,1,827,0,0,1,NONE,
2026-02-11T19:20:52.775233,83926,1,828,0,0,1,NONE,
2026-02-11T19:20:52.874270,84026,1,829,0,0,1,NONE,
2026-02-11T19:20:52.974172,84126,1,830,0,0,1,NONE,
2026-02-11T19:20:53.072732,84226,1,831,0,0,1,NONE,
2026-02-11T19:20:53.172317,84326,1,832,0,0,1,NONE,
2026-02-11T19:20:53.272184,84426,1,833,0,0,1,NONE,
2026-02-11T19:20:53.371430,84526,1,834,0,0,1,NONE,
2026-02-11T19:20:53.470910,84626,1,835,0,0,1,NONE,
2026-02-11T19:20:53.569850,84726,1,836,0,0,1,NONE,
2026-02-11T19:20:53.669511,84826,1,837,0,0,1,NONE,
2026-02-11T19:20:53.768217,84926,1,838,0,0,1,NONE,
2026-02-11T19:20:53.867717,85026,1,839,0,0,1,NONE,
2026-02-11T19:20:53.966970,85126,1,840,0,0,1,NONE,
2026-02-11T19:20:54.066963,85226,1,841,0,0,1,NONE,
2026-02-11T19:20:54.165728,85326,1,842,0,0,1,NONE,
2026-02-11T19:20:54.265575,85426,1,843,0,0,0,NONE,
2026-02-11T19:20:54.364945,85526,1,844,0,0,0,NONE,
2026-02-11T19:20:54.463861,85626,1,845,0,0,0,NONE,
2026-02-11T19:20:54.563441,85726,1,846,0,0,0,NONE,
2026-02-11T19:20:54.662987,85826,1,847,0,0,0,NONE,
2026-02-11T19:20:54.762150,85926,1,848,0,0,0,NONE,
2026-02-11T19:20:54.861187,86026,1,849,0,0,0,NONE,
2026-02-11T19:20:54.960980,86126,1,850,0,0,0,NONE,
2026-02-11T19:20:55.059810,86226,1,851,0,0,0,NONE,
2026-02-11T19:20:55.159888,86326,1,852,0,0,0,NONE,
2026-02-11T19:20:55.259221,86426,1,853,0,0,0,NONE,
2026-02-11T19:20:55.358321,86526,1,854,0,0,0,NONE,
2026-02-11T19:20:55.457627,86626,1,855,0,0,0,NONE,
2026-02-11T19:20:55.557024,86726,1,856,0,0,0,NONE,
2026-02-11T19:20:55.656030,86826,1,857,0,0,0,NONE,
2026-02-11T19:20:55.755325,86926,1,858,0,0,0,NONE,
2026-02-11T19:20:55.855115,87026,1,859,0,0,0,NONE,
2026-02-11T19:20:55.954444,87126,1,860,0,0,0,NONE,
2026-02-11T19:20:56.053485,87226,1,861,0,0,0,NONE,
2026-02-11T19:20:56.152906,87326,1,862,0,0,0,NONE,
2026-02-11T19:20:56.253232,87426,1,863,0,0,0,NONE,
2026-02-11T19:20:56.352156,87526,1,864,0,0,0,NONE,
2026-02-11T19:20:56.451220,87626,1,865,0,0,0,NONE,
2026-02-11T19:20:56.550564,87726,1,866,0,0,0,NONE,
2026-02-11T19:20:56.650120,87826,1,867,0,0,0,NONE,
2026-02-11T19:20:56.749436,87926,1,868,0,0,0,NONE,
2026-02-11T19:20:56.848621,88026,1,869,0,0,0,NONE,
2026-02-11T19:20:56.948207,88126,1,870,0,0,0,NONE,
2026-02-11T19:20:57.047337,88226,1,871,0,0,0,NONE,
2026-02-11T19:20:57.146771,88326,1,872,0,0,0,NONE,
2026-02-11T19:20:57.246174,88426,1,873,0,0,0,NONE,
2026-02-11T19:20:57.345436,88526,1,874,0,0,0,NONE,
2026-02-11T19:20:57.444468,88626,1,875,0,0,0,NONE,
2026-02-11T19:20:57.544177,88726,1,876,0,0,0,NONE,
2026-02-11T19:20:57.643113,88826,1,877,0,0,0,NONE,
2026-02-11T19:20:57.742911,88926,1,878,0,0,0,NONE,
2026-02-11T19:20:57.842433,89026,1,879,0,0,0,NONE,
2026-02-11T19:20:57.941519,89126,1,880,0,0,0,NONE,
2026-02-11T19:20:58.040615,89226,1,881,0,0,0,NONE,
2026-02-11T19:20:58.140346,89326,1,882,0,0,0,NONE,
2026-02-11T19:20:58.239516,89426,1,883,0,0,0,NONE,
2026-02-11T19:20:58.339478,89526,1,884,0,0,0,NONE,
2026-02-11T19:20:58.438547,89626,1,885,0,0,0,NONE,
2026-02-11T19:20:58.537656,89726,1,886,0,0,0,NONE,
2026-02-11T19:20:58.637341,89826,1,887,0,0,0,NONE,
2026-02-11T19:20:58.736612,89926,1,888,0,0,0,NONE,
2026-02-11T19:20:58.836200,90026,1,889,0,0,0,NONE,
2026-02-11T19:20:58.935836,90126,1,890,0,0,0,NONE,
2026-02-11T19:20:59.034286,90226,1,891,0,0,0,NONE,
2026-02-11T19:20:59.133468,90326,1,892,0,0,0,NONE,
2026-02-11T19:20:59.232631,90426,1,893,0,0,0,NONE,
2026-02-11T19:20:59.332217,90526,1,894,0,0,0,NONE,
2026-02-11T19:20:59.432303,90626,1,895,0,0,0,NONE,
2026-02-11T19:20:59.530746,90726,1,896,0,0,0,NONE,
2026-02-11T19:20:59.630424,90826,1,897,0,0,0,NONE,
2026-02-11T19:20:59.730304,90926,1,898,0,0,0,NONE,
2026-02-11T19:20:59.828972,91026,1,899,0,0,0,NONE,
2026-02-11T19:20:59.928605,91126,1,900,0,0,0,NONE,
2026-02-11T19:21:00.027516,91226,1,901,0,0,0,NONE,
2026-02-11T19:21:00.127284,91326,1,902,-70,3,1,UL,
2026-02-11T19:21:00.226542,91426,1,903,0,0,1,NONE,
2026-02-11T19:21:00.326002,91526,1,904,0,0,1,NONE,
2026-02-11T19:21:00.424968,91626,1,905,0,0,1,NONE,
2026-02-11T19:21:00.524728,91726,1,906,0,0,1,NONE,
2026-02-11T19:21:00.623701,91826,1,907,0,0,1,NONE,
2026-02-11T19:21:00.723447,91926,1,908,0,0,1,NONE,
2026-02-11T19:21:00.822835,92026,1,909,0,0,1,NONE,
2026-02-11T19:21:00.922368,92126,1,910,0,0,1,NONE,
2026-02-11T19:21:01.021485,92226,1,911,0,0,1,NONE,
2026-02-11T19:21:01.120417,92326,1,912,-73,5,2,UL,
2026-02-11T19:21:01.220424,92426,1,913,0,0,2,NONE,
2026-02-11T19:21:01.319542,92526,1,914,0,0,2,NONE,
2026-02-11T19:21:01.418534,92626,1,915,0,0,2,NONE,
2026-02-11T19:21:01.518404,92726,1,916,0,0,2,NONE,
2026-02-11T19:21:01.617569,92826,1,917,0,0,2,NONE,
2026-02-11T19:21:01.716977,92926,1,918,0,0,2,NONE,
2026-02-11T19:21:01.816602,93026,1,919,0,0,2,NONE,
2026-02-11T19:21:01.916566,93126,1,920,0,0,2,NONE,
2026-02-11T19:21:02.015055,93226,1,921,0,0,2,NONE,
2026-02-11T19:21:02.114422,93326,1,922,-68,5,3,UL,
2026-02-11T19:21:02.213875,93426,1,923,0,0,3,NONE,
2026-02-11T19:21:02.313255,93526,1,924,0,0,3,NONE,
2026-02-11T19:21:02.412486,93626,1,925,0,0,3,NONE,
2026-02-11T19:21:02.512072,93726,1,926,0,0,3,NONE,
2026-02-11T19:21:02.611110,93826,1,927,0,0,3,NONE,
2026-02-11T19:21:02.710137,93926,1,928,0,0,3,NONE,
2026-02-11T19:21:02.810035,94026,1,929,0,0,3,NONE,
2026-02-11T19:21:02.909475,94126,1,930,0,0,3,NONE,
2026-02-11T19:21:03.007985,94226,1,931,0,0,3,NONE,
2026-02-11T19:21:03.108057,94326,1,932,0,0,3,NONE,
2026-02-11T19:21:03.207070,94426,1,933,0,0,3,NONE,
2026-02-11T19:21:03.306520,94526,1,934,0,0,3,NONE,
2026-02-11T19:21:03.406038,94626,1,935,0,0,3,NONE,
2026-02-11T19:21:03.504960,94726,1,936,0,0,3,NONE,
2026-02-11T19:21:03.604579,94826,1,937,0,0,3,NONE,
2026-02-11T19:21:03.703490,94926,1,938,0,0,3,NONE,
2026-02-11T19:21:03.803569,95026,1,939,0,0,3,NONE,
2026-02-11T19:21:03.904169,95126,1,940,0,0,3,NONE,
2026-02-11T19:21:04.001516,95226,1,941,0,0,3,NONE,
2026-02-11T19:21:04.101556,95326,1,942,0,0,3,NONE,
2026-02-11T19:21:04.200710,95426,1,943,0,0,3,NONE,
2026-02-11T19:21:04.300039,95526,1,944,0,0,3,NONE,
2026-02-11T19:21:04.399752,95626,1,945,0,0,3,NONE,
2026-02-11T19:21:04.498738,95726,1,946,0,0,3,NONE,
2026-02-11T19:21:04.597755,95826,1,947,0,0,3,NONE,
2026-02-11T19:21:04.697520,95926,1,948,0,0,3,NONE,
2026-02-11T19:21:04.801861,96026,1,949,0,0,3,NONE,
2026-02-11T19:21:04.896193,96126,1,950,0,0,3,NONE,
2026-02-11T19:21:04.996461,96226,1,951,0,0,3,NONE,
2026-02-11T19:21:05.094496,96326,1,952,0,0,3,NONE,
2026-02-11T19:21:05.194071,96426,1,953,0,0,3,NONE,
2026-02-11T19:21:05.293357,96526,1,954,0,0,3,NONE,
2026-02-11T19:21:05.392938,96626,1,955,0,0,3,NONE,
2026-02-11T19:21:05.493773,96726,1,956,0,0,3,NONE,
2026-02-11T19:21:05.591573,96826,1,957,0,0,3,NONE,
2026-02-11T19:21:05.691173,96926,1,958,0,0,3,NONE,
2026-02-11T19:21:05.790329,97026,1,959,0,0,3,NONE,
2026-02-11T19:21:05.889214,97126,1,960,0,0,3,NONE,
2026-02-11T19:21:05.988581,97226,1,961,0,0,3,NONE,
2026-02-11T19:21:06.088321,97326,1,962,0,0,3,NONE,
2026-02-11T19:21:06.187250,97426,1,963,0,0,3,NONE,
2026-02-11T19:21:06.287053,97526,1,964,0,0,3,NONE,
2026-02-11T19:21:06.386424,97626,1,965,0,0,3,NONE,
2026-02-11T19:21:06.485840,97726,1,966,0,0,3,NONE,
2026-02-11T19:21:06.584624,97826,1,967,0,0,3,NONE,
2026-02-11T19:21:06.684445,97926,1,968,0,0,3,NONE,
2026-02-11T19:21:06.783545,98026,1,969,0,0,3,NONE,
2026-02-11T19:21:06.883300,98126,1,970,0,0,3,NONE,
2026-02-11T19:21:06.982331,98226,1,971,0,0,3,NONE,
2026-02-11T19:21:07.081749,98326,1,972,0,0,3,NONE,
2026-02-11T19:21:07.181257,98426,1,973,0,0,3,NONE,
2026-02-11T19:21:07.280505,98526,1,974,0,0,3,NONE,
2026-02-11T19:21:07.381162,98626,1,975,0,0,3,NONE,
2026-02-11T19:21:07.478553,98726,1,976,0,0,3,NONE,
2026-02-11T19:21:07.578834,98826,1,977,0,0,3,NONE,
2026-02-11T19:21:07.677743,98926,1,978,0,0,3,NONE,
2026-02-11T19:21:07.776628,99026,1,979,0,0,3,NONE,
2026-02-11T19:21:07.876849,99126,1,980,0,0,3,NONE,
2026-02-11T19:21:07.975526,99226,1,981,0,0,3,NONE,
2026-02-11T19:21:08.074843,99326,1,982,0,0,3,NONE,
2026-02-11T19:21:08.174894,99426,1,983,0,0,3,NONE,
2026-02-11T19:21:08.274100,99526,1,984,0,0,3,NONE,
2026-02-11T19:21:08.373057,99626,1,985,0,0,3,NONE,
2026-02-11T19:21:08.472746,99726,1,986,0,0,3,NONE,
2026-02-11T19:21:08.571340,99826,1,987,0,0,3,NONE,
2026-02-11T19:21:08.671170,99926,1,988,0,0,3,NONE,
2026-02-11T19:21:08.770844,100026,1,989,0,0,3,NONE,
2026-02-11T19:21:08.869945,100126,1,990,0,0,3,NONE,
2026-02-11T19:21:08.969409,100226,1,991,0,0,3,NONE,
2026-02-11T19:21:09.068320,100326,1,992,0,0,3,NONE,
2026-02-11T19:21:09.168119,100426,1,993,0,0,3,NONE,
2026-02-11T19:21:09.267094,100526,1,994,0,0,3,NONE,
2026-02-11T19:21:09.366316,100626,1,995,0,0,3,NONE,
2026-02-11T19:21:09.465425,100726,1,996,0,0,3,NONE,
2026-02-11T19:21:09.565204,100826,1,997,0,0,3,NONE,
2026-02-11T19:21:09.664174,100926,1,998,0,0,3,NONE,
2026-02-11T19:21:09.763559,101026,1,999,0,0,3,NONE,
2026-02-11T19:21:09.862926,101126,1,1000,0,0,3,NONE,
2026-02-11T19:21:09.962211,101226,1,1001,0,0,3,NONE,
2026-02-11T19:21:10.061896,101326,1,1002,0,0,2,NONE,
2026-02-11T19:21:10.161357,101426,1,1003,0,0,2,NONE,
2026-02-11T19:21:10.260600,101526,1,1004,0,0,2,NONE,
2026-02-11T19:21:10.360192,101626,1,1005,0,0,2,NONE,
2026-02-11T19:21:10.459302,101726,1,1006,0,0,2,NONE,
2026-02-11T19:21:10.558677,101826,1,1007,0,0,2,NONE,
2026-02-11T19:21:10.658158,101926,1,1008,0,0,2,NONE,
2026-02-11T19:21:10.757337,102026,1,1009,0,0,2,NONE,
2026-02-11T19:21:10.856738,102126,1,1010,0,0,2,NONE,
2026-02-11T19:21:10.955614,102226,1,1011,0,0,2,NONE,
2026-02-11T19:21:11.055008,102326,1,1012,0,0,1,NONE,
2026-02-11T19:21:11.154362,102426,1,1013,0,0,1,NONE,
2026-02-11T19:21:11.253721,102526,1,1014,0,0,1,NONE,
2026-02-11T19:21:11.353513,102626,1,1015,0,0,1,NONE,
2026-02-11T19:21:11.453266,102726,1,1016,0,0,1,NONE,
2026-02-11T19:21:11.552060,102826,1,1017,0,0,1,NONE,
2026-02-11T19:21:11.651677,102926,1,1018,0,0,1,NONE,
2026-02-11T19:21:11.751290,103026,1,1019,0,0,1,NONE,
2026-02-11T19:21:11.849797,103126,1,1020,0,0,1,NONE,
2026-02-11T19:21:11.949821,103226,1,1021,0,0,1,NONE,
2026-02-11T19:21:12.049327,103326,1,1022,0,0,0,NONE,
2026-02-11T19:21:12.147788,103426,1,1023,0,0,0,NONE,
2026-02-11T19:21:12.247296,103526,1,1024,0,0,0,NONE,
2026-02-11T19:21:12.347295,103626,1,1025,0,0,0,NONE,
2026-02-11T19:21:12.446352,103726,1,1026,0,0,0,NONE,
2026-02-11T19:21:12.545468,103826,1,1027,0,0,0,NONE,
2026-02-11T19:21:12.645262,103926,1,1028,0,0,0,NONE,
2026-02-11T19:21:12.744454,104026,1,1029,0,0,0,NONE,
2026-02-11T19:21:12.843053,104126,1,1030,0,0,0,NONE,
2026-02-11T19:21:12.943878,104226,1,1031,0,0,0,NONE,
2026-02-11T19:21:13.042575,104326,1,1032,0,0,0,NONE,
2026-02-11T19:21:13.144594,104426,1,1033,0,0,0,NONE,
2026-02-11T19:21:13.241381,104526,1,1034,0,0,0,NONE,
2026-02-11T19:21:13.340232,104626,1,1035,0,0,0,NONE,
2026-02-11T19:21:13.439679,104726,1,1036,0,0,0,NONE,
2026-02-11T19:21:13.539238,104826,1,1037,0,0,0,NONE,
2026-02-11T19:21:13.638681,104926,1,1038,0,0,0,NONE,
2026-02-11T19:21:13.737911,105026,1,1039,0,0,0,NONE,
2026-02-11T19:21:13.837330,105126,1,1040,0,0,0,NONE,
2026-02-11T19:21:13.936441,105226,1,1041,0,0,0,NONE,
2026-02-11T19:21:14.035859,105326,1,1042,-48,0,1,UL,
2026-02-11T19:21:14.134769,105426,1,1043,0,0,1,NONE,
2026-02-11T19:21:14.234472,105526,1,1044,0,0,1,NONE,
2026-02-11T19:21:14.333884,105626,1,1045,0,0,1,NONE,
2026-02-11T19:21:14.432849,105726,1,1046,0,0,1,NONE,
2026-02-11T19:21:14.532590,105826,1,1047,0,0,1,NONE,
2026-02-11T19:21:14.631828,105926,1,1048,0,0,1,NONE,
2026-02-11T19:21:14.730850,106026,1,1049,0,0,1,NONE,
2026-02-11T19:21:14.830672,106126,1,1050,0,0,1,NONE,
2026-02-11T19:21:14.931198,106226,1,1051,0,0,1,NONE,
2026-02-11T19:21:15.029146,106326,1,1052,0,0,1,NONE,
2026-02-11T19:21:15.129019,106426,1,1053,0,0,1,NONE,
2026-02-11T19:21:15.228046,106526,1,1054,0,0,1,NONE,
2026-02-11T19:21:15.327326,106626,1,1055,0,0,1,NONE,
2026-02-11T19:21:15.426343,106726,1,1056,0,0,1,NONE,
2026-02-11T19:21:15.525689,106826,1,1057,0,0,1,NONE,
2026-02-11T19:21:15.625258,106926,1,1058,0,0,1,NONE,
2026-02-11T19:21:15.724341,107026,1,1059,0,0,1,NONE,
2026-02-11T19:21:15.824354,107126,1,1060,0,0,1,NONE,
2026-02-11T19:21:15.923390,107226,1,1061,0,0,1,NONE,
2026-02-11T19:21:16.022379,107326,1,1062,0,0,1,NONE,
2026-02-11T19:21:16.122351,107426,1,1063,0,0,1,NONE,
2026-02-11T19:21:16.221469,107526,1,1064,0,0,1,NONE,
2026-02-11T19:21:16.320345,107626,1,1065,0,0,1,NONE,
2026-02-11T19:21:16.420353,107726,1,1066,0,0,1,NONE,
2026-02-11T19:21:16.519498,107826,1,1067,0,0,1,NONE,
2026-02-11T19:21:16.619043,107926,1,1068,0,0,1,NONE,
2026-02-11T19:21:16.718311,108026,1,1069,0,0,1,NONE,
2026-02-11T19:21:16.817542,108126,1,1070,0,0,1,NONE,
2026-02-11T19:21:16.916790,108226,1,1071,0,0,1,NONE,
2026-02-11T19:21:17.016189,108326,1,1072,0,0,1,NONE,
2026-02-11T19:21:17.115200,108426,1,1073,0,0,1,NONE,
2026-02-11T19:21:17.215167,108526,1,1074,0,0,1,NONE,
2026-02-11T19:21:17.313915,108626,1,1075,0,0,1,NONE,
2026-02-11T19:21:17.413996,108726,1,1076,0,0,1,NONE,
2026-02-11T19:21:17.513258,108826,1,1077,0,0,1,NONE,
2026-02-11T19:21:17.612134,108926,1,1078,0,0,1,NONE,
2026-02-11T19:21:17.711675,109026,1,1079,0,0,1,NONE,
2026-02-11T19:21:17.811471,109126,1,1080,0,0,1,NONE,
2026-02-11T19:21:17.910709,109226,1,1081,0,0,1,NONE,
2026-02-11T19:21:18.009429,109326,1,1082,0,0,1,NONE,
2026-02-11T19:21:18.109510,109426,1,1083,0,0,1,NONE,
2026-02-11T19:21:18.208447,109526,1,1084,0,0,1,NONE,
2026-02-11T19:21:18.307878,109626,1,1085,0,0,1,NONE,
2026-02-11T19:21:18.407184,109726,1,1086,0,0,1,NONE,
2026-02-11T19:21:18.506580,109826,1,1087,0,0,1,NONE,
2026-02-11T19:21:18.605507,109926,1,1088,0,0,1,NONE,
2026-02-11T19:21:18.705039,110026,1,1089,0,0,1,NONE,
2026-02-11T19:21:18.804665,110126,1,1090,0,0,1,NONE,
2026-02-11T19:21:18.903835,110226,1,1091,0,0,1,NONE,
2026-02-11T19:21:19.003630,110326,1,1092,0,0,1,NONE,
2026-02-11T19:21:19.102121,110426,1,1093,0,0,1,NONE,
2026-02-11T19:21:19.201528,110526,1,1094,0,0,1,NONE,
2026-02-11T19:21:19.301571,110626,1,1095,0,0,1,NONE,
2026-02-11T19:21:19.400701,110726,1,1096,0,0,1,NONE,
2026-02-11T19:21:19.499432,110826,1,1097,0,0,1,NONE,
2026-02-11T19:21:19.599013,110926,1,1098,0,0,1,NONE,
2026-02-11T19:21:19.698733,111026,1,1099,0,0,1,NONE,
2026-02-11T19:21:19.798223,111126,1,1100,0,0,1,NONE,
2026-02-11T19:21:19.896982,111226,1,1101,0,0,1,NONE,
2026-02-11T19:21:19.996436,111326,1,1102,0,0,1,NONE,
2026-02-11T19:21:20.095849,111426,1,1103,0,0,1,NONE,
2026-02-11T19:21:20.195331,111526,1,1104,0,0,1,NONE,
2026-02-11T19:21:20.294717,111626,1,1105,0,0,1,NONE,
2026-02-11T19:21:20.394208,111726,1,1106,0,0,1,NONE,
2026-02-11T19:21:20.493210,111826,1,1107,0,0,1,NONE,
2026-02-11T19:21:20.592784,111926,1,1108,0,0,1,NONE,
2026-02-11T19:21:20.692135,112026,1,1109,0,0,1,NONE,
2026-02-11T19:21:20.795928,112126,1,1110,0,0,1,NONE,
2026-02-11T19:21:20.890464,112226,1,1111,0,0,1,NONE,
2026-02-11T19:21:20.990246,112326,1,1112,0,0,1,NONE,
2026-02-11T19:21:21.089179,112426,1,1113,0,0,1,NONE,
2026-02-11T19:21:21.188458,112526,1,1114,0,0,1,NONE,
2026-02-11T19:21:21.288191,112626,1,1115,0,0,1,NONE,
2026-02-11T19:21:21.387178,112726,1,1116,0,0,1,NONE,
2026-02-11T19:21:21.486909,112826,1,1117,0,0,1,NONE,
2026-02-11T19:21:21.585909,112926,1,1118,0,0,1,NONE,
2026-02-11T19:21:21.685488,113026,1,1119,0,0,1,NONE,
2026-02-11T19:21:21.784944,113126,1,1120,0,0,1,NONE,
2026-02-11T19:21:21.884287,113226,1,1121,0,0,1,NONE,
2026-02-11T19:21:21.983566,113326,1,1122,0,0,1,NONE,
2026-02-11T19:21:22.084280,113426,1,1123,0,0,1,NONE,
2026-02-11T19:21:22.182757,113526,1,1124,0,0,1,NONE,
2026-02-11T19:21:22.282428,113626,1,1125,0,0,1,NONE,
2026-02-11T19:21:22.384565,113726,1,1126,0,0,1,NONE,
2026-02-11T19:21:22.480113,113826,1,1127,0,0,1,NONE,
2026-02-11T19:21:22.580140,113926,1,1128,0,0,1,NONE,
2026-02-11T19:21:22.678685,114026,1,1129,0,0,1,NONE,
2026-02-11T19:21:22.777876,114126,1,1130,0,0,1,NONE,
2026-02-11T19:21:22.877364,114226,1,1131,0,0,1,NONE,
2026-02-11T19:21:22.976910,114326,1,1132,0,0,1,NONE,
2026-02-11T19:21:23.075979,114426,1,1133,0,0,1,NONE,
2026-02-11T19:21:23.175854,114526,1,1134,0,0,1,NONE,
2026-02-11T19:21:23.275162,114626,1,1135,0,0,1,NONE,
2026-02-11T19:21:23.374125,114726,1,1136,0,0,1,NONE,
2026-02-11T19:21:23.473871,114826,1,1137,0,0,1,NONE,
2026-02-11T19:21:23.573062,114926,1,1138,0,0,1,NONE,
2026-02-11T19:21:23.672474,115026,1,1139,0,0,1,NONE,
2026-02-11T19:21:23.771914,115126,1,1140,0,0,1,NONE,
2026-02-11T19:21:23.871408,115226,1,1141,0,0,1,NONE,
2026-02-11T19:21:23.970462,115326,1,1142,0,0,0,NONE,
2026-02-11T19:21:24.069833,115426,1,1143,0,0,0,NONE,
2026-02-11T19:21:24.168957,115526,1,1144,0,0,0,NONE,
2026-02-11T19:21:24.268452,115626,1,1145,0,0,0,NONE,
2026-02-11T19:21:24.367543,115726,1,1146,0,0,0,NONE,
2026-02-11T19:21:24.466978,115826,1,1147,0,0,0,NONE,
2026-02-11T19:21:24.566219,115926,1,1148,0,0,0,NONE,
2026-02-11T19:21:24.665934,116026,1,1149,0,0,0,NONE,
2026-02-11T19:21:24.765229,116126,1,1150,0,0,0,NONE,
2026-02-11T19:21:24.864418,116226,1,1151,0,0,0,NONE,
2026-02-11T19:21:24.963589,116326,1,1152,0,0,0,NONE,
2026-02-11T19:21:25.063296,116426,1,1153,0,0,0,NONE,
2026-02-11T19:21:25.162808,116526,1,1154,0,0,0,NONE,
2026-02-11T19:21:25.262344,116626,1,1155,0,0,0,NONE,
2026-02-11T19:21:25.360924,116726,1,1156,0,0,0,NONE,
2026-02-11T19:21:25.460938,116826,1,1157,0,0,0,NONE,
2026-02-11T19:21:25.560295,116926,1,1158,0,0,0,NONE,
2026-02-11T19:21:25.659149,117026,1,1159,0,0,0,NONE,
2026-02-11T19:21:25.759212,117126,1,1160,0,0,0,NONE,
2026-02-11T19:21:25.858045,117226,1,1161,0,0,0,NONE,
2026-02-11T19:21:25.958032,117326,1,1162,0,0,0,NONE,
2026-02-11T19:21:26.056873,117426,1,1163,0,0,0,NONE,
2026-02-11T19:21:26.155945,117526,1,1164,0,0,0,NONE,
2026-02-11T19:21:26.255574,117626,1,1165,0,0,0,NONE,
2026-02-11T19:21:26.355068,117726,1,1166,0,0,0,NONE,
2026-02-11T19:21:26.454190,117826,1,1167,0,0,0,NONE,
2026-02-11T19:21:26.553595,117926,1,1168,0,0,0,NONE,
2026-02-11T19:21:26.652993,118026,1,1169,0,0,0,NONE,
2026-02-11T19:21:26.751993,118126,1,1170,0,0,0,NONE,
2026-02-11T19:21:26.851681,118226,1,1171,0,0,0,NONE,
2026-02-11T19:21:26.951127,118326,1,1172,0,0,0,NONE,
2026-02-11T19:21:27.049985,118426,1,1173,0,0,0,NONE,
2026-02-11T19:21:27.149773,118526,1,1174,0,0,0,NONE,
2026-02-11T19:21:27.249083,118626,1,1175,0,0,0,NONE,
2026-02-11T19:21:27.348433,118726,1,1176,0,0,0,NONE,
2026-02-11T19:21:27.452518,118826,1,1177,0,0,0,NONE,
2026-02-11T19:21:27.547016,118926,1,1178,0,0,0,NONE,
2026-02-11T19:21:27.646151,119026,1,1179,0,0,0,NONE,
2026-02-11T19:21:27.745491,119126,1,1180,0,0,0,NONE,
2026-02-11T19:21:27.845425,119226,1,1181,0,0,0,NONE,
2026-02-11T19:21:27.944114,119326,1,1182,0,0,0,NONE,
2026-02-11T19:21:28.043808,119426,1,1183,0,0,0,NONE,
2026-02-11T19:21:28.143487,119526,1,1184,0,0,0,NONE,
2026-02-11T19:21:28.242468,119626,1,1185,0,0,0,NONE,
2026-02-11T19:21:28.342205,119726,1,1186,0,0,0,NONE,
2026-02-11T19:21:28.441559,119826,1,1187,0,0,0,NONE,
2026-02-11T19:21:28.540672,119926,1,1188,0,0,0,NONE,
2026-02-11T19:21:28.640214,120026,1,1189,0,0,0,NONE,
2026-02-11T19:21:28.739365,120126,1,1190,0,0,0,NONE,
2026-02-11T19:21:28.838675,120226,1,1191,0,0,0,NONE,
2026-02-11T19:21:28.938128,120326,1,1192,0,0,0,NONE,
2026-02-11T19:21:29.037568,120426,1,1193,0,0,0,NONE,
2026-02-11T19:21:29.136706,120526,1,1194,0,0,0,NONE,
2026-02-11T19:21:29.235586,120626,1,1195,0,0,0,NONE,
2026-02-11T19:21:29.335067,120726,1,1196,0,0,0,NONE,
2026-02-11T19:21:29.434374,120826,1,1197,0,0,0,NONE,
2026-02-11T19:21:29.533776,120926,1,1198,0,0,0,NONE,
2026-02-11T19:21:29.633032,121026,1,1199,0,0,0,NONE,
2026-02-11T19:21:29.732713,121126,1,1200,0,0,0,NONE,
2026-02-11T19:21:29.832286,121226,1,1201,0,0,0,NONE,
2026-02-11T19:21:29.931062,121326,1,1202,0,0,0,NONE,
2026-02-11T19:21:30.030888,121426,1,1203,0,0,0,NONE,
2026-02-11T19:21:30.130212,121526,1,1204,0,0,0,NONE,
2026-02-11T19:21:30.228817,121626,1,1205,0,0,0,NONE,
2026-02-11T19:21:30.328456,121726,1,1206,0,0,0,NONE,
2026-02-11T19:21:30.428333,121826,1,1207,0,0,0,NONE,
2026-02-11T19:21:30.527508,121926,1,1208,0,0,0,NONE,
2026-02-11T19:21:30.626911,122026,1,1209,0,0,0,NONE,
2026-02-11T19:21:30.726239,122126,1,1210,0,0,0,NONE,
2026-02-11T19:21:30.825605,122226,1,1211,0,0,0,NONE,
2026-02-11T19:21:30.924504,122326,1,1212,0,0,0,NONE,
2026-02-11T19:21:31.024531,122426,1,1213,0,0,0,NONE,
2026-02-11T19:21:31.123408,122526,1,1214,0,0,0,NONE,
2026-02-11T19:21:31.222546,122626,1,1215,0,0,0,NONE,
2026-02-11T19:21:31.321907,122726,1,1216,0,0,0,NONE,
2026-02-11T19:21:31.421906,122826,1,1217,0,0,0,NONE,
2026-02-11T19:21:31.521216,122926,1,1218,0,0,0,NONE,
2026-02-11T19:21:31.620552,123026,1,1219,0,0,0,NONE,
2026-02-11T19:21:31.720048,123126,1,1220,0,0,0,NONE,
2026-02-11T19:21:31.819022,123226,1,1221,0,0,0,NONE,
2026-02-11T19:21:31.918871,123326,1,1222,0,0,0,NONE,
2026-02-11T19:21:32.019359,123426,1,1223,0,0,0,NONE,
2026-02-11T19:21:32.117350,123526,1,1224,0,0,0,NONE,
2026-02-11T19:21:32.216504,123626,1,1225,0,0,0,NONE,
2026-02-11T19:21:32.315795,123726,1,1226,0,0,0,NONE,
2026-02-11T19:21:32.415397,123826,1,1227,0,0,0,NONE,
2026-02-11T19:21:32.518862,123926,1,1228,0,0,0,NONE,
2026-02-11T19:21:32.613478,124026,1,1229,0,0,0,NONE,
2026-02-11T19:21:32.712817,124126,1,1230,0,0,0,NONE,
2026-02-11T19:21:32.812211,124226,1,1231,0,0,0,NONE,
2026-02-11T19:21:32.911855,124326,1,1232,0,0,0,NONE,
2026-02-11T19:21:33.011193,124426,1,1233,0,0,0,NONE,
2026-02-11T19:21:33.110142,124526,1,1234,0,0,0,NONE,
2026-02-11T19:21:33.209891,124626,1,1235,0,0,0,NONE,
2026-02-11T19:21:33.309166,124726,1,1236,0,0,0,NONE,
2026-02-11T19:21:33.408897,124826,1,1237,0,0,0,NONE,
2026-02-11T19:21:33.508024,124926,1,1238,0,0,0,NONE,
2026-02-11T19:21:33.607470,125026,1,1239,0,0,0,NONE,
2026-02-11T19:21:33.706538,125126,1,1240,0,0,0,NONE,
2026-02-11T19:21:33.806532,125226,1,1241,0,0,0,NONE,
2026-02-11T19:21:33.904812,125326,1,1242,0,0,0,NONE,
2026-02-11T19:21:34.004328,125426,1,1243,0,0,0,NONE,
2026-02-11T19:21:34.104028,125526,1,1244,0,0,0,NONE,
2026-02-11T19:21:34.203204,125626,1,1245,0,0,0,NONE,
2026-02-11T19:21:34.302850,125726,1,1246,0,0,0,NONE,
2026-02-11T19:21:34.401462,125826,1,1247,0,0,0,NONE,
2026-02-11T19:21:34.501395,125926,1,1248,0,0,0,NONE,
2026-02-11T19:21:34.600307,126026,1,1249,0,0,0,NONE,
2026-02-11T19:21:34.699537,126126,1,1250,0,0,0,NONE,
2026-02-11T19:21:34.799531,126226,1,1251,0,0,0,NONE,
2026-02-11T19:21:34.898818,126326,1,1252,0,0,0,NONE,
2026-02-11T19:21:34.997929,126426,1,1253,0,0,0,NONE,
2026-02-11T19:21:35.096940,126526,1,1254,0,0,0,NONE,
2026-02-11T19:21:35.196383,126626,1,1255,0,0,0,NONE,
2026-02-11T19:21:35.296304,126726,1,1256,0,0,0,NONE,
2026-02-11T19:21:35.395462,126826,1,1257,0,0,0,NONE,
2026-02-11T19:21:35.494768,126926,1,1258,0,0,0,NONE,
2026-02-11T19:21:35.593960,127026,1,1259,0,0,0,NONE,
2026-02-11T19:21:35.693718,127126,1,1260,0,0,0,NONE,
2026-02-11T19:21:35.792722,127226,1,1261,0,0,0,NONE,
2026-02-11T19:21:35.892098,127326,1,1262,0,0,0,NONE,
2026-02-11T19:21:35.991095,127426,1,1263,0,0,0,NONE,
2026-02-11T19:21:36.090837,127526,1,1264,0,0,0,NONE,
2026-02-11T19:21:36.190208,127626,1,1265,0,0,0,NONE,
2026-02-11T19:21:36.289069,127726,1,1266,0,0,0,NONE,
2026-02-11T19:21:36.389062,127826,1,1267,0,0,0,NONE,
2026-02-11T19:21:36.487753,127926,1,1268,0,0,0,NONE,
2026-02-11T19:21:36.587746,128026,1,1269,0,0,0,NONE,
2026-02-11T19:21:36.687134,128126,1,1270,0,0,0,NONE,
2026-02-11T19:21:36.786702,128226,1,1271,0,0,0,NONE,
2026-02-11T19:21:36.885487,128326,1,1272,0,0,0,NONE,
2026-02-11T19:21:36.985414,128426,1,1273,0,0,0,NONE,
2026-02-11T19:21:37.084101,128526,1,1274,0,0,0,NONE,
2026-02-11T19:21:37.183820,128626,1,1275,0,0,0,NONE,
2026-02-11T19:21:37.283116,128726,1,1276,0,0,0,NONE,
2026-02-11T19:21:37.382363,128826,1,1277,0,0,0,NONE,
2026-02-11T19:21:37.481954,128926,1,1278,0,0,0,NONE,
2026-02-11T19:21:37.581301,129026,1,1279,0,0,0,NONE,
2026-02-11T19:21:37.680323,129126,1,1280,0,0,0,NONE,
2026-02-11T19:21:37.779751,129226,1,1281,0,0,0,NONE,
2026-02-11T19:21:37.878720,129326,1,1282,0,0,0,NONE,
2026-02-11T19:21:37.978800,129426,1,1283,0,0,0,NONE,
2026-02-11T19:21:38.077787,129526,1,1284,0,0,0,NONE,
2026-02-11T19:21:38.176815,129626,1,1285,0,0,0,NONE,
2026-02-11T19:21:38.277003,129726,1,1286,0,0,0,NONE,
2026-02-11T19:21:38.376033,129826,1,1287,0,0,0,NONE,
2026-02-11T19:21:38.475153,129926,1,1288,0,0,0,NONE,
2026-02-11T19:21:38.575034,130026,1,1289,0,0,0,NONE,
2026-02-11T19:21:38.673913,130126,1,1290,0,0,0,NONE,
2026-02-11T19:21:38.772981,130226,1,1291,0,0,0,NONE,
2026-02-11T19:21:38.872775,130326,1,1292,0,0,0,NONE,
2026-02-11T19:21:38.972002,130426,1,1293,0,0,0,NONE,
2026-02-11T19:21:39.071112,130526,1,1294,0,0,0,NONE,
2026-02-11T19:21:39.170562,130626,1,1295,0,0,0,NONE,
2026-02-11T19:21:39.270107,130726,1,1296,0,0,0,NONE,
2026-02-11T19:21:39.369753,130826,1,1297,0,0,0,NONE,
2026-02-11T19:21:39.468328,130926,1,1298,0,0,0,NONE,
2026-02-11T19:21:39.568137,131026,1,1299,0,0,0,NONE,
2026-02-11T19:21:39.670555,131126,1,1300,0,0,0,NONE,
2026-02-11T19:21:39.766407,131226,1,1301,0,0,0,NONE,
2026-02-11T19:21:39.866255,131326,1,1302,0,0,0,NONE,
2026-02-11T19:21:39.965609,131426,1,1303,0,0,0,NONE,
2026-02-11T19:21:40.065083,131526,1,1304,0,0,0,NONE,
2026-02-11T19:21:40.163933,131626,1,1305,0,0,0,NONE,
2026-02-11T19:21:40.263252,131726,1,1306,0,0,0,NONE,
2026-02-11T19:21:40.362525,131826,1,1307,0,0,0,NONE,
2026-02-11T19:21:40.461864,131926,1,1308,0,0,0,NONE,
2026-02-11T19:21:40.561945,132026,1,1309,0,0,0,NONE,
2026-02-11T19:21:40.660992,132126,1,1310,0,0,0,NONE,
2026-02-11T19:21:40.759924,132226,1,1311,0,0,0,NONE,
2026-02-11T19:21:40.859702,132326,1,1312,0,0,0,NONE,
2026-02-11T19:21:40.959546,132426,1,1313,0,0,0,NONE,
2026-02-11T19:21:41.058004,132526,1,1314,0,0,0,NONE,
2026-02-11T19:21:41.157990,132626,1,1315,0,0,0,NONE,
2026-02-11T19:21:41.257118,132726,1,1316,0,0,0,NONE,
2026-02-11T19:21:41.356077,132826,1,1317,0,0,0,NONE,
2026-02-11T19:21:41.456216,132926,1,1318,0,0,0,NONE,
2026-02-11T19:21:41.555313,133026,1,1319,0,0,0,NONE,
2026-02-11T19:21:41.653848,133126,1,1320,0,0,0,NONE,
2026-02-11T19:21:41.754178,133226,1,1321,0,0,0,NONE,
2026-02-11T19:21:41.853438,133326,1,1322,0,0,0,NONE,
2026-02-11T19:21:41.952329,133426,1,1323,0,0,0,NONE,
2026-02-11T19:21:42.052074,133526,1,1324,0,0,0,NONE,
2026-02-11T19:21:42.150782,133626,1,1325,0,0,0,NONE,
2026-02-11T19:21:42.250884,133726,1,1326,0,0,0,NONE,
2026-02-11T19:21:42.349716,133826,1,1327,0,0,0,NONE,
2026-02-11T19:21:42.449390,133926,1,1328,0,0,0,NONE,
2026-02-11T19:21:42.549017,134026,1,1329,0,0,0,NONE,
2026-02-11T19:21:42.647699,134126,1,1330,0,0,0,NONE,
2026-02-11T19:21:42.746834,134226,1,1331,0,0,0,NONE,
2026-02-11T19:21:42.846910,134326,1,1332,0,0,0,NONE,
2026-02-11T19:21:42.945607,134426,1,1333,0,0,0,NONE,
2026-02-11T19:21:43.045378,134526,1,1334,0,0,0,NONE,
2026-02-11T19:21:43.144352,134626,1,1335,0,0,0,NONE,
2026-02-11T19:21:43.243839,134726,1,1336,0,0,0,NONE,
2026-02-11T19:21:43.343393,134826,1,1337,0,0,0,NONE,
2026-02-11T19:21:43.442447,134926,1,1338,0,0,0,NONE,
2026-02-11T19:21:43.541801,135026,1,1339,0,0,0,NONE,
2026-02-11T19:21:43.641467,135126,1,1340,0,0,0,NONE,
2026-02-11T19:21:43.741140,135226,1,1341,0,0,0,NONE,
2026-02-11T19:21:43.840191,135326,1,1342,0,0,0,NONE,
2026-02-11T19:21:43.939747,135426,1,1343,0,0,0,NONE,
2026-02-11T19:21:44.038968,135526,1,1344,0,0,0,NONE,
2026-02-11T19:21:44.138311,135626,1,1345,0,0,0,NONE,
2026-02-11T19:21:44.237070,135726,1,1346,0,0,0,NONE,
2026-02-11T19:21:44.336793,135826,1,1347,0,0,0,NONE,
2026-02-11T19:21:44.436297,135926,1,1348,0,0,0,NONE,
2026-02-11T19:21:44.535334,136026,1,1349,0,0,0,NONE,
2026-02-11T19:21:44.635193,136126,1,1350,0,0,0,NONE,
2026-02-11T19:21:44.734031,136226,1,1351,0,0,0,NONE,
2026-02-11T19:21:44.833322,136326,1,1352,0,0,0,NONE,
2026-02-11T19:21:44.933133,136426,1,1353,0,0,0,NONE,
2026-02-11T19:21:45.032554,136526,1,1354,0,0,0,NONE,
2026-02-11T19:21:45.131715,136626,1,1355,0,0,0,NONE,
2026-02-11T19:21:45.231082,136726,1,1356,0,0,0,NONE,
2026-02-11T19:21:45.330087,136826,1,1357,0,0,0,NONE,
2026-02-11T19:21:45.429826,136926,1,1358,0,0,0,NONE,
2026-02-11T19:21:45.528825,137026,1,1359,0,0,0,NONE,
2026-02-11T19:21:45.628368,137126,1,1360,0,0,0,NONE,
2026-02-11T19:21:45.727707,137226,1,1361,0,0,0,NONE,
2026-02-11T19:21:45.827772,137326,1,1362,0,0,0,NONE,
2026-02-11T19:21:45.926783,137426,1,1363,0,0,0,NONE,
2026-02-11T19:21:46.026248,137526,1,1364,0,0,0,NONE,
2026-02-11T19:21:46.124769,137626,1,1365,0,0,0,NONE,
2026-02-11T19:21:46.224047,137726,1,1366,0,0,0,NONE,
2026-02-11T19:21:46.323576,137826,1,1367,0,0,0,NONE,
2026-02-11T19:21:46.423019,137926,1,1368,0,0,0,NONE,
2026-02-11T19:21:46.522683,138026,1,1369,0,0,0,NONE,
2026-02-11T19:21:46.622294,138126,1,1370,0,0,0,NONE,
2026-02-11T19:21:46.721346,138226,1,1371,0,0,0,NONE,
2026-02-11T19:21:46.820300,138326,1,1372,0,0,0,NONE,
2026-02-11T19:21:46.920451,138426,1,1373,0,0,0,NONE,
2026-02-11T19:21:47.019321,138526,1,1374,0,0,0,NONE,
2026-02-11T19:21:47.118179,138626,1,1375,0,0,0,NONE,
2026-02-11T19:21:47.218267,138726,1,1376,0,0,0,NONE,
2026-02-11T19:21:47.321945,138826,1,1377,0,0,0,NONE,
2026-02-11T19:21:47.417165,138926,1,1378,0,0,0,NONE,
2026-02-11T19:21:47.516196,139026,1,1379,0,0,0,NONE,
2026-02-11T19:21:47.615696,139126,1,1380,0,0,0,NONE,
2026-02-11T19:21:47.720110,139226,1,1381,0,0,0,NONE,
2026-02-11T19:21:47.814393,139326,1,1382,0,0,0,NONE,
2026-02-11T19:21:47.913590,139426,1,1383,0,0,0,NONE,
2026-02-11T19:21:48.012819,139526,1,1384,0,0,0,NONE,
2026-02-11T19:21:48.111899,139626,1,1385,0,0,0,NONE,
2026-02-11T19:21:48.211621,139726,1,1386,0,0,0,NONE,
2026-02-11T19:21:48.310599,139826,1,1387,0,0,0,NONE,
2026-02-11T19:21:48.410403,139926,1,1388,0,0,0,NONE,
2026-02-11T19:21:48.509735,140026,1,1389,0,0,0,NONE,
2026-02-11T19:21:48.609167,140126,1,1390,0,0,0,NONE,
2026-02-11T19:21:48.708412,140226,1,1391,0,0,0,NONE,
2026-02-11T19:21:48.807414,140326,1,1392,0,0,0,NONE,
2026-02-11T19:21:48.907233,140426,1,1393,0,0,0,NONE,
2026-02-11T19:21:49.006729,140526,1,1394,0,0,0,NONE,
2026-02-11T19:21:49.107779,140626,1,1395,0,0,0,NONE,
2026-02-11T19:21:49.205147,140726,1,1396,0,0,0,NONE,
2026-02-11T19:21:49.305389,140826,1,1397,0,0,0,NONE,
2026-02-11T19:21:49.404035,140926,1,1398,0,0,0,NONE,
2026-02-11T19:21:49.503157,141026,1,1399,0,0,0,NONE,
2026-02-11T19:21:49.602204,141126,1,1400,0,0,0,NONE,
2026-02-11T19:21:49.701894,141226,1,1401,0,0,0,NONE,
2026-02-11T19:21:49.800968,141326,1,1402,-74,10,1,UL,
2026-02-11T19:21:49.900197,141426,1,1403,0,0,1,NONE,
2026-02-11T19:21:49.999969,141526,1,1404,0,0,1,NONE,
2026-02-11T19:21:50.099679,141626,1,1405,0,0,1,NONE,
2026-02-11T19:21:50.198591,141726,1,1406,0,0,1,NONE,
2026-02-11T19:21:50.298030,141826,1,1407,0,0,1,NONE,
2026-02-11T19:21:50.397114,141926,1,1408,0,0,1,NONE,
2026-02-11T19:21:50.496616,142026,1,1409,0,0,1,NONE,
2026-02-11T19:21:50.596053,142126,1,1410,0,0,1,NONE,
2026-02-11T19:21:50.695429,142226,1,1411,0,0,1,NONE,
2026-02-11T19:21:50.794768,142326,1,1412,-68,11,2,UL,
2026-02-11T19:21:50.894127,142426,1,1413,0,0,2,NONE,
2026-02-11T19:21:50.993537,142526,1,1414,0,0,2,NONE,
2026-02-11T19:21:51.092302,142626,1,1415,0,0,2,NONE,
2026-02-11T19:21:51.192197,142726,1,1416,0,0,2,NONE,
2026-02-11T19:21:51.291171,142826,1,1417,0,0,2,NONE,
2026-02-11T19:21:51.391445,142926,1,1418,0,0,2,NONE,
2026-02-11T19:21:51.490700,143026,1,1419,0,0,2,NONE,
2026-02-11T19:21:51.589490,143126,1,1420,0,0,2,NONE,
2026-02-11T19:21:51.688565,143226,1,1421,0,0,2,NONE,
2026-02-11T19:21:51.787942,143326,1,1422,-67,10,3,UL,
2026-02-11T19:21:51.887991,143426,1,1423,0,0,3,NONE,
2026-02-11T19:21:51.987169,143526,1,1424,0,0,3,NONE,
2026-02-11T19:21:52.086379,143626,1,1425,0,0,3,NONE,
2026-02-11T19:21:52.185351,143726,1,1426,0,0,3,NONE,
2026-02-11T19:21:52.285321,143826,1,1427,0,0,3,NONE,
2026-02-11T19:21:52.384706,143926,1,1428,0,0,3,NONE,
2026-02-11T19:21:52.483903,144026,1,1429,0,0,3,NONE,
2026-02-11T19:21:52.583680,144126,1,1430,0,0,3,NONE,
2026-02-11T19:21:52.682460,144226,1,1431,0,0,3,NONE,
2026-02-11T19:21:52.782290,144326,1,1432,-67,9,4,UL,
2026-02-11T19:21:52.881227,144426,1,1433,0,0,4,NONE,
2026-02-11T19:21:52.980979,144526,1,1434,0,0,4,NONE,
2026-02-11T19:21:53.079744,144626,1,1435,0,0,4,NONE,
2026-02-11T19:21:53.179369,144726,1,1436,0,0,4,NONE,
2026-02-11T19:21:53.278312,144826,1,1437,0,0,4,NONE,
2026-02-11T19:21:53.377667,144926,1,1438,0,0,4,NONE,
2026-02-11T19:21:53.477680,145026,1,1439,0,0,4,NONE,
2026-02-11T19:21:53.576986,145126,1,1440,0,0,4,NONE,
2026-02-11T19:21:53.676015,145226,1,1441,0,0,4,NONE,
2026-02-11T19:21:53.775802,145326,1,1442,-69,12,5,UL,
2026-02-11T19:21:53.874950,145426,1,1443,0,0,5,NONE,
2026-02-11T19:21:53.974014,145526,1,1444,0,0,5,NONE,
2026-02-11T19:21:54.073689,145626,1,1445,0,0,5,NONE,
2026-02-11T19:21:54.172994,145726,1,1446,0,0,5,NONE,
2026-02-11T19:21:54.272340,145826,1,1447,0,0,5,NONE,
2026-02-11T19:21:54.371660,145926,1,1448,0,0,5,NONE,
2026-02-11T19:21:54.471052,146026,1,1449,0,0,5,NONE,
2026-02-11T19:21:54.570203,146126,1,1450,0,0,5,NONE,
2026-02-11T19:21:54.669482,146226,1,1451,0,0,5,NONE,
2026-02-11T19:21:54.769216,146326,1,1452,-74,11,6,UL,
2026-02-11T19:21:54.869124,146426,1,1453,0,0,6,NONE,
2026-02-11T19:21:54.972997,146526,1,1454,0,0,6,NONE,
2026-02-11T19:21:55.067440,146626,1,1455,0,0,6,NONE,
2026-02-11T19:21:55.166625,146726,1,1456,0,0,6,NONE,
2026-02-11T19:21:55.265337,146826,1,1457,0,0,6,NONE,
2026-02-11T19:21:55.365363,146926,1,1458,0,0,6,NONE,
2026-02-11T19:21:55.466017,147026,1,1459,0,0,6,NONE,
2026-02-11T19:21:55.564025,147126,1,1460,0,0,6,NONE,
2026-02-11T19:21:55.662877,147226,1,1461,0,0,6,NONE,
2026-02-11T19:21:55.762858,147326,1,1462,-68,10,7,UL,
2026-02-11T19:21:55.861599,147426,1,1463,0,0,7,NONE,
2026-02-11T19:21:55.961495,147526,1,1464,0,0,7,NONE,
2026-02-11T19:21:56.060883,147626,1,1465,0,0,7,NONE,
2026-02-11T19:21:56.160369,147726,1,1466,0,0,7,NONE,
2026-02-11T19:21:56.260935,147826,1,1467,0,0,7,NONE,
2026-02-11T19:21:56.359382,147926,1,1468,0,0,7,NONE,
2026-02-11T19:21:56.458530,148026,1,1469,0,0,7,NONE,
2026-02-11T19:21:56.557471,148126,1,1470,0,0,7,NONE,
2026-02-11T19:21:56.657339,148226,1,1471,0,0,7,NONE,
2026-02-11T19:21:56.758633,148326,1,1472,-71,10,8,UL,
2026-02-11T19:21:56.855813,148426,1,1473,0,0,8,NONE,
2026-02-11T19:21:56.956155,148526,1,1474,0,0,8,NONE,
2026-02-11T19:21:57.055102,148626,1,1475,0,0,8,NONE,
2026-02-11T19:21:57.153359,148726,1,1476,0,0,8,NONE,
2026-02-11T19:21:57.253408,148826,1,1477,0,0,8,NONE,
2026-02-11T19:21:57.352527,148926,1,1478,0,0,8,NONE,
2026-02-11T19:21:57.451829,149026,1,1479,0,0,8,NONE,
2026-02-11T19:21:57.551431,149126,1,1480,0,0,8,NONE,
2026-02-11T19:21:57.650712,149226,1,1481,0,0,8,NONE,
2026-02-11T19:21:57.750209,149326,1,1482,-75,12,9,UL,
2026-02-11T19:21:57.854336,149426,1,1483,0,0,9,NONE,
2026-02-11T19:21:57.949043,149526,1,1484,0,0,9,NONE,
2026-02-11T19:21:58.047757,149626,1,1485,0,0,9,NONE,
2026-02-11T19:21:58.147576,149726,1,1486,0,0,9,NONE,
2026-02-11T19:21:58.246630,149826,1,1487,0,0,9,NONE,
2026-02-11T19:21:58.346492,149926,1,1488,0,0,9,NONE,
2026-02-11T19:21:58.445227,150026,1,1489,0,0,9,NONE,
2026-02-11T19:21:58.544826,150126,1,1490,0,0,9,NONE,
2026-02-11T19:21:58.644562,150226,1,1491,0,0,9,NONE,
2026-02-11T19:21:58.743482,150326,1,1492,-66,15,10,UL,
2026-02-11T19:21:58.843305,150426,1,1493,0,0,10,NONE,
2026-02-11T19:21:58.942284,150526,1,1494,0,0,10,NONE,
2026-02-11T19:21:59.041595,150626,1,1495,0,0,10,NONE,
2026-02-11T19:21:59.141340,150726,1,1496,0,0,10,NONE,
2026-02-11T19:21:59.240127,150826,1,1497,0,0,10,NONE,
2026-02-11T19:21:59.339413,150926,1,1498,0,0,10,NONE,
2026-02-11T19:21:59.439441,151026,1,1499,0,0,10,NONE,
2026-02-11T19:21:59.538781,151126,1,1500,0,0,10,NONE,
2026-02-11T19:21:59.638173,151226,1,1501,0,0,10,NONE,
2026-02-11T19:21:59.737353,151326,1,1502,-76,9,10,UL,
2026-02-11T19:21:59.836543,151426,1,1503,0,0,10,NONE,
2026-02-11T19:21:59.936359,151526,1,1504,0,0,10,NONE,
2026-02-11T19:22:00.036137,151626,1,1505,0,0,10,NONE,
2026-02-11T19:22:00.135139,151726,1,1506,0,0,10,NONE,
2026-02-11T19:22:00.234206,151826,1,1507,0,0,10,NONE,
2026-02-11T19:22:00.333571,151926,1,1508,0,0,10,NONE,
2026-02-11T19:22:00.433152,152026,1,1509,0,0,10,NONE,
2026-02-11T19:22:00.532231,152126,1,1510,0,0,10,NONE,
2026-02-11T19:22:00.631305,152226,1,1511,0,0,10,NONE,
2026-02-11T19:22:00.731176,152326,1,1512,-73,10,10,UL,
2026-02-11T19:22:00.831399,152426,1,1513,0,0,10,NONE,
2026-02-11T19:22:00.929331,152526,1,1514,0,0,10,NONE,
2026-02-11T19:22:01.028928,152626,1,1515,0,0,10,NONE,
2026-02-11T19:22:01.128543,152726,1,1516,0,0,10,NONE,
2026-02-11T19:22:01.227965,152826,1,1517,0,0,10,NONE,
2026-02-11T19:22:01.327477,152926,1,1518,0,0,10,NONE,
2026-02-11T19:22:01.426696,153026,1,1519,0,0,10,NONE,
2026-02-11T19:22:01.525909,153126,1,1520,0,0,10,NONE,
2026-02-11T19:22:01.625232,153226,1,1521,0,0,10,NONE,
2026-02-11T19:22:01.724208,153326,1,1522,-72,11,10,UL,
2026-02-11T19:22:01.823554,153426,1,1523,0,0,10,NONE,
2026-02-11T19:22:01.923351,153526,1,1524,0,0,10,NONE,
2026-02-11T19:22:02.022605,153626,1,1525,0,0,10,NONE,
2026-02-11T19:22:02.122212,153726,1,1526,0,0,10,NONE,
2026-02-11T19:22:02.221005,153826,1,1527,0,0,10,NONE,
2026-02-11T19:22:02.320344,153926,1,1528,0,0,10,NONE,
2026-02-11T19:22:02.420125,154026,1,1529,0,0,10,NONE,
2026-02-11T19:22:02.519311,154126,1,1530,0,0,10,NONE,
2026-02-11T19:22:02.618843,154226,1,1531,0,0,10,NONE,
2026-02-11T19:22:02.718324,154326,1,1532,-73,8,10,UL,
2026-02-11T19:22:02.817166,154426,1,1533,0,0,10,NONE,
2026-02-11T19:22:02.921569,154526,1,1534,0,0,10,NONE,
2026-02-11T19:22:03.016301,154626,1,1535,0,0,10,NONE,
2026-02-11T19:22:03.115804,154726,1,1536,0,0,10,NONE,
2026-02-11T19:22:03.215030,154826,1,1537,0,0,10,NONE,
2026-02-11T19:22:03.314565,154926,1,1538,0,0,10,NONE,
2026-02-11T19:22:03.413336,155026,1,1539,0,0,10,NONE,
2026-02-11T19:22:03.513107,155126,1,1540,0,0,10,NONE,
2026-02-11T19:22:03.612042,155226,1,1541,0,0,10,NONE,
2026-02-11T19:22:03.711796,155326,1,1542,-70,9,10,UL,
2026-02-11T19:22:03.810899,155426,1,1543,0,0,10,NONE,
2026-02-11T19:22:03.911133,155526,1,1544,0,0,10,NONE,
2026-02-11T19:22:04.009842,155626,1,1545,0,0,10,NONE,
2026-02-11T19:22:04.109193,155726,1,1546,0,0,10,NONE,
2026-02-11T19:22:04.208524,155826,1,1547,0,0,10,NONE,
2026-02-11T19:22:04.307966,155926,1,1548,0,0,10,NONE,
2026-02-11T19:22:04.409488,156026,1,1549,0,0,10,NONE,
2026-02-11T19:22:04.506617,156126,1,1550,0,0,10,NONE,
2026-02-11T19:22:04.606905,156226,1,1551,0,0,10,NONE,
2026-02-11T19:22:04.705529,156326,1,1552,0,0,9,NONE,
2026-02-11T19:22:04.804912,156426,1,1553,0,0,9,NONE,
2026-02-11T19:22:04.903512,156526,1,1554,0,0,9,NONE,
2026-02-11T19:22:05.003469,156626,1,1555,0,0,9,NONE,
2026-02-11T19:22:05.102526,156726,1,1556,0,0,9,NONE,
2026-02-11T19:22:05.202418,156826,1,1557,0,0,9,NONE,
2026-02-11T19:22:05.301620,156926,1,1558,0,0,9,NONE,
2026-02-11T19:22:05.400954,157026,1,1559,0,0,9,NONE,
2026-02-11T19:22:05.500467,157126,1,1560,0,0,9,NONE,
2026-02-11T19:22:05.599702,157226,1,1561,0,0,9,NONE,
2026-02-11T19:22:05.698398,157326,1,1562,0,0,8,NONE,
2026-02-11T19:22:05.798470,157426,1,1563,0,0,8,NONE,
2026-02-11T19:22:05.897379,157526,1,1564,0,0,8,NONE,
2026-02-11T19:22:05.996461,157626,1,1565,0,0,8,NONE,
2026-02-11T19:22:06.096491,157726,1,1566,0,0,8,NONE,
2026-02-11T19:22:06.196385,157826,1,1567,0,0,8,NONE,
2026-02-11T19:22:06.294516,157926,1,1568,0,0,8,NONE,
2026-02-11T19:22:06.393982,158026,1,1569,0,0,8,NONE,
2026-02-11T19:22:06.493572,158126,1,1570,0,0,8,NONE,
2026-02-11T19:22:06.593021,158226,1,1571,0,0,8,NONE,
2026-02-11T19:22:06.692599,158326,1,1572,-70,10,8,UL,
2026-02-11T19:22:06.791763,158426,1,1573,0,0,8,NONE,
2026-02-11T19:22:06.891021,158526,1,1574,0,0,8,NONE,
2026-02-11T19:22:06.990070,158626,1,1575,0,0,8,NONE,
2026-02-11T19:22:07.089799,158726,1,1576,0,0,8,NONE,
2026-02-11T19:22:07.189097,158826,1,1577,0,0,8,NONE,
2026-02-11T19:22:07.288398,158926,1,1578,0,0,8,NONE,
2026-02-11T19:22:07.387886,159026,1,1579,0,0,8,NONE,
2026-02-11T19:22:07.487151,159126,1,1580,0,0,8,NONE,
2026-02-11T19:22:07.586127,159226,1,1581,0,0,8,NONE,
2026-02-11T19:22:07.685501,159326,1,1582,-72,6,8,UL,
2026-02-11T19:22:07.785036,159426,1,1583,0,0,8,NONE,
2026-02-11T19:22:07.884678,159526,1,1584,0,0,8,NONE,
2026-02-11T19:22:07.988524,159626,1,1585,0,0,8,NONE,
2026-02-11T19:22:08.083277,159726,1,1586,0,0,8,NONE,
2026-02-11T19:22:08.182524,159826,1,1587,0,0,8,NONE,
2026-02-11T19:22:08.281932,159926,1,1588,0,0,8,NONE,
2026-02-11T19:22:08.381488,160026,1,1589,0,0,8,NONE,
2026-02-11T19:22:08.480618,160126,1,1590,0,0,8,NONE,
2026-02-11T19:22:08.580027,160226,1,1591,0,0,8,NONE,
2026-02-11T19:22:08.679535,160326,1,1592,0,0,7,NONE,
2026-02-11T19:22:08.778364,160426,1,1593,0,0,7,NONE,
2026-02-11T19:22:08.877771,160526,1,1594,0,0,7,NONE,
2026-02-11T19:22:08.977572,160626,1,1595,0,0,7,NONE,
2026-02-11T19:22:09.076380,160726,1,1596,0,0,7,NONE,
2026-02-11T19:22:09.175781,160826,1,1597,0,0,7,NONE,
2026-02-11T19:22:09.275540,160926,1,1598,0,0,7,NONE,
2026-02-11T19:22:09.375053,161026,1,1599,0,0,7,NONE,
2026-02-11T19:22:09.473887,161126,1,1600,0,0,7,NONE,
2026-02-11T19:22:09.573942,161226,1,1601,0,0,7,NONE,
2026-02-11T19:22:09.673106,161326,1,1602,-67,7,7,UL,
2026-02-11T19:22:09.771740,161426,1,1603,0,0,7,NONE,
2026-02-11T19:22:09.871623,161526,1,1604,0,0,7,NONE,
2026-02-11T19:22:09.971128,161626,1,1605,0,0,7,NONE,
2026-02-11T19:22:10.070136,161726,1,1606,0,0,7,NONE,
2026-02-11T19:22:10.169600,161826,1,1607,0,0,7,NONE,
2026-02-11T19:22:10.269274,161926,1,1608,0,0,7,NONE,
2026-02-11T19:22:10.368758,162026,1,1609,0,0,7,NONE,
2026-02-11T19:22:10.467747,162126,1,1610,0,0,7,NONE,
2026-02-11T19:22:10.567249,162226,1,1611,0,0,7,NONE,
2026-02-11T19:22:10.666622,162326,1,1612,-64,8,7,UL,
2026-02-11T19:22:10.765762,162426,1,1613,0,0,7,NONE,
2026-02-11T19:22:10.865377,162526,1,1614,0,0,7,NONE,
2026-02-11T19:22:10.965012,162626,1,1615,0,0,7,NONE,
2026-02-11T19:22:11.063477,162726,1,1616,0,0,7,NONE,
2026-02-11T19:22:11.163179,162826,1,1617,0,0,7,NONE,
2026-02-11T19:22:11.262061,162926,1,1618,0,0,7,NONE,
2026-02-11T19:22:11.361418,163026,1,1619,0,0,7,NONE,
2026-02-11T19:22:11.461266,163126,1,1620,0,0,7,NONE,
2026-02-11T19:22:11.560754,163226,1,1621,0,0,7,NONE,
2026-02-11T19:22:11.660004,163326,1,1622,-67,7,7,UL,
2026-02-11T19:22:11.758919,163426,1,1623,0,0,7,NONE,
2026-02-11T19:22:11.858276,163526,1,1624,0,0,7,NONE,
2026-02-11T19:22:11.957947,163626,1,1625,0,0,7,NONE,
2026-02-11T19:22:12.061395,163726,1,1626,0,0,7,NONE,
2026-02-11T19:22:12.156846,163826,1,1627,0,0,7,NONE,
2026-02-11T19:22:12.255913,163926,1,1628,0,0,7,NONE,
2026-02-11T19:22:12.355052,164026,1,1629,0,0,7,NONE,
2026-02-11T19:22:12.454880,164126,1,1630,0,0,7,NONE,
2026-02-11T19:22:12.554089,164226,1,1631,0,0,7,NONE,
2026-02-11T19:22:12.653341,164326,1,1632,-64,8,7,UL,
2026-02-11T19:22:12.752786,164426,1,1633,0,0,7,NONE,
2026-02-11T19:22:12.852094,164526,1,1634,0,0,7,NONE,
2026-02-11T19:22:12.951075,164626,1,1635,0,0,7,NONE,
2026-02-11T19:22:13.055792,164726,1,1636,0,0,7,NONE,
2026-02-11T19:22:13.150177,164826,1,1637,0,0,7,NONE,
2026-02-11T19:22:13.249391,164926,1,1638,0,0,7,NONE,
2026-02-11T19:22:13.349496,165026,1,1639,0,0,7,NONE,
2026-02-11T19:22:13.448186,165126,1,1640,0,0,7,NONE,
2026-02-11T19:22:13.547704,165226,1,1641,0,0,7,NONE,
2026-02-11T19:22:13.647034,165326,1,1642,-72,5,7,UL,
2026-02-11T19:22:13.746220,165426,1,1643,0,0,7,NONE,
2026-02-11T19:22:13.848086,165526,1,1644,0,0,7,NONE,
2026-02-11T19:22:13.944923,165626,1,1645,0,0,7,NONE,
2026-02-11T19:22:14.044164,165726,1,1646,0,0,7,NONE,
2026-02-11T19:22:14.144114,165826,1,1647,0,0,7,NONE,
2026-02-11T19:22:14.243297,165926,1,1648,0,0,7,NONE,
2026-02-11T19:22:14.342561,166026,1,1649,0,0,7,NONE,
2026-02-11T19:22:14.441715,166126,1,1650,0,0,7,NONE,
2026-02-11T19:22:14.540661,166226,1,1651,0,0,7,NONE,
2026-02-11T19:22:14.640616,166326,1,1652,-72,5,8,UL,
2026-02-11T19:22:14.739932,166426,1,1653,0,0,8,NONE,
2026-02-11T19:22:14.838768,166526,1,1654,0,0,8,NONE,
2026-02-11T19:22:14.938053,166626,1,1655,0,0,8,NONE,
2026-02-11T19:22:15.038042,166726,1,1656,0,0,8,NONE,
2026-02-11T19:22:15.136849,166826,1,1657,0,0,8,NONE,
2026-02-11T19:22:15.236548,166926,1,1658,0,0,8,NONE,
2026-02-11T19:22:15.336098,167026,1,1659,0,0,8,NONE,
2026-02-11T19:22:15.435229,167126,1,1660,0,0,8,NONE,
2026-02-11T19:22:15.535067,167226,1,1661,0,0,8,NONE,
2026-02-11T19:22:15.634004,167326,1,1662,-67,7,9,UL,
2026-02-11T19:22:15.733567,167426,1,1663,0,0,9,NONE,
2026-02-11T19:22:15.832169,167526,1,1664,0,0,9,NONE,
2026-02-11T19:22:15.932294,167626,1,1665,0,0,9,NONE,
2026-02-11T19:22:16.031629,167726,1,1666,0,0,9,NONE,
2026-02-11T19:22:16.130801,167826,1,1667,0,0,9,NONE,
2026-02-11T19:22:16.230318,167926,1,1668,0,0,9,NONE,
2026-02-11T19:22:16.329480,168026,1,1669,0,0,9,NONE,
2026-02-11T19:22:16.428337,168126,1,1670,0,0,9,NONE,
2026-02-11T19:22:16.528392,168226,1,1671,0,0,9,NONE,
2026-02-11T19:22:16.627766,168326,1,1672,-67,7,9,UL,
2026-02-11T19:22:16.726774,168426,1,1673,0,0,9,NONE,
2026-02-11T19:22:16.826003,168526,1,1674,0,0,9,NONE,
2026-02-11T19:22:16.925712,168626,1,1675,0,0,9,NONE,
2026-02-11T19:22:17.026788,168726,1,1676,0,0,9,NONE,
2026-02-11T19:22:17.123948,168826,1,1677,0,0,9,NONE,
2026-02-11T19:22:17.223744,168926,1,1678,0,0,9,NONE,
2026-02-11T19:22:17.323124,169026,1,1679,0,0,9,NONE,
2026-02-11T19:22:17.422041,169126,1,1680,0,0,9,NONE,
2026-02-11T19:22:17.521774,169226,1,1681,0,0,9,NONE,
2026-02-11T19:22:17.620743,169326,1,1682,-67,7,9,UL,
2026-02-11T19:22:17.720627,169426,1,1683,0,0,9,NONE,
2026-02-11T19:22:17.819822,169526,1,1684,0,0,9,NONE,
2026-02-11T19:22:17.919217,169626,1,1685,0,0,9,NONE,
2026-02-11T19:22:18.018117,169726,1,1686,0,0,9,NONE,
2026-02-11T19:22:18.122491,169826,1,1687,0,0,9,NONE,
2026-02-11T19:22:18.217581,169926,1,1688,0,0,9,NONE,
2026-02-11T19:22:18.315938,170026,1,1689,0,0,9,NONE,
2026-02-11T19:22:18.416212,170126,1,1690,0,0,9,NONE,
2026-02-11T19:22:18.515485,170226,1,1691,0,0,9,NONE,
2026-02-11T19:22:18.614336,170326,1,1692,-67,7,10,UL,
2026-02-11T19:22:18.714377,170426,1,1693,0,0,10,NONE,
2026-02-11T19:22:18.813486,170526,1,1694,0,0,10,NONE,
2026-02-11T19:22:18.912447,170626,1,1695,0,0,10,NONE,
2026-02-11T19:22:19.011784,170726,1,1696,0,0,10,NONE,
2026-02-11T19:22:19.111406,170826,1,1697,0,0,10,NONE,
2026-02-11T19:22:19.210600,170926,1,1698,0,0,10,NONE,
2026-02-11T19:22:19.310052,171026,1,1699,0,0,10,NONE,
2026-02-11T19:22:19.409357,171126,1,1700,0,0,10,NONE,
2026-02-11T19:22:19.508775,171226,1,1701,0,0,10,NONE,
2026-02-11T19:22:19.607631,171326,1,1702,-69,6,10,UL,
2026-02-11T19:22:19.707397,171426,1,1703,0,0,10,NONE,
2026-02-11T19:22:19.806841,171526,1,1704,0,0,10,NONE,
2026-02-11T19:22:19.905888,171626,1,1705,0,0,10,NONE,
2026-02-11T19:22:20.005687,171726,1,1706,0,0,10,NONE,
2026-02-11T19:22:20.104883,171826,1,1707,0,0,10,NONE,
2026-02-11T19:22:20.204125,171926,1,1708,0,0,10,NONE,
2026-02-11T19:22:20.303833,172026,1,1709,0,0,10,NONE,
2026-02-11T19:22:20.402347,172126,1,1710,0,0,10,NONE,
2026-02-11T19:22:20.502331,172226,1,1711,0,0,10,NONE,
2026-02-11T19:22:20.602103,172326,1,1712,-67,6,10,UL,
2026-02-11T19:22:20.701348,172426,1,1713,0,0,10,NONE,
2026-02-11T19:22:20.800553,172526,1,1714,0,0,10,NONE,
2026-02-11T19:22:20.899586,172626,1,1715,0,0,10,NONE,
2026-02-11T19:22:20.998447,172726,1,1716,0,0,10,NONE,
2026-02-11T19:22:21.099065,172826,1,1717,0,0,10,NONE,
2026-02-11T19:22:21.197306,172926,1,1718,0,0,10,NONE,
2026-02-11T19:22:21.297191,173026,1,1719,0,0,10,NONE,
2026-02-11T19:22:21.396302,173126,1,1720,0,0,10,NONE,
2026-02-11T19:22:21.498978,173226,1,1721,0,0,10,NONE,
2026-02-11T19:22:21.595036,173326,1,1722,0,0,9,NONE,
2026-02-11T19:22:21.694421,173426,1,1723,0,0,9,NONE,
2026-02-11T19:22:21.793441,173526,1,1724,0,0,9,NONE,
2026-02-11T19:22:21.893434,173626,1,1725,0,0,9,NONE,
2026-02-11T19:22:21.992415,173726,1,1726,0,0,9,NONE,
2026-02-11T19:22:22.091078,173826,1,1727,0,0,9,NONE,
2026-02-11T19:22:22.191015,173926,1,1728,0,0,9,NONE,
2026-02-11T19:22:22.290301,174026,1,1729,0,0,9,NONE,
2026-02-11T19:22:22.389716,174126,1,1730,0,0,9,NONE,
2026-02-11T19:22:22.489334,174226,1,1731,0,0,9,NONE,
2026-02-11T19:22:22.589462,174326,1,1732,-67,7,9,UL,
2026-02-11T19:22:22.687630,174426,1,1733,0,0,9,NONE,
2026-02-11T19:22:22.787011,174526,1,1734,0,0,9,NONE,
2026-02-11T19:22:22.886488,174626,1,1735,0,0,9,NONE,
2026-02-11T19:22:22.985815,174726,1,1736,0,0,9,NONE,
2026-02-11T19:22:23.085174,174826,1,1737,0,0,9,NONE,
2026-02-11T19:22:23.184770,174926,1,1738,0,0,9,NONE,
2026-02-11T19:22:23.283698,175026,1,1739,0,0,9,NONE,
2026-02-11T19:22:23.383001,175126,1,1740,0,0,9,NONE,
2026-02-11T19:22:23.482105,175226,1,1741,0,0,9,NONE,
2026-02-11T19:22:23.581704,175326,1,1742,-67,6,9,UL,
2026-02-11T19:22:23.680716,175426,1,1743,0,0,9,NONE,
2026-02-11T19:22:23.780688,175526,1,1744,0,0,9,NONE,
2026-02-11T19:22:23.879736,175626,1,1745,0,0,9,NONE,
2026-02-11T19:22:23.979125,175726,1,1746,0,0,9,NONE,
2026-02-11T19:22:24.078094,175826,1,1747,0,0,9,NONE,
2026-02-11T19:22:24.177389,175926,1,1748,0,0,9,NONE,
2026-02-11T19:22:24.276765,176026,1,1749,0,0,9,NONE,
2026-02-11T19:22:24.376342,176126,1,1750,0,0,9,NONE,
2026-02-11T19:22:24.475765,176226,1,1751,0,0,9,NONE,
2026-02-11T19:22:24.575077,176326,1,1752,-69,5,9,UL,
2026-02-11T19:22:24.674023,176426,1,1753,0,0,9,NONE,
2026-02-11T19:22:24.773689,176526,1,1754,0,0,9,NONE,
2026-02-11T19:22:24.873113,176626,1,1755,0,0,9,NONE,
2026-02-11T19:22:24.972696,176726,1,1756,0,0,9,NONE,
2026-02-11T19:22:25.071718,176826,1,1757,0,0,9,NONE,
2026-02-11T19:22:25.171121,176926,1,1758,0,0,9,NONE,
2026-02-11T19:22:25.270317,177026,1,1759,0,0,9,NONE,
2026-02-11T19:22:25.369760,177126,1,1760,0,0,9,NONE,
2026-02-11T19:22:25.469118,177226,1,1761,0,0,9,NONE,
2026-02-11T19:22:25.568171,177326,1,1762,-67,7,9,UL,
2026-02-11T19:22:25.667731,177426,1,1763,0,0,9,NONE,
2026-02-11T19:22:25.767269,177526,1,1764,0,0,9,NONE,
2026-02-11T19:22:25.866531,177626,1,1765,0,0,9,NONE,
2026-02-11T19:22:25.965798,177726,1,1766,0,0,9,NONE,
2026-02-11T19:22:26.064867,177826,1,1767,0,0,9,NONE,
2026-02-11T19:22:26.164185,177926,1,1768,0,0,9,NONE,
2026-02-11T19:22:26.263467,178026,1,1769,0,0,9,NONE,
2026-02-11T19:22:26.363203,178126,1,1770,0,0,9,NONE,
2026-02-11T19:22:26.462730,178226,1,1771,0,0,9,NONE,
2026-02-11T19:22:26.561508,178326,1,1772,-67,6,9,UL,
2026-02-11T19:22:26.661197,178426,1,1773,0,0,9,NONE,
2026-02-11T19:22:26.765014,178526,1,1774,0,0,9,NONE,
2026-02-11T19:22:26.859847,178626,1,1775,0,0,9,NONE,
2026-02-11T19:22:26.959228,178726,1,1776,0,0,9,NONE,
2026-02-11T19:22:27.058853,178826,1,1777,0,0,9,NONE,
2026-02-11T19:22:27.157890,178926,1,1778,0,0,9,NONE,
2026-02-11T19:22:27.257276,179026,1,1779,0,0,9,NONE,
2026-02-11T19:22:27.356784,179126,1,1780,0,0,9,NONE,
2026-02-11T19:22:27.455914,179226,1,1781,0,0,9,NONE,
2026-02-11T19:22:27.555207,179326,1,1782,-67,7,9,UL,
2026-02-11T19:22:27.654210,179426,1,1783,0,0,9,NONE,
2026-02-11T19:22:27.754056,179526,1,1784,0,0,9,NONE,
2026-02-11T19:22:27.852909,179626,1,1785,0,0,9,NONE,
2026-02-11T19:22:27.952930,179726,1,1786,0,0,9,NONE,
2026-02-11T19:22:28.053273,179826,1,1787,0,0,9,NONE,
2026-02-11T19:22:28.151009,179926,1,1788,0,0,9,NONE,
2026-02-11T19:22:28.250856,180026,1,1789,0,0,9,NONE,
2026-02-11T19:22:28.350020,180126,1,1790,0,0,9,NONE,
2026-02-11T19:22:28.448569,180226,1,1791,0,0,9,NONE,
2026-02-11T19:22:28.548868,180326,1,1792,-69,6,9,UL,
2026-02-11T19:22:28.648147,180426,1,1793,0,0,9,NONE,
2026-02-11T19:22:28.747391,180526,1,1794,0,0,9,NONE,
2026-02-11T19:22:28.846422,180626,1,1795,0,0,9,NONE,
2026-02-11T19:22:28.945991,180726,1,1796,0,0,9,NONE,
2026-02-11T19:22:29.045422,180826,1,1797,0,0,9,NONE,
2026-02-11T19:22:29.144593,180926,1,1798,0,0,9,NONE,
2026-02-11T19:22:29.244181,181026,1,1799,0,0,9,NONE,
2026-02-11T19:22:29.343392,181126,1,1800,0,0,9,NONE,
2026-02-11T19:22:29.442455,181226,1,1801,0,0,9,NONE,
2026-02-11T19:22:29.542153,181326,1,1802,-67,7,9,UL,
2026-02-11T19:22:29.641001,181426,1,1803,0,0,9,NONE,
2026-02-11T19:22:29.740459,181526,1,1804,0,0,9,NONE,
2026-02-11T19:22:29.840216,181626,1,1805,0,0,9,NONE,
2026-02-11T19:22:29.940049,181726,1,1806,0,0,9,NONE,
2026-02-11T19:22:30.038852,181826,1,1807,0,0,9,NONE,
2026-02-11T19:22:30.138042,181926,1,1808,0,0,9,NONE,
2026-02-11T19:22:30.237489,182026,1,1809,0,0,9,NONE,
2026-02-11T19:22:30.336929,182126,1,1810,0,0,9,NONE,
2026-02-11T19:22:30.435682,182226,1,1811,0,0,9,NONE,
2026-02-11T19:22:30.535300,182326,1,1812,-72,5,9,UL,
2026-02-11T19:22:30.635114,182426,1,1813,0,0,9,NONE,
2026-02-11T19:22:30.734758,182526,1,1814,0,0,9,NONE,
2026-02-11T19:22:30.834018,182626,1,1815,0,0,9,NONE,
2026-02-11T19:22:30.934764,182726,1,1816,0,0,9,NONE,
2026-02-11T19:22:31.031956,182826,1,1817,0,0,9,NONE,
2026-02-11T19:22:31.131587,182926,1,1818,0,0,9,NONE,
2026-02-11T19:22:31.231155,183026,1,1819,0,0,9,NONE,
2026-02-11T19:22:31.330125,183126,1,1820,0,0,9,NONE,
2026-02-11T19:22:31.429711,183226,1,1821,0,0,9,NONE,
2026-02-11T19:22:31.528684,183326,1,1822,-67,7,10,UL,
2026-02-11T19:22:31.628307,183426,1,1823,0,0,10,NONE,
2026-02-11T19:22:31.727280,183526,1,1824,0,0,10,NONE,
2026-02-11T19:22:31.826747,183626,1,1825,0,0,10,NONE,
2026-02-11T19:22:31.926318,183726,1,1826,0,0,10,NONE,
2026-02-11T19:22:32.025365,183826,1,1827,0,0,10,NONE,
2026-02-11T19:22:32.124762,183926,1,1828,0,0,10,NONE,
2026-02-11T19:22:32.225073,184026,1,1829,0,0,10,NONE,
2026-02-11T19:22:32.323948,184126,1,1830,0,0,10,NONE,
2026-02-11T19:22:32.423020,184226,1,1831,0,0,10,NONE,
2026-02-11T19:22:32.522589,184326,1,1832,0,0,9,NONE,
2026-02-11T19:22:32.621427,184426,1,1833,0,0,9,NONE,
2026-02-11T19:22:32.723205,184526,1,1834,0,0,9,NONE,
2026-02-11T19:22:32.820355,184626,1,1835,0,0,9,NONE,
2026-02-11T19:22:32.919713,184726,1,1836,0,0,9,NONE,
2026-02-11T19:22:33.018914,184826,1,1837,0,0,9,NONE,
2026-02-11T19:22:33.118619,184926,1,1838,0,0,9,NONE,
2026-02-11T19:22:33.217276,185026,1,1839,0,0,9,NONE,
2026-02-11T19:22:33.318316,185126,1,1840,0,0,9,NONE,
2026-02-11T19:22:33.416335,185226,1,1841,0,0,9,NONE,
2026-02-11T19:22:33.515759,185326,1,1842,-67,7,9,UL,
2026-02-11T19:22:33.615172,185426,1,1843,0,0,9,NONE,
2026-02-11T19:22:33.714404,185526,1,1844,0,0,9,NONE,
2026-02-11T19:22:33.813811,185626,1,1845,0,0,9,NONE,
2026-02-11T19:22:33.912806,185726,1,1846,0,0,9,NONE,
2026-02-11T19:22:34.014409,185826,1,1847,0,0,9,NONE,
2026-02-11T19:22:34.111359,185926,1,1848,0,0,9,NONE,
2026-02-11T19:22:34.210836,186026,1,1849,0,0,9,NONE,
2026-02-11T19:22:34.310509,186126,1,1850,0,0,9,NONE,
2026-02-11T19:22:34.410034,186226,1,1851,0,0,9,NONE,
2026-02-11T19:22:34.512042,186326,1,1852,-67,7,9,UL,
2026-02-11T19:22:34.608496,186426,1,1853,0,0,9,NONE,
2026-02-11T19:22:34.708873,186526,1,1854,0,0,9,NONE,
2026-02-11T19:22:34.806939,186626,1,1855,0,0,9,NONE,
2026-02-11T19:22:34.906577,186726,1,1856,0,0,9,NONE,
2026-02-11T19:22:35.005912,186826,1,1857,0,0,9,NONE,
2026-02-11T19:22:35.105275,186926,1,1858,0,0,9,NONE,
2026-02-11T19:22:35.204178,187026,1,1859,0,0,9,NONE,
2026-02-11T19:22:35.303583,187126,1,1860,0,0,9,NONE,
2026-02-11T19:22:35.403203,187226,1,1861,0,0,9,NONE,
2026-02-11T19:22:35.502549,187326,1,1862,-72,6,9,UL,
2026-02-11T19:22:35.601353,187426,1,1863,0,0,9,NONE,
2026-02-11T19:22:35.701303,187526,1,1864,0,0,9,NONE,
2026-02-11T19:22:35.800311,187626,1,1865,0,0,9,NONE,
2026-02-11T19:22:35.900303,187726,1,1866,0,0,9,NONE,
2026-02-11T19:22:35.999211,187826,1,1867,0,0,9,NONE,
2026-02-11T19:22:36.098248,187926,1,1868,0,0,9,NONE,
2026-02-11T19:22:36.198290,188026,1,1869,0,0,9,NONE,
2026-02-11T19:22:36.297278,188126,1,1870,0,0,9,NONE,
2026-02-11T19:22:36.396613,188226,1,1871,0,0,9,NONE,
2026-02-11T19:22:36.496293,188326,1,1872,-67,6,9,UL,
2026-02-11T19:22:36.595363,188426,1,1873,0,0,9,NONE,
2026-02-11T19:22:36.694825,188526,1,1874,0,0,9,NONE,
2026-02-11T19:22:36.793718,188626,1,1875,0,0,9,NONE,
2026-02-11T19:22:36.898271,188726,1,1876,0,0,9,NONE,
2026-02-11T19:22:36.992719,188826,1,1877,0,0,9,NONE,
2026-02-11T19:22:37.091717,188926,1,1878,0,0,9,NONE,
2026-02-11T19:22:37.191420,189026,1,1879,0,0,9,NONE,
2026-02-11T19:22:37.290781,189126,1,1880,0,0,9,NONE,
2026-02-11T19:22:37.390117,189226,1,1881,0,0,9,NONE,
2026-02-11T19:22:37.489500,189326,1,1882,-67,6,9,UL,
2026-02-11T19:22:37.589308,189426,1,1883,0,0,9,NONE,
2026-02-11T19:22:37.687763,189526,1,1884,0,0,9,NONE,
2026-02-11T19:22:37.787432,189626,1,1885,0,0,9,NONE,
2026-02-11T19:22:37.886867,189726,1,1886,0,0,9,NONE,
2026-02-11T19:22:37.986463,189826,1,1887,0,0,9,NONE,
2026-02-11T19:22:38.085588,189926,1,1888,0,0,9,NONE,
2026-02-11T19:22:38.184438,190026,1,1889,0,0,9,NONE,
2026-02-11T19:22:38.283784,190126,1,1890,0,0,9,NONE,
2026-02-11T19:22:38.383491,190226,1,1891,0,0,9,NONE,
2026-02-11T19:22:38.482837,190326,1,1892,-67,7,9,UL,
2026-02-11T19:22:38.582413,190426,1,1893,0,0,9,NONE,
2026-02-11T19:22:38.681428,190526,1,1894,0,0,9,NONE,
2026-02-11T19:22:38.780749,190626,1,1895,0,0,9,NONE,
2026-02-11T19:22:38.880133,190726,1,1896,0,0,9,NONE,
2026-02-11T19:22:38.979114,190826,1,1897,0,0,9,NONE,
2026-02-11T19:22:39.078791,190926,1,1898,0,0,9,NONE,
2026-02-11T19:22:39.178101,191026,1,1899,0,0,9,NONE,
2026-02-11T19:22:39.277072,191126,1,1900,0,0,9,NONE,
2026-02-11T19:22:39.376540,191226,1,1901,0,0,9,NONE,
2026-02-11T19:22:39.476128,191326,1,1902,0,0,8,NONE,
2026-02-11T19:22:39.575059,191426,1,1903,0,0,8,NONE,
2026-02-11T19:22:39.675085,191526,1,1904,0,0,8,NONE,
2026-02-11T19:22:39.774122,191626,1,1905,0,0,8,NONE,
2026-02-11T19:22:39.873375,191726,1,1906,0,0,8,NONE,
2026-02-11T19:22:39.972931,191826,1,1907,0,0,8,NONE,
2026-02-11T19:22:40.071511,191926,1,1908,0,0,8,NONE,
2026-02-11T19:22:40.171464,192026,1,1909,0,0,8,NONE,
2026-02-11T19:22:40.271021,192126,1,1910,0,0,8,NONE,
2026-02-11T19:22:40.370147,192226,1,1911,0,0,8,NONE,
2026-02-11T19:22:40.469548,192326,1,1912,-67,6,8,UL,
2026-02-11T19:22:40.569177,192426,1,1913,0,0,8,NONE,
2026-02-11T19:22:40.668124,192526,1,1914,0,0,8,NONE,
2026-02-11T19:22:40.767101,192626,1,1915,0,0,8,NONE,
2026-02-11T19:22:40.866605,192726,1,1916,0,0,8,NONE,
2026-02-11T19:22:40.966177,192826,1,1917,0,0,8,NONE,
2026-02-11T19:22:41.065185,192926,1,1918,0,0,8,NONE,
2026-02-11T19:22:41.164683,193026,1,1919,0,0,8,NONE,
2026-02-11T19:22:41.264212,193126,1,1920,0,0,8,NONE,
2026-02-11T19:22:41.363575,193226,1,1921,0,0,8,NONE,
2026-02-11T19:22:41.462955,193326,1,1922,-67,7,8,UL,
2026-02-11T19:22:41.562200,193426,1,1923,0,0,8,NONE,
2026-02-11T19:22:41.661777,193526,1,1924,0,0,8,NONE,
2026-02-11T19:22:41.761001,193626,1,1925,0,0,8,NONE,
2026-02-11T19:22:41.860320,193726,1,1926,0,0,8,NONE,
2026-02-11T19:22:41.959836,193826,1,1927,0,0,8,NONE,
2026-02-11T19:22:42.058924,193926,1,1928,0,0,8,NONE,
2026-02-11T19:22:42.157865,194026,1,1929,0,0,8,NONE,
2026-02-11T19:22:42.257525,194126,1,1930,0,0,8,NONE,
2026-02-11T19:22:42.356704,194226,1,1931,0,0,8,NONE,
2026-02-11T19:22:42.455858,194326,1,1932,-67,6,9,UL,
2026-02-11T19:22:42.555697,194426,1,1933,0,0,9,NONE,
2026-02-11T19:22:42.655402,194526,1,1934,0,0,9,NONE,
2026-02-11T19:22:42.754314,194626,1,1935,0,0,9,NONE,
2026-02-11T19:22:42.853695,194726,1,1936,0,0,9,NONE,
2026-02-11T19:22:42.952925,194826,1,1937,0,0,9,NONE,
2026-02-11T19:22:43.052312,194926,1,1938,0,0,9,NONE,
2026-02-11T19:22:43.151108,195026,1,1939,0,0,9,NONE,
2026-02-11T19:22:43.250934,195126,1,1940,0,0,9,NONE,
2026-02-11T19:22:43.350457,195226,1,1941,0,0,9,NONE,
2026-02-11T19:22:43.451158,195326,1,1942,-67,6,9,UL,
2026-02-11T19:22:43.549440,195426,1,1943,0,0,9,NONE,
2026-02-11T19:22:43.648399,195526,1,1944,0,0,9,NONE,
2026-02-11T19:22:43.747197,195626,1,1945,0,0,9,NONE,
2026-02-11T19:22:43.847135,195726,1,1946,0,0,9,NONE,
2026-02-11T19:22:43.948216,195826,1,1947,0,0,9,NONE,
2026-02-11T19:22:44.045407,195926,1,1948,0,0,9,NONE,
2026-02-11T19:22:44.145829,196026,1,1949,0,0,9,NONE,
2026-02-11T19:22:44.244015,196126,1,1950,0,0,9,NONE,
2026-02-11T19:22:44.344107,196226,1,1951,0,0,9,NONE,
2026-02-11T19:22:44.443121,196326,1,1952,-67,7,9,UL,
2026-02-11T19:22:44.542341,196426,1,1953,0,0,9,NONE,
2026-02-11T19:22:44.641565,196526,1,1954,0,0,9,NONE,
2026-02-11T19:22:44.740398,196626,1,1955,0,0,9,NONE,
2026-02-11T19:22:44.840261,196726,1,1956,0,0,9,NONE,
2026-02-11T19:22:44.939808,196826,1,1957,0,0,9,NONE,
2026-02-11T19:22:45.038982,196926,1,1958,0,0,9,NONE,
2026-02-11T19:22:45.138368,197026,1,1959,0,0,9,NONE,
2026-02-11T19:22:45.237372,197126,1,1960,0,0,9,NONE,
2026-02-11T19:22:45.336838,197226,1,1961,0,0,9,NONE,
2026-02-11T19:22:45.435939,197326,1,1962,-67,6,9,UL,
2026-02-11T19:22:45.536164,197426,1,1963,0,0,9,NONE,
2026-02-11T19:22:45.634385,197526,1,1964,0,0,9,NONE,
2026-02-11T19:22:45.735346,197626,1,1965,0,0,9,NONE,
2026-02-11T19:22:45.833491,197726,1,1966,0,0,9,NONE,
2026-02-11T19:22:45.933681,197826,1,1967,0,0,9,NONE,
2026-02-11T19:22:46.031963,197926,1,1968,0,0,9,NONE,
2026-02-11T19:22:46.131539,198026,1,1969,0,0,9,NONE,
2026-02-11T19:22:46.231084,198126,1,1970,0,0,9,NONE,
2026-02-11T19:22:46.330358,198226,1,1971,0,0,9,NONE,
2026-02-11T19:22:46.429489,198326,1,1972,-67,7,9,UL,
2026-02-11T19:22:46.528390,198426,1,1973,0,0,9,NONE,
2026-02-11T19:22:46.628024,198526,1,1974,0,0,9,NONE,
2026-02-11T19:22:46.727500,198626,1,1975,0,0,9,NONE,
2026-02-11T19:22:46.827125,198726,1,1976,0,0,9,NONE,
2026-02-11T19:22:46.926090,198826,1,1977,0,0,9,NONE,
2026-02-11T19:22:47.025518,198926,1,1978,0,0,9,NONE,
2026-02-11T19:22:47.125002,199026,1,1979,0,0,9,NONE,
2026-02-11T19:22:47.224002,199126,1,1980,0,0,9,NONE,
2026-02-11T19:22:47.323112,199226,1,1981,0,0,9,NONE,
2026-02-11T19:22:47.423310,199326,1,1982,-67,7,9,UL,
2026-02-11T19:22:47.522300,199426,1,1983,0,0,9,NONE,
2026-02-11T19:22:47.621226,199526,1,1984,0,0,9,NONE,
2026-02-11T19:22:47.720923,199626,1,1985,0,0,9,NONE,
2026-02-11T19:22:47.820258,199726,1,1986,0,0,9,NONE,
2026-02-11T19:22:47.919610,199826,1,1987,0,0,9,NONE,
2026-02-11T19:22:48.019041,199926,1,1988,0,0,9,NONE,
2026-02-11T19:22:48.118516,200026,1,1989,0,0,9,NONE,
2026-02-11T19:22:48.217477,200126,1,1990,0,0,9,NONE,
2026-02-11T19:22:48.317064,200226,1,1991,0,0,9,NONE,
2026-02-11T19:22:48.416145,200326,1,1992,-69,6,9,UL,
2026-02-11T19:22:48.515478,200426,1,1993,0,0,9,NONE,
2026-02-11T19:22:48.615248,200526,1,1994,0,0,9,NONE,
2026-02-11T19:22:48.714486,200626,1,1995,0,0,9,NONE,
2026-02-11T19:22:48.813412,200726,1,1996,0,0,9,NONE,
2026-02-11T19:22:48.913268,200826,1,1997,0,0,9,NONE,
2026-02-11T19:22:49.012378,200926,1,1998,0,0,9,NONE,
2026-02-11T19:22:49.111769,201026,1,1999,0,0,9,NONE,
2026-02-11T19:22:49.211345,201126,1,2000,0,0,9,NONE,
2026-02-11T19:22:49.310270,201226,1,2001,0,0,9,NONE,
2026-02-11T19:22:49.409749,201326,1,2002,-72,5,10,UL,
2026-02-11T19:22:49.509087,201426,1,2003,0,0,10,NONE,
2026-02-11T19:22:49.608292,201526,1,2004,0,0,10,NONE,
2026-02-11T19:22:49.707811,201626,1,2005,0,0,10,NONE,
2026-02-11T19:22:49.807549,201726,1,2006,0,0,10,NONE,
2026-02-11T19:22:49.907142,201826,1,2007,0,0,10,NONE,
2026-02-11T19:22:50.005806,201926,1,2008,0,0,10,NONE,
2026-02-11T19:22:50.104496,202026,1,2009,0,0,10,NONE,
2026-02-11T19:22:50.204545,202126,1,2010,0,0,10,NONE,
2026-02-11T19:22:50.304126,202226,1,2011,0,0,10,NONE,
2026-02-11T19:22:50.402710,202326,1,2012,-67,7,10,UL,
2026-02-11T19:22:50.502438,202426,1,2013,0,0,10,NONE,
2026-02-11T19:22:50.601987,202526,1,2014,0,0,10,NONE,
2026-02-11T19:22:50.701192,202626,1,2015,0,0,10,NONE,
2026-02-11T19:22:50.800412,202726,1,2016,0,0,10,NONE,
2026-02-11T19:22:50.899081,202826,1,2017,0,0,10,NONE,
2026-02-11T19:22:50.999347,202926,1,2018,0,0,10,NONE,
2026-02-11T19:22:51.098532,203026,1,2019,0,0,10,NONE,
2026-02-11T19:22:51.197809,203126,1,2020,0,0,10,NONE,
2026-02-11T19:22:51.297237,203226,1,2021,0,0,10,NONE,
2026-02-11T19:22:51.396713,203326,1,2022,-67,7,10,UL,
2026-02-11T19:22:51.496187,203426,1,2023,0,0,10,NONE,
2026-02-11T19:22:51.595189,203526,1,2024,0,0,10,NONE,
2026-02-11T19:22:51.694017,203626,1,2025,0,0,10,NONE,
2026-02-11T19:22:51.793821,203726,1,2026,0,0,10,NONE,
2026-02-11T19:22:51.893432,203826,1,2027,0,0,10,NONE,
2026-02-11T19:22:51.992587,203926,1,2028,0,0,10,NONE,
2026-02-11T19:22:52.095577,204026,1,2029,0,0,10,NONE,
2026-02-11T19:22:52.191104,204126,1,2030,0,0,10,NONE,
2026-02-11T19:22:52.290165,204226,1,2031,0,0,10,NONE,
2026-02-11T19:22:52.389379,204326,1,2032,-67,6,10,UL,
2026-02-11T19:22:52.489154,204426,1,2033,0,0,10,NONE,
2026-02-11T19:22:52.588304,204526,1,2034,0,0,10,NONE,
2026-02-11T19:22:52.688049,204626,1,2035,0,0,10,NONE,
2026-02-11T19:22:52.787463,204726,1,2036,0,0,10,NONE,
2026-02-11T19:22:52.886489,204826,1,2037,0,0,10,NONE,
2026-02-11T19:22:52.985559,204926,1,2038,0,0,10,NONE,
2026-02-11T19:22:53.085489,205026,1,2039,0,0,10,NONE,
2026-02-11T19:22:53.184882,205126,1,2040,0,0,10,NONE,
2026-02-11T19:22:53.283791,205226,1,2041,0,0,10,NONE,
2026-02-11T19:22:53.383327,205326,1,2042,-67,6,10,UL,
2026-02-11T19:22:53.482802,205426,1,2043,0,0,10,NONE,
2026-02-11T19:22:53.581390,205526,1,2044,0,0,10,NONE,
2026-02-11T19:22:53.680742,205626,1,2045,0,0,10,NONE,
2026-02-11T19:22:53.780726,205726,1,2046,0,0,10,NONE,
2026-02-11T19:22:53.880350,205826,1,2047,0,0,10,NONE,
2026-02-11T19:22:53.979271,205926,1,2048,0,0,10,NONE,
2026-02-11T19:22:54.078582,206026,1,2049,0,0,10,NONE,
2026-02-11T19:22:54.177366,206126,1,2050,0,0,10,NONE,
2026-02-11T19:22:54.277294,206226,1,2051,0,0,10,NONE,
2026-02-11T19:22:54.376250,206326,1,2052,-69,6,10,UL,
2026-02-11T19:22:54.475902,206426,1,2053,0,0,10,NONE,
2026-02-11T19:22:54.575193,206526,1,2054,0,0,10,NONE,
2026-02-11T19:22:54.676435,206626,1,2055,0,0,10,NONE,
2026-02-11T19:22:54.773923,206726,1,2056,0,0,10,NONE,
2026-02-11T19:22:54.872905,206826,1,2057,0,0,10,NONE,
2026-02-11T19:22:54.972209,206926,1,2058,0,0,10,NONE,
2026-02-11T19:22:55.071675,207026,1,2059,0,0,10,NONE,
2026-02-11T19:22:55.173801,207126,1,2060,0,0,10,NONE,
2026-02-11T19:22:55.270281,207226,1,2061,0,0,10,NONE,
2026-02-11T19:22:55.371181,207326,1,2062,-67,6,10,UL,
2026-02-11T19:22:55.468923,207426,1,2063,0,0,10,NONE,
2026-02-11T19:22:55.568592,207526,1,2064,0,0,10,NONE,
2026-02-11T19:22:55.667960,207626,1,2065,0,0,10,NONE,
2026-02-11T19:22:55.767436,207726,1,2066,0,0,10,NONE,
2026-02-11T19:22:55.866465,207826,1,2067,0,0,10,NONE,
2026-02-11T19:22:55.965583,207926,1,2068,0,0,10,NONE,
2026-02-11T19:22:56.065428,208026,1,2069,0,0,10,NONE,
2026-02-11T19:22:56.164856,208126,1,2070,0,0,10,NONE,
2026-02-11T19:22:56.264428,208226,1,2071,0,0,10,NONE,
2026-02-11T19:22:56.363691,208326,1,2072,-67,7,10,UL,
2026-02-11T19:22:56.462728,208426,1,2073,0,0,10,NONE,
2026-02-11T19:22:56.562159,208526,1,2074,0,0,10,NONE,
2026-02-11T19:22:56.661826,208626,1,2075,0,0,10,NONE,
2026-02-11T19:22:56.760695,208726,1,2076,0,0,10,NONE,
2026-02-11T19:22:56.860172,208826,1,2077,0,0,10,NONE,
2026-02-11T19:22:56.959460,208926,1,2078,0,0,10,NONE,
2026-02-11T19:22:57.058160,209026,1,2079,0,0,10,NONE,
2026-02-11T19:22:57.162380,209126,1,2080,0,0,10,NONE,
2026-02-11T19:22:57.257527,209226,1,2081,0,0,10,NONE,
2026-02-11T19:22:57.356556,209326,1,2082,-67,6,10,UL,
2026-02-11T19:22:57.456067,209426,1,2083,0,0,10,NONE,
2026-02-11T19:22:57.555535,209526,1,2084,0,0,10,NONE,
2026-02-11T19:22:57.654445,209626,1,2085,0,0,10,NONE,
2026-02-11T19:22:57.754382,209726,1,2086,0,0,10,NONE,
2026-02-11T19:22:57.853535,209826,1,2087,0,0,10,NONE,
2026-02-11T19:22:57.952620,209926,1,2088,0,0,10,NONE,
2026-02-11T19:22:58.051724,210026,1,2089,0,0,10,NONE,
2026-02-11T19:22:58.151556,210126,1,2090,0,0,10,NONE,
2026-02-11T19:22:58.250501,210226,1,2091,0,0,10,NONE,
2026-02-11T19:22:58.349721,210326,1,2092,-67,7,10,UL,
2026-02-11T19:22:58.448985,210426,1,2093,0,0,10,NONE,
2026-02-11T19:22:58.548342,210526,1,2094,0,0,10,NONE,
2026-02-11T19:22:58.647955,210626,1,2095,0,0,10,NONE,
2026-02-11T19:22:58.747257,210726,1,2096,0,0,10,NONE,
2026-02-11T19:22:58.846782,210826,1,2097,0,0,10,NONE,
2026-02-11T19:22:58.945735,210926,1,2098,0,0,10,NONE,
2026-02-11T19:22:59.045133,211026,1,2099,0,0,10,NONE,
2026-02-11T19:22:59.144343,211126,1,2100,0,0,10,NONE,
2026-02-11T19:22:59.244096,211226,1,2101,0,0,10,NONE,
2026-02-11T19:22:59.343386,211326,1,2102,-67,6,10,UL,
2026-02-11T19:22:59.442723,211426,1,2103,0,0,10,NONE,
2026-02-11T19:22:59.542064,211526,1,2104,0,0,10,NONE,
2026-02-11T19:22:59.641233,211626,1,2105,0,0,10,NONE,
2026-02-11T19:22:59.740891,211726,1,2106,0,0,10,NONE,
2026-02-11T19:22:59.840133,211826,1,2107,0,0,10,NONE,
2026-02-11T19:22:59.939008,211926,1,2108,0,0,10,NONE,
2026-02-11T19:23:00.038798,212026,1,2109,0,0,10,NONE,
2026-02-11T19:23:00.138322,212126,1,2110,0,0,10,NONE,
2026-02-11T19:23:00.237192,212226,1,2111,0,0,10,NONE,
2026-02-11T19:23:00.336966,212326,1,2112,-67,6,10,UL,
2026-02-11T19:23:00.436162,212426,1,2113,0,0,10,NONE,
2026-02-11T19:23:00.535427,212526,1,2114,0,0,10,NONE,
2026-02-11T19:23:00.634939,212626,1,2115,0,0,10,NONE,
2026-02-11T19:23:00.733629,212726,1,2116,0,0,10,NONE,
2026-02-11T19:23:00.833359,212826,1,2117,0,0,10,NONE,
2026-02-11T19:23:00.932940,212926,1,2118,0,0,10,NONE,
2026-02-11T19:23:01.032117,213026,1,2119,0,0,10,NONE,
2026-02-11T19:23:01.131453,213126,1,2120,0,0,10,NONE,
2026-02-11T19:23:01.231077,213226,1,2121,0,0,10,NONE,
2026-02-11T19:23:01.329759,213326,1,2122,-67,6,10,UL,
2026-02-11T19:23:01.429439,213426,1,2123,0,0,10,NONE,
2026-02-11T19:23:01.528318,213526,1,2124,0,0,10,NONE,
2026-02-11T19:23:01.628273,213626,1,2125,0,0,10,NONE,
2026-02-11T19:23:01.727439,213726,1,2126,0,0,10,NONE,
2026-02-11T19:23:01.826392,213826,1,2127,0,0,10,NONE,
2026-02-11T19:23:01.926135,213926,1,2128,0,0,10,NONE,
2026-02-11T19:23:02.025401,214026,1,2129,0,0,10,NONE,
2026-02-11T19:23:02.124678,214126,1,2130,0,0,10,NONE,
2026-02-11T19:23:02.229169,214226,1,2131,0,0,10,NONE,
2026-02-11T19:23:02.323585,214326,1,2132,-67,6,10,UL,
2026-02-11T19:23:02.422371,214426,1,2133,0,0,10,NONE,
2026-02-11T19:23:02.522199,214526,1,2134,0,0,10,NONE,
2026-02-11T19:23:02.621363,214626,1,2135,0,0,10,NONE,
2026-02-11T19:23:02.720882,214726,1,2136,0,0,10,NONE,
2026-02-11T19:23:02.819771,214826,1,2137,0,0,10,NONE,
2026-02-11T19:23:02.919381,214926,1,2138,0,0,10,NONE,
2026-02-11T19:23:03.018817,215026,1,2139,0,0,10,NONE,
2026-02-11T19:23:03.117718,215126,1,2140,0,0,10,NONE,
2026-02-11T19:23:03.217165,215226,1,2141,0,0,10,NONE,
2026-02-11T19:23:03.316921,215326,1,2142,-67,7,10,UL,
2026-02-11T19:23:03.416013,215426,1,2143,0,0,10,NONE,
2026-02-11T19:23:03.515378,215526,1,2144,0,0,10,NONE,
2026-02-11T19:23:03.614749,215626,1,2145,0,0,10,NONE,
2026-02-11T19:23:03.714127,215726,1,2146,0,0,10,NONE,
2026-02-11T19:23:03.813367,215826,1,2147,0,0,10,NONE,
2026-02-11T19:23:03.912944,215926,1,2148,0,0,10,NONE,
2026-02-11T19:23:04.012086,216026,1,2149,0,0,10,NONE,
2026-02-11T19:23:04.110926,216126,1,2150,0,0,10,NONE,
2026-02-11T19:23:04.210379,216226,1,2151,0,0,10,NONE,
2026-02-11T19:23:04.310703,216326,1,2152,-67,7,10,UL,
2026-02-11T19:23:04.409032,216426,1,2153,0,0,10,NONE,
2026-02-11T19:23:04.508977,216526,1,2154,0,0,10,NONE,
2026-02-11T19:23:04.612265,216626,1,2155,0,0,10,NONE,
2026-02-11T19:23:04.706951,216726,1,2156,0,0,10,NONE,
2026-02-11T19:23:04.806795,216826,1,2157,0,0,10,NONE,
2026-02-11T19:23:04.906112,216926,1,2158,0,0,10,NONE,
2026-02-11T19:23:05.005320,217026,1,2159,0,0,10,NONE,
2026-02-11T19:23:05.104327,217126,1,2160,0,0,10,NONE,
2026-02-11T19:23:05.204046,217226,1,2161,0,0,10,NONE,
2026-02-11T19:23:05.303194,217326,1,2162,-67,6,10,UL,
2026-02-11T19:23:05.402586,217426,1,2163,0,0,10,NONE,
2026-02-11T19:23:05.502065,217526,1,2164,0,0,10,NONE,
2026-02-11T19:23:05.601336,217626,1,2165,0,0,10,NONE,
2026-02-11T19:23:05.700628,217726,1,2166,0,0,10,NONE,
2026-02-11T19:23:05.800255,217826,1,2167,0,0,10,NONE,
2026-02-11T19:23:05.898953,217926,1,2168,0,0,10,NONE,
2026-02-11T19:23:05.998305,218026,1,2169,0,0,10,NONE,
2026-02-11T19:23:06.098090,218126,1,2170,0,0,10,NONE,
2026-02-11T19:23:06.197497,218226,1,2171,0,0,10,NONE,
2026-02-11T19:23:06.296210,218326,1,2172,-70,6,10,UL,
2026-02-11T19:23:06.397938,218426,1,2173,0,0,10,NONE,
2026-02-11T19:23:06.495344,218526,1,2174,0,0,10,NONE,
2026-02-11T19:23:06.594993,218626,1,2175,0,0,10,NONE,
2026-02-11T19:23:06.694156,218726,1,2176,0,0,10,NONE,
2026-02-11T19:23:06.792953,218826,1,2177,0,0,10,NONE,
2026-02-11T19:23:06.892573,218926,1,2178,0,0,10,NONE,
2026-02-11T19:23:06.992082,219026,1,2179,0,0,10,NONE,
2026-02-11T19:23:07.091156,219126,1,2180,0,0,10,NONE,
2026-02-11T19:23:07.190436,219226,1,2181,0,0,10,NONE,
2026-02-11T19:23:07.289559,219326,1,2182,-67,7,10,UL,
2026-02-11T19:23:07.389152,219426,1,2183,0,0,10,NONE,
2026-02-11T19:23:07.488113,219526,1,2184,0,0,10,NONE,
2026-02-11T19:23:07.587413,219626,1,2185,0,0,10,NONE,
2026-02-11T19:23:07.686823,219726,1,2186,0,0,10,NONE,
2026-02-11T19:23:07.786502,219826,1,2187,0,0,10,NONE,
2026-02-11T19:23:07.885450,219926,1,2188,0,0,10,NONE,
2026-02-11T19:23:07.985186,220026,1,2189,0,0,10,NONE,
2026-02-11T19:23:08.084557,220126,1,2190,0,0,10,NONE,
2026-02-11T19:23:08.183563,220226,1,2191,0,0,10,NONE,
2026-02-11T19:23:08.282783,220326,1,2192,-64,8,10,UL,
2026-02-11T19:23:08.382111,220426,1,2193,0,0,10,NONE,
2026-02-11T19:23:08.481943,220526,1,2194,0,0,10,NONE,
2026-02-11T19:23:08.581582,220626,1,2195,0,0,10,NONE,
2026-02-11T19:23:08.680691,220726,1,2196,0,0,10,NONE,
2026-02-11T19:23:08.779766,220826,1,2197,0,0,10,NONE,
2026-02-11T19:23:08.878600,220926,1,2198,0,0,10,NONE,
2026-02-11T19:23:08.978279,221026,1,2199,0,0,10,NONE,
2026-02-11T19:23:09.077797,221126,1,2200,0,0,10,NONE,
2026-02-11T19:23:09.177147,221226,1,2201,0,0,10,NONE,
2026-02-11T19:23:09.276629,221326,1,2202,0,0,9,NONE,
2026-02-11T19:23:09.376222,221426,1,2203,0,0,9,NONE,
2026-02-11T19:23:09.475859,221526,1,2204,0,0,9,NONE,
2026-02-11T19:23:09.574631,221626,1,2205,0,0,9,NONE,
2026-02-11T19:23:09.673524,221726,1,2206,0,0,9,NONE,
2026-02-11T19:23:09.773687,221826,1,2207,0,0,9,NONE,
2026-02-11T19:23:09.872529,221926,1,2208,0,0,9,NONE,
2026-02-11T19:23:09.971792,222026,1,2209,0,0,9,NONE,
2026-02-11T19:23:10.070670,222126,1,2210,0,0,9,NONE,
2026-02-11T19:23:10.170396,222226,1,2211,0,0,9,NONE,
2026-02-11T19:23:10.269408,222326,1,2212,-69,6,9,UL,
2026-02-11T19:23:10.369555,222426,1,2213,0,0,9,NONE,
2026-02-11T19:23:10.468041,222526,1,2214,0,0,9,NONE,
2026-02-11T19:23:10.568246,222626,1,2215,0,0,9,NONE,
2026-02-11T19:23:10.671177,222726,1,2216,0,0,9,NONE,
2026-02-11T19:23:10.766267,222826,1,2217,0,0,9,NONE,
2026-02-11T19:23:10.865672,222926,1,2218,0,0,9,NONE,
2026-02-11T19:23:10.965446,223026,1,2219,0,0,9,NONE,
2026-02-11T19:23:11.064523,223126,1,2220,0,0,9,NONE,
2026-02-11T19:23:11.163988,223226,1,2221,0,0,9,NONE,
2026-02-11T19:23:11.262692,223326,1,2222,-64,8,9,UL,
2026-02-11T19:23:11.362052,223426,1,2223,0,0,9,NONE,
2026-02-11T19:23:11.461737,223526,1,2224,0,0,9,NONE,
2026-02-11T19:23:11.561232,223626,1,2225,0,0,9,NONE,
2026-02-11T19:23:11.659986,223726,1,2226,0,0,9,NONE,
2026-02-11T19:23:11.759587,223826,1,2227,0,0,9,NONE,
2026-02-11T19:23:11.859361,223926,1,2228,0,0,9,NONE,
2026-02-11T19:23:11.958347,224026,1,2229,0,0,9,NONE,
2026-02-11T19:23:12.057566,224126,1,2230,0,0,9,NONE,
2026-02-11T19:23:12.156692,224226,1,2231,0,0,9,NONE,
2026-02-11T19:23:12.261809,224326,1,2232,-67,6,9,UL,
2026-02-11T19:23:12.355310,224426,1,2233,0,0,9,NONE,
2026-02-11T19:23:12.455184,224526,1,2234,0,0,9,NONE,
2026-02-11T19:23:12.554287,224626,1,2235,0,0,9,NONE,
2026-02-11T19:23:12.653358,224726,1,2236,0,0,9,NONE,
2026-02-11T19:23:12.752979,224826,1,2237,0,0,9,NONE,
2026-02-11T19:23:12.852633,224926,1,2238,0,0,9,NONE,
2026-02-11T19:23:12.951563,225026,1,2239,0,0,9,NONE,
2026-02-11T19:23:13.051099,225126,1,2240,0,0,9,NONE,
2026-02-11T19:23:13.150697,225226,1,2241,0,0,9,NONE,
2026-02-11T19:23:13.249220,225326,1,2242,-70,5,9,UL,
2026-02-11T19:23:13.348754,225426,1,2243,0,0,9,NONE,
2026-02-11T19:23:13.448714,225526,1,2244,0,0,9,NONE,
2026-02-11T19:23:13.548247,225626,1,2245,0,0,9,NONE,
2026-02-11T19:23:13.646798,225726,1,2246,0,0,9,NONE,
2026-02-11T19:23:13.746733,225826,1,2247,0,0,9,NONE,
2026-02-11T19:23:13.845760,225926,1,2248,0,0,9,NONE,
2026-02-11T19:23:13.944558,226026,1,2249,0,0,9,NONE,
2026-02-11T19:23:14.047984,226126,1,2250,0,0,9,NONE,
2026-02-11T19:23:14.143794,226226,1,2251,0,0,9,NONE,
2026-02-11T19:23:14.242404,226326,1,2252,-67,7,9,UL,
2026-02-11T19:23:14.342504,226426,1,2253,0,0,9,NONE,
2026-02-11T19:23:14.441768,226526,1,2254,0,0,9,NONE,
2026-02-11T19:23:14.540744,226626,1,2255,0,0,9,NONE,
2026-02-11T19:23:14.641792,226726,1,2256,0,0,9,NONE,
2026-02-11T19:23:14.739220,226826,1,2257,0,0,9,NONE,
2026-02-11T19:23:14.838737,226926,1,2258,0,0,9,NONE,
2026-02-11T19:23:14.937753,227026,1,2259,0,0,9,NONE,
2026-02-11T19:23:15.037492,227126,1,2260,0,0,9,NONE,
2026-02-11T19:23:15.136712,227226,1,2261,0,0,9,NONE,
2026-02-11T19:23:15.235867,227326,1,2262,-67,6,9,UL,
2026-02-11T19:23:15.335029,227426,1,2263,0,0,9,NONE,
2026-02-11T19:23:15.434266,227526,1,2264,0,0,9,NONE,
2026-02-11T19:23:15.533684,227626,1,2265,0,0,9,NONE,
2026-02-11T19:23:15.633564,227726,1,2266,0,0,9,NONE,
2026-02-11T19:23:15.737585,227826,1,2267,0,0,9,NONE,
2026-02-11T19:23:15.832689,227926,1,2268,0,0,9,NONE,
2026-02-11T19:23:15.931044,228026,1,2269,0,0,9,NONE,
2026-02-11T19:23:16.031486,228126,1,2270,0,0,9,NONE,
2026-02-11T19:23:16.129767,228226,1,2271,0,0,9,NONE,
2026-02-11T19:23:16.228986,228326,1,2272,-67,7,9,UL,
2026-02-11T19:23:16.328593,228426,1,2273,0,0,9,NONE,
2026-02-11T19:23:16.428161,228526,1,2274,0,0,9,NONE,
2026-02-11T19:23:16.527250,228626,1,2275,0,0,9,NONE,
2026-02-11T19:23:16.626858,228726,1,2276,0,0,9,NONE,
2026-02-11T19:23:16.726132,228826,1,2277,0,0,9,NONE,
2026-02-11T19:23:16.824766,228926,1,2278,0,0,9,NONE,
2026-02-11T19:23:16.924901,229026,1,2279,0,0,9,NONE,
2026-02-11T19:23:17.024156,229126,1,2280,0,0,9,NONE,
2026-02-11T19:23:17.123074,229226,1,2281,0,0,9,NONE,
2026-02-11T19:23:17.222923,229326,1,2282,-67,6,9,UL,
2026-02-11T19:23:17.321469,229426,1,2283,0,0,9,NONE,
2026-02-11T19:23:17.421186,229526,1,2284,0,0,9,NONE,
2026-02-11T19:23:17.520872,229626,1,2285,0,0,9,NONE,
2026-02-11T19:23:17.619751,229726,1,2286,0,0,9,NONE,
2026-02-11T19:23:17.719302,229826,1,2287,0,0,9,NONE,
2026-02-11T19:23:17.818271,229926,1,2288,0,0,9,NONE,
2026-02-11T19:23:17.917958,230026,1,2289,0,0,9,NONE,
2026-02-11T19:23:18.017304,230126,1,2290,0,0,9,NONE,
2026-02-11T19:23:18.116061,230226,1,2291,0,0,9,NONE,
2026-02-11T19:23:18.215774,230326,1,2292,-70,6,9,UL,
2026-02-11T19:23:18.315043,230426,1,2293,0,0,9,NONE,
2026-02-11T19:23:18.414139,230526,1,2294,0,0,9,NONE,
2026-02-11T19:23:18.513925,230626,1,2295,0,0,9,NONE,
2026-02-11T19:23:18.613345,230726,1,2296,0,0,9,NONE,
2026-02-11T19:23:18.711967,230826,1,2297,0,0,9,NONE,
2026-02-11T19:23:18.811946,230926,1,2298,0,0,9,NONE,
2026-02-11T19:23:18.910674,231026,1,2299,0,0,9,NONE,
2026-02-11T19:23:19.010214,231126,1,2300,0,0,9,NONE,
2026-02-11T19:23:19.110036,231226,1,2301,0,0,9,NONE,
2026-02-11T19:23:19.208921,231326,1,2302,-64,8,10,UL,
2026-02-11T19:23:19.308153,231426,1,2303,0,0,10,NONE,
2026-02-11T19:23:19.407597,231526,1,2304,0,0,10,NONE,
2026-02-11T19:23:19.507168,231626,1,2305,0,0,10,NONE,
2026-02-11T19:23:19.606873,231726,1,2306,0,0,10,NONE,
2026-02-11T19:23:19.705106,231826,1,2307,0,0,10,NONE,
2026-02-11T19:23:19.805870,231926,1,2308,0,0,10,NONE,
2026-02-11T19:23:19.903850,232026,1,2309,0,0,10,NONE,
2026-02-11T19:23:20.003779,232126,1,2310,0,0,10,NONE,
2026-02-11T19:23:20.102900,232226,1,2311,0,0,10,NONE,
2026-02-11T19:23:20.202460,232326,1,2312,-67,6,10,UL,
2026-02-11T19:23:20.302271,232426,1,2313,0,0,10,NONE,
2026-02-11T19:23:20.401142,232526,1,2314,0,0,10,NONE,
2026-02-11T19:23:20.500302,232626,1,2315,0,0,10,NONE,
2026-02-11T19:23:20.599601,232726,1,2316,0,0,10,NONE,
2026-02-11T19:23:20.698911,232826,1,2317,0,0,10,NONE,
2026-02-11T19:23:20.802403,232926,1,2318,0,0,10,NONE,
2026-02-11T19:23:20.897471,233026,1,2319,0,0,10,NONE,
2026-02-11T19:23:20.996844,233126,1,2320,0,0,10,NONE,
2026-02-11T19:23:21.096208,233226,1,2321,0,0,10,NONE,
2026-02-11T19:23:21.195529,233326,1,2322,-69,6,10,UL,
2026-02-11T19:23:21.294318,233426,1,2323,0,0,10,NONE,
2026-02-11T19:23:21.394116,233526,1,2324,0,0,10,NONE,
2026-02-11T19:23:21.492669,233626,1,2325,0,0,10,NONE,
2026-02-11T19:23:21.592360,233726,1,2326,0,0,10,NONE,
2026-02-11T19:23:21.692142,233826,1,2327,0,0,10,NONE,
2026-02-11T19:23:21.791400,233926,1,2328,0,0,10,NONE,
2026-02-11T19:23:21.890531,234026,1,2329,0,0,10,NONE,
2026-02-11T19:23:21.990125,234126,1,2330,0,0,10,NONE,
2026-02-11T19:23:22.089205,234226,1,2331,0,0,10,NONE,
2026-02-11T19:23:22.188379,234326,1,2332,-67,6,10,UL,
2026-02-11T19:23:22.287802,234426,1,2333,0,0,10,NONE,
2026-02-11T19:23:22.387383,234526,1,2334,0,0,10,NONE,
2026-02-11T19:23:22.486964,234626,1,2335,0,0,10,NONE,
2026-02-11T19:23:22.585743,234726,1,2336,0,0,10,NONE,
2026-02-11T19:23:22.685157,234826,1,2337,0,0,10,NONE,
2026-02-11T19:23:22.785244,234926,1,2338,0,0,10,NONE,
2026-02-11T19:23:22.883504,235026,1,2339,0,0,10,NONE,
2026-02-11T19:23:22.983357,235126,1,2340,0,0,10,NONE,
2026-02-11T19:23:23.083132,235226,1,2341,0,0,10,NONE,
2026-02-11T19:23:23.181441,235326,1,2342,-67,7,10,UL,
2026-02-11T19:23:23.281040,235426,1,2343,0,0,10,NONE,
2026-02-11T19:23:23.381086,235526,1,2344,0,0,10,NONE,
2026-02-11T19:23:23.479793,235626,1,2345,0,0,10,NONE,
2026-02-11T19:23:23.579595,235726,1,2346,0,0,10,NONE,
2026-02-11T19:23:23.678082,235826,1,2347,0,0,10,NONE,
2026-02-11T19:23:23.777449,235926,1,2348,0,0,10,NONE,
2026-02-11T19:23:23.877475,236026,1,2349,0,0,10,NONE,
2026-02-11T19:23:23.976225,236126,1,2350,0,0,10,NONE,
2026-02-11T19:23:24.076271,236226,1,2351,0,0,10,NONE,
2026-02-11T19:23:24.175423,236326,1,2352,-67,6,10,UL,
2026-02-11T19:23:24.274240,236426,1,2353,0,0,10,NONE,
2026-02-11T19:23:24.374313,236526,1,2354,0,0,10,NONE,
2026-02-11T19:23:24.472773,236626,1,2355,0,0,10,NONE,
2026-02-11T19:23:24.573118,236726,1,2356,0,0,10,NONE,
2026-02-11T19:23:24.671330,236826,1,2357,0,0,10,NONE,
2026-02-11T19:23:24.771872,236926,1,2358,0,0,10,NONE,
2026-02-11T19:23:24.870751,237026,1,2359,0,0,10,NONE,
2026-02-11T19:23:24.969043,237126,1,2360,0,0,10,NONE,
2026-02-11T19:23:25.068843,237226,1,2361,0,0,10,NONE,
2026-02-11T19:23:25.168781,237326,1,2362,-67,7,10,UL,
2026-02-11T19:23:25.271474,237426,1,2363,0,0,10,NONE,
2026-02-11T19:23:25.367193,237526,1,2364,0,0,10,NONE,
2026-02-11T19:23:25.465988,237626,1,2365,0,0,10,NONE,
2026-02-11T19:23:25.565884,237726,1,2366,0,0,10,NONE,
2026-02-11T19:23:25.665217,237826,1,2367,0,0,10,NONE,
2026-02-11T19:23:25.764172,237926,1,2368,0,0,10,NONE,
2026-02-11T19:23:25.863532,238026,1,2369,0,0,10,NONE,
2026-02-11T19:23:25.962704,238126,1,2370,0,0,10,NONE,
2026-02-11T19:23:26.062190,238226,1,2371,0,0,10,NONE,
2026-02-11T19:23:26.162136,238326,1,2372,-67,7,10,UL,
2026-02-11T19:23:26.260725,238426,1,2373,0,0,10,NONE,
2026-02-11T19:23:26.360204,238526,1,2374,0,0,10,NONE,
2026-02-11T19:23:26.460187,238626,1,2375,0,0,10,NONE,
2026-02-11T19:23:26.558586,238726,1,2376,0,0,10,NONE,
2026-02-11T19:23:26.658280,238826,1,2377,0,0,10,NONE,
2026-02-11T19:23:26.757771,238926,1,2378,0,0,10,NONE,
2026-02-11T19:23:26.857220,239026,1,2379,0,0,10,NONE,
2026-02-11T19:23:26.956434,239126,1,2380,0,0,10,NONE,
2026-02-11T19:23:27.055766,239226,1,2381,0,0,10,NONE,
2026-02-11T19:23:27.154835,239326,1,2382,-67,7,10,UL,
2026-02-11T19:23:27.254761,239426,1,2383,0,0,10,NONE,
2026-02-11T19:23:27.354063,239526,1,2384,0,0,10,NONE,
2026-02-11T19:23:27.453494,239626,1,2385,0,0,10,NONE,
2026-02-11T19:23:27.552574,239726,1,2386,0,0,10,NONE,
2026-02-11T19:23:27.651452,239826,1,2387,0,0,10,NONE,
2026-02-11T19:23:27.751156,239926,1,2388,0,0,10,NONE,
2026-02-11T19:23:27.850000,240026,1,2389,0,0,10,NONE,
2026-02-11T19:23:27.949517,240126,1,2390,0,0,10,NONE,
2026-02-11T19:23:28.048929,240226,1,2391,0,0,10,NONE,
2026-02-11T19:23:28.148573,240326,1,2392,-66,7,10,UL,
2026-02-11T19:23:28.247549,240426,1,2393,0,0,10,NONE,
2026-02-11T19:23:28.347178,240526,1,2394,0,0,10,NONE,
2026-02-11T19:23:28.446297,240626,1,2395,0,0,10,NONE,
2026-02-11T19:23:28.545394,240726,1,2396,0,0,10,NONE,
2026-02-11T19:23:28.645147,240826,1,2397,0,0,10,NONE,
2026-02-11T19:23:28.744374,240926,1,2398,0,0,10,NONE,
2026-02-11T19:23:28.843731,241026,1,2399,0,0,10,NONE,
2026-02-11T19:23:28.943054,241126,1,2400,0,0,10,NONE,
2026-02-11T19:23:29.041815,241226,1,2401,0,0,10,NONE,
2026-02-11T19:23:29.140947,241326,1,2402,-64,7,10,UL,
2026-02-11T19:23:29.240286,241426,1,2403,0,0,10,NONE,
2026-02-11T19:23:29.340272,241526,1,2404,0,0,10,NONE,
2026-02-11T19:23:29.439914,241626,1,2405,0,0,10,NONE,
2026-02-11T19:23:29.539069,241726,1,2406,0,0,10,NONE,
2026-02-11T19:23:29.638717,241826,1,2407,0,0,10,NONE,
2026-02-11T19:23:29.737874,241926,1,2408,0,0,10,NONE,
2026-02-11T19:23:29.836556,242026,1,2409,0,0,10,NONE,
2026-02-11T19:23:29.936364,242126,1,2410,0,0,10,NONE,
2026-02-11T19:23:30.035949,242226,1,2411,0,0,10,NONE,
2026-02-11T19:23:30.134391,242326,1,2412,-67,7,10,UL,
2026-02-11T19:23:30.234267,242426,1,2413,0,0,10,NONE,
2026-02-11T19:23:30.334785,242526,1,2414,0,0,10,NONE,
2026-02-11T19:23:30.433130,242626,1,2415,0,0,10,NONE,
2026-02-11T19:23:30.532394,242726,1,2416,0,0,10,NONE,
2026-02-11T19:23:30.631128,242826,1,2417,0,0,10,NONE,
2026-02-11T19:23:30.731430,242926,1,2418,0,0,10,NONE,
2026-02-11T19:23:30.829907,243026,1,2419,0,0,10,NONE,
2026-02-11T19:23:30.929844,243126,1,2420,0,0,10,NONE,
2026-02-11T19:23:31.028814,243226,1,2421,0,0,10,NONE,
2026-02-11T19:23:31.127763,243326,1,2422,-67,6,10,UL,
2026-02-11T19:23:31.227423,243426,1,2423,0,0,10,NONE,
2026-02-11T19:23:31.326857,243526,1,2424,0,0,10,NONE,
2026-02-11T19:23:31.426195,243626,1,2425,0,0,10,NONE,
2026-02-11T19:23:31.525376,243726,1,2426,0,0,10,NONE,
2026-02-11T19:23:31.624897,243826,1,2427,0,0,10,NONE,
2026-02-11T19:23:31.724502,243926,1,2428,0,0,10,NONE,
2026-02-11T19:23:31.824192,244026,1,2429,0,0,10,NONE,
2026-02-11T19:23:31.922621,244126,1,2430,0,0,10,NONE,
2026-02-11T19:23:32.022515,244226,1,2431,-67,6,11,UL,
2026-02-11T19:23:32.121225,244326,1,2432,0,0,10,NONE,
2026-02-11T19:23:32.220599,244426,1,2433,0,0,10,NONE,
2026-02-11T19:23:32.320247,244526,1,2434,0,0,10,NONE,
2026-02-11T19:23:32.419181,244626,1,2435,0,0,10,NONE,
2026-02-11T19:23:32.519084,244726,1,2436,0,0,10,NONE,
2026-02-11T19:23:32.617800,244826,1,2437,0,0,10,NONE,
2026-02-11T19:23:32.717842,244926,1,2438,0,0,10,NONE,
2026-02-11T19:23:32.816902,245026,1,2439,0,0,10,NONE,
2026-02-11T19:23:32.916213,245126,1,2440,0,0,10,NONE,
2026-02-11T19:23:33.015569,245226,1,2441,-67,6,11,UL,
2026-02-11T19:23:33.114859,245326,1,2442,0,0,10,NONE,
2026-02-11T19:23:33.214204,245426,1,2443,0,0,10,NONE,
2026-02-11T19:23:33.313448,245526,1,2444,0,0,10,NONE,
2026-02-11T19:23:33.412426,245626,1,2445,0,0,10,NONE,
2026-02-11T19:23:33.512129,245726,1,2446,0,0,10,NONE,
2026-02-11T19:23:33.611067,245826,1,2447,0,0,10,NONE,
2026-02-11T19:23:33.710401,245926,1,2448,0,0,10,NONE,
2026-02-11T19:23:33.810185,246026,1,2449,0,0,10,NONE,
2026-02-11T19:23:33.909379,246126,1,2450,0,0,10,NONE,
2026-02-11T19:23:34.008336,246226,1,2451,-67,6,11,UL,
2026-02-11T19:23:34.108106,246326,1,2452,0,0,10,NONE,
2026-02-11T19:23:34.207088,246426,1,2453,0,0,10,NONE,
2026-02-11T19:23:34.306900,246526,1,2454,0,0,10,NONE,
2026-02-11T19:23:34.405860,246626,1,2455,0,0,10,NONE,
2026-02-11T19:23:34.505085,246726,1,2456,0,0,10,NONE,
2026-02-11T19:23:34.604744,246826,1,2457,0,0,10,NONE,
2026-02-11T19:23:34.704191,246926,1,2458,0,0,10,NONE,
2026-02-11T19:23:34.803715,247026,1,2459,0,0,10,NONE,
2026-02-11T19:23:34.902619,247126,1,2460,0,0,10,NONE,
2026-02-11T19:23:35.001988,247226,1,2461,-70,6,11,UL,
2026-02-11T19:23:35.101020,247326,1,2462,0,0,10,NONE,
2026-02-11T19:23:35.200357,247426,1,2463,0,0,10,NONE,
2026-02-11T19:23:35.300103,247526,1,2464,0,0,10,NONE,
2026-02-11T19:23:35.399051,247626,1,2465,0,0,10,NONE,
2026-02-11T19:23:35.498552,247726,1,2466,0,0,10,NONE,
2026-02-11T19:23:35.597496,247826,1,2467,0,0,10,NONE,
2026-02-11T19:23:35.697044,247926,1,2468,0,0,10,NONE,
2026-02-11T19:23:35.796976,248026,1,2469,0,0,10,NONE,
2026-02-11T19:23:35.895844,248126,1,2470,0,0,10,NONE,
2026-02-11T19:23:35.995871,248226,1,2471,-67,6,11,UL,
2026-02-11T19:23:36.099384,248326,1,2472,0,0,10,NONE,
2026-02-11T19:23:36.193957,248426,1,2473,0,0,10,NONE,
2026-02-11T19:23:36.293778,248526,1,2474,0,0,10,NONE,
2026-02-11T19:23:36.392774,248626,1,2475,0,0,10,NONE,
2026-02-11T19:23:36.493653,248726,1,2476,0,0,10,NONE,
2026-02-11T19:23:36.591989,248826,1,2477,0,0,10,NONE,
2026-02-11T19:23:36.692305,248926,1,2478,0,0,10,NONE,
2026-02-11T19:23:36.789740,249026,1,2479,0,0,10,NONE,
2026-02-11T19:23:36.889153,249126,1,2480,0,0,10,NONE,
2026-02-11T19:23:36.988331,249226,1,2481,-67,6,11,UL,
2026-02-11T19:23:37.088114,249326,1,2482,0,0,10,NONE,
2026-02-11T19:23:37.186879,249426,1,2483,0,0,10,NONE,
2026-02-11T19:23:37.286832,249526,1,2484,0,0,10,NONE,
2026-02-11T19:23:37.385860,249626,1,2485,0,0,10,NONE,
2026-02-11T19:23:37.485165,249726,1,2486,0,0,10,NONE,
2026-02-11T19:23:37.584482,249826,1,2487,0,0,10,NONE,
2026-02-11T19:23:37.683424,249926,1,2488,0,0,10,NONE,
2026-02-11T19:23:37.783783,250026,1,2489,0,0,10,NONE,
2026-02-11T19:23:37.882423,250126,1,2490,0,0,10,NONE,
2026-02-11T19:23:37.981790,250226,1,2491,-67,7,11,UL,
2026-02-11T19:23:38.081398,250326,1,2492,0,0,10,NONE,
2026-02-11T19:23:38.180386,250426,1,2493,0,0,10,NONE,
2026-02-11T19:23:38.282394,250526,1,2494,0,0,10,NONE,
2026-02-11T19:23:38.378689,250626,1,2495,0,0,10,NONE,
2026-02-11T19:23:38.478127,250726,1,2496,0,0,10,NONE,
2026-02-11T19:23:38.578035,250826,1,2497,0,0,10,NONE,
2026-02-11T19:23:38.677228,250926,1,2498,0,0,10,NONE,
2026-02-11T19:23:38.776184,251026,1,2499,0,0,10,NONE,
2026-02-11T19:23:38.876075,251126,1,2500,0,0,10,NONE,
2026-02-11T19:23:38.975014,251226,1,2501,-67,6,11,UL,
2026-02-11T19:23:39.074467,251326,1,2502,0,0,10,NONE,
2026-02-11T19:23:39.173724,251426,1,2503,0,0,10,NONE,
2026-02-11T19:23:39.272964,251526,1,2504,0,0,10,NONE,
2026-02-11T19:23:39.372337,251626,1,2505,0,0,10,NONE,
2026-02-11T19:23:39.471593,251726,1,2506,0,0,10,NONE,
2026-02-11T19:23:39.571506,251826,1,2507,0,0,10,NONE,
2026-02-11T19:23:39.670322,251926,1,2508,0,0,10,NONE,
2026-02-11T19:23:39.769431,252026,1,2509,0,0,10,NONE,
2026-02-11T19:23:39.869020,252126,1,2510,0,0,10,NONE,
2026-02-11T19:23:39.968314,252226,1,2511,-64,7,11,UL,
2026-02-11T19:23:40.068794,252326,1,2512,0,0,10,NONE,
2026-02-11T19:23:40.167037,252426,1,2513,0,0,10,NONE,
2026-02-11T19:23:40.265921,252526,1,2514,0,0,10,NONE,
2026-02-11T19:23:40.365166,252626,1,2515,0,0,10,NONE,
2026-02-11T19:23:40.464875,252726,1,2516,0,0,10,NONE,
2026-02-11T19:23:40.564330,252826,1,2517,0,0,10,NONE,
2026-02-11T19:23:40.663514,252926,1,2518,0,0,10,NONE,
2026-02-11T19:23:40.763058,253026,1,2519,0,0,10,NONE,
2026-02-11T19:23:40.861993,253126,1,2520,0,0,10,NONE,
2026-02-11T19:23:40.962252,253226,1,2521,-67,6,11,UL,
2026-02-11T19:23:41.060451,253326,1,2522,0,0,10,NONE,
2026-02-11T19:23:41.164755,253426,1,2523,0,0,10,NONE,
2026-02-11T19:23:41.259521,253526,1,2524,0,0,10,NONE,
2026-02-11T19:23:41.358407,253626,1,2525,0,0,10,NONE,
2026-02-11T19:23:41.458136,253726,1,2526,0,0,10,NONE,
2026-02-11T19:23:41.557296,253826,1,2527,0,0,10,NONE,
2026-02-11T19:23:41.656316,253926,1,2528,0,0,10,NONE,
2026-02-11T19:23:41.756121,254026,1,2529,0,0,10,NONE,
2026-02-11T19:23:41.855415,254126,1,2530,0,0,10,NONE,
2026-02-11T19:23:41.954623,254226,1,2531,-67,6,10,UL,
2026-02-11T19:23:42.054238,254326,1,2532,0,0,10,NONE,
2026-02-11T19:23:42.153175,254426,1,2533,0,0,10,NONE,
2026-02-11T19:23:42.252324,254526,1,2534,0,0,10,NONE,
2026-02-11T19:23:42.352304,254626,1,2535,0,0,10,NONE,
2026-02-11T19:23:42.451565,254726,1,2536,0,0,10,NONE,
2026-02-11T19:23:42.550531,254826,1,2537,0,0,10,NONE,
2026-02-11T19:23:42.649504,254926,1,2538,0,0,10,NONE,
2026-02-11T19:23:42.749526,255026,1,2539,0,0,10,NONE,
2026-02-11T19:23:42.849125,255126,1,2540,0,0,10,NONE,
2026-02-11T19:23:42.947600,255226,1,2541,-67,6,10,UL,
2026-02-11T19:23:43.047177,255326,1,2542,0,0,10,NONE,
2026-02-11T19:23:43.146752,255426,1,2543,0,0,10,NONE,
2026-02-11T19:23:43.246180,255526,1,2544,0,0,10,NONE,
2026-02-11T19:23:43.345698,255626,1,2545,0,0,10,NONE,
2026-02-11T19:23:43.444264,255726,1,2546,0,0,10,NONE,
2026-02-11T19:23:43.543945,255826,1,2547,0,0,10,NONE,
2026-02-11T19:23:43.642961,255926,1,2548,0,0,10,NONE,
2026-02-11T19:23:43.742851,256026,1,2549,0,0,10,NONE,
2026-02-11T19:23:43.842249,256126,1,2550,0,0,10,NONE,
2026-02-11T19:23:43.941614,256226,1,2551,-67,6,10,UL,
2026-02-11T19:23:44.040855,256326,1,2552,0,0,10,NONE,
2026-02-11T19:23:44.140546,256426,1,2553,0,0,10,NONE,
2026-02-11T19:23:44.238724,256526,1,2554,0,0,10,NONE,
2026-02-11T19:23:44.338764,256626,1,2555,0,0,10,NONE,
2026-02-11T19:23:44.438237,256726,1,2556,0,0,10,NONE,
2026-02-11T19:23:44.536822,256826,1,2557,0,0,10,NONE,
2026-02-11T19:23:44.636770,256926,1,2558,0,0,10,NONE,
2026-02-11T19:23:44.736264,257026,1,2559,0,0,10,NONE,
2026-02-11T19:23:44.835319,257126,1,2560,0,0,10,NONE,
2026-02-11T19:23:44.934478,257226,1,2561,-67,6,10,UL,
2026-02-11T19:23:45.033870,257326,1,2562,0,0,10,NONE,
2026-02-11T19:23:45.132805,257426,1,2563,0,0,10,NONE,
2026-02-11T19:23:45.232187,257526,1,2564,0,0,10,NONE,
2026-02-11T19:23:45.331882,257626,1,2565,0,0,10,NONE,
2026-02-11T19:23:45.431218,257726,1,2566,0,0,10,NONE,
2026-02-11T19:23:45.530180,257826,1,2567,0,0,10,NONE,
2026-02-11T19:23:45.629411,257926,1,2568,0,0,10,NONE,
2026-02-11T19:23:45.729499,258026,1,2569,0,0,10,NONE,
2026-02-11T19:23:45.828423,258126,1,2570,0,0,10,NONE,
2026-02-11T19:23:45.932580,258226,1,2571,-67,6,10,UL,
2026-02-11T19:23:46.027515,258326,1,2572,0,0,10,NONE,
2026-02-11T19:23:46.126105,258426,1,2573,0,0,10,NONE,
2026-02-11T19:23:46.230306,258526,1,2574,0,0,10,NONE,
2026-02-11T19:23:46.326615,258626,1,2575,0,0,10,NONE,
2026-02-11T19:23:46.424687,258726,1,2576,0,0,10,NONE,
2026-02-11T19:23:46.523286,258826,1,2577,0,0,10,NONE,
2026-02-11T19:23:46.623328,258926,1,2578,0,0,10,NONE,
2026-02-11T19:23:46.722072,259026,1,2579,0,0,10,NONE,
2026-02-11T19:23:46.821453,259126,1,2580,0,0,10,NONE,
2026-02-11T19:23:46.921054,259226,1,2581,-72,5,10,UL,
2026-02-11T19:23:47.020547,259326,1,2582,0,0,10,NONE,
2026-02-11T19:23:47.119584,259426,1,2583,0,0,10,NONE,
2026-02-11T19:23:47.219316,259526,1,2584,0,0,10,NONE,
2026-02-11T19:23:47.318580,259626,1,2585,0,0,10,NONE,
2026-02-11T19:23:47.417203,259726,1,2586,0,0,10,NONE,
2026-02-11T19:23:47.517392,259826,1,2587,0,0,10,NONE,
2026-02-11T19:23:47.616607,259926,1,2588,0,0,10,NONE,
2026-02-11T19:23:47.717697,260026,1,2589,0,0,10,NONE,
2026-02-11T19:23:47.815356,260126,1,2590,0,0,10,NONE,
2026-02-11T19:23:47.916192,260226,1,2591,-67,6,10,UL,
2026-02-11T19:23:48.013926,260326,1,2592,0,0,10,NONE,
2026-02-11T19:23:48.113143,260426,1,2593,0,0,10,NONE,
2026-02-11T19:23:48.212920,260526,1,2594,0,0,10,NONE,
2026-02-11T19:23:48.311587,260626,1,2595,0,0,10,NONE,
2026-02-11T19:23:48.410940,260726,1,2596,0,0,10,NONE,
2026-02-11T19:23:48.510371,260826,1,2597,0,0,10,NONE,
2026-02-11T19:23:48.609600,260926,1,2598,0,0,10,NONE,
2026-02-11T19:23:48.708596,261026,1,2599,0,0,10,NONE,
2026-02-11T19:23:48.808407,261126,1,2600,0,0,10,NONE,
2026-02-11T19:23:48.907573,261226,1,2601,-67,7,10,UL,
2026-02-11T19:23:49.006682,261326,1,2602,0,0,10,NONE,
2026-02-11T19:23:49.106343,261426,1,2603,0,0,10,NONE,
2026-02-11T19:23:49.205498,261526,1,2604,0,0,10,NONE,
2026-02-11T19:23:49.304737,261626,1,2605,0,0,10,NONE,
2026-02-11T19:23:49.404038,261726,1,2606,0,0,10,NONE,
2026-02-11T19:23:49.503624,261826,1,2607,0,0,10,NONE,
2026-02-11T19:23:49.602789,261926,1,2608,0,0,10,NONE,
2026-02-11T19:23:49.701900,262026,1,2609,0,0,10,NONE,
2026-02-11T19:23:49.801463,262126,1,2610,0,0,10,NONE,
2026-02-11T19:23:49.900780,262226,1,2611,-67,6,10,UL,
2026-02-11T19:23:50.000423,262326,1,2612,0,0,10,NONE,
2026-02-11T19:23:50.099790,262426,1,2613,0,0,10,NONE,
2026-02-11T19:23:50.198600,262526,1,2614,0,0,10,NONE,
2026-02-11T19:23:50.297726,262626,1,2615,0,0,10,NONE,
2026-02-11T19:23:50.397807,262726,1,2616,0,0,10,NONE,
2026-02-11T19:23:50.496808,262826,1,2617,0,0,10,NONE,
2026-02-11T19:23:50.595784,262926,1,2618,0,0,10,NONE,
2026-02-11T19:23:50.695727,263026,1,2619,0,0,10,NONE,
2026-02-11T19:23:50.794621,263126,1,2620,0,0,10,NONE,
2026-02-11T19:23:50.893777,263226,1,2621,-67,6,10,UL,
2026-02-11T19:23:50.993537,263326,1,2622,0,0,10,NONE,
2026-02-11T19:23:51.092265,263426,1,2623,0,0,10,NONE,
2026-02-11T19:23:51.192037,263526,1,2624,0,0,10,NONE,
2026-02-11T19:23:51.291217,263626,1,2625,0,0,10,NONE,
2026-02-11T19:23:51.390868,263726,1,2626,0,0,10,NONE,
2026-02-11T19:23:51.489548,263826,1,2627,0,0,10,NONE,
2026-02-11T19:23:51.589225,263926,1,2628,0,0,10,NONE,
2026-02-11T19:23:51.688869,264026,1,2629,0,0,10,NONE,
2026-02-11T19:23:51.787922,264126,1,2630,0,0,10,NONE,
2026-02-11T19:23:51.887220,264226,1,2631,-67,6,10,UL,
2026-02-11T19:23:51.986611,264326,1,2632,0,0,10,NONE,
2026-02-11T19:23:52.085848,264426,1,2633,0,0,10,NONE,
2026-02-11T19:23:52.184953,264526,1,2634,0,0,10,NONE,
2026-02-11T19:23:52.284896,264626,1,2635,0,0,10,NONE,
2026-02-11T19:23:52.384202,264726,1,2636,0,0,10,NONE,
2026-02-11T19:23:52.482956,264826,1,2637,0,0,10,NONE,
2026-02-11T19:23:52.582012,264926,1,2638,0,0,10,NONE,
2026-02-11T19:23:52.682084,265026,1,2639,0,0,10,NONE,
2026-02-11T19:23:52.780743,265126,1,2640,0,0,10,NONE,
2026-02-11T19:23:52.879982,265226,1,2641,-67,6,10,UL,
2026-02-11T19:23:52.980045,265326,1,2642,0,0,10,NONE,
2026-02-11T19:23:53.078923,265426,1,2643,0,0,10,NONE,
2026-02-11T19:23:53.178630,265526,1,2644,0,0,10,NONE,
2026-02-11T19:23:53.277278,265626,1,2645,0,0,10,NONE,
2026-02-11T19:23:53.377128,265726,1,2646,0,0,10,NONE,
2026-02-11T19:23:53.476185,265826,1,2647,0,0,10,NONE,
2026-02-11T19:23:53.575816,265926,1,2648,0,0,10,NONE,
2026-02-11T19:23:53.675143,266026,1,2649,0,0,10,NONE,
2026-02-11T19:23:53.774358,266126,1,2650,0,0,10,NONE,
2026-02-11T19:23:53.873342,266226,1,2651,-64,7,10,UL,
2026-02-11T19:23:53.973176,266326,1,2652,0,0,10,NONE,
2026-02-11T19:23:54.072140,266426,1,2653,0,0,10,NONE,
2026-02-11T19:23:54.171829,266526,1,2654,0,0,10,NONE,
2026-02-11T19:23:54.271178,266626,1,2655,0,0,10,NONE,
2026-02-11T19:23:54.370428,266726,1,2656,0,0,10,NONE,
2026-02-11T19:23:54.470064,266826,1,2657,0,0,10,NONE,
2026-02-11T19:23:54.569183,266926,1,2658,0,0,10,NONE,
2026-02-11T19:23:54.668789,267026,1,2659,0,0,10,NONE,
2026-02-11T19:23:54.767995,267126,1,2660,0,0,10,NONE,
2026-02-11T19:23:54.866884,267226,1,2661,-67,5,10,UL,
2026-02-11T19:23:54.966507,267326,1,2662,0,0,10,NONE,
2026-02-11T19:23:55.065846,267426,1,2663,0,0,10,NONE,
2026-02-11T19:23:55.165115,267526,1,2664,0,0,10,NONE,
2026-02-11T19:23:55.264025,267626,1,2665,0,0,10,NONE,
2026-02-11T19:23:55.363277,267726,1,2666,0,0,10,NONE,
2026-02-11T19:23:55.462797,267826,1,2667,0,0,10,NONE,
2026-02-11T19:23:55.562691,267926,1,2668,0,0,10,NONE,
2026-02-11T19:23:55.662052,268026,1,2669,0,0,10,NONE,
2026-02-11T19:23:55.761205,268126,1,2670,0,0,10,NONE,
2026-02-11T19:23:55.860397,268226,1,2671,-72,5,10,UL,
2026-02-11T19:23:55.959417,268326,1,2672,0,0,10,NONE,
2026-02-11T19:23:56.059578,268426,1,2673,0,0,10,NONE,
2026-02-11T19:23:56.158399,268526,1,2674,0,0,10,NONE,
2026-02-11T19:23:56.257778,268626,1,2675,0,0,10,NONE,
2026-02-11T19:23:56.356766,268726,1,2676,0,0,10,NONE,
2026-02-11T19:23:56.456528,268826,1,2677,0,0,10,NONE,
2026-02-11T19:23:56.556139,268926,1,2678,0,0,10,NONE,
2026-02-11T19:23:56.657179,269026,1,2679,0,0,10,NONE,
2026-02-11T19:23:56.754556,269126,1,2680,0,0,10,NONE,
2026-02-11T19:23:56.854117,269226,1,2681,-69,6,10,UL,
2026-02-11T19:23:56.953512,269326,1,2682,0,0,10,NONE,
2026-02-11T19:23:57.052574,269426,1,2683,0,0,10,NONE,
2026-02-11T19:23:57.154989,269526,1,2684,0,0,10,NONE,
2026-02-11T19:23:57.250854,269626,1,2685,0,0,10,NONE,
2026-02-11T19:23:57.350094,269726,1,2686,0,0,10,NONE,
2026-02-11T19:23:57.450197,269826,1,2687,0,0,10,NONE,
2026-02-11T19:23:57.548953,269926,1,2688,0,0,10,NONE,
2026-02-11T19:23:57.648076,270026,1,2689,0,0,10,NONE,
2026-02-11T19:23:57.747415,270126,1,2690,0,0,10,NONE,
2026-02-11T19:23:57.847171,270226,1,2691,-64,7,10,UL,
2026-02-11T19:23:57.946510,270326,1,2692,0,0,10,NONE,
2026-02-11T19:23:58.046017,270426,1,2693,0,0,10,NONE,
2026-02-11T19:23:58.144557,270526,1,2694,0,0,10,NONE,
2026-02-11T19:23:58.244132,270626,1,2695,0,0,10,NONE,
2026-02-11T19:23:58.344013,270726,1,2696,0,0,10,NONE,
2026-02-11T19:23:58.444085,270826,1,2697,0,0,10,NONE,
2026-02-11T19:23:58.541623,270926,1,2698,0,0,10,NONE,
2026-02-11T19:23:58.641036,271026,1,2699,0,0,10,NONE,
2026-02-11T19:23:58.741129,271126,1,2700,0,0,10,NONE,
2026-02-11T19:23:58.840169,271226,1,2701,-67,6,10,UL,
2026-02-11T19:23:58.941154,271326,1,2702,0,0,10,NONE,
2026-02-11T19:23:59.038982,271426,1,2703,0,0,10,NONE,
2026-02-11T19:23:59.138000,271526,1,2704,0,0,10,NONE,
2026-02-11T19:23:59.237152,271626,1,2705,0,0,10,NONE,
2026-02-11T19:23:59.337474,271726,1,2706,0,0,10,NONE,
2026-02-11T19:23:59.436103,271826,1,2707,0,0,10,NONE,
2026-02-11T19:23:59.535162,271926,1,2708,0,0,10,NONE,
2026-02-11T19:23:59.634841,272026,1,2709,0,0,10,NONE,
2026-02-11T19:23:59.734197,272126,1,2710,0,0,10,NONE,
2026-02-11T19:23:59.833158,272226,1,2711,-64,6,10,UL,
2026-02-11T19:23:59.932315,272326,1,2712,0,0,10,NONE,
2026-02-11T19:24:00.032067,272426,1,2713,0,0,10,NONE,
2026-02-11T19:24:00.131328,272526,1,2714,0,0,10,NONE,
2026-02-11T19:24:00.230341,272626,1,2715,0,0,10,NONE,
2026-02-11T19:24:00.330189,272726,1,2716,0,0,10,NONE,
2026-02-11T19:24:00.429410,272826,1,2717,0,0,10,NONE,
2026-02-11T19:24:00.528305,272926,1,2718,0,0,10,NONE,
2026-02-11T19:24:00.628323,273026,1,2719,0,0,10,NONE,
2026-02-11T19:24:00.726964,273126,1,2720,0,0,10,NONE,
2026-02-11T19:24:00.826570,273226,1,2721,-67,7,10,UL,
2026-02-11T19:24:00.925781,273326,1,2722,0,0,10,NONE,
2026-02-11T19:24:01.025474,273426,1,2723,0,0,10,NONE,
2026-02-11T19:24:01.124322,273526,1,2724,0,0,10,NONE,
2026-02-11T19:24:01.224169,273626,1,2725,0,0,10,NONE,
2026-02-11T19:24:01.323306,273726,1,2726,0,0,10,NONE,
2026-02-11T19:24:01.422220,273826,1,2727,0,0,10,NONE,
2026-02-11T19:24:01.521515,273926,1,2728,0,0,10,NONE,
2026-02-11T19:24:01.621393,274026,1,2729,0,0,10,NONE,
2026-02-11T19:24:01.720206,274126,1,2730,0,0,10,NONE,
2026-02-11T19:24:01.820180,274226,1,2731,-67,6,10,UL,
2026-02-11T19:24:01.919246,274326,1,2732,0,0,10,NONE,
2026-02-11T19:24:02.018531,274426,1,2733,0,0,10,NONE,
2026-02-11T19:24:02.117450,274526,1,2734,0,0,10,NONE,
2026-02-11T19:24:02.217310,274626,1,2735,0,0,10,NONE,
2026-02-11T19:24:02.316960,274726,1,2736,0,0,10,NONE,
2026-02-11T19:24:02.416129,274826,1,2737,0,0,10,NONE,
2026-02-11T19:24:02.517173,274926,1,2738,0,0,10,NONE,
2026-02-11T19:24:02.614670,275026,1,2739,0,0,10,NONE,
2026-02-11T19:24:02.714250,275126,1,2740,0,0,10,NONE,
2026-02-11T19:24:02.813193,275226,1,2741,-69,5,10,UL,
2026-02-11T19:24:02.912478,275326,1,2742,0,0,10,NONE,
2026-02-11T19:24:03.011481,275426,1,2743,0,0,10,NONE,
2026-02-11T19:24:03.111186,275526,1,2744,0,0,10,NONE,
2026-02-11T19:24:03.210460,275626,1,2745,0,0,10,NONE,
2026-02-11T19:24:03.309445,275726,1,2746,0,0,10,NONE,
2026-02-11T19:24:03.409184,275826,1,2747,0,0,10,NONE,
2026-02-11T19:24:03.508430,275926,1,2748,0,0,10,NONE,
2026-02-11T19:24:03.607814,276026,1,2749,0,0,10,NONE,
2026-02-11T19:24:03.707281,276126,1,2750,0,0,10,NONE,
2026-02-11T19:24:03.806411,276226,1,2751,-67,7,10,UL,
2026-02-11T19:24:03.905830,276326,1,2752,0,0,10,NONE,
2026-02-11T19:24:04.004670,276426,1,2753,0,0,10,NONE,
2026-02-11T19:24:04.104481,276526,1,2754,0,0,10,NONE,
2026-02-11T19:24:04.203822,276626,1,2755,0,0,10,NONE,
2026-02-11T19:24:04.302781,276726,1,2756,0,0,10,NONE,
2026-02-11T19:24:04.402451,276826,1,2757,0,0,10,NONE,
2026-02-11T19:24:04.501972,276926,1,2758,0,0,10,NONE,
2026-02-11T19:24:04.600838,277026,1,2759,0,0,10,NONE,
2026-02-11T19:24:04.700500,277126,1,2760,0,0,10,NONE,
2026-02-11T19:24:04.799849,277226,1,2761,-67,8,10,UL,
2026-02-11T19:24:04.898841,277326,1,2762,0,0,10,NONE,
2026-02-11T19:24:04.998021,277426,1,2763,0,0,10,NONE,
2026-02-11T19:24:05.097421,277526,1,2764,0,0,10,NONE,
2026-02-11T19:24:05.197380,277626,1,2765,0,0,10,NONE,
2026-02-11T19:24:05.296874,277726,1,2766,0,0,10,NONE,
2026-02-11T19:24:05.395822,277826,1,2767,0,0,10,NONE,
2026-02-11T19:24:05.495405,277926,1,2768,0,0,10,NONE,
2026-02-11T19:24:05.594393,278026,1,2769,0,0,10,NONE,
2026-02-11T19:24:05.693871,278126,1,2770,0,0,10,NONE,
2026-02-11T19:24:05.792777,278226,1,2771,0,0,9,NONE,
2026-02-11T19:24:05.897551,278326,1,2772,0,0,9,NONE,
2026-02-11T19:24:05.991871,278426,1,2773,0,0,9,NONE,
2026-02-11T19:24:06.090838,278526,1,2774,0,0,9,NONE,
2026-02-11T19:24:06.190024,278626,1,2775,0,0,9,NONE,
2026-02-11T19:24:06.289820,278726,1,2776,0,0,9,NONE,
2026-02-11T19:24:06.388848,278826,1,2777,0,0,9,NONE,
2026-02-11T19:24:06.488158,278926,1,2778,0,0,9,NONE,
2026-02-11T19:24:06.587771,279026,1,2779,0,0,9,NONE,
2026-02-11T19:24:06.687001,279126,1,2780,0,0,9,NONE,
2026-02-11T19:24:06.785855,279226,1,2781,-73,9,9,UL,
2026-02-11T19:24:06.885471,279326,1,2782,0,0,9,NONE,
2026-02-11T19:24:06.984628,279426,1,2783,0,0,9,NONE,
2026-02-11T19:24:07.084781,279526,1,2784,0,0,9,NONE,
2026-02-11T19:24:07.183343,279626,1,2785,0,0,9,NONE,
