received_at,timestamp_ms,sync_state,frame_num,rssi,snr,lq,msg_type,payload_hex
2026-02-15T14:40:15.708759,14296,1,1100,0,0,53,NONE,
2026-02-15T14:40:15.807518,14396,1,1101,0,0,53,NONE,
2026-02-15T14:40:15.907238,14496,1,1102,0,0,52,NONE,
2026-02-15T14:40:16.005946,14596,1,1103,0,0,51,NONE,
2026-02-15T14:40:16.105065,14696,1,1104,0,0,50,NONE,
2026-02-15T14:40:16.204290,14796,1,1105,0,0,49,NONE,
2026-02-15T14:40:16.303432,14896,1,1106,0,0,48,NONE,
2026-02-15T14:40:16.403706,14996,1,1107,0,0,47,NONE,
2026-02-15T14:40:16.703249,15298,1,1110,-71,10,47,DL,
2026-02-15T14:40:16.801673,15398,1,1111,-70,12,48,DL,
2026-02-15T14:40:16.907105,15498,1,1112,-71,12,49,DL,
2026-02-15T14:40:17.001442,15599,1,1113,-71,12,49,DL,
2026-02-15T14:40:17.100535,15699,1,1114,0,0,49,NONE,
2026-02-15T14:40:17.199801,15799,1,1115,-73,13,49,DL,
2026-02-15T14:40:17.299445,15899,1,1116,-74,11,49,DL,
2026-02-15T14:40:17.398813,15999,1,1117,-71,12,50,DL,
2026-02-15T14:40:17.498429,16099,1,1118,-74,11,50,DL,
2026-02-15T14:40:17.597555,16200,1,1119,-70,12,50,DL,
2026-02-15T14:40:17.696300,16300,1,1120,0,0,50,NONE,
2026-02-15T14:40:17.796471,16400,1,1121,-74,10,51,DL,
2026-02-15T14:40:17.895687,16500,1,1122,-70,13,51,DL,
2026-02-15T14:40:17.995059,16600,1,1123,-70,12,51,DL,
2026-02-15T14:40:18.094445,16700,1,1124,0,0,51,NONE,
2026-02-15T14:40:18.193110,16801,1,1125,-72,12,52,DL,
2026-02-15T14:40:18.293598,16901,1,1126,-74,12,52,DL,
2026-02-15T14:40:18.392463,17001,1,1127,-72,12,53,DL,
2026-02-15T14:40:18.491650,17101,1,1128,0,0,53,NONE,
2026-02-15T14:40:18.591283,17201,1,1129,-71,13,54,DL,
2026-02-15T14:40:18.693720,17301,1,1130,-72,12,55,DL,
2026-02-15T14:40:18.789901,17402,1,1131,-72,13,56,DL,
2026-02-15T14:40:18.889483,17502,1,1132,-72,12,57,DL,
2026-02-15T14:40:18.988424,17602,1,1133,-72,12,58,DL,
2026-02-15T14:40:19.087683,17702,1,1134,0,0,57,NONE,
2026-02-15T14:40:19.187462,17802,1,1135,-71,12,58,DL,
2026-02-15T14:40:19.286505,17902,1,1136,0,0,58,NONE,
2026-02-15T14:40:19.385323,18002,1,1137,0,0,57,NONE,
2026-02-15T14:40:19.485470,18103,1,1138,-72,13,57,DL,
2026-02-15T14:40:19.585231,18203,1,1139,-73,12,57,DL,
2026-02-15T14:40:19.684331,18303,1,1140,-74,12,58,DL,
2026-02-15T14:40:19.783266,18403,1,1141,-75,13,59,DL,
2026-02-15T14:40:19.882564,18503,1,1142,0,0,58,NONE,
2026-02-15T14:40:19.981591,18604,1,1143,-74,12,58,DL,
2026-02-15T14:40:20.081508,18704,1,1144,-73,12,58,DL,
2026-02-15T14:40:20.180705,18804,1,1145,0,0,57,NONE,
2026-02-15T14:40:20.280523,18904,1,1146,-72,12,57,DL,
2026-02-15T14:40:20.379738,19004,1,1147,-74,12,58,DL,
2026-02-15T14:40:20.479195,19104,1,1148,-72,12,58,DL,
2026-02-15T14:40:20.578331,19204,1,1149,0,0,57,NONE,
2026-02-15T14:40:20.677543,19304,1,1150,0,0,56,NONE,
2026-02-15T14:40:20.776531,19404,1,1151,0,0,55,NONE,
2026-02-15T14:40:20.876805,19505,1,1152,-73,12,55,DL,
2026-02-15T14:40:20.975771,19605,1,1153,-73,12,56,DL,
2026-02-15T14:40:21.075306,19705,1,1154,-73,12,57,DL,
2026-02-15T14:40:21.174556,19805,1,1155,0,0,56,NONE,
2026-02-15T14:40:21.274130,19906,1,1156,-73,12,57,DL,
2026-02-15T14:40:21.373332,20006,1,1157,0,0,56,NONE,
2026-02-15T14:40:21.472364,20106,1,1158,0,0,55,NONE,
2026-02-15T14:40:21.571563,20206,1,1159,0,0,54,NONE,
2026-02-15T14:40:21.670636,20306,1,1160,0,0,53,NONE,
2026-02-15T14:40:21.768890,20406,1,1161,0,0,52,NONE,
2026-02-15T14:40:21.868957,20507,1,1162,-73,12,52,DL,
2026-02-15T14:40:21.969593,20607,1,1163,-73,12,53,DL,
2026-02-15T14:40:22.067704,20707,1,1164,0,0,53,NONE,
2026-02-15T14:40:22.167545,20807,1,1165,0,0,52,NONE,
2026-02-15T14:40:22.266151,20907,1,1166,0,0,51,NONE,
2026-02-15T14:40:22.366603,21008,1,1167,-74,12,51,DL,
2026-02-15T14:40:22.465866,21108,1,1168,0,0,51,NONE,
2026-02-15T14:40:22.565760,21208,1,1169,-74,12,52,DL,
2026-02-15T14:40:22.664653,21308,1,1170,-72,13,52,DL,
2026-02-15T14:40:22.764346,21408,1,1171,-70,13,53,DL,
2026-02-15T14:40:22.863638,21509,1,1172,-71,13,54,DL,
2026-02-15T14:40:22.962952,21609,1,1173,-74,11,55,DL,
2026-02-15T14:40:23.062300,21709,1,1174,-72,12,55,DL,
2026-02-15T14:40:23.161538,21809,1,1175,-73,13,56,DL,
2026-02-15T14:40:23.261043,21909,1,1176,-73,12,57,DL,
2026-02-15T14:40:23.360656,22009,1,1177,-75,12,57,DL,
2026-02-15T14:40:23.459626,22109,1,1178,0,0,56,NONE,
2026-02-15T14:40:23.558084,22210,1,1179,-76,12,56,DL,
2026-02-15T14:40:23.658385,22310,1,1180,0,0,56,NONE,
2026-02-15T14:40:23.756936,22410,1,1181,-81,12,57,DL,
2026-02-15T14:40:23.857168,22510,1,1182,-79,13,57,DL,
2026-02-15T14:40:23.956651,22610,1,1183,-81,12,58,DL,
2026-02-15T14:40:24.055453,22711,1,1184,-82,12,58,DL,
2026-02-15T14:40:24.155433,22811,1,1185,-81,11,58,DL,
2026-02-15T14:40:24.254790,22911,1,1186,-78,12,58,DL,
2026-02-15T14:40:24.353970,23011,1,1187,-76,13,59,DL,
2026-02-15T14:40:24.453498,23111,1,1188,-73,12,60,DL,
2026-02-15T14:40:24.552694,23212,1,1189,-75,12,61,DL,
2026-02-15T14:40:24.652357,23312,1,1190,-72,12,61,DL,
2026-02-15T14:40:24.751504,23412,1,1191,-70,12,62,DL,
2026-02-15T14:40:24.850709,23512,1,1192,-68,12,62,DL,
2026-02-15T14:40:24.950125,23612,1,1193,-67,12,62,DL,
2026-02-15T14:40:25.049010,23712,1,1194,-67,12,63,DL,
2026-02-15T14:40:25.148796,23813,1,1195,-68,13,64,DL,
2026-02-15T14:40:25.248186,23913,1,1196,-68,11,64,DL,
2026-02-15T14:40:25.346678,24013,1,1197,0,0,64,NONE,
2026-02-15T14:40:25.446710,24113,1,1198,-69,13,65,DL,
2026-02-15T14:40:25.546146,24213,1,1199,-72,12,66,DL,
2026-02-15T14:40:25.645051,24314,1,1200,-82,12,66,DL,
2026-02-15T14:40:25.745006,24414,1,1201,-75,13,67,DL,
2026-02-15T14:40:25.843997,24514,1,1202,-69,12,68,DL,
2026-02-15T14:40:25.943758,24614,1,1203,0,0,68,NONE,
2026-02-15T14:40:26.042765,24714,1,1204,0,0,68,NONE,
2026-02-15T14:40:26.142521,24814,1,1205,-74,11,69,DL,
2026-02-15T14:40:26.241738,24915,1,1206,-75,12,70,DL,
2026-02-15T14:40:26.341125,25015,1,1207,-68,13,71,DL,
2026-02-15T14:40:26.440581,25115,1,1208,-70,12,72,DL,
2026-02-15T14:40:26.540183,25215,1,1209,-72,13,73,DL,
2026-02-15T14:40:26.639178,25315,1,1210,-80,12,73,DL,
2026-02-15T14:40:26.738614,25415,1,1211,-77,13,73,DL,
2026-02-15T14:40:26.837914,25516,1,1212,-75,13,73,DL,
2026-02-15T14:40:26.936356,25616,1,1213,-70,12,73,DL,
2026-02-15T14:40:27.036240,25716,1,1214,0,0,73,NONE,
2026-02-15T14:40:27.135722,25816,1,1215,-71,11,73,DL,
2026-02-15T14:40:27.234966,25916,1,1216,0,0,72,NONE,
2026-02-15T14:40:27.334674,26017,1,1217,-78,13,72,DL,
2026-02-15T14:40:27.434077,26117,1,1218,-77,12,72,DL,
2026-02-15T14:40:27.533233,26217,1,1219,0,0,71,NONE,
2026-02-15T14:40:27.632322,26317,1,1220,-72,12,72,DL,
2026-02-15T14:40:27.732136,26417,1,1221,-71,12,72,DL,
2026-02-15T14:40:27.831618,26517,1,1222,-72,11,72,DL,
2026-02-15T14:40:27.930882,26618,1,1223,-75,12,72,DL,
2026-02-15T14:40:28.030319,26718,1,1224,-75,13,73,DL,
2026-02-15T14:40:28.131594,26818,1,1225,-75,13,73,DL,
2026-02-15T14:40:28.228949,26918,1,1226,-74,12,73,DL,
2026-02-15T14:40:28.328066,27018,1,1227,-74,13,73,DL,
2026-02-15T14:40:28.427079,27119,1,1228,-75,13,74,DL,
2026-02-15T14:40:28.527102,27219,1,1229,-74,13,74,DL,
2026-02-15T14:40:28.626617,27319,1,1230,-75,12,74,DL,
2026-02-15T14:40:28.725880,27419,1,1231,-76,12,74,DL,
2026-02-15T14:40:28.824810,27519,1,1232,-77,12,74,DL,
2026-02-15T14:40:28.923429,27619,1,1233,-76,13,74,DL,
2026-02-15T14:40:29.023899,27720,1,1234,-76,12,75,DL,
2026-02-15T14:40:29.123094,27820,1,1235,0,0,74,NONE,
2026-02-15T14:40:29.222488,27920,1,1236,-75,12,75,DL,
2026-02-15T14:40:29.321914,28020,1,1237,-75,12,76,DL,
2026-02-15T14:40:29.420466,28120,1,1238,-75,12,76,DL,
2026-02-15T14:40:29.520387,28220,1,1239,0,0,75,NONE,
2026-02-15T14:40:29.619923,28321,1,1240,-74,13,75,DL,
2026-02-15T14:40:29.719308,28421,1,1241,-73,12,75,DL,
2026-02-15T14:40:29.818668,28521,1,1242,-74,11,76,DL,
2026-02-15T14:40:29.918351,28621,1,1243,0,0,75,NONE,
2026-02-15T14:40:30.016993,28721,1,1244,0,0,74,NONE,
2026-02-15T14:40:30.116942,28822,1,1245,-71,13,75,DL,
2026-02-15T14:40:30.216073,28922,1,1246,-72,13,75,DL,
2026-02-15T14:40:30.315488,29022,1,1247,-70,10,75,DL,
2026-02-15T14:40:30.414943,29122,1,1248,-69,12,75,DL,
2026-02-15T14:40:30.514202,29222,1,1249,0,0,75,NONE,
2026-02-15T14:40:30.613266,29323,1,1250,-71,12,76,DL,
2026-02-15T14:40:30.712130,29423,1,1251,-70,12,77,DL,
2026-02-15T14:40:30.812553,29523,1,1252,-71,13,77,DL,
2026-02-15T14:40:30.911731,29623,1,1253,-73,10,77,DL,
2026-02-15T14:40:31.011008,29723,1,1254,-71,12,77,DL,
2026-02-15T14:40:31.110418,29823,1,1255,-71,12,78,DL,
2026-02-15T14:40:31.209034,29924,1,1256,-70,12,78,DL,
2026-02-15T14:40:31.309013,30024,1,1257,-70,13,79,DL,
2026-02-15T14:40:31.408334,30124,1,1258,-70,12,80,DL,
2026-02-15T14:40:31.507875,30224,1,1259,-72,12,81,DL,
2026-02-15T14:40:31.607013,30324,1,1260,0,0,81,NONE,
2026-02-15T14:40:31.706411,30425,1,1261,-71,12,82,DL,
2026-02-15T14:40:31.806116,30525,1,1262,-71,12,82,DL,
2026-02-15T14:40:31.905152,30625,1,1263,-72,13,82,DL,
2026-02-15T14:40:32.004762,30725,1,1264,-72,12,83,DL,
2026-02-15T14:40:32.104036,30825,1,1265,-72,12,84,DL,
2026-02-15T14:40:32.203413,30925,1,1266,-73,11,85,DL,
2026-02-15T14:40:32.302391,31025,1,1267,0,0,84,NONE,
2026-02-15T14:40:32.402053,31126,1,1268,-70,12,85,DL,
2026-02-15T14:40:32.501309,31226,1,1269,-70,12,85,DL,
2026-02-15T14:40:32.600370,31326,1,1270,-71,12,85,DL,
2026-02-15T14:40:32.700079,31426,1,1271,-72,13,85,DL,
2026-02-15T14:40:32.799329,31527,1,1272,-73,12,85,DL,
2026-02-15T14:40:32.898088,31627,1,1273,-73,12,85,DL,
2026-02-15T14:40:32.997657,31727,1,1274,-73,12,85,DL,
2026-02-15T14:40:33.097361,31827,1,1275,-73,13,85,DL,
2026-02-15T14:40:33.196890,31927,1,1276,-71,12,85,DL,
2026-02-15T14:40:33.296444,32027,1,1277,-71,11,85,DL,
2026-02-15T14:40:33.395434,32128,1,1278,-73,11,86,DL,
2026-02-15T14:40:33.494079,32228,1,1279,-70,12,86,DL,
2026-02-15T14:40:33.594389,32328,1,1280,-71,13,87,DL,
2026-02-15T14:40:33.693467,32428,1,1281,-71,12,87,DL,
2026-02-15T14:40:33.792587,32528,1,1282,0,0,86,NONE,
2026-02-15T14:40:33.892140,32628,1,1283,-72,12,86,DL,
2026-02-15T14:40:33.991494,32729,1,1284,-72,12,86,DL,
2026-02-15T14:40:34.090294,32829,1,1285,0,0,85,NONE,
2026-02-15T14:40:34.190237,32929,1,1286,-72,12,85,DL,
2026-02-15T14:40:34.289332,33029,1,1287,0,0,84,NONE,
2026-02-15T14:40:34.388506,33129,1,1288,0,0,83,NONE,
2026-02-15T14:40:34.488330,33230,1,1289,-72,12,83,DL,
2026-02-15T14:40:34.586817,33330,1,1290,-73,12,83,DL,
2026-02-15T14:40:34.686928,33430,1,1291,0,0,82,NONE,
2026-02-15T14:40:34.785629,33530,1,1292,-69,12,82,DL,
2026-02-15T14:40:34.885434,33630,1,1293,0,0,81,NONE,
2026-02-15T14:40:34.985153,33730,1,1294,-72,12,81,DL,
2026-02-15T14:40:35.084319,33831,1,1295,-73,13,81,DL,
2026-02-15T14:40:35.183577,33931,1,1296,-73,13,81,DL,
2026-02-15T14:40:35.282421,34031,1,1297,-74,12,82,DL,
2026-02-15T14:40:35.382373,34131,1,1298,-74,12,82,DL,
2026-02-15T14:40:35.480709,34231,1,1299,-74,11,82,DL,
2026-02-15T14:40:35.580849,34332,1,1300,-72,12,82,DL,
2026-02-15T14:40:35.680433,34432,1,1301,-76,12,82,DL,
2026-02-15T14:40:35.779971,34532,1,1302,-74,11,82,DL,
2026-02-15T14:40:35.879290,34632,1,1303,-71,13,83,DL,
2026-02-15T14:40:35.978008,34732,1,1304,-70,13,84,DL,
2026-02-15T14:40:36.078193,34832,1,1305,0,0,83,NONE,
2026-02-15T14:40:36.177237,34933,1,1306,-71,12,83,DL,
2026-02-15T14:40:36.276509,35033,1,1307,-72,12,83,DL,
2026-02-15T14:40:36.376218,35133,1,1308,-74,12,83,DL,
2026-02-15T14:40:36.475390,35233,1,1309,-75,13,83,DL,
2026-02-15T14:40:36.573905,35333,1,1310,-74,12,83,DL,
2026-02-15T14:40:36.674304,35434,1,1311,-74,11,83,DL,
2026-02-15T14:40:36.773326,35534,1,1312,-72,12,83,DL,
2026-02-15T14:40:36.872965,35634,1,1313,-74,12,83,DL,
2026-02-15T14:40:36.972251,35734,1,1314,-74,12,84,DL,
2026-02-15T14:40:37.070698,35834,1,1315,-72,13,84,DL,
2026-02-15T14:40:37.171009,35934,1,1316,-72,12,85,DL,
2026-02-15T14:40:37.270217,36035,1,1317,-74,11,85,DL,
2026-02-15T14:40:37.369500,36135,1,1318,-74,11,85,DL,
2026-02-15T14:40:37.468425,36235,1,1319,-72,13,86,DL,
2026-02-15T14:40:37.572620,36335,1,1320,-71,12,86,DL,
2026-02-15T14:40:37.667525,36435,1,1321,-71,13,86,DL,
2026-02-15T14:40:37.767057,36536,1,1322,-72,12,86,DL,
2026-02-15T14:40:37.866344,36636,1,1323,-72,12,86,DL,
2026-02-15T14:40:37.965143,36736,1,1324,0,0,85,NONE,
2026-02-15T14:40:38.064672,36836,1,1325,-74,11,85,DL,
2026-02-15T14:40:38.164594,36936,1,1326,-71,12,85,DL,
2026-02-15T14:40:38.263669,37037,1,1327,-74,11,85,DL,
2026-02-15T14:40:38.362330,37137,1,1328,0,0,84,NONE,
2026-02-15T14:40:38.461557,37237,1,1329,-74,10,84,DL,
2026-02-15T14:40:38.561684,37337,1,1330,-74,12,84,DL,
2026-02-15T14:40:38.661273,37437,1,1331,-74,11,84,DL,
2026-02-15T14:40:38.760465,37538,1,1332,-73,11,84,DL,
2026-02-15T14:40:38.859112,37638,1,1333,-70,13,84,DL,
2026-02-15T14:40:38.958619,37738,1,1334,-71,11,84,DL,
2026-02-15T14:40:39.058333,37838,1,1335,0,0,84,NONE,
2026-02-15T14:40:39.158100,37938,1,1336,-70,12,84,DL,
2026-02-15T14:40:39.257308,38038,1,1337,0,0,83,NONE,
2026-02-15T14:40:39.357747,38139,1,1338,-71,12,83,DL,
2026-02-15T14:40:39.456306,38239,1,1339,-71,15,84,DL,
2026-02-15T14:40:39.555419,38339,1,1340,-70,12,84,DL,
2026-02-15T14:40:39.654722,38439,1,1341,-71,12,84,DL,
2026-02-15T14:40:39.754500,38540,1,1342,-74,11,84,DL,
2026-02-15T14:40:39.853504,38640,1,1343,-72,14,85,DL,
2026-02-15T14:40:39.953246,38740,1,1344,-72,14,86,DL,
2026-02-15T14:40:40.052429,38840,1,1345,-72,12,86,DL,
2026-02-15T14:40:40.151446,38940,1,1346,-72,12,86,DL,
2026-02-15T14:40:40.251262,39041,1,1347,-72,12,86,DL,
2026-02-15T14:40:40.350775,39141,1,1348,-74,10,86,DL,
2026-02-15T14:40:40.449741,39241,1,1349,0,0,86,NONE,
2026-02-15T14:40:40.549338,39341,1,1350,-74,11,86,DL,
2026-02-15T14:40:40.647870,39441,1,1351,-71,12,86,DL,
2026-02-15T14:40:40.748145,39542,1,1352,-72,12,86,DL,
2026-02-15T14:40:40.846923,39642,1,1353,0,0,85,NONE,
2026-02-15T14:40:40.947276,39742,1,1354,-74,11,85,DL,
2026-02-15T14:40:41.046140,39842,1,1355,-72,12,85,DL,
2026-02-15T14:40:41.145591,39942,1,1356,-71,12,85,DL,
2026-02-15T14:40:41.244561,40043,1,1357,-72,12,85,DL,
2026-02-15T14:40:41.344206,40143,1,1358,-72,12,85,DL,
2026-02-15T14:40:41.443250,40243,1,1359,-72,13,85,DL,
2026-02-15T14:40:41.542291,40343,1,1360,0,0,85,NONE,
2026-02-15T14:40:41.641633,40443,1,1361,0,0,84,NONE,
2026-02-15T14:40:41.741392,40544,1,1362,-72,13,84,DL,
2026-02-15T14:40:41.840762,40644,1,1363,-72,12,84,DL,
2026-02-15T14:40:41.939190,40744,1,1364,-72,12,84,DL,
2026-02-15T14:40:42.039408,40844,1,1365,0,0,83,NONE,
2026-02-15T14:40:42.138866,40944,1,1366,-74,10,83,DL,
2026-02-15T14:40:42.238261,41045,1,1367,-71,12,84,DL,
2026-02-15T14:40:42.336551,41145,1,1368,-73,10,84,DL,
2026-02-15T14:40:42.436655,41245,1,1369,-73,11,84,DL,
2026-02-15T14:40:42.536284,41345,1,1370,-71,12,84,DL,
2026-02-15T14:40:42.635308,41445,1,1371,0,0,83,NONE,
2026-02-15T14:40:42.734509,41545,1,1372,0,0,82,NONE,
2026-02-15T14:40:42.834288,41646,1,1373,-70,12,82,DL,
2026-02-15T14:40:42.933502,41746,1,1374,-73,10,82,DL,
2026-02-15T14:40:43.032908,41846,1,1375,-70,12,82,DL,
2026-02-15T14:40:43.132533,41946,1,1376,-71,13,82,DL,
2026-02-15T14:40:43.231812,42046,1,1377,-71,12,82,DL,
2026-02-15T14:40:43.331463,42147,1,1378,-70,13,82,DL,
2026-02-15T14:40:43.430908,42247,1,1379,-72,12,82,DL,
2026-02-15T14:40:43.529945,42347,1,1380,-72,12,82,DL,
2026-02-15T14:40:43.629488,42447,1,1381,-72,12,82,DL,
2026-02-15T14:40:43.728426,42547,1,1382,-75,13,83,DL,
2026-02-15T14:40:43.827285,42647,1,1383,0,0,82,NONE,
2026-02-15T14:40:43.926766,42747,1,1384,0,0,81,NONE,
2026-02-15T14:40:44.026529,42848,1,1385,-73,12,82,DL,
2026-02-15T14:40:44.125929,42948,1,1386,-73,13,82,DL,
2026-02-15T14:40:44.225014,43048,1,1387,-74,12,83,DL,
2026-02-15T14:40:44.324805,43149,1,1388,-72,12,84,DL,
2026-02-15T14:40:44.424321,43249,1,1389,-72,12,84,DL,
2026-02-15T14:40:44.523478,43349,1,1390,0,0,83,NONE,
2026-02-15T14:40:44.622488,43449,1,1391,-73,10,84,DL,
2026-02-15T14:40:44.722222,43550,1,1392,-73,9,84,DL,
2026-02-15T14:40:44.821687,43650,1,1393,-71,11,85,DL,
2026-02-15T14:40:44.920479,43750,1,1394,-73,9,85,DL,
2026-02-15T14:40:45.020471,43850,1,1395,-73,10,85,DL,
2026-02-15T14:40:45.119767,43950,1,1396,-69,12,85,DL,
2026-02-15T14:40:45.218951,44050,1,1397,0,0,84,NONE,
2026-02-15T14:40:45.318414,44151,1,1398,-71,11,84,DL,
2026-02-15T14:40:45.417913,44251,1,1399,-71,12,84,DL,
2026-02-15T14:40:45.517320,44351,1,1400,-73,9,84,DL,
2026-02-15T14:40:45.616548,44451,1,1401,-73,10,84,DL,
2026-02-15T14:40:45.715867,44552,1,1402,-71,11,84,DL,
2026-02-15T14:40:45.815462,44652,1,1403,-73,9,84,DL,
2026-02-15T14:40:45.914742,44752,1,1404,-71,12,84,DL,
2026-02-15T14:40:46.014083,44852,1,1405,-71,12,85,DL,
2026-02-15T14:40:46.113236,44952,1,1406,-71,11,85,DL,
2026-02-15T14:40:46.212911,45053,1,1407,-73,10,85,DL,
2026-02-15T14:40:46.312090,45153,1,1408,-69,12,85,DL,
2026-02-15T14:40:46.411377,45253,1,1409,-69,13,85,DL,
2026-02-15T14:40:46.510915,45353,1,1410,-71,12,85,DL,
2026-02-15T14:40:46.610641,45454,1,1411,-71,12,85,DL,
2026-02-15T14:40:46.709688,45554,1,1412,-74,11,85,DL,
2026-02-15T14:40:46.808768,45654,1,1413,0,0,84,NONE,
2026-02-15T14:40:46.908587,45754,1,1414,-72,12,84,DL,
2026-02-15T14:40:47.010712,45854,1,1415,-68,12,84,DL,
2026-02-15T14:40:47.107376,45955,1,1416,-68,13,84,DL,
2026-02-15T14:40:47.206784,46055,1,1417,-70,12,84,DL,
2026-02-15T14:40:47.305917,46155,1,1418,-71,13,84,DL,
2026-02-15T14:40:47.404821,46255,1,1419,0,0,83,NONE,
2026-02-15T14:40:47.504769,46355,1,1420,-73,12,83,DL,
2026-02-15T14:40:47.604006,46456,1,1421,-74,12,83,DL,
2026-02-15T14:40:47.703614,46556,1,1422,-74,12,83,DL,
2026-02-15T14:40:47.802537,46656,1,1423,-74,11,83,DL,
2026-02-15T14:40:47.901322,46756,1,1424,-72,13,84,DL,
2026-02-15T14:40:48.001449,46856,1,1425,-71,12,84,DL,
2026-02-15T14:40:48.100871,46957,1,1426,-73,11,84,DL,
2026-02-15T14:40:48.200425,47057,1,1427,-69,12,84,DL,
2026-02-15T14:40:48.298600,47157,1,1428,-71,11,85,DL,
2026-02-15T14:40:48.398973,47257,1,1429,-73,9,85,DL,
2026-02-15T14:40:48.498453,47357,1,1430,-68,11,85,DL,
2026-02-15T14:40:48.597636,47458,1,1431,-68,12,85,DL,
2026-02-15T14:40:48.696679,47558,1,1432,-70,9,85,DL,
2026-02-15T14:40:48.796912,47658,1,1433,-70,9,85,DL,
2026-02-15T14:40:48.895768,47758,1,1434,-66,12,85,DL,
2026-02-15T14:40:48.995142,47858,1,1435,-68,10,86,DL,
2026-02-15T14:40:49.094610,47959,1,1436,-66,13,86,DL,
2026-02-15T14:40:49.193471,48059,1,1437,-70,9,87,DL,
2026-02-15T14:40:49.293471,48159,1,1438,-66,11,87,DL,
2026-02-15T14:40:49.392753,48259,1,1439,-68,10,87,DL,
2026-02-15T14:40:49.491957,48359,1,1440,-68,11,87,DL,
2026-02-15T14:40:49.590432,48459,1,1441,0,0,86,NONE,
2026-02-15T14:40:49.690690,48560,1,1442,-66,13,86,DL,
2026-02-15T14:40:49.790350,48660,1,1443,-73,7,86,DL,
2026-02-15T14:40:49.889453,48760,1,1444,0,0,85,NONE,
2026-02-15T14:40:49.988778,48860,1,1445,-66,12,85,DL,
2026-02-15T14:40:50.087958,48961,1,1446,-73,7,85,DL,
2026-02-15T14:40:50.187165,49061,1,1447,-70,8,85,DL,
2026-02-15T14:40:50.286921,49161,1,1448,-66,12,85,DL,
2026-02-15T14:40:50.386486,49261,1,1449,-70,9,86,DL,
2026-02-15T14:40:50.485680,49362,1,1450,-73,8,86,DL,
2026-02-15T14:40:50.584398,49462,1,1451,-68,10,86,DL,
2026-02-15T14:40:50.684544,49562,1,1452,-68,12,86,DL,
2026-02-15T14:40:50.783767,49662,1,1453,-68,12,87,DL,
2026-02-15T14:40:50.882816,49762,1,1454,-67,12,87,DL,
2026-02-15T14:40:50.983670,49863,1,1455,-70,9,87,DL,
2026-02-15T14:40:51.081876,49963,1,1456,-68,11,87,DL,
2026-02-15T14:40:51.181528,50063,1,1457,-70,9,87,DL,
2026-02-15T14:40:51.280911,50163,1,1458,-68,11,87,DL,
2026-02-15T14:40:51.379682,50263,1,1459,-66,13,87,DL,
2026-02-15T14:40:51.479535,50363,1,1460,-68,12,88,DL,
2026-02-15T14:40:51.578769,50464,1,1461,-71,11,89,DL,
2026-02-15T14:40:51.678090,50564,1,1462,-68,12,89,DL,
2026-02-15T14:40:51.777541,50664,1,1463,-73,7,89,DL,
2026-02-15T14:40:51.876552,50764,1,1464,-68,12,89,DL,
2026-02-15T14:40:51.975877,50864,1,1465,-68,11,90,DL,
2026-02-15T14:40:52.075413,50965,1,1466,-68,11,90,DL,
2026-02-15T14:40:52.174355,51065,1,1467,-68,11,90,DL,
2026-02-15T14:40:52.274196,51165,1,1468,-70,10,90,DL,
2026-02-15T14:40:52.373001,51265,1,1469,-66,13,90,DL,
2026-02-15T14:40:52.472249,51365,1,1470,-70,9,90,DL,
2026-02-15T14:40:52.572284,51466,1,1471,-68,12,91,DL,
2026-02-15T14:40:52.671625,51566,1,1472,-68,11,92,DL,
2026-02-15T14:40:52.770958,51666,1,1473,-70,9,92,DL,
2026-02-15T14:40:52.870228,51766,1,1474,-68,11,92,DL,
2026-02-15T14:40:52.969875,51866,1,1475,-68,11,92,DL,
2026-02-15T14:40:53.069047,51967,1,1476,-68,12,92,DL,
2026-02-15T14:40:53.168591,52067,1,1477,-68,11,92,DL,
2026-02-15T14:40:53.267795,52167,1,1478,-70,9,92,DL,
2026-02-15T14:40:53.367106,52267,1,1479,-68,11,92,DL,
2026-02-15T14:40:53.466614,52367,1,1480,-70,9,92,DL,
2026-02-15T14:40:53.565866,52468,1,1481,-68,11,92,DL,
2026-02-15T14:40:53.664339,52568,1,1482,0,0,91,NONE,
2026-02-15T14:40:53.764667,52668,1,1483,-68,11,92,DL,
2026-02-15T14:40:53.863913,52768,1,1484,-73,8,93,DL,
2026-02-15T14:40:53.963323,52868,1,1485,-70,9,93,DL,
2026-02-15T14:40:54.062680,52969,1,1486,-68,11,93,DL,
2026-02-15T14:40:54.161816,53069,1,1487,-73,8,93,DL,
2026-02-15T14:40:54.261336,53169,1,1488,-73,8,93,DL,
2026-02-15T14:40:54.360392,53269,1,1489,-70,10,93,DL,
2026-02-15T14:40:54.460079,53369,1,1490,-70,10,94,DL,
2026-02-15T14:40:54.559671,53470,1,1491,-66,13,94,DL,
2026-02-15T14:40:54.660857,53570,1,1492,-70,9,94,DL,
2026-02-15T14:40:54.758163,53670,1,1493,-73,8,94,DL,
2026-02-15T14:40:54.857666,53770,1,1494,-71,10,94,DL,
2026-02-15T14:40:54.956938,53871,1,1495,-73,9,94,DL,
2026-02-15T14:40:55.056414,53971,1,1496,-68,12,94,DL,
2026-02-15T14:40:55.155353,54071,1,1497,0,0,94,NONE,
2026-02-15T14:40:55.254950,54171,1,1498,-73,8,94,DL,
2026-02-15T14:40:55.354327,54271,1,1499,-73,8,94,DL,
2026-02-15T14:40:55.453017,54372,1,1500,-68,11,94,DL,
2026-02-15T14:40:55.553072,54472,1,1501,-70,10,94,DL,
2026-02-15T14:40:55.652369,54572,1,1502,-68,11,94,DL,
2026-02-15T14:40:55.751972,54672,1,1503,-68,11,94,DL,
2026-02-15T14:40:55.851254,54772,1,1504,-73,8,94,DL,
2026-02-15T14:40:55.950112,54873,1,1505,-68,11,94,DL,
2026-02-15T14:40:56.050025,54973,1,1506,-68,12,94,DL,
2026-02-15T14:40:56.149177,55073,1,1507,-73,8,94,DL,
2026-02-15T14:40:56.249596,55173,1,1508,-68,11,94,DL,
2026-02-15T14:40:56.348005,55273,1,1509,-68,12,94,DL,
2026-02-15T14:40:56.447339,55373,1,1510,0,0,93,NONE,
2026-02-15T14:40:56.546544,55474,1,1511,-68,12,93,DL,
2026-02-15T14:40:56.646022,55574,1,1512,-73,8,93,DL,
2026-02-15T14:40:56.744894,55674,1,1513,-68,11,94,DL,
2026-02-15T14:40:56.844807,55774,1,1514,-68,12,94,DL,
2026-02-15T14:40:56.943367,55875,1,1515,-66,12,94,DL,
2026-02-15T14:40:57.043388,55975,1,1516,-70,9,94,DL,
2026-02-15T14:40:57.143050,56075,1,1517,-70,9,94,DL,
2026-02-15T14:40:57.241661,56175,1,1518,-70,10,94,DL,
2026-02-15T14:40:57.341257,56276,1,1519,-70,11,95,DL,
2026-02-15T14:40:57.440911,56376,1,1520,-73,8,95,DL,
2026-02-15T14:40:57.540097,56476,1,1521,-73,8,95,DL,
2026-02-15T14:40:57.639381,56576,1,1522,-69,12,95,DL,
2026-02-15T14:40:57.738256,56676,1,1523,-71,13,95,DL,
2026-02-15T14:40:57.838273,56776,1,1524,-70,12,95,DL,
2026-02-15T14:40:57.937804,56877,1,1525,-71,12,95,DL,
2026-02-15T14:40:58.037331,56977,1,1526,-74,11,95,DL,
2026-02-15T14:40:58.136378,57077,1,1527,-74,12,95,DL,
2026-02-15T14:40:58.235494,57177,1,1528,-75,12,95,DL,
2026-02-15T14:40:58.335094,57278,1,1529,-76,12,95,DL,
2026-02-15T14:40:58.434453,57378,1,1530,-78,12,95,DL,
2026-02-15T14:40:58.533895,57478,1,1531,-78,12,95,DL,
2026-02-15T14:40:58.633131,57578,1,1532,-80,13,95,DL,
2026-02-15T14:40:58.732501,57678,1,1533,-81,11,95,DL,
2026-02-15T14:40:58.831374,57779,1,1534,-79,12,95,DL,
2026-02-15T14:40:58.931102,57879,1,1535,-79,12,95,DL,
2026-02-15T14:40:59.030354,57979,1,1536,-78,12,95,DL,
2026-02-15T14:40:59.129956,58079,1,1537,-78,13,95,DL,
2026-02-15T14:40:59.229215,58179,1,1538,-84,11,95,DL,
2026-02-15T14:40:59.328482,58280,1,1539,-79,13,95,DL,
2026-02-15T14:40:59.428069,58380,1,1540,-78,12,95,DL,
2026-02-15T14:40:59.526903,58480,1,1541,-77,12,96,DL,
2026-02-15T14:40:59.626994,58580,1,1542,-76,13,96,DL,
2026-02-15T14:40:59.726116,58680,1,1543,-76,12,96,DL,
2026-02-15T14:40:59.825474,58781,1,1544,-75,13,97,DL,
2026-02-15T14:40:59.924791,58881,1,1545,-75,12,97,DL,
2026-02-15T14:41:00.023542,58981,1,1546,-77,12,97,DL,
2026-02-15T14:41:00.123312,59081,1,1547,0,0,96,NONE,
2026-02-15T14:41:00.223148,59182,1,1548,-75,12,96,DL,
2026-02-15T14:41:00.321349,59282,1,1549,-74,12,96,DL,
2026-02-15T14:41:00.421936,59382,1,1550,-74,12,96,DL,
2026-02-15T14:41:00.521151,59482,1,1551,-72,12,96,DL,
2026-02-15T14:41:00.620167,59582,1,1552,0,0,95,NONE,
2026-02-15T14:41:00.719301,59683,1,1553,-72,12,95,DL,
2026-02-15T14:41:00.819059,59783,1,1554,-74,11,95,DL,
2026-02-15T14:41:00.918309,59883,1,1555,-74,11,95,DL,
2026-02-15T14:41:01.017824,59983,1,1556,-74,12,95,DL,
2026-02-15T14:41:01.117370,60083,1,1557,-75,12,95,DL,
2026-02-15T14:41:01.216539,60184,1,1558,-75,12,95,DL,
2026-02-15T14:41:01.315883,60284,1,1559,-74,11,95,DL,
2026-02-15T14:41:01.415490,60384,1,1560,-74,11,95,DL,
2026-02-15T14:41:01.514601,60484,1,1561,-75,13,95,DL,
2026-02-15T14:41:01.614224,60585,1,1562,-75,13,95,DL,
2026-02-15T14:41:01.713364,60685,1,1563,-75,12,95,DL,
2026-02-15T14:41:01.812191,60785,1,1564,-77,13,95,DL,
2026-02-15T14:41:01.912218,60885,1,1565,-75,12,95,DL,
2026-02-15T14:41:02.011190,60985,1,1566,-75,12,95,DL,
2026-02-15T14:41:02.110756,61086,1,1567,-74,12,95,DL,
2026-02-15T14:41:02.209595,61186,1,1568,-76,13,95,DL,
2026-02-15T14:41:02.314060,61286,1,1569,-75,13,95,DL,
2026-02-15T14:41:02.409049,61386,1,1570,-75,12,95,DL,
2026-02-15T14:41:02.508244,61487,1,1571,-74,11,95,DL,
2026-02-15T14:41:02.607452,61587,1,1572,-74,11,95,DL,
2026-02-15T14:41:02.707279,61687,1,1573,-74,11,95,DL,
2026-02-15T14:41:02.806343,61787,1,1574,-74,11,95,DL,
2026-02-15T14:41:02.906043,61887,1,1575,-72,12,95,DL,
2026-02-15T14:41:03.005264,61988,1,1576,-74,12,95,DL,
2026-02-15T14:41:03.104050,62088,1,1577,-74,13,95,DL,
2026-02-15T14:41:03.204066,62188,1,1578,-74,12,95,DL,
2026-02-15T14:41:03.303513,62288,1,1579,-74,13,95,DL,
2026-02-15T14:41:03.402476,62388,1,1580,-75,12,95,DL,
2026-02-15T14:41:03.502081,62489,1,1581,-76,12,95,DL,
2026-02-15T14:41:03.600514,62589,1,1582,-77,11,96,DL,
2026-02-15T14:41:03.700733,62689,1,1583,-77,11,96,DL,
2026-02-15T14:41:03.800120,62789,1,1584,-76,12,96,DL,
2026-02-15T14:41:03.899386,62890,1,1585,-76,12,96,DL,
2026-02-15T14:41:03.998700,62990,1,1586,-77,12,96,DL,
2026-02-15T14:41:04.099022,63090,1,1587,-77,12,96,DL,
2026-02-15T14:41:04.197421,63190,1,1588,-77,11,96,DL,
2026-02-15T14:41:04.297092,63290,1,1589,-77,12,96,DL,
2026-02-15T14:41:04.396119,63390,1,1590,0,0,95,NONE,
2026-02-15T14:41:04.495622,63491,1,1591,-77,12,95,DL,
2026-02-15T14:41:04.595094,63591,1,1592,-76,13,95,DL,
2026-02-15T14:41:04.694321,63691,1,1593,-76,13,95,DL,
2026-02-15T14:41:04.793260,63791,1,1594,0,0,94,NONE,
2026-02-15T14:41:04.893005,63892,1,1595,-76,12,94,DL,
2026-02-15T14:41:04.992327,63992,1,1596,-76,12,94,DL,
2026-02-15T14:41:05.091691,64092,1,1597,-77,12,95,DL,
2026-02-15T14:41:05.190389,64192,1,1598,-78,12,95,DL,
2026-02-15T14:41:05.290341,64292,1,1599,0,0,94,NONE,
2026-02-15T14:41:05.389954,64393,1,1600,-77,12,94,DL,
2026-02-15T14:41:05.489332,64493,1,1601,-76,12,94,DL,
2026-02-15T14:41:05.588274,64593,1,1602,-76,13,94,DL,
2026-02-15T14:41:05.688131,64693,1,1603,-75,12,94,DL,
2026-02-15T14:41:05.786925,64794,1,1604,-73,13,94,DL,
2026-02-15T14:41:05.886121,64894,1,1605,-74,10,94,DL,
2026-02-15T14:41:05.986112,64994,1,1606,-74,11,94,DL,
2026-02-15T14:41:06.085450,65094,1,1607,-75,12,94,DL,
2026-02-15T14:41:06.184604,65194,1,1608,-75,12,94,DL,
2026-02-15T14:41:06.284087,65295,1,1609,-76,13,94,DL,
2026-02-15T14:41:06.383966,65395,1,1610,-76,12,95,DL,
2026-02-15T14:41:06.482802,65495,1,1611,-75,12,95,DL,
2026-02-15T14:41:06.582382,65595,1,1612,-74,13,95,DL,
2026-02-15T14:41:06.680472,65696,1,1613,-75,12,95,DL,
2026-02-15T14:41:06.781178,65796,1,1614,-75,12,95,DL,
2026-02-15T14:41:06.880359,65896,1,1615,-75,12,95,DL,
2026-02-15T14:41:06.979654,65996,1,1616,-74,12,95,DL,
2026-02-15T14:41:07.078437,66096,1,1617,-73,12,95,DL,
2026-02-15T14:41:07.178226,66197,1,1618,-72,12,95,DL,
2026-02-15T14:41:07.277563,66297,1,1619,-74,11,95,DL,
2026-02-15T14:41:07.376740,66397,1,1620,0,0,94,NONE,
2026-02-15T14:41:07.475938,66497,1,1621,-75,13,94,DL,
2026-02-15T14:41:07.575691,66597,1,1622,-77,13,94,DL,
2026-02-15T14:41:07.675159,66697,1,1623,0,0,93,NONE,
2026-02-15T14:41:07.774415,66798,1,1624,-82,12,93,DL,
2026-02-15T14:41:07.873899,66898,1,1625,-72,12,93,DL,
2026-02-15T14:41:07.973283,66998,1,1626,-73,10,93,DL,
2026-02-15T14:41:08.072492,67099,1,1627,-73,9,93,DL,
2026-02-15T14:41:08.171900,67199,1,1628,-73,9,93,DL,
2026-02-15T14:41:08.271292,67299,1,1629,-73,10,93,DL,
2026-02-15T14:41:08.370630,67399,1,1630,-73,10,93,DL,
2026-02-15T14:41:08.470312,67499,1,1631,-70,13,93,DL,
2026-02-15T14:41:08.569476,67600,1,1632,-73,9,93,DL,
2026-02-15T14:41:08.668715,67700,1,1633,-73,9,93,DL,
2026-02-15T14:41:08.768325,67800,1,1634,-71,12,93,DL,
2026-02-15T14:41:08.867419,67900,1,1635,-73,9,93,DL,
2026-02-15T14:41:08.966146,68001,1,1636,-70,13,93,DL,
2026-02-15T14:41:09.066477,68101,1,1637,-73,10,93,DL,
2026-02-15T14:41:09.165747,68201,1,1638,-73,9,93,DL,
2026-02-15T14:41:09.265407,68301,1,1639,-73,9,93,DL,
2026-02-15T14:41:09.363872,68401,1,1640,-73,10,93,DL,
2026-02-15T14:41:09.463365,68502,1,1641,-70,12,93,DL,
2026-02-15T14:41:09.563495,68602,1,1642,-74,12,93,DL,
2026-02-15T14:41:09.662625,68702,1,1643,-71,12,93,DL,
2026-02-15T14:41:09.761931,68802,1,1644,-74,10,93,DL,
2026-02-15T14:41:09.861414,68903,1,1645,-71,12,93,DL,
2026-02-15T14:41:09.960726,69003,1,1646,-74,10,93,DL,
2026-02-15T14:41:10.060329,69103,1,1647,-74,11,94,DL,
2026-02-15T14:41:10.159508,69203,1,1648,-74,10,94,DL,
2026-02-15T14:41:10.258579,69303,1,1649,-73,10,94,DL,
2026-02-15T14:41:10.358071,69404,1,1650,-74,11,94,DL,
2026-02-15T14:41:10.457765,69504,1,1651,-74,10,94,DL,
2026-02-15T14:41:10.556910,69604,1,1652,-71,12,95,DL,
2026-02-15T14:41:10.656355,69704,1,1653,-73,10,95,DL,
2026-02-15T14:41:10.755369,69805,1,1654,-73,10,95,DL,
2026-02-15T14:41:10.855079,69905,1,1655,-73,10,95,DL,
2026-02-15T14:41:10.954543,70005,1,1656,-73,9,95,DL,
2026-02-15T14:41:11.053520,70105,1,1657,-71,12,95,DL,
2026-02-15T14:41:11.153335,70205,1,1658,-74,12,95,DL,
2026-02-15T14:41:11.251756,70306,1,1659,-74,11,95,DL,
2026-02-15T14:41:11.351868,70406,1,1660,-72,12,95,DL,
2026-02-15T14:41:11.451370,70506,1,1661,-74,11,95,DL,
2026-02-15T14:41:11.550383,70606,1,1662,-72,13,95,DL,
2026-02-15T14:41:11.650051,70707,1,1663,-74,10,95,DL,
2026-02-15T14:41:11.752507,70807,1,1664,-72,13,95,DL,
2026-02-15T14:41:11.848669,70907,1,1665,-74,12,95,DL,
2026-02-15T14:41:11.948068,71007,1,1666,-73,11,95,DL,
2026-02-15T14:41:12.047434,71107,1,1667,-74,12,95,DL,
2026-02-15T14:41:12.146581,71208,1,1668,-74,11,95,DL,
2026-02-15T14:41:12.245980,71308,1,1669,-72,12,95,DL,
2026-02-15T14:41:12.344793,71408,1,1670,-72,12,95,DL,
2026-02-15T14:41:12.444807,71508,1,1671,-72,13,95,DL,
2026-02-15T14:41:12.552028,71608,1,1672,-72,12,95,DL,
2026-02-15T14:41:12.643478,71709,1,1673,-74,11,95,DL,
2026-02-15T14:41:12.742392,71809,1,1674,-72,12,95,DL,
2026-02-15T14:41:12.842404,71909,1,1675,-74,11,95,DL,
2026-02-15T14:41:12.941592,72009,1,1676,-74,11,95,DL,
2026-02-15T14:41:13.040373,72110,1,1677,-74,10,95,DL,
2026-02-15T14:41:13.140423,72210,1,1678,-71,12,95,DL,
2026-02-15T14:41:13.239630,72310,1,1679,-74,11,95,DL,
2026-02-15T14:41:13.339047,72410,1,1680,-71,12,95,DL,
2026-02-15T14:41:13.438341,72510,1,1681,-74,11,95,DL,
2026-02-15T14:41:13.538596,72610,1,1682,0,0,94,NONE,
2026-02-15T14:41:13.637118,72711,1,1683,-74,11,94,DL,
2026-02-15T14:41:13.736643,72811,1,1684,-74,11,94,DL,
2026-02-15T14:41:13.835645,72911,1,1685,-74,10,94,DL,
2026-02-15T14:41:13.935178,73011,1,1686,-74,11,94,DL,
2026-02-15T14:41:14.034568,73112,1,1687,-74,10,94,DL,
2026-02-15T14:41:14.133584,73212,1,1688,0,0,93,NONE,
2026-02-15T14:41:14.232649,73312,1,1689,-70,12,93,DL,
2026-02-15T14:41:14.332269,73412,1,1690,-71,13,94,DL,
2026-02-15T14:41:14.431713,73512,1,1691,-74,11,94,DL,
2026-02-15T14:41:14.531085,73613,1,1692,-73,11,94,DL,
2026-02-15T14:41:14.630606,73713,1,1693,0,0,93,NONE,
2026-02-15T14:41:14.730008,73813,1,1694,-69,12,94,DL,
2026-02-15T14:41:14.828450,73913,1,1695,-73,9,94,DL,
2026-02-15T14:41:14.928804,74014,1,1696,-71,11,94,DL,
2026-02-15T14:41:15.028075,74114,1,1697,-73,10,94,DL,
2026-02-15T14:41:15.127650,74214,1,1698,-71,12,94,DL,
2026-02-15T14:41:15.226732,74314,1,1699,0,0,94,NONE,
2026-02-15T14:41:15.326872,74414,1,1700,0,0,93,NONE,
2026-02-15T14:41:15.424723,74514,1,1701,0,0,92,NONE,
2026-02-15T14:41:15.524883,74615,1,1702,-71,12,92,DL,
2026-02-15T14:41:15.624510,74715,1,1703,-74,10,92,DL,
2026-02-15T14:41:15.723166,74815,1,1704,-71,12,92,DL,
2026-02-15T14:41:15.822950,74915,1,1705,-74,11,92,DL,
2026-02-15T14:41:15.922509,75016,1,1706,-74,11,92,DL,
2026-02-15T14:41:16.021760,75116,1,1707,-73,12,92,DL,
2026-02-15T14:41:16.120316,75216,1,1708,-72,12,92,DL,
2026-02-15T14:41:16.220519,75316,1,1709,-74,11,92,DL,
2026-02-15T14:41:16.319758,75417,1,1710,-73,10,92,DL,
2026-02-15T14:41:16.419107,75517,1,1711,-73,9,92,DL,
2026-02-15T14:41:16.518420,75617,1,1712,-69,13,92,DL,
2026-02-15T14:41:16.617460,75717,1,1713,-71,12,92,DL,
2026-02-15T14:41:16.717142,75817,1,1714,-73,10,92,DL,
2026-02-15T14:41:16.816591,75918,1,1715,-71,13,92,DL,
2026-02-15T14:41:16.915481,76018,1,1716,-74,10,92,DL,
2026-02-15T14:41:17.015246,76118,1,1717,-72,12,92,DL,
2026-02-15T14:41:17.114566,76218,1,1718,-71,12,92,DL,
2026-02-15T14:41:17.214043,76318,1,1719,-73,11,92,DL,
2026-02-15T14:41:17.313251,76419,1,1720,-74,11,93,DL,
2026-02-15T14:41:17.412799,76519,1,1721,-72,13,93,DL,
2026-02-15T14:41:17.511923,76619,1,1722,-71,12,93,DL,
2026-02-15T14:41:17.611370,76719,1,1723,-74,10,94,DL,
2026-02-15T14:41:17.710791,76819,1,1724,-74,10,94,DL,
2026-02-15T14:41:17.810013,76920,1,1725,-69,13,94,DL,
2026-02-15T14:41:17.908727,77020,1,1726,-73,9,94,DL,
2026-02-15T14:41:18.008164,77120,1,1727,-70,12,94,DL,
2026-02-15T14:41:18.107584,77220,1,1728,-73,10,94,DL,
2026-02-15T14:41:18.207260,77321,1,1729,-73,10,94,DL,
2026-02-15T14:41:18.306880,77421,1,1730,-73,9,94,DL,
2026-02-15T14:41:18.405926,77521,1,1731,-73,10,94,DL,
2026-02-15T14:41:18.505067,77621,1,1732,0,0,93,NONE,
2026-02-15T14:41:18.604912,77722,1,1733,-72,12,93,DL,
2026-02-15T14:41:18.703992,77822,1,1734,-74,11,93,DL,
2026-02-15T14:41:18.803679,77922,1,1735,-74,11,93,DL,
2026-02-15T14:41:18.902669,78022,1,1736,-74,10,93,DL,
2026-02-15T14:41:19.002313,78122,1,1737,-74,11,93,DL,
2026-02-15T14:41:19.101610,78223,1,1738,-74,11,93,DL,
2026-02-15T14:41:19.200914,78323,1,1739,0,0,92,NONE,
2026-02-15T14:41:19.300304,78423,1,1740,-74,10,92,DL,
2026-02-15T14:41:19.399896,78523,1,1741,-73,9,92,DL,
2026-02-15T14:41:19.499230,78624,1,1742,-73,10,92,DL,
2026-02-15T14:41:19.598656,78724,1,1743,-74,10,92,DL,
2026-02-15T14:41:19.697376,78824,1,1744,-74,10,92,DL,
2026-02-15T14:41:19.797257,78924,1,1745,-73,10,92,DL,
2026-02-15T14:41:19.896143,79025,1,1746,-73,9,92,DL,
2026-02-15T14:41:19.996007,79125,1,1747,-69,12,92,DL,
2026-02-15T14:41:20.094707,79225,1,1748,-73,10,92,DL,
2026-02-15T14:41:20.194176,79325,1,1749,-73,9,92,DL,
2026-02-15T14:41:20.293382,79425,1,1750,0,0,91,NONE,
2026-02-15T14:41:20.393414,79526,1,1751,-73,10,91,DL,
2026-02-15T14:41:20.492961,79626,1,1752,-74,11,91,DL,
2026-02-15T14:41:20.592342,79726,1,1753,-74,11,91,DL,
2026-02-15T14:41:20.690945,79826,1,1754,-74,11,91,DL,
2026-02-15T14:41:20.791799,79927,1,1755,-72,12,91,DL,
2026-02-15T14:41:20.890455,80027,1,1756,-74,11,91,DL,
2026-02-15T14:41:20.989513,80127,1,1757,0,0,90,NONE,
2026-02-15T14:41:21.088985,80227,1,1758,-71,11,90,DL,
2026-02-15T14:41:21.188002,80327,1,1759,0,0,89,NONE,
2026-02-15T14:41:21.287697,80428,1,1760,-73,9,89,DL,
2026-02-15T14:41:21.386183,80528,1,1761,0,0,88,NONE,
2026-02-15T14:41:21.486287,80628,1,1762,-69,12,88,DL,
2026-02-15T14:41:21.585402,80728,1,1763,0,0,87,NONE,
2026-02-15T14:41:21.684994,80829,1,1764,-69,12,87,DL,
2026-02-15T14:41:21.784270,80929,1,1765,-73,9,87,DL,
2026-02-15T14:41:21.883762,81029,1,1766,-73,9,87,DL,
2026-02-15T14:41:21.982684,81129,1,1767,-73,10,87,DL,
2026-02-15T14:41:22.082436,81229,1,1768,-73,9,87,DL,
2026-02-15T14:41:22.182016,81330,1,1769,-73,9,87,DL,
2026-02-15T14:41:22.281273,81430,1,1770,-73,10,87,DL,
2026-02-15T14:41:22.380769,81530,1,1771,-73,9,87,DL,
2026-02-15T14:41:22.479437,81630,1,1772,-73,10,87,DL,
2026-02-15T14:41:22.579237,81731,1,1773,-72,12,87,DL,
2026-02-15T14:41:22.678779,81831,1,1774,-71,12,87,DL,
2026-02-15T14:41:22.778054,81931,1,1775,-73,10,87,DL,
2026-02-15T14:41:22.877369,82031,1,1776,-71,12,87,DL,
2026-02-15T14:41:22.981421,82132,1,1777,-70,12,87,DL,
2026-02-15T14:41:23.076040,82232,1,1778,-71,12,87,DL,
2026-02-15T14:41:23.175334,82332,1,1779,-73,10,87,DL,
2026-02-15T14:41:23.273801,82432,1,1780,-73,9,87,DL,
2026-02-15T14:41:23.374079,82532,1,1781,-71,11,87,DL,
2026-02-15T14:41:23.473052,82633,1,1782,-69,12,88,DL,
2026-02-15T14:41:23.572893,82733,1,1783,-73,9,88,DL,
2026-02-15T14:41:23.672302,82833,1,1784,-73,9,88,DL,
2026-02-15T14:41:23.771449,82933,1,1785,-73,9,88,DL,
2026-02-15T14:41:23.871151,83033,1,1786,-73,9,88,DL,
2026-02-15T14:41:23.970373,83134,1,1787,-69,13,88,DL,
2026-02-15T14:41:24.069878,83234,1,1788,-69,11,89,DL,
2026-02-15T14:41:24.169109,83334,1,1789,-73,9,89,DL,
2026-02-15T14:41:24.267361,83434,1,1790,-71,11,89,DL,
2026-02-15T14:41:24.367826,83535,1,1791,-73,9,89,DL,
2026-02-15T14:41:24.467138,83635,1,1792,-69,13,89,DL,
2026-02-15T14:41:24.566383,83735,1,1793,-73,9,90,DL,
2026-02-15T14:41:24.665938,83835,1,1794,-73,9,90,DL,
2026-02-15T14:41:24.765976,83935,1,1795,-71,12,90,DL,
2026-02-15T14:41:24.864485,84036,1,1796,-71,11,90,DL,
2026-02-15T14:41:24.964034,84136,1,1797,-71,11,90,DL,
2026-02-15T14:41:25.063184,84236,1,1798,-73,9,90,DL,
2026-02-15T14:41:25.162122,84336,1,1799,-73,9,91,DL,
2026-02-15T14:41:25.262001,84436,1,1800,-69,12,92,DL,
2026-02-15T14:41:25.361229,84537,1,1801,-73,9,93,DL,
2026-02-15T14:41:25.460520,84637,1,1802,-73,9,93,DL,
2026-02-15T14:41:25.559545,84737,1,1803,-73,9,93,DL,
2026-02-15T14:41:25.659148,84837,1,1804,-71,12,93,DL,
2026-02-15T14:41:25.758693,84938,1,1805,-73,9,93,DL,
2026-02-15T14:41:25.858604,85038,1,1806,-71,12,93,DL,
2026-02-15T14:41:25.957341,85138,1,1807,-71,12,93,DL,
2026-02-15T14:41:26.056213,85238,1,1808,-70,12,93,DL,
2026-02-15T14:41:26.156186,85338,1,1809,-71,11,93,DL,
2026-02-15T14:41:26.255035,85439,1,1810,-73,9,93,DL,
2026-02-15T14:41:26.354937,85539,1,1811,-73,9,93,DL,
2026-02-15T14:41:26.454184,85639,1,1812,-73,10,93,DL,
2026-02-15T14:41:26.553531,85739,1,1813,-70,12,93,DL,
2026-02-15T14:41:26.652189,85840,1,1814,-71,11,93,DL,
2026-02-15T14:41:26.752228,85940,1,1815,-71,10,93,DL,
2026-02-15T14:41:26.851521,86040,1,1816,-73,9,93,DL,
2026-02-15T14:41:26.950143,86140,1,1817,-73,9,93,DL,
2026-02-15T14:41:27.049649,86240,1,1818,-71,11,93,DL,
2026-02-15T14:41:27.149544,86341,1,1819,-69,12,93,DL,
2026-02-15T14:41:27.249040,86441,1,1820,-68,12,93,DL,
2026-02-15T14:41:27.347886,86541,1,1821,-73,9,93,DL,
2026-02-15T14:41:27.447343,86641,1,1822,0,0,92,NONE,
2026-02-15T14:41:27.547062,86742,1,1823,-71,10,92,DL,
2026-02-15T14:41:27.646292,86842,1,1824,-67,12,92,DL,
2026-02-15T14:41:27.745602,86942,1,1825,0,0,91,NONE,
2026-02-15T14:41:27.845007,87042,1,1826,-71,10,91,DL,
2026-02-15T14:41:27.944352,87143,1,1827,-73,8,91,DL,
2026-02-15T14:41:28.044020,87243,1,1828,-70,10,91,DL,
2026-02-15T14:41:28.143015,87343,1,1829,-70,10,91,DL,
2026-02-15T14:41:28.242385,87443,1,1830,-73,9,91,DL,
2026-02-15T14:41:28.341396,87543,1,1831,-69,12,91,DL,
2026-02-15T14:41:28.441274,87644,1,1832,-71,11,92,DL,
2026-02-15T14:41:28.540193,87744,1,1833,0,0,91,NONE,
2026-02-15T14:41:28.640035,87844,1,1834,-74,10,91,DL,
2026-02-15T14:41:28.739305,87944,1,1835,-71,12,91,DL,
2026-02-15T14:41:28.838591,88045,1,1836,-74,11,91,DL,
2026-02-15T14:41:28.938250,88145,1,1837,-74,11,91,DL,
2026-02-15T14:41:29.037318,88245,1,1838,-74,10,91,DL,
2026-02-15T14:41:29.135899,88345,1,1839,-74,11,92,DL,
2026-02-15T14:41:29.235983,88445,1,1840,-74,11,92,DL,
2026-02-15T14:41:29.335319,88546,1,1841,-71,12,92,DL,
2026-02-15T14:41:29.434668,88646,1,1842,-74,10,92,DL,
2026-02-15T14:41:29.534331,88746,1,1843,-73,10,92,DL,
2026-02-15T14:41:29.632599,88846,1,1844,0,0,91,NONE,
2026-02-15T14:41:29.732434,88947,1,1845,-73,10,91,DL,
2026-02-15T14:41:29.832318,89047,1,1846,-68,12,91,DL,
2026-02-15T14:41:29.931553,89147,1,1847,-71,10,91,DL,
2026-02-15T14:41:30.030271,89247,1,1848,-71,12,91,DL,
2026-02-15T14:41:30.130208,89347,1,1849,-74,10,91,DL,
2026-02-15T14:41:30.229480,89448,1,1850,-75,13,92,DL,
2026-02-15T14:41:30.328546,89548,1,1851,-74,11,92,DL,
2026-02-15T14:41:30.427744,89648,1,1852,-74,11,92,DL,
2026-02-15T14:41:30.527537,89748,1,1853,-72,12,92,DL,
2026-02-15T14:41:30.627148,89848,1,1854,-73,11,92,DL,
2026-02-15T14:41:30.726233,89949,1,1855,-71,12,92,DL,
2026-02-15T14:41:30.825649,90049,1,1856,-74,10,92,DL,
2026-02-15T14:41:30.925640,90149,1,1857,-75,12,93,DL,
2026-02-15T14:41:31.024316,90249,1,1858,-74,12,93,DL,
2026-02-15T14:41:31.123784,90350,1,1859,-74,13,94,DL,
2026-02-15T14:41:31.222881,90450,1,1860,-73,11,94,DL,
2026-02-15T14:41:31.322361,90550,1,1861,-78,12,95,DL,
2026-02-15T14:41:31.421107,90650,1,1862,-74,12,95,DL,
2026-02-15T14:41:31.520528,90750,1,1863,-72,13,96,DL,
2026-02-15T14:41:31.620438,90851,1,1864,-75,12,96,DL,
2026-02-15T14:41:31.719589,90951,1,1865,-80,12,96,DL,
2026-02-15T14:41:31.819244,91051,1,1866,-78,12,96,DL,
2026-02-15T14:41:31.918047,91151,1,1867,-81,12,96,DL,
2026-02-15T14:41:32.017396,91251,1,1868,0,0,95,NONE,
2026-02-15T14:41:32.117252,91352,1,1869,-88,11,95,DL,
2026-02-15T14:41:32.216370,91452,1,1870,0,0,94,NONE,
2026-02-15T14:41:32.316211,91552,1,1871,-74,11,94,DL,
2026-02-15T14:41:32.418510,91652,1,1872,-70,9,94,DL,
2026-02-15T14:41:32.514419,91753,1,1873,-73,9,94,DL,
2026-02-15T14:41:32.614145,91853,1,1874,-74,12,94,DL,
2026-02-15T14:41:32.713601,91953,1,1875,-75,12,94,DL,
2026-02-15T14:41:32.812695,92053,1,1876,-75,12,94,DL,
2026-02-15T14:41:32.912213,92153,1,1877,-77,12,94,DL,
2026-02-15T14:41:33.011518,92254,1,1878,-89,11,94,DL,
2026-02-15T14:41:33.110755,92354,1,1879,-95,8,94,DL,
2026-02-15T14:41:33.209704,92454,1,1880,-78,12,94,DL,
2026-02-15T14:41:33.309662,92554,1,1881,-77,12,94,DL,
2026-02-15T14:41:33.408595,92655,1,1882,-75,12,94,DL,
2026-02-15T14:41:33.508245,92755,1,1883,-72,12,94,DL,
2026-02-15T14:41:33.607553,92855,1,1884,-71,12,94,DL,
2026-02-15T14:41:33.706446,92955,1,1885,-74,12,94,DL,
2026-02-15T14:41:33.806426,93056,1,1886,-73,13,94,DL,
2026-02-15T14:41:33.905787,93156,1,1887,-74,13,94,DL,
2026-02-15T14:41:34.005274,93256,1,1888,-75,12,94,DL,
2026-02-15T14:41:34.104279,93356,1,1889,-75,12,94,DL,
2026-02-15T14:41:34.203270,93456,1,1890,-72,12,94,DL,
2026-02-15T14:41:34.303281,93557,1,1891,-72,13,94,DL,
2026-02-15T14:41:34.401724,93657,1,1892,-71,12,94,DL,
2026-02-15T14:41:34.500690,93757,1,1893,-73,10,94,DL,
2026-02-15T14:41:34.601284,93857,1,1894,-74,11,94,DL,
2026-02-15T14:41:34.700467,93957,1,1895,-71,12,94,DL,
2026-02-15T14:41:34.799496,94057,1,1896,0,0,93,NONE,
2026-02-15T14:41:34.898550,94158,1,1897,-73,9,93,DL,
2026-02-15T14:41:34.997681,94258,1,1898,-73,9,93,DL,
2026-02-15T14:41:35.097773,94358,1,1899,-69,13,93,DL,
2026-02-15T14:41:35.197312,94459,1,1900,-73,9,93,DL,
2026-02-15T14:41:35.296484,94559,1,1901,0,0,92,NONE,
2026-02-15T14:41:35.395810,94659,1,1902,-70,11,92,DL,
2026-02-15T14:41:35.494349,94759,1,1903,-68,11,92,DL,
2026-02-15T14:41:35.594337,94859,1,1904,-66,13,92,DL,
2026-02-15T14:41:35.693657,94960,1,1905,-70,10,92,DL,
2026-02-15T14:41:35.792760,95060,1,1906,0,0,91,NONE,
2026-02-15T14:41:35.892396,95160,1,1907,-73,9,91,DL,
2026-02-15T14:41:35.991760,95260,1,1908,-73,9,91,DL,
2026-02-15T14:41:36.090940,95361,1,1909,-73,10,91,DL,
2026-02-15T14:41:36.190579,95461,1,1910,-73,9,91,DL,
2026-02-15T14:41:36.289959,95561,1,1911,-68,12,91,DL,
2026-02-15T14:41:36.388589,95661,1,1912,-71,13,91,DL,
2026-02-15T14:41:36.488559,95761,1,1913,0,0,90,NONE,
2026-02-15T14:41:36.588016,95862,1,1914,-78,12,90,DL,
2026-02-15T14:41:36.686684,95962,1,1915,0,0,89,NONE,
2026-02-15T14:41:36.786357,96062,1,1916,-74,12,89,DL,
2026-02-15T14:41:36.886062,96162,1,1917,-71,12,89,DL,
2026-02-15T14:41:36.985583,96263,1,1918,-69,12,89,DL,
2026-02-15T14:41:37.084778,96363,1,1919,-73,9,89,DL,
2026-02-15T14:41:37.184382,96463,1,1920,-70,11,89,DL,
2026-02-15T14:41:37.283209,96563,1,1921,-74,12,89,DL,
2026-02-15T14:41:37.382878,96663,1,1922,-89,11,90,DL,
2026-02-15T14:41:37.482193,96763,1,1923,0,0,89,NONE,
2026-02-15T14:41:37.581369,96863,1,1924,0,0,88,NONE,
2026-02-15T14:41:37.680929,96964,1,1925,-83,12,89,DL,
2026-02-15T14:41:37.780015,97064,1,1926,-84,12,89,DL,
2026-02-15T14:41:37.878931,97165,1,1927,-82,12,89,DL,
2026-02-15T14:41:37.979021,97265,1,1928,-82,12,89,DL,
2026-02-15T14:41:38.078148,97365,1,1929,-81,11,89,DL,
2026-02-15T14:41:38.177505,97465,1,1930,-80,12,89,DL,
2026-02-15T14:41:38.276556,97565,1,1931,-77,13,89,DL,
2026-02-15T14:41:38.376447,97666,1,1932,-85,11,89,DL,
2026-02-15T14:41:38.475171,97766,1,1933,-76,12,90,DL,
2026-02-15T14:41:38.574820,97866,1,1934,-85,12,90,DL,
2026-02-15T14:41:38.674481,97966,1,1935,-82,12,90,DL,
2026-02-15T14:41:38.773569,98067,1,1936,-74,12,90,DL,
2026-02-15T14:41:38.872938,98167,1,1937,-75,12,90,DL,
2026-02-15T14:41:38.972871,98267,1,1938,-75,12,90,DL,
2026-02-15T14:41:39.070955,98367,1,1939,0,0,89,NONE,
2026-02-15T14:41:39.170717,98467,1,1940,0,0,88,NONE,
2026-02-15T14:41:39.270666,98568,1,1941,-79,12,88,DL,
2026-02-15T14:41:39.369168,98668,1,1942,-81,12,88,DL,
2026-02-15T14:41:39.469278,98768,1,1943,-88,11,88,DL,
2026-02-15T14:41:39.568398,98868,1,1944,0,0,88,NONE,
2026-02-15T14:41:39.667907,98969,1,1945,-76,12,88,DL,
2026-02-15T14:41:39.766924,99069,1,1946,-83,12,88,DL,
2026-02-15T14:41:39.866405,99169,1,1947,-81,12,88,DL,
2026-02-15T14:41:39.965529,99269,1,1948,0,0,87,NONE,
2026-02-15T14:41:40.065098,99369,1,1949,-74,12,87,DL,
2026-02-15T14:41:40.164529,99470,1,1950,-81,12,87,DL,
2026-02-15T14:41:40.263761,99570,1,1951,-77,12,87,DL,
2026-02-15T14:41:40.363078,99670,1,1952,-74,12,87,DL,
2026-02-15T14:41:40.462699,99770,1,1953,-75,12,87,DL,
2026-02-15T14:41:40.562146,99871,1,1954,-78,12,87,DL,
2026-02-15T14:41:40.661528,99971,1,1955,-80,12,87,DL,
2026-02-15T14:41:40.760751,100071,1,1956,0,0,86,NONE,
2026-02-15T14:41:40.859280,100171,1,1957,-80,11,86,DL,
2026-02-15T14:41:40.959194,100271,1,1958,0,0,85,NONE,
2026-02-15T14:41:41.058758,100372,1,1959,-84,12,85,DL,
2026-02-15T14:41:41.157927,100472,1,1960,0,0,84,NONE,
2026-02-15T14:41:41.256975,100572,1,1961,-83,13,84,DL,
2026-02-15T14:41:41.356002,100672,1,1962,-81,11,84,DL,
2026-02-15T14:41:41.455592,100772,1,1963,0,0,83,NONE,
2026-02-15T14:41:41.556596,100873,1,1964,-82,12,83,DL,
2026-02-15T14:41:41.654964,100973,1,1965,0,0,82,NONE,
2026-02-15T14:41:41.754431,101073,1,1966,-83,12,82,DL,
2026-02-15T14:41:41.855139,101174,1,1967,-78,12,82,DL,
2026-02-15T14:41:41.953183,101274,1,1968,-83,12,83,DL,
2026-02-15T14:41:42.052547,101374,1,1969,-86,11,83,DL,
2026-02-15T14:41:42.150766,101474,1,1970,0,0,83,NONE,
2026-02-15T14:41:42.250783,101574,1,1971,0,0,82,NONE,
2026-02-15T14:41:42.349693,101675,1,1972,-82,12,82,DL,
2026-02-15T14:41:42.448501,101775,1,1973,0,0,81,NONE,
2026-02-15T14:41:42.548746,101875,1,1974,-93,9,81,DL,
2026-02-15T14:41:42.648173,101975,1,1975,-78,12,81,DL,
2026-02-15T14:41:42.746783,102076,1,1976,-77,13,81,DL,
2026-02-15T14:41:42.847202,102176,1,1977,-76,12,81,DL,
2026-02-15T14:41:42.946133,102276,1,1978,0,0,80,NONE,
2026-02-15T14:41:43.045244,102376,1,1979,0,0,79,NONE,
2026-02-15T14:41:43.144539,102476,1,1980,0,0,78,NONE,
2026-02-15T14:41:43.243874,102576,1,1981,0,0,77,NONE,
2026-02-15T14:41:43.343983,102677,1,1982,-75,12,77,DL,
2026-02-15T14:41:43.443113,102777,1,1983,-75,12,77,DL,
2026-02-15T14:41:43.542818,102877,1,1984,-77,12,77,DL,
2026-02-15T14:41:43.641866,102978,1,1985,-76,12,77,DL,
2026-02-15T14:41:43.741313,103078,1,1986,-75,12,77,DL,
2026-02-15T14:41:43.840524,103178,1,1987,-75,13,77,DL,
2026-02-15T14:41:43.940012,103278,1,1988,-76,13,77,DL,
2026-02-15T14:41:44.039578,103379,1,1989,-78,12,77,DL,
2026-02-15T14:41:44.138901,103479,1,1990,-79,12,77,DL,
2026-02-15T14:41:44.238270,103579,1,1991,-78,13,77,DL,
2026-02-15T14:41:44.337655,103679,1,1992,-77,12,77,DL,
2026-02-15T14:41:44.436939,103779,1,1993,-83,11,77,DL,
2026-02-15T14:41:44.536187,103880,1,1994,-79,12,77,DL,
2026-02-15T14:41:44.634796,103980,1,1995,-81,12,77,DL,
2026-02-15T14:41:44.734942,104080,1,1996,-78,12,78,DL,
2026-02-15T14:41:44.834189,104180,1,1997,-78,11,78,DL,
2026-02-15T14:41:44.932996,104281,1,1998,-78,12,78,DL,
2026-02-15T14:41:45.032981,104381,1,1999,-80,12,78,DL,
2026-02-15T14:41:45.132233,104481,1,2000,-80,12,78,DL,
2026-02-15T14:41:45.231703,104581,1,2001,-84,12,79,DL,
2026-02-15T14:41:45.330601,104681,1,2002,0,0,78,NONE,
2026-02-15T14:41:45.429981,104782,1,2003,-80,12,78,DL,
2026-02-15T14:41:45.528905,104882,1,2004,0,0,77,NONE,
2026-02-15T14:41:45.628959,104982,1,2005,-77,13,77,DL,
2026-02-15T14:41:45.727375,105082,1,2006,0,0,77,NONE,
2026-02-15T14:41:45.828154,105183,1,2007,-77,12,77,DL,
2026-02-15T14:41:45.927724,105283,1,2008,-78,12,77,DL,
2026-02-15T14:41:46.026341,105383,1,2009,-81,11,77,DL,
2026-02-15T14:41:46.125466,105483,1,2010,-81,11,77,DL,
2026-02-15T14:41:46.225187,105583,1,2011,-84,12,77,DL,
2026-02-15T14:41:46.324710,105684,1,2012,-75,12,77,DL,
2026-02-15T14:41:46.424267,105784,1,2013,-74,12,78,DL,
2026-02-15T14:41:46.522947,105884,1,2014,-74,11,78,DL,
2026-02-15T14:41:46.622244,105984,1,2015,-73,10,79,DL,
2026-02-15T14:41:46.721355,106085,1,2016,-73,13,79,DL,
2026-02-15T14:41:46.821398,106185,1,2017,-73,9,79,DL,
2026-02-15T14:41:46.919887,106285,1,2018,-72,12,79,DL,
2026-02-15T14:41:47.020027,106385,1,2019,-75,12,79,DL,
2026-02-15T14:41:47.119260,106485,1,2020,-75,12,79,DL,
2026-02-15T14:41:47.218618,106586,1,2021,-77,11,79,DL,
2026-02-15T14:41:47.317813,106686,1,2022,0,0,78,NONE,
2026-02-15T14:41:47.416772,106786,1,2023,0,0,78,NONE,
2026-02-15T14:41:47.516806,106886,1,2024,-74,12,79,DL,
2026-02-15T14:41:47.620370,106987,1,2025,-73,12,79,DL,
2026-02-15T14:41:47.715349,107087,1,2026,-71,11,79,DL,
2026-02-15T14:41:47.814795,107187,1,2027,-73,7,79,DL,
2026-02-15T14:41:47.914200,107287,1,2028,-70,9,79,DL,
2026-02-15T14:41:48.013214,107387,1,2029,-70,8,79,DL,
2026-02-15T14:41:48.112653,107488,1,2030,-73,7,79,DL,
2026-02-15T14:41:48.212189,107588,1,2031,-73,8,79,DL,
2026-02-15T14:41:48.311444,107688,1,2032,0,0,78,NONE,
2026-02-15T14:41:48.411104,107788,1,2033,-78,12,78,DL,
2026-02-15T14:41:48.509683,107889,1,2034,-74,13,78,DL,
2026-02-15T14:41:48.609805,107989,1,2035,-68,12,78,DL,
2026-02-15T14:41:48.707899,108089,1,2036,-73,8,78,DL,
2026-02-15T14:41:48.808237,108189,1,2037,-71,11,78,DL,
2026-02-15T14:41:48.907878,108290,1,2038,-65,11,78,DL,
2026-02-15T14:41:49.006060,108390,1,2039,0,0,78,NONE,
2026-02-15T14:41:49.106073,108490,1,2040,-70,12,79,DL,
2026-02-15T14:41:49.205393,108590,1,2041,0,0,78,NONE,
2026-02-15T14:41:49.304916,108690,1,2042,-74,11,78,DL,
2026-02-15T14:41:49.404426,108791,1,2043,-74,10,78,DL,
2026-02-15T14:41:49.507226,108891,1,2044,-70,12,79,DL,
2026-02-15T14:41:49.603113,108991,1,2045,-73,10,79,DL,
2026-02-15T14:41:49.701987,109091,1,2046,-72,12,79,DL,
2026-02-15T14:41:49.801665,109192,1,2047,-72,12,79,DL,
2026-02-15T14:41:49.901176,109292,1,2048,-73,10,80,DL,
2026-02-15T14:41:50.000450,109392,1,2049,-70,13,80,DL,
2026-02-15T14:41:50.099540,109492,1,2050,0,0,79,NONE,
2026-02-15T14:41:50.199097,109592,1,2051,-72,12,79,DL,
2026-02-15T14:41:50.298515,109693,1,2052,-71,12,79,DL,
2026-02-15T14:41:50.397931,109793,1,2053,0,0,78,NONE,
2026-02-15T14:41:50.497314,109893,1,2054,-71,12,78,DL,
2026-02-15T14:41:50.596538,109993,1,2055,-71,11,78,DL,
2026-02-15T14:41:50.695740,110094,1,2056,-73,9,79,DL,
2026-02-15T14:41:50.794440,110194,1,2057,-69,12,79,DL,
2026-02-15T14:41:50.894702,110294,1,2058,-73,10,80,DL,
2026-02-15T14:41:50.994169,110394,1,2059,-75,13,80,DL,
2026-02-15T14:41:51.093359,110494,1,2060,-74,12,81,DL,
2026-02-15T14:41:51.192823,110595,1,2061,-74,12,81,DL,
2026-02-15T14:41:51.293153,110695,1,2062,-75,13,81,DL,
2026-02-15T14:41:51.391332,110795,1,2063,-72,12,82,DL,
2026-02-15T14:41:51.490439,110895,1,2064,-74,11,82,DL,
2026-02-15T14:41:51.588805,110995,1,2065,0,0,82,NONE,
2026-02-15T14:41:51.688661,111096,1,2066,-72,13,82,DL,
2026-02-15T14:41:51.788531,111196,1,2067,-73,10,82,DL,
2026-02-15T14:41:51.888305,111296,1,2068,-72,12,82,DL,
2026-02-15T14:41:51.987479,111396,1,2069,-74,11,82,DL,
2026-02-15T14:41:52.086520,111496,1,2070,0,0,82,NONE,
2026-02-15T14:41:52.186193,111597,1,2071,-72,13,83,DL,
2026-02-15T14:41:52.285499,111697,1,2072,-74,11,83,DL,
2026-02-15T14:41:52.385046,111797,1,2073,-74,10,84,DL,
2026-02-15T14:41:52.483754,111897,1,2074,0,0,83,NONE,
2026-02-15T14:41:52.582722,111998,1,2075,-72,13,83,DL,
2026-02-15T14:41:52.683031,112098,1,2076,0,0,82,NONE,
2026-02-15T14:41:52.782344,112198,1,2077,-71,12,82,DL,
2026-02-15T14:41:52.881626,112298,1,2078,-74,12,83,DL,
2026-02-15T14:41:52.981224,112399,1,2079,-74,12,84,DL,
2026-02-15T14:41:53.080512,112499,1,2080,-74,11,85,DL,
2026-02-15T14:41:53.179789,112599,1,2081,-73,12,86,DL,
2026-02-15T14:41:53.278754,112699,1,2082,0,0,85,NONE,
2026-02-15T14:41:53.378643,112800,1,2083,-76,12,85,DL,
2026-02-15T14:41:53.477559,112900,1,2084,0,0,84,NONE,
2026-02-15T14:41:53.576672,113000,1,2085,0,0,83,NONE,
2026-02-15T14:41:53.676042,113100,1,2086,0,0,82,NONE,
2026-02-15T14:41:53.775641,113200,1,2087,-74,12,82,DL,
2026-02-15T14:41:53.874377,113301,1,2088,-76,12,82,DL,
2026-02-15T14:41:53.974434,113401,1,2089,-78,13,82,DL,
2026-02-15T14:41:54.073562,113501,1,2090,0,0,81,NONE,
2026-02-15T14:41:54.173302,113601,1,2091,-69,12,81,DL,
2026-02-15T14:41:54.272410,113701,1,2092,0,0,80,NONE,
2026-02-15T14:41:54.370931,113801,1,2093,0,0,79,NONE,
2026-02-15T14:41:54.471303,113902,1,2094,-69,12,79,DL,
2026-02-15T14:41:54.570536,114002,1,2095,-73,9,79,DL,
2026-02-15T14:41:54.669766,114102,1,2096,0,0,78,NONE,
2026-02-15T14:41:54.769678,114203,1,2097,-73,9,78,DL,
2026-02-15T14:41:54.868186,114303,1,2098,-71,10,78,DL,
2026-02-15T14:41:54.968133,114403,1,2099,-73,8,78,DL,
2026-02-15T14:41:55.066610,114503,1,2100,0,0,77,NONE,
2026-02-15T14:41:55.166642,114604,1,2101,-69,12,77,DL,
2026-02-15T14:41:55.266121,114704,1,2102,0,0,77,NONE,
2026-02-15T14:41:55.364916,114804,1,2103,0,0,76,NONE,
2026-02-15T14:41:55.464735,114904,1,2104,-73,10,77,DL,
2026-02-15T14:41:55.564108,115004,1,2105,0,0,76,NONE,
2026-02-15T14:41:55.663619,115105,1,2106,-69,13,77,DL,
2026-02-15T14:41:55.762336,115205,1,2107,-69,13,77,DL,
2026-02-15T14:41:55.862040,115305,1,2108,-73,10,77,DL,
2026-02-15T14:41:55.961148,115405,1,2109,0,0,76,NONE,
2026-02-15T14:41:56.060396,115505,1,2110,0,0,75,NONE,
2026-02-15T14:41:56.159083,115605,1,2111,0,0,74,NONE,
2026-02-15T14:41:56.259635,115706,1,2112,-68,12,74,DL,
2026-02-15T14:41:56.359197,115806,1,2113,-72,11,74,DL,
2026-02-15T14:41:56.458207,115906,1,2114,0,0,73,NONE,
2026-02-15T14:41:56.557790,116006,1,2115,0,0,72,NONE,
2026-02-15T14:41:56.656996,116107,1,2116,-72,12,72,DL,
2026-02-15T14:41:56.756219,116207,1,2117,0,0,71,NONE,
2026-02-15T14:41:56.855243,116307,1,2118,0,0,70,NONE,
2026-02-15T14:41:56.954862,116408,1,2119,-71,11,70,DL,
2026-02-15T14:41:57.054421,116508,1,2120,-73,13,70,DL,
2026-02-15T14:41:57.153785,116608,1,2121,-75,12,70,DL,
2026-02-15T14:41:57.252886,116708,1,2122,0,0,70,NONE,
2026-02-15T14:41:57.352452,116809,1,2123,-71,13,71,DL,
2026-02-15T14:41:57.451778,116909,1,2124,-72,12,71,DL,
2026-02-15T14:41:57.551215,117009,1,2125,0,0,70,NONE,
2026-02-15T14:41:57.650037,117109,1,2126,0,0,69,NONE,
2026-02-15T14:41:57.748959,117209,1,2127,0,0,68,NONE,
2026-02-15T14:41:57.847907,117309,1,2128,0,0,67,NONE,
2026-02-15T14:41:57.947222,117409,1,2129,0,0,66,NONE,
2026-02-15T14:41:58.046295,117509,1,2130,0,0,65,NONE,
2026-02-15T14:41:58.147415,117610,1,2131,-70,12,65,DL,
2026-02-15T14:41:58.246422,117710,1,2132,0,0,65,NONE,
2026-02-15T14:41:58.345897,117811,1,2133,-70,12,65,DL,
2026-02-15T14:41:58.444383,117911,1,2134,0,0,64,NONE,
2026-02-15T14:41:58.544606,118011,1,2135,-73,10,64,DL,
2026-02-15T14:41:58.643907,118111,1,2136,0,0,63,NONE,
2026-02-15T14:41:58.742649,118212,1,2137,-74,11,63,DL,
2026-02-15T14:41:58.842939,118312,1,2138,-72,14,63,DL,
2026-02-15T14:41:58.945610,118412,1,2139,-73,13,64,DL,
2026-02-15T14:41:59.041518,118513,1,2140,-74,12,64,DL,
2026-02-15T14:41:59.140602,118613,1,2141,-73,12,65,DL,
2026-02-15T14:41:59.239761,118713,1,2142,0,0,64,NONE,
2026-02-15T14:41:59.339449,118813,1,2143,-73,11,64,DL,
2026-02-15T14:41:59.438496,118913,1,2144,0,0,63,NONE,
2026-02-15T14:41:59.538253,119014,1,2145,-75,13,63,DL,
2026-02-15T14:41:59.637486,119114,1,2146,-76,12,63,DL,
2026-02-15T14:41:59.736888,119214,1,2147,-75,13,63,DL,
2026-02-15T14:41:59.835940,119314,1,2148,0,0,62,NONE,
2026-02-15T14:41:59.934975,119415,1,2149,-74,13,62,DL,
2026-02-15T14:42:00.034174,119515,1,2150,-75,11,63,DL,
2026-02-15T14:42:00.133392,119615,1,2151,-75,12,63,DL,
2026-02-15T14:42:00.233177,119715,1,2152,0,0,62,NONE,
2026-02-15T14:42:00.332524,119815,1,2153,0,0,62,NONE,
2026-02-15T14:42:00.432535,119916,1,2154,-73,12,62,DL,
2026-02-15T14:42:00.531316,120016,1,2155,0,0,61,NONE,
2026-02-15T14:42:00.630992,120116,1,2156,-74,11,61,DL,
2026-02-15T14:42:00.730288,120216,1,2157,-73,10,61,DL,
2026-02-15T14:42:00.829634,120317,1,2158,-74,12,61,DL,
2026-02-15T14:42:00.928875,120417,1,2159,0,0,60,NONE,
2026-02-15T14:42:01.027583,120517,1,2160,0,0,59,NONE,
2026-02-15T14:42:01.127341,120617,1,2161,0,0,58,NONE,
2026-02-15T14:42:01.227343,120718,1,2162,-74,10,58,DL,
2026-02-15T14:42:01.326572,120818,1,2163,-70,12,58,DL,
2026-02-15T14:42:01.426011,120918,1,2164,-68,13,58,DL,
2026-02-15T14:42:01.524543,121018,1,2165,-69,13,59,DL,
2026-02-15T14:42:01.624574,121119,1,2166,-73,9,59,DL,
2026-02-15T14:42:01.723628,121219,1,2167,0,0,58,NONE,
2026-02-15T14:42:01.823788,121319,1,2168,-69,12,58,DL,
2026-02-15T14:42:01.921868,121419,1,2169,-67,12,58,DL,
2026-02-15T14:42:02.021403,121520,1,2170,-73,8,59,DL,
2026-02-15T14:42:02.121610,121620,1,2171,-66,12,59,DL,
2026-02-15T14:42:02.220593,121720,1,2172,0,0,58,NONE,
2026-02-15T14:42:02.320065,121820,1,2173,-67,12,58,DL,
2026-02-15T14:42:02.419593,121920,1,2174,-73,7,59,DL,
2026-02-15T14:42:02.518566,122021,1,2175,-73,7,59,DL,
2026-02-15T14:42:02.618387,122121,1,2176,-67,12,60,DL,
2026-02-15T14:42:02.717550,122221,1,2177,-70,10,60,DL,
2026-02-15T14:42:02.816378,122321,1,2178,-65,12,60,DL,
2026-02-15T14:42:02.916436,122422,1,2179,-70,8,60,DL,
2026-02-15T14:42:03.015602,122522,1,2180,-66,13,60,DL,
2026-02-15T14:42:03.114671,122622,1,2181,-68,10,60,DL,
2026-02-15T14:42:03.214058,122722,1,2182,-67,12,61,DL,
2026-02-15T14:42:03.312491,122823,1,2183,-66,12,61,DL,
2026-02-15T14:42:03.412944,122923,1,2184,-67,11,62,DL,
2026-02-15T14:42:03.512469,123023,1,2185,-73,7,63,DL,
2026-02-15T14:42:03.611454,123123,1,2186,0,0,63,NONE,
2026-02-15T14:42:03.710619,123223,1,2187,0,0,62,NONE,
2026-02-15T14:42:03.809530,123323,1,2188,0,0,61,NONE,
2026-02-15T14:42:03.908615,123423,1,2189,0,0,60,NONE,
2026-02-15T14:42:04.007996,123524,1,2190,-69,12,61,DL,
2026-02-15T14:42:04.107370,123625,1,2191,-74,10,61,DL,
2026-02-15T14:42:04.206727,123725,1,2192,-74,12,62,DL,
2026-02-15T14:42:04.305970,123825,1,2193,-76,13,63,DL,
2026-02-15T14:42:04.405388,123925,1,2194,-75,12,63,DL,
2026-02-15T14:42:04.505580,124025,1,2195,-74,13,63,DL,
2026-02-15T14:42:04.604989,124126,1,2196,-75,13,64,DL,
2026-02-15T14:42:04.704504,124226,1,2197,-76,12,64,DL,
2026-02-15T14:42:04.802815,124326,1,2198,-74,12,64,DL,
2026-02-15T14:42:04.903457,124426,1,2199,-76,12,64,DL,
2026-02-15T14:42:05.002663,124527,1,2200,-77,12,65,DL,
2026-02-15T14:42:05.101874,124627,1,2201,-75,12,65,DL,
2026-02-15T14:42:05.200900,124727,1,2202,0,0,65,NONE,
2026-02-15T14:42:05.300716,124827,1,2203,-76,12,66,DL,
2026-02-15T14:42:05.399303,124928,1,2204,-75,12,66,DL,
2026-02-15T14:42:05.499465,125028,1,2205,-73,11,67,DL,
2026-02-15T14:42:05.598413,125128,1,2206,-74,12,67,DL,
2026-02-15T14:42:05.697773,125228,1,2207,-73,13,67,DL,
2026-02-15T14:42:05.796950,125328,1,2208,0,0,66,NONE,
2026-02-15T14:42:05.896717,125429,1,2209,-74,12,67,DL,
2026-02-15T14:42:05.995870,125529,1,2210,-74,13,68,DL,
2026-02-15T14:42:06.095363,125629,1,2211,-75,13,69,DL,
2026-02-15T14:42:06.194768,125729,1,2212,0,0,68,NONE,
2026-02-15T14:42:06.294231,125830,1,2213,-75,13,68,DL,
2026-02-15T14:42:06.392695,125930,1,2214,-74,12,69,DL,
2026-02-15T14:42:06.492766,126030,1,2215,-74,12,70,DL,
2026-02-15T14:42:06.591808,126130,1,2216,0,0,69,NONE,
2026-02-15T14:42:06.691012,126231,1,2217,-74,12,70,DL,
2026-02-15T14:42:06.790770,126331,1,2218,-75,13,71,DL,
2026-02-15T14:42:06.889875,126431,1,2219,-75,12,71,DL,
2026-02-15T14:42:06.989588,126531,1,2220,-75,13,71,DL,
2026-02-15T14:42:07.088777,126631,1,2221,-74,11,71,DL,
2026-02-15T14:42:07.188173,126732,1,2222,-74,11,72,DL,
2026-02-15T14:42:07.287642,126832,1,2223,-74,12,72,DL,
2026-02-15T14:42:07.387018,126932,1,2224,-75,12,72,DL,
2026-02-15T14:42:07.486208,127032,1,2225,-75,13,73,DL,
2026-02-15T14:42:07.585601,127133,1,2226,-75,13,74,DL,
2026-02-15T14:42:07.684822,127233,1,2227,0,0,74,NONE,
2026-02-15T14:42:07.784491,127333,1,2228,-75,12,75,DL,
2026-02-15T14:42:07.883002,127433,1,2229,-75,13,76,DL,
2026-02-15T14:42:07.982902,127534,1,2230,-74,12,77,DL,
2026-02-15T14:42:08.082262,127634,1,2231,-74,12,77,DL,
2026-02-15T14:42:08.181077,127734,1,2232,-74,12,78,DL,
2026-02-15T14:42:08.280810,127834,1,2233,0,0,77,NONE,
2026-02-15T14:42:08.381090,127934,1,2234,-74,12,78,DL,
2026-02-15T14:42:08.478713,128034,1,2235,0,0,77,NONE,
2026-02-15T14:42:08.578507,128135,1,2236,-73,12,78,DL,
2026-02-15T14:42:08.677810,128235,1,2237,0,0,77,NONE,
2026-02-15T14:42:08.777906,128335,1,2238,-74,12,77,DL,
2026-02-15T14:42:08.877199,128436,1,2239,-75,12,77,DL,
2026-02-15T14:42:08.976303,128536,1,2240,-76,12,77,DL,
2026-02-15T14:42:09.075599,128636,1,2241,0,0,76,NONE,
2026-02-15T14:42:09.174198,128736,1,2242,-76,12,77,DL,
2026-02-15T14:42:09.274642,128837,1,2243,-76,13,77,DL,
2026-02-15T14:42:09.373913,128937,1,2244,-75,12,78,DL,
2026-02-15T14:42:09.472889,129037,1,2245,-75,12,78,DL,
2026-02-15T14:42:09.572656,129137,1,2246,-74,12,78,DL,
2026-02-15T14:42:09.671407,129237,1,2247,0,0,77,NONE,
2026-02-15T14:42:09.770554,129338,1,2248,-73,12,78,DL,
2026-02-15T14:42:09.869717,129438,1,2249,-74,11,78,DL,
2026-02-15T14:42:09.969942,129538,1,2250,-74,11,78,DL,
2026-02-15T14:42:10.068579,129638,1,2251,-73,12,78,DL,
2026-02-15T14:42:10.168703,129739,1,2252,-74,11,79,DL,
2026-02-15T14:42:10.267528,129839,1,2253,-74,13,80,DL,
2026-02-15T14:42:10.367279,129939,1,2254,-76,13,80,DL,
2026-02-15T14:42:10.466450,130039,1,2255,0,0,80,NONE,
2026-02-15T14:42:10.565397,130139,1,2256,0,0,79,NONE,
2026-02-15T14:42:10.664716,130239,1,2257,0,0,78,NONE,
2026-02-15T14:42:10.763618,130339,1,2258,0,0,77,NONE,
2026-02-15T14:42:10.864067,130440,1,2259,-75,13,78,DL,
2026-02-15T14:42:10.962522,130541,1,2260,-76,12,79,DL,
2026-02-15T14:42:11.062761,130641,1,2261,-77,12,80,DL,
2026-02-15T14:42:11.161971,130741,1,2262,-76,12,80,DL,
2026-02-15T14:42:11.261039,130841,1,2263,0,0,79,NONE,
2026-02-15T14:42:11.360981,130942,1,2264,-74,12,79,DL,
2026-02-15T14:42:11.460132,131042,1,2265,-72,12,79,DL,
2026-02-15T14:42:11.559651,131142,1,2266,-71,12,79,DL,
2026-02-15T14:42:11.658756,131242,1,2267,0,0,79,NONE,
2026-02-15T14:42:11.758277,131343,1,2268,-73,13,79,DL,
2026-02-15T14:42:11.857429,131443,1,2269,-74,12,79,DL,
2026-02-15T14:42:11.957679,131543,1,2270,0,0,78,NONE,
2026-02-15T14:42:12.056326,131643,1,2271,-75,12,78,DL,
2026-02-15T14:42:12.155951,131744,1,2272,-76,12,79,DL,
2026-02-15T14:42:12.255936,131844,1,2273,0,0,78,NONE,
2026-02-15T14:42:12.353997,131944,1,2274,0,0,77,NONE,
2026-02-15T14:42:12.453802,132044,1,2275,-74,11,77,DL,
2026-02-15T14:42:12.553059,132145,1,2276,-74,12,77,DL,
2026-02-15T14:42:12.652448,132245,1,2277,0,0,76,NONE,
2026-02-15T14:42:12.751501,132345,1,2278,-74,12,76,DL,
2026-02-15T14:42:12.851150,132445,1,2279,-74,12,76,DL,
2026-02-15T14:42:12.950206,132545,1,2280,0,0,75,NONE,
2026-02-15T14:42:13.049680,132646,1,2281,-75,12,75,DL,
2026-02-15T14:42:13.149163,132746,1,2282,-75,11,75,DL,
2026-02-15T14:42:13.248167,132846,1,2283,-74,12,75,DL,
2026-02-15T14:42:13.347327,132946,1,2284,0,0,74,NONE,
2026-02-15T14:42:13.446581,133047,1,2285,-74,11,74,DL,
2026-02-15T14:42:13.546818,133147,1,2286,-72,12,75,DL,
2026-02-15T14:42:13.645822,133247,1,2287,-72,12,76,DL,
2026-02-15T14:42:13.745512,133347,1,2288,-74,11,77,DL,
2026-02-15T14:42:13.844371,133447,1,2289,0,0,77,NONE,
2026-02-15T14:42:13.944083,133548,1,2290,-74,11,77,DL,
2026-02-15T14:42:14.043325,133648,1,2291,-74,11,77,DL,
2026-02-15T14:42:14.141593,133748,1,2292,-71,13,77,DL,
2026-02-15T14:42:14.246678,133849,1,2293,-74,12,77,DL,
2026-02-15T14:42:14.341179,133949,1,2294,0,0,76,NONE,
2026-02-15T14:42:14.440898,134049,1,2295,-74,12,76,DL,
2026-02-15T14:42:14.539250,134149,1,2296,-73,13,76,DL,
2026-02-15T14:42:14.638869,134250,1,2297,-75,12,76,DL,
2026-02-15T14:42:14.738919,134350,1,2298,-73,12,76,DL,
2026-02-15T14:42:14.837989,134450,1,2299,-71,12,76,DL,
2026-02-15T14:42:14.936659,134550,1,2300,-74,10,76,DL,
2026-02-15T14:42:15.036928,134651,1,2301,-72,12,76,DL,
2026-02-15T14:42:15.136067,134751,1,2302,-73,11,77,DL,
2026-02-15T14:42:15.235163,134851,1,2303,0,0,76,NONE,
2026-02-15T14:42:15.334284,134951,1,2304,-73,12,76,DL,
2026-02-15T14:42:15.434154,135051,1,2305,0,0,75,NONE,
2026-02-15T14:42:15.533466,135152,1,2306,-71,13,75,DL,
2026-02-15T14:42:15.633310,135252,1,2307,-74,11,75,DL,
2026-02-15T14:42:15.732353,135352,1,2308,-71,12,76,DL,
2026-02-15T14:42:15.831945,135453,1,2309,-74,10,76,DL,
2026-02-15T14:42:15.931023,135553,1,2310,0,0,75,NONE,
2026-02-15T14:42:16.033459,135653,1,2311,0,0,74,NONE,
2026-02-15T14:42:16.129773,135753,1,2312,0,0,74,NONE,
2026-02-15T14:42:16.228221,135853,1,2313,0,0,73,NONE,
2026-02-15T14:42:16.328453,135954,1,2314,-74,11,73,DL,
2026-02-15T14:42:16.428404,136054,1,2315,-73,12,73,DL,
2026-02-15T14:42:16.527227,136154,1,2316,-73,10,74,DL,
2026-02-15T14:42:16.626560,136254,1,2317,-72,13,74,DL,
2026-02-15T14:42:16.726210,136355,1,2318,-73,10,74,DL,
2026-02-15T14:42:16.824693,136455,1,2319,-73,10,74,DL,
2026-02-15T14:42:16.924083,136555,1,2320,0,0,73,NONE,
2026-02-15T14:42:17.024207,136655,1,2321,-73,12,73,DL,
2026-02-15T14:42:17.123129,136756,1,2322,-68,12,73,DL,
2026-02-15T14:42:17.222406,136856,1,2323,-69,12,73,DL,
2026-02-15T14:42:17.321749,136956,1,2324,-73,9,73,DL,
2026-02-15T14:42:17.420590,137056,1,2325,-70,9,73,DL,
2026-02-15T14:42:17.520520,137156,1,2326,0,0,72,NONE,
2026-02-15T14:42:17.620186,137257,1,2327,-72,13,73,DL,
2026-02-15T14:42:17.719184,137357,1,2328,0,0,72,NONE,
2026-02-15T14:42:17.818755,137457,1,2329,-72,12,72,DL,
2026-02-15T14:42:17.918496,137558,1,2330,-71,12,72,DL,
2026-02-15T14:42:18.017516,137658,1,2331,-70,12,72,DL,
2026-02-15T14:42:18.117065,137758,1,2332,-73,10,72,DL,
2026-02-15T14:42:18.216249,137858,1,2333,-73,10,73,DL,
2026-02-15T14:42:18.315598,137959,1,2334,-73,10,73,DL,
2026-02-15T14:42:18.415077,138059,1,2335,-73,9,74,DL,
2026-02-15T14:42:18.514260,138159,1,2336,0,0,73,NONE,
2026-02-15T14:42:18.612677,138259,1,2337,-73,9,74,DL,
2026-02-15T14:42:18.712454,138359,1,2338,0,0,73,NONE,
2026-02-15T14:42:18.812115,138459,1,2339,0,0,72,NONE,
2026-02-15T14:42:18.911666,138560,1,2340,-69,12,72,DL,
2026-02-15T14:42:19.011259,138660,1,2341,-69,12,73,DL,
2026-02-15T14:42:19.110510,138760,1,2342,0,0,72,NONE,
2026-02-15T14:42:19.210070,138861,1,2343,-71,13,72,DL,
2026-02-15T14:42:19.309081,138961,1,2344,0,0,71,NONE,
2026-02-15T14:42:19.408021,139061,1,2345,0,0,70,NONE,
2026-02-15T14:42:19.507276,139161,1,2346,0,0,69,NONE,
2026-02-15T14:42:19.606563,139261,1,2347,0,0,69,NONE,
2026-02-15T14:42:19.706534,139362,1,2348,-70,12,69,DL,
2026-02-15T14:42:19.806063,139462,1,2349,-70,13,69,DL,
2026-02-15T14:42:19.905289,139563,1,2350,-73,9,69,DL,
2026-02-15T14:42:20.004620,139663,1,2351,-70,13,69,DL,
2026-02-15T14:42:20.103745,139763,1,2352,-67,12,69,DL,
2026-02-15T14:42:20.202761,139863,1,2353,-68,12,69,DL,
2026-02-15T14:42:20.302669,139964,1,2354,-69,12,69,DL,
2026-02-15T14:42:20.401573,140064,1,2355,-70,12,70,DL,
2026-02-15T14:42:20.501538,140164,1,2356,0,0,70,NONE,
2026-02-15T14:42:20.600622,140264,1,2357,-70,12,71,DL,
2026-02-15T14:42:20.700320,140365,1,2358,-68,12,72,DL,
2026-02-15T14:42:20.799486,140465,1,2359,-69,12,72,DL,
2026-02-15T14:42:20.898436,140565,1,2360,-68,12,72,DL,
2026-02-15T14:42:20.998163,140665,1,2361,0,0,71,NONE,
2026-02-15T14:42:21.097594,140766,1,2362,-68,11,71,DL,
2026-02-15T14:42:21.196705,140866,1,2363,0,0,71,NONE,
2026-02-15T14:42:21.295764,140966,1,2364,-68,13,71,DL,
2026-02-15T14:42:21.395479,141066,1,2365,-73,8,71,DL,
2026-02-15T14:42:21.494546,141167,1,2366,-73,8,71,DL,
2026-02-15T14:42:21.594349,141267,1,2367,0,0,71,NONE,
2026-02-15T14:42:21.693366,141367,1,2368,-73,10,71,DL,
2026-02-15T14:42:21.793172,141467,1,2369,-72,13,71,DL,
2026-02-15T14:42:21.892468,141568,1,2370,-70,12,72,DL,
2026-02-15T14:42:21.991749,141668,1,2371,-73,9,72,DL,
2026-02-15T14:42:22.091368,141768,1,2372,-73,9,72,DL,
2026-02-15T14:42:22.190534,141868,1,2373,-69,12,73,DL,
2026-02-15T14:42:22.289689,141968,1,2374,0,0,73,NONE,
2026-02-15T14:42:22.389662,142069,1,2375,-71,11,73,DL,
2026-02-15T14:42:22.488488,142169,1,2376,-69,12,73,DL,
2026-02-15T14:42:22.587938,142269,1,2377,-68,12,74,DL,
2026-02-15T14:42:22.687253,142370,1,2378,-68,12,74,DL,
2026-02-15T14:42:22.786782,142470,1,2379,-73,9,74,DL,
2026-02-15T14:42:22.886201,142570,1,2380,0,0,74,NONE,
2026-02-15T14:42:22.985236,142670,1,2381,0,0,73,NONE,
2026-02-15T14:42:23.084255,142770,1,2382,0,0,72,NONE,
2026-02-15T14:42:23.184178,142871,1,2383,-67,12,72,DL,
2026-02-15T14:42:23.283584,142971,1,2384,-66,13,73,DL,
2026-02-15T14:42:23.383220,143071,1,2385,-66,12,73,DL,
2026-02-15T14:42:23.482154,143171,1,2386,0,0,72,NONE,
2026-02-15T14:42:23.581461,143271,1,2387,0,0,71,NONE,
2026-02-15T14:42:23.685882,143372,1,2388,-65,12,71,DL,
2026-02-15T14:42:23.780438,143472,1,2389,-67,9,72,DL,
2026-02-15T14:42:23.880020,143572,1,2390,-65,11,72,DL,
2026-02-15T14:42:23.979289,143673,1,2391,-63,13,72,DL,
2026-02-15T14:42:24.078453,143773,1,2392,0,0,71,NONE,
2026-02-15T14:42:24.177885,143873,1,2393,-73,7,71,DL,
2026-02-15T14:42:24.277237,143973,1,2394,0,0,71,NONE,
2026-02-15T14:42:24.376290,144073,1,2395,0,0,70,NONE,
2026-02-15T14:42:24.475646,144174,1,2396,-65,11,70,DL,
2026-02-15T14:42:24.575283,144274,1,2397,0,0,69,NONE,
2026-02-15T14:42:24.674922,144374,1,2398,-67,12,69,DL,
2026-02-15T14:42:24.774310,144475,1,2399,-66,13,69,DL,
2026-02-15T14:42:24.872879,144575,1,2400,0,0,68,NONE,
2026-02-15T14:42:24.971820,144675,1,2401,0,0,67,NONE,
2026-02-15T14:42:25.071479,144775,1,2402,0,0,66,NONE,
2026-02-15T14:42:25.171502,144876,1,2403,-65,12,67,DL,
2026-02-15T14:42:25.270534,144976,1,2404,0,0,66,NONE,
2026-02-15T14:42:25.370329,145076,1,2405,-65,12,67,DL,
2026-02-15T14:42:25.471943,145176,1,2406,-65,10,67,DL,
2026-02-15T14:42:25.569048,145277,1,2407,-73,7,67,DL,
2026-02-15T14:42:25.668341,145377,1,2408,-65,12,67,DL,
2026-02-15T14:42:25.766705,145477,1,2409,-73,7,67,DL,
2026-02-15T14:42:25.866619,145577,1,2410,0,0,67,NONE,
2026-02-15T14:42:25.966321,145678,1,2411,-65,11,68,DL,
2026-02-15T14:42:26.065567,145778,1,2412,-73,8,69,DL,
2026-02-15T14:42:26.164903,145878,1,2413,0,0,69,NONE,
2026-02-15T14:42:26.264041,145978,1,2414,0,0,68,NONE,
2026-02-15T14:42:26.363141,146078,1,2415,0,0,67,NONE,
2026-02-15T14:42:26.463310,146179,1,2416,-66,13,67,DL,
2026-02-15T14:42:26.562195,146279,1,2417,0,0,66,NONE,
2026-02-15T14:42:26.662284,146379,1,2418,-66,12,66,DL,
2026-02-15T14:42:26.760694,146480,1,2419,-66,11,66,DL,
2026-02-15T14:42:26.860168,146580,1,2420,0,0,66,NONE,
2026-02-15T14:42:26.959080,146680,1,2421,0,0,65,NONE,
2026-02-15T14:42:27.058556,146780,1,2422,0,0,64,NONE,
2026-02-15T14:42:27.157568,146880,1,2423,0,0,63,NONE,
2026-02-15T14:42:27.256944,146980,1,2424,0,0,62,NONE,
2026-02-15T14:42:27.357121,147081,1,2425,-67,12,62,DL,
2026-02-15T14:42:27.456584,147181,1,2426,0,0,62,NONE,
2026-02-15T14:42:27.556399,147282,1,2427,-67,11,62,DL,
2026-02-15T14:42:27.655373,147382,1,2428,0,0,62,NONE,
2026-02-15T14:42:27.754697,147482,1,2429,-67,13,62,DL,
2026-02-15T14:42:27.854049,147582,1,2430,-67,12,62,DL,
2026-02-15T14:42:27.953624,147683,1,2431,-67,12,62,DL,
2026-02-15T14:42:28.052330,147783,1,2432,-66,12,62,DL,
2026-02-15T14:42:28.151988,147883,1,2433,0,0,61,NONE,
2026-02-15T14:42:28.251372,147983,1,2434,0,0,60,NONE,
2026-02-15T14:42:28.349981,148083,1,2435,0,0,59,NONE,
2026-02-15T14:42:28.449108,148183,1,2436,0,0,59,NONE,
2026-02-15T14:42:28.549516,148284,1,2437,-66,12,59,DL,
2026-02-15T14:42:28.649095,148384,1,2438,-66,12,60,DL,
2026-02-15T14:42:28.748123,148484,1,2439,0,0,60,NONE,
2026-02-15T14:42:28.847388,148585,1,2440,-66,12,60,DL,
2026-02-15T14:42:28.947129,148685,1,2441,-67,12,60,DL,
2026-02-15T14:42:29.046196,148785,1,2442,-73,8,61,DL,
2026-02-15T14:42:29.146013,148886,1,2443,-67,12,61,DL,
2026-02-15T14:42:29.245416,148986,1,2444,-67,12,62,DL,
2026-02-15T14:42:29.344065,149086,1,2445,0,0,62,NONE,
2026-02-15T14:42:29.443484,149186,1,2446,0,0,62,NONE,
2026-02-15T14:42:29.542643,149287,1,2447,-68,12,63,DL,
2026-02-15T14:42:29.642681,149387,1,2448,-67,12,63,DL,
2026-02-15T14:42:29.741696,149487,1,2449,0,0,62,NONE,
2026-02-15T14:42:29.841461,149587,1,2450,-67,13,62,DL,
2026-02-15T14:42:29.940907,149688,1,2451,-67,12,62,DL,
2026-02-15T14:42:30.040110,149788,1,2452,-73,8,62,DL,
2026-02-15T14:42:30.139541,149888,1,2453,-73,7,62,DL,
2026-02-15T14:42:30.238962,149988,1,2454,0,0,61,NONE,
2026-02-15T14:42:30.337900,150089,1,2455,-67,13,61,DL,
2026-02-15T14:42:30.437697,150189,1,2456,-68,11,62,DL,
2026-02-15T14:42:30.536695,150289,1,2457,0,0,61,NONE,
2026-02-15T14:42:30.635756,150389,1,2458,0,0,60,NONE,
2026-02-15T14:42:30.734902,150489,1,2459,0,0,59,NONE,
2026-02-15T14:42:30.834371,150590,1,2460,-68,12,59,DL,
2026-02-15T14:42:30.934304,150690,1,2461,-73,8,60,DL,
2026-02-15T14:42:31.033120,150790,1,2462,-69,12,60,DL,
2026-02-15T14:42:31.132736,150890,1,2463,-73,9,61,DL,
2026-02-15T14:42:31.232201,150991,1,2464,-68,12,61,DL,
2026-02-15T14:42:31.331764,151091,1,2465,-73,8,61,DL,
2026-02-15T14:42:31.430989,151191,1,2466,-73,8,61,DL,
2026-02-15T14:42:31.530639,151291,1,2467,-66,12,62,DL,
2026-02-15T14:42:31.629129,151391,1,2468,0,0,61,NONE,
2026-02-15T14:42:31.728956,151491,1,2469,0,0,60,NONE,
2026-02-15T14:42:31.828821,151592,1,2470,-73,8,60,DL,
2026-02-15T14:42:31.927775,151692,1,2471,0,0,59,NONE,
2026-02-15T14:42:32.027543,151793,1,2472,-66,12,59,DL,
2026-02-15T14:42:32.125944,151893,1,2473,0,0,58,NONE,
2026-02-15T14:42:32.225578,151993,1,2474,0,0,58,NONE,
2026-02-15T14:42:32.325559,152093,1,2475,-73,8,58,DL,
2026-02-15T14:42:32.424609,152193,1,2476,0,0,57,NONE,
2026-02-15T14:42:32.524253,152294,1,2477,-67,11,57,DL,
2026-02-15T14:42:32.622527,152394,1,2478,0,0,56,NONE,
2026-02-15T14:42:32.722802,152494,1,2479,-73,8,56,DL,
2026-02-15T14:42:32.822117,152595,1,2480,-67,12,57,DL,
2026-02-15T14:42:32.920844,152695,1,2481,-67,12,58,DL,
2026-02-15T14:42:33.020821,152795,1,2482,0,0,58,NONE,
2026-02-15T14:42:33.120196,152895,1,2483,-73,8,58,DL,
2026-02-15T14:42:33.219632,152996,1,2484,-66,11,58,DL,
2026-02-15T14:42:33.318816,153096,1,2485,0,0,57,NONE,
2026-02-15T14:42:33.418347,153196,1,2486,-68,11,58,DL,
2026-02-15T14:42:33.517602,153296,1,2487,0,0,58,NONE,
2026-02-15T14:42:33.617210,153397,1,2488,-66,13,58,DL,
2026-02-15T14:42:33.715933,153497,1,2489,0,0,57,NONE,
2026-02-15T14:42:33.815046,153597,1,2490,0,0,56,NONE,
2026-02-15T14:42:33.914882,153697,1,2491,-66,12,56,DL,
2026-02-15T14:42:34.013988,153797,1,2492,0,0,56,NONE,
2026-02-15T14:42:34.113233,153898,1,2493,-65,12,56,DL,
2026-02-15T14:42:34.213138,153998,1,2494,-66,12,57,DL,
2026-02-15T14:42:34.312672,154098,1,2495,-66,12,58,DL,
2026-02-15T14:42:34.410538,154198,1,2496,0,0,57,NONE,
2026-02-15T14:42:34.511046,154299,1,2497,-68,12,58,DL,
2026-02-15T14:42:34.610333,154399,1,2498,0,0,57,NONE,
2026-02-15T14:42:34.709244,154499,1,2499,0,0,56,NONE,
2026-02-15T14:42:34.808874,154600,1,2500,-67,13,57,DL,
2026-02-15T14:42:34.911058,154700,1,2501,0,0,57,NONE,
2026-02-15T14:42:35.008306,154800,1,2502,-69,11,58,DL,
2026-02-15T14:42:35.107351,154900,1,2503,0,0,57,NONE,
2026-02-15T14:42:35.206626,155000,1,2504,0,0,57,NONE,
2026-02-15T14:42:35.306110,155101,1,2505,-67,13,57,DL,
2026-02-15T14:42:35.405218,155201,1,2506,-68,11,57,DL,
2026-02-15T14:42:35.503822,155301,1,2507,-67,12,57,DL,
2026-02-15T14:42:35.604188,155402,1,2508,-67,12,57,DL,
2026-02-15T14:42:35.703642,155502,1,2509,-68,13,57,DL,
2026-02-15T14:42:35.802726,155602,1,2510,0,0,57,NONE,
2026-02-15T14:42:35.902404,155702,1,2511,-67,12,57,DL,
2026-02-15T14:42:36.001347,155802,1,2512,0,0,56,NONE,
2026-02-15T14:42:36.100695,155902,1,2513,0,0,56,NONE,
2026-02-15T14:42:36.198989,156002,1,2514,0,0,56,NONE,
2026-02-15T14:42:36.299343,156103,1,2515,-68,10,57,DL,
2026-02-15T14:42:36.399003,156204,1,2516,-70,10,57,DL,
2026-02-15T14:42:36.498135,156304,1,2517,0,0,57,NONE,
2026-02-15T14:42:36.597747,156404,1,2518,-73,8,57,DL,
2026-02-15T14:42:36.698888,156504,1,2519,-66,13,57,DL,
2026-02-15T14:42:36.796162,156604,1,2520,0,0,57,NONE,
2026-02-15T14:42:36.895706,156705,1,2521,-66,13,58,DL,
2026-02-15T14:42:36.995242,156805,1,2522,-73,8,59,DL,
2026-02-15T14:42:37.094074,156905,1,2523,0,0,59,NONE,
2026-02-15T14:42:37.194005,157006,1,2524,-66,13,60,DL,
2026-02-15T14:42:37.293042,157106,1,2525,-65,12,60,DL,
2026-02-15T14:42:37.392369,157206,1,2526,-66,13,61,DL,
2026-02-15T14:42:37.491470,157306,1,2527,-67,13,61,DL,
2026-02-15T14:42:37.591093,157406,1,2528,0,0,61,NONE,
2026-02-15T14:42:37.690288,157506,1,2529,0,0,60,NONE,
2026-02-15T14:42:37.789333,157606,1,2530,0,0,59,NONE,
2026-02-15T14:42:37.889370,157707,1,2531,-66,12,59,DL,
2026-02-15T14:42:37.987823,157807,1,2532,0,0,58,NONE,
2026-02-15T14:42:38.088092,157908,1,2533,-67,12,59,DL,
2026-02-15T14:42:38.187328,158008,1,2534,-67,12,60,DL,
2026-02-15T14:42:38.286359,158108,1,2535,0,0,60,NONE,
2026-02-15T14:42:38.385433,158208,1,2536,0,0,60,NONE,
2026-02-15T14:42:38.484824,158308,1,2537,0,0,59,NONE,
2026-02-15T14:42:38.583881,158408,1,2538,0,0,58,NONE,
2026-02-15T14:42:38.684072,158509,1,2539,-70,12,59,DL,
2026-02-15T14:42:38.783635,158609,1,2540,-70,13,59,DL,
2026-02-15T14:42:38.882194,158710,1,2541,-69,12,59,DL,
2026-02-15T14:42:38.981905,158810,1,2542,0,0,58,NONE,
2026-02-15T14:42:39.081296,158910,1,2543,0,0,57,NONE,
2026-02-15T14:42:39.181089,159010,1,2544,-70,12,57,DL,
2026-02-15T14:42:39.279627,159110,1,2545,0,0,57,NONE,
2026-02-15T14:42:39.379285,159210,1,2546,0,0,57,NONE,
2026-02-15T14:42:39.478364,159310,1,2547,0,0,56,NONE,
2026-02-15T14:42:39.576656,159410,1,2548,0,0,55,NONE,
2026-02-15T14:42:39.676405,159510,1,2549,0,0,55,NONE,
2026-02-15T14:42:39.775488,159610,1,2550,0,0,54,NONE,
2026-02-15T14:42:39.876868,159712,1,2551,-69,12,54,DL,
2026-02-15T14:42:39.975785,159812,1,2552,0,0,53,NONE,
2026-02-15T14:42:40.074558,159912,1,2553,0,0,52,NONE,
2026-02-15T14:42:40.174435,160013,1,2554,-69,13,53,DL,
2026-02-15T14:42:40.273539,160113,1,2555,0,0,52,NONE,
2026-02-15T14:42:40.372973,160213,1,2556,-68,13,52,DL,
2026-02-15T14:42:40.472432,160314,1,2557,-67,12,53,DL,
2026-02-15T14:42:40.571525,160414,1,2558,0,0,53,NONE,
2026-02-15T14:42:40.671228,160514,1,2559,-67,13,54,DL,
2026-02-15T14:42:40.770327,160614,1,2560,0,0,53,NONE,
2026-02-15T14:42:40.870266,160715,1,2561,-68,12,53,DL,
2026-02-15T14:42:40.969503,160815,1,2562,-66,13,53,DL,
2026-02-15T14:42:41.070003,160915,1,2563,-73,7,53,DL,
2026-02-15T14:42:41.167976,161015,1,2564,-66,12,53,DL,
2026-02-15T14:42:41.267324,161116,1,2565,-66,12,53,DL,
2026-02-15T14:42:41.366606,161216,1,2566,-66,12,53,DL,
2026-02-15T14:42:41.466017,161316,1,2567,-67,12,53,DL,
2026-02-15T14:42:41.564981,161416,1,2568,-66,12,54,DL,
2026-02-15T14:42:41.664692,161517,1,2569,-73,8,55,DL,
2026-02-15T14:42:41.764003,161617,1,2570,0,0,54,NONE,
2026-02-15T14:42:41.863140,161717,1,2571,-65,12,55,DL,
2026-02-15T14:42:41.963191,161817,1,2572,-66,12,55,DL,
2026-02-15T14:42:42.061981,161918,1,2573,-67,11,56,DL,
2026-02-15T14:42:42.162035,162018,1,2574,-65,12,57,DL,
2026-02-15T14:42:42.260777,162118,1,2575,0,0,56,NONE,
2026-02-15T14:42:42.360339,162218,1,2576,-66,12,57,DL,
2026-02-15T14:42:42.459476,162318,1,2577,0,0,56,NONE,
2026-02-15T14:42:42.559287,162419,1,2578,-66,12,57,DL,
2026-02-15T14:42:42.658299,162519,1,2579,-66,12,57,DL,
2026-02-15T14:42:42.757620,162619,1,2580,-66,12,57,DL,
2026-02-15T14:42:42.857080,162720,1,2581,-70,9,57,DL,
2026-02-15T14:42:42.956366,162820,1,2582,-66,12,58,DL,
2026-02-15T14:42:43.055658,162920,1,2583,-66,12,58,DL,
2026-02-15T14:42:43.155105,163020,1,2584,0,0,57,NONE,
2026-02-15T14:42:43.254578,163121,1,2585,-65,12,58,DL,
2026-02-15T14:42:43.353151,163221,1,2586,0,0,57,NONE,
2026-02-15T14:42:43.453305,163321,1,2587,-65,13,58,DL,
2026-02-15T14:42:43.552626,163421,1,2588,-66,12,58,DL,
2026-02-15T14:42:43.652276,163522,1,2589,-65,12,59,DL,
2026-02-15T14:42:43.750634,163622,1,2590,-64,12,60,DL,
2026-02-15T14:42:43.850874,163722,1,2591,-65,12,60,DL,
2026-02-15T14:42:43.950369,163822,1,2592,-65,13,61,DL,
2026-02-15T14:42:44.049394,163922,1,2593,-65,12,61,DL,
2026-02-15T14:42:44.148593,164022,1,2594,0,0,60,NONE,
2026-02-15T14:42:44.248054,164123,1,2595,-65,11,60,DL,
2026-02-15T14:42:44.347037,164223,1,2596,0,0,60,NONE,
2026-02-15T14:42:44.446588,164323,1,2597,-64,12,60,DL,
2026-02-15T14:42:44.545980,164424,1,2598,-66,13,61,DL,
2026-02-15T14:42:44.645069,164524,1,2599,0,0,61,NONE,
2026-02-15T14:42:44.744192,164624,1,2600,0,0,60,NONE,
2026-02-15T14:42:44.844031,164724,1,2601,-65,12,61,DL,
2026-02-15T14:42:44.943345,164824,1,2602,0,0,60,NONE,
2026-02-15T14:42:45.043115,164925,1,2603,-65,12,61,DL,
2026-02-15T14:42:45.142161,165025,1,2604,0,0,61,NONE,
2026-02-15T14:42:45.241707,165125,1,2605,-64,12,61,DL,
2026-02-15T14:42:45.341134,165226,1,2606,-73,8,61,DL,
2026-02-15T14:42:45.440176,165326,1,2607,0,0,60,NONE,
2026-02-15T14:42:45.539235,165426,1,2608,0,0,59,NONE,
2026-02-15T14:42:45.638467,165526,1,2609,-65,12,59,DL,
2026-02-15T14:42:45.738344,165627,1,2610,-73,7,60,DL,
2026-02-15T14:42:45.837672,165727,1,2611,-68,11,60,DL,
2026-02-15T14:42:45.937316,165827,1,2612,-73,7,61,DL,
2026-02-15T14:42:46.036490,165927,1,2613,0,0,61,NONE,
2026-02-15T14:42:46.141467,166028,1,2614,-73,7,62,DL,
2026-02-15T14:42:46.234930,166128,1,2615,-73,8,62,DL,
2026-02-15T14:42:46.334281,166228,1,2616,-66,13,62,DL,
2026-02-15T14:42:46.433587,166328,1,2617,-73,8,63,DL,
2026-02-15T14:42:46.533357,166429,1,2618,-66,12,63,DL,
2026-02-15T14:42:46.631991,166529,1,2619,-73,8,63,DL,
2026-02-15T14:42:46.731728,166629,1,2620,0,0,63,NONE,
2026-02-15T14:42:46.831342,166729,1,2621,-66,12,63,DL,
2026-02-15T14:42:46.929802,166830,1,2622,-66,12,63,DL,
2026-02-15T14:42:47.030199,166930,1,2623,-66,12,64,DL,
2026-02-15T14:42:47.128531,167030,1,2624,-68,11,64,DL,
2026-02-15T14:42:47.228691,167130,1,2625,-67,12,64,DL,
2026-02-15T14:42:47.328214,167231,1,2626,-68,11,64,DL,
2026-02-15T14:42:47.426528,167331,1,2627,-67,12,64,DL,
2026-02-15T14:42:47.526768,167431,1,2628,-66,13,65,DL,
2026-02-15T14:42:47.626390,167531,1,2629,-66,13,66,DL,
2026-02-15T14:42:47.725497,167632,1,2630,-66,12,67,DL,
2026-02-15T14:42:47.824546,167732,1,2631,-65,12,67,DL,
2026-02-15T14:42:47.927273,167832,1,2632,0,0,67,NONE,
2026-02-15T14:42:48.023597,167932,1,2633,-66,12,67,DL,
2026-02-15T14:42:48.123113,168033,1,2634,-66,13,67,DL,
2026-02-15T14:42:48.222273,168133,1,2635,-66,12,68,DL,
2026-02-15T14:42:48.321651,168233,1,2636,-66,11,69,DL,
2026-02-15T14:42:48.421243,168333,1,2637,-65,12,70,DL,
2026-02-15T14:42:48.520445,168433,1,2638,0,0,70,NONE,
2026-02-15T14:42:48.619930,168534,1,2639,-73,8,70,DL,
2026-02-15T14:42:48.719276,168634,1,2640,-65,10,70,DL,
2026-02-15T14:42:48.818482,168734,1,2641,-73,7,70,DL,
2026-02-15T14:42:48.917532,168835,1,2642,-65,12,71,DL,
2026-02-15T14:42:49.016754,168935,1,2643,-73,7,72,DL,
2026-02-15T14:42:49.116558,169035,1,2644,-73,7,72,DL,
2026-02-15T14:42:49.215417,169135,1,2645,-65,11,73,DL,
2026-02-15T14:42:49.315276,169235,1,2646,0,0,73,NONE,
2026-02-15T14:42:49.414782,169336,1,2647,-65,11,74,DL,
2026-02-15T14:42:49.514288,169436,1,2648,-65,12,75,DL,
2026-02-15T14:42:49.613675,169536,1,2649,-70,8,76,DL,
2026-02-15T14:42:49.713217,169636,1,2650,0,0,76,NONE,
2026-02-15T14:42:49.812277,169737,1,2651,-65,12,76,DL,
2026-02-15T14:42:49.911332,169837,1,2652,0,0,76,NONE,
2026-02-15T14:42:50.010486,169937,1,2653,-65,12,77,DL,
2026-02-15T14:42:50.109540,170038,1,2654,-65,13,77,DL,
2026-02-15T14:42:50.209462,170138,1,2655,-66,12,78,DL,
2026-02-15T14:42:50.308878,170238,1,2656,-66,13,78,DL,
2026-02-15T14:42:50.408345,170338,1,2657,-65,12,78,DL,
2026-02-15T14:42:50.506496,170439,1,2658,-66,12,79,DL,
2026-02-15T14:42:50.606918,170539,1,2659,-73,7,79,DL,
2026-02-15T14:42:50.706327,170639,1,2660,-73,7,80,DL,
2026-02-15T14:42:50.805565,170739,1,2661,-65,11,80,DL,
2026-02-15T14:42:50.904668,170840,1,2662,-73,7,80,DL,
2026-02-15T14:42:51.004100,170940,1,2663,-65,11,80,DL,
2026-02-15T14:42:51.103780,171040,1,2664,-65,12,80,DL,
2026-02-15T14:42:51.203249,171140,1,2665,-64,12,80,DL,
2026-02-15T14:42:51.302525,171241,1,2666,-65,12,80,DL,
2026-02-15T14:42:51.401635,171341,1,2667,-70,8,80,DL,
2026-02-15T14:42:51.501245,171441,1,2668,0,0,79,NONE,
2026-02-15T14:42:51.600014,171541,1,2669,0,0,78,NONE,
2026-02-15T14:42:51.699347,171641,1,2670,0,0,78,NONE,
2026-02-15T14:42:51.798335,171741,1,2671,0,0,77,NONE,
2026-02-15T14:42:51.898350,171842,1,2672,-65,11,77,DL,
2026-02-15T14:42:51.998060,171942,1,2673,-73,7,77,DL,
2026-02-15T14:42:52.096888,172042,1,2674,0,0,76,NONE,
2026-02-15T14:42:52.196587,172143,1,2675,-67,12,77,DL,
2026-02-15T14:42:52.295330,172243,1,2676,-70,9,77,DL,
2026-02-15T14:42:52.394729,172343,1,2677,0,0,77,NONE,
2026-02-15T14:42:52.494046,172443,1,2678,0,0,76,NONE,
2026-02-15T14:42:52.593807,172544,1,2679,-70,8,76,DL,
2026-02-15T14:42:52.693370,172644,1,2680,-65,13,76,DL,
2026-02-15T14:42:52.792098,172744,1,2681,-70,8,76,DL,
2026-02-15T14:42:52.891927,172844,1,2682,-64,12,76,DL,
2026-02-15T14:42:52.991387,172945,1,2683,-70,8,76,DL,
2026-02-15T14:42:53.090329,173045,1,2684,0,0,76,NONE,
2026-02-15T14:42:53.189345,173145,1,2685,0,0,75,NONE,
2026-02-15T14:42:53.288985,173245,1,2686,-65,12,76,DL,
2026-02-15T14:42:53.388607,173346,1,2687,-73,7,76,DL,
2026-02-15T14:42:53.488098,173446,1,2688,-65,12,76,DL,
2026-02-15T14:42:53.587061,173546,1,2689,0,0,75,NONE,
2026-02-15T14:42:53.686677,173646,1,2690,-65,12,75,DL,
2026-02-15T14:42:53.785764,173747,1,2691,-65,11,75,DL,
2026-02-15T14:42:53.884818,173847,1,2692,0,0,74,NONE,
2026-02-15T14:42:53.984752,173947,1,2693,-65,13,74,DL,
2026-02-15T14:42:54.083401,174047,1,2694,0,0,74,NONE,
2026-02-15T14:42:54.183660,174148,1,2695,-68,10,74,DL,
2026-02-15T14:42:54.282974,174248,1,2696,-66,12,75,DL,
2026-02-15T14:42:54.382397,174348,1,2697,-65,13,75,DL,
2026-02-15T14:42:54.481655,174448,1,2698,-66,13,75,DL,
2026-02-15T14:42:54.580330,174548,1,2699,0,0,75,NONE,
2026-02-15T14:42:54.680452,174649,1,2700,-65,13,76,DL,
2026-02-15T14:42:54.779760,174749,1,2701,-65,12,76,DL,
2026-02-15T14:42:54.878292,174849,1,2702,-65,12,77,DL,
2026-02-15T14:42:54.977893,174950,1,2703,-65,12,77,DL,
2026-02-15T14:42:55.077102,175050,1,2704,-65,12,78,DL,
2026-02-15T14:42:55.176888,175150,1,2705,-65,13,78,DL,
2026-02-15T14:42:55.275971,175250,1,2706,0,0,77,NONE,
2026-02-15T14:42:55.375074,175351,1,2707,-67,10,78,DL,
2026-02-15T14:42:55.475150,175451,1,2708,-66,12,79,DL,
2026-02-15T14:42:55.574469,175551,1,2709,0,0,78,NONE,
2026-02-15T14:42:55.673260,175651,1,2710,-66,11,78,DL,
2026-02-15T14:42:55.772929,175752,1,2711,-66,13,78,DL,
2026-02-15T14:42:55.872265,175852,1,2712,-66,12,78,DL,
2026-02-15T14:42:55.971887,175952,1,2713,-66,12,79,DL,
2026-02-15T14:42:56.071461,176052,1,2714,-65,12,79,DL,
2026-02-15T14:42:56.170498,176152,1,2715,0,0,78,NONE,
2026-02-15T14:42:56.269945,176253,1,2716,-65,11,78,DL,
2026-02-15T14:42:56.368302,176353,1,2717,-65,12,78,DL,
2026-02-15T14:42:56.467939,176453,1,2718,-73,7,78,DL,
2026-02-15T14:42:56.568853,176554,1,2719,-66,12,78,DL,
2026-02-15T14:42:56.667514,176654,1,2720,-73,8,79,DL,
2026-02-15T14:42:56.766741,176754,1,2721,-65,13,79,DL,
2026-02-15T14:42:56.865331,176854,1,2722,0,0,78,NONE,
2026-02-15T14:42:56.965554,176955,1,2723,-66,12,78,DL,
2026-02-15T14:42:57.064764,177055,1,2724,0,0,77,NONE,
2026-02-15T14:42:57.163417,177155,1,2725,0,0,76,NONE,
2026-02-15T14:42:57.262591,177255,1,2726,0,0,75,NONE,
2026-02-15T14:42:57.365372,177356,1,2727,-67,12,75,DL,
2026-02-15T14:42:57.461723,177456,1,2728,0,0,74,NONE,
2026-02-15T14:42:57.561378,177556,1,2729,-68,12,74,DL,
2026-02-15T14:42:57.660698,177657,1,2730,-66,12,74,DL,
2026-02-15T14:42:57.759254,177757,1,2731,-73,7,74,DL,
2026-02-15T14:42:57.859591,177857,1,2732,-70,9,75,DL,
2026-02-15T14:42:57.959237,177957,1,2733,-66,13,75,DL,
2026-02-15T14:42:58.058563,178058,1,2734,-73,7,75,DL,
2026-02-15T14:42:58.157761,178158,1,2735,-66,12,75,DL,
2026-02-15T14:42:58.256879,178258,1,2736,0,0,74,NONE,
2026-02-15T14:42:58.355797,178358,1,2737,-68,11,74,DL,
2026-02-15T14:42:58.455886,178459,1,2738,-66,13,75,DL,
2026-02-15T14:42:58.555117,178559,1,2739,0,0,74,NONE,
2026-02-15T14:42:58.654048,178659,1,2740,-68,11,74,DL,
2026-02-15T14:42:58.753731,178759,1,2741,-66,13,74,DL,
2026-02-15T14:42:58.853290,178860,1,2742,-66,12,74,DL,
2026-02-15T14:42:58.952934,178960,1,2743,-66,13,74,DL,
2026-02-15T14:42:59.052215,179060,1,2744,-65,12,74,DL,
2026-02-15T14:42:59.150820,179160,1,2745,-66,13,74,DL,
2026-02-15T14:42:59.250627,179260,1,2746,0,0,74,NONE,
2026-02-15T14:42:59.349663,179360,1,2747,0,0,73,NONE,
2026-02-15T14:42:59.448381,179460,1,2748,0,0,72,NONE,
2026-02-15T14:42:59.548874,179561,1,2749,-68,11,72,DL,
2026-02-15T14:42:59.647823,179661,1,2750,0,0,72,NONE,
2026-02-15T14:42:59.747013,179761,1,2751,0,0,71,NONE,
2026-02-15T14:42:59.846355,179862,1,2752,-66,12,72,DL,
2026-02-15T14:42:59.946195,179962,1,2753,-66,12,72,DL,
2026-02-15T14:43:00.045672,180063,1,2754,-65,11,72,DL,
2026-02-15T14:43:00.144679,180163,1,2755,0,0,71,NONE,
2026-02-15T14:43:00.244307,180263,1,2756,-68,11,71,DL,
2026-02-15T14:43:00.343732,180363,1,2757,-66,13,71,DL,
2026-02-15T14:43:00.442451,180464,1,2758,-73,7,71,DL,
2026-02-15T14:43:00.542253,180564,1,2759,0,0,70,NONE,
2026-02-15T14:43:00.641168,180664,1,2760,0,0,69,NONE,
2026-02-15T14:43:00.741062,180764,1,2761,-73,7,69,DL,
2026-02-15T14:43:00.840075,180864,1,2762,0,0,68,NONE,
2026-02-15T14:43:00.940808,180965,1,2763,-68,10,68,DL,
2026-02-15T14:43:01.038925,181065,1,2764,0,0,67,NONE,
2026-02-15T14:43:01.138342,181165,1,2765,-67,12,67,DL,
2026-02-15T14:43:01.237968,181266,1,2766,-66,13,67,DL,
2026-02-15T14:43:01.336265,181366,1,2767,0,0,66,NONE,
2026-02-15T14:43:01.436708,181466,1,2768,-68,12,67,DL,
2026-02-15T14:43:01.535980,181566,1,2769,-66,13,68,DL,
2026-02-15T14:43:01.635231,181667,1,2770,-66,13,69,DL,
2026-02-15T14:43:01.734576,181767,1,2771,-66,13,70,DL,
2026-02-15T14:43:01.833977,181867,1,2772,-67,11,70,DL,
2026-02-15T14:43:01.933189,181967,1,2773,-66,12,70,DL,
2026-02-15T14:43:02.032717,182068,1,2774,-66,13,71,DL,
2026-02-15T14:43:02.131751,182168,1,2775,0,0,70,NONE,
2026-02-15T14:43:02.230580,182268,1,2776,-68,11,70,DL,
2026-02-15T14:43:02.330788,182369,1,2777,-66,13,71,DL,
2026-02-15T14:43:02.430206,182469,1,2778,-66,12,72,DL,
2026-02-15T14:43:02.529284,182569,1,2779,-68,11,72,DL,
2026-02-15T14:43:02.628784,182669,1,2780,-67,13,72,DL,
2026-02-15T14:43:02.728037,182770,1,2781,-66,12,72,DL,
2026-02-15T14:43:02.826362,182870,1,2782,0,0,71,NONE,
2026-02-15T14:43:02.926187,182970,1,2783,0,0,70,NONE,
2026-02-15T14:43:03.026017,183070,1,2784,-73,8,71,DL,
2026-02-15T14:43:03.125373,183171,1,2785,-67,13,72,DL,
2026-02-15T14:43:03.224240,183271,1,2786,0,0,71,NONE,
2026-02-15T14:43:03.323764,183371,1,2787,0,0,70,NONE,
2026-02-15T14:43:03.423239,183471,1,2788,-67,12,70,DL,
2026-02-15T14:43:03.522275,183571,1,2789,0,0,70,NONE,
2026-02-15T14:43:03.621778,183671,1,2790,0,0,69,NONE,
2026-02-15T14:43:03.721459,183772,1,2791,-68,11,69,DL,
2026-02-15T14:43:03.820798,183872,1,2792,0,0,69,NONE,
2026-02-15T14:43:03.920336,183973,1,2793,-67,13,69,DL,
2026-02-15T14:43:04.018668,184073,1,2794,0,0,69,NONE,
2026-02-15T14:43:04.118308,184173,1,2795,0,0,68,NONE,
2026-02-15T14:43:04.218283,184273,1,2796,-68,12,68,DL,
2026-02-15T14:43:04.317500,184374,1,2797,-73,8,68,DL,
2026-02-15T14:43:04.417070,184474,1,2798,-67,13,68,DL,
2026-02-15T14:43:04.515963,184574,1,2799,-73,8,69,DL,
2026-02-15T14:43:04.615159,184674,1,2800,0,0,68,NONE,
2026-02-15T14:43:04.714197,184775,1,2801,-68,11,68,DL,
2026-02-15T14:43:04.813738,184875,1,2802,-67,13,68,DL,
2026-02-15T14:43:04.913127,184975,1,2803,0,0,67,NONE,
2026-02-15T14:43:05.012469,185075,1,2804,0,0,66,NONE,
2026-02-15T14:43:05.112296,185176,1,2805,-66,12,66,DL,
2026-02-15T14:43:05.211432,185276,1,2806,0,0,66,NONE,
2026-02-15T14:43:05.310709,185376,1,2807,-73,8,66,DL,
2026-02-15T14:43:05.410722,185476,1,2808,-66,12,66,DL,
2026-02-15T14:43:05.509553,185576,1,2809,0,0,66,NONE,
2026-02-15T14:43:05.608913,185676,1,2810,0,0,65,NONE,
2026-02-15T14:43:05.708497,185777,1,2811,-73,8,65,DL,
2026-02-15T14:43:05.807487,185877,1,2812,-66,13,65,DL,
2026-02-15T14:43:05.907209,185978,1,2813,-66,12,65,DL,
2026-02-15T14:43:06.006535,186078,1,2814,-66,12,65,DL,
2026-02-15T14:43:06.105757,186178,1,2815,-68,12,66,DL,
2026-02-15T14:43:06.204699,186278,1,2816,-73,8,66,DL,
2026-02-15T14:43:06.304885,186379,1,2817,-66,13,66,DL,
2026-02-15T14:43:06.403984,186479,1,2818,-66,12,66,DL,
2026-02-15T14:43:06.503106,186579,1,2819,0,0,65,NONE,
2026-02-15T14:43:06.602586,186679,1,2820,0,0,64,NONE,
2026-02-15T14:43:06.702810,186780,1,2821,-67,14,64,DL,
2026-02-15T14:43:06.805644,186880,1,2822,0,0,64,NONE,
2026-02-15T14:43:06.901086,186980,1,2823,-68,12,64,DL,
2026-02-15T14:43:07.000218,187081,1,2824,-73,8,65,DL,
2026-02-15T14:43:07.099280,187181,1,2825,-73,7,66,DL,
2026-02-15T14:43:07.198673,187281,1,2826,-68,11,67,DL,
2026-02-15T14:43:07.298210,187381,1,2827,-66,12,67,DL,
2026-02-15T14:43:07.397430,187482,1,2828,-67,12,68,DL,
2026-02-15T14:43:07.497284,187582,1,2829,-66,13,68,DL,
2026-02-15T14:43:07.596281,187682,1,2830,0,0,67,NONE,
2026-02-15T14:43:07.695949,187782,1,2831,-66,13,67,DL,
2026-02-15T14:43:07.795217,187883,1,2832,-66,14,67,DL,
2026-02-15T14:43:07.894358,187983,1,2833,-66,12,67,DL,
2026-02-15T14:43:07.993364,188083,1,2834,0,0,66,NONE,
2026-02-15T14:43:08.092675,188183,1,2835,-70,9,66,DL,
2026-02-15T14:43:08.192466,188284,1,2836,-68,11,67,DL,
2026-02-15T14:43:08.291384,188384,1,2837,-66,12,67,DL,
2026-02-15T14:43:08.390269,188484,1,2838,-66,12,67,DL,
2026-02-15T14:43:08.490040,188584,1,2839,-66,13,68,DL,
2026-02-15T14:43:08.594352,188685,1,2840,-68,12,68,DL,
2026-02-15T14:43:08.689383,188785,1,2841,-66,12,68,DL,
2026-02-15T14:43:08.788458,188885,1,2842,0,0,67,NONE,
2026-02-15T14:43:08.888043,188986,1,2843,-68,12,67,DL,
2026-02-15T14:43:08.987159,189086,1,2844,-65,12,67,DL,
2026-02-15T14:43:09.086521,189186,1,2845,-65,12,67,DL,
2026-02-15T14:43:09.185029,189286,1,2846,0,0,67,NONE,
2026-02-15T14:43:09.284682,189386,1,2847,0,0,67,NONE,
2026-02-15T14:43:09.384527,189487,1,2848,-66,13,68,DL,
2026-02-15T14:43:09.484117,189587,1,2849,-66,12,68,DL,
2026-02-15T14:43:09.582566,189687,1,2850,-68,11,69,DL,
2026-02-15T14:43:09.682672,189788,1,2851,-73,7,70,DL,
2026-02-15T14:43:09.781791,189888,1,2852,0,0,69,NONE,
2026-02-15T14:43:09.880692,189988,1,2853,-68,10,69,DL,
2026-02-15T14:43:09.980588,190089,1,2854,-65,12,69,DL,
2026-02-15T14:43:10.080321,190189,1,2855,-68,10,70,DL,
2026-02-15T14:43:10.179693,190289,1,2856,-65,13,70,DL,
2026-02-15T14:43:10.281021,190389,1,2857,0,0,69,NONE,
2026-02-15T14:43:10.381159,190490,1,2858,-64,12,69,DL,
2026-02-15T14:43:10.478099,190590,1,2859,-67,9,70,DL,
2026-02-15T14:43:10.577324,190690,1,2860,-73,7,71,DL,
2026-02-15T14:43:10.676729,190790,1,2861,-67,10,71,DL,
2026-02-15T14:43:10.776109,190891,1,2862,-67,10,72,DL,
2026-02-15T14:43:10.875143,190991,1,2863,0,0,71,NONE,
2026-02-15T14:43:10.974879,191091,1,2864,-65,13,72,DL,
2026-02-15T14:43:11.073285,191192,1,2865,-66,12,72,DL,
2026-02-15T14:43:11.172567,191292,1,2866,-66,12,72,DL,
2026-02-15T14:43:11.272377,191392,1,2867,0,0,72,NONE,
2026-02-15T14:43:11.372192,191492,1,2868,-68,10,72,DL,
2026-02-15T14:43:11.470511,191593,1,2869,-66,13,72,DL,
2026-02-15T14:43:11.570746,191693,1,2870,-65,12,72,DL,
2026-02-15T14:43:11.669459,191793,1,2871,-73,7,72,DL,
2026-02-15T14:43:11.769599,191893,1,2872,-68,10,72,DL,
2026-02-15T14:43:11.868975,191993,1,2873,0,0,71,NONE,
2026-02-15T14:43:11.968318,192094,1,2874,-68,10,71,DL,
2026-02-15T14:43:12.067460,192194,1,2875,-68,10,72,DL,
2026-02-15T14:43:12.166909,192294,1,2876,-65,12,72,DL,
2026-02-15T14:43:12.266338,192395,1,2877,-67,10,72,DL,
2026-02-15T14:43:12.365567,192495,1,2878,-65,11,72,DL,
2026-02-15T14:43:12.465222,192595,1,2879,-65,13,72,DL,
2026-02-15T14:43:12.564556,192696,1,2880,-66,13,72,DL,
2026-02-15T14:43:12.663304,192796,1,2881,-66,13,72,DL,
2026-02-15T14:43:12.763066,192896,1,2882,-68,11,73,DL,
2026-02-15T14:43:12.862373,192996,1,2883,-65,12,74,DL,
2026-02-15T14:43:12.961221,193097,1,2884,-68,11,74,DL,
2026-02-15T14:43:13.061419,193197,1,2885,-67,11,74,DL,
2026-02-15T14:43:13.159113,193297,1,2886,0,0,74,NONE,
2026-02-15T14:43:13.259883,193397,1,2887,-70,9,75,DL,
2026-02-15T14:43:13.358863,193498,1,2888,-68,11,75,DL,
2026-02-15T14:43:13.458240,193598,1,2889,-68,12,76,DL,
2026-02-15T14:43:13.557760,193698,1,2890,-68,12,77,DL,
2026-02-15T14:43:13.657428,193799,1,2891,-68,12,77,DL,
2026-02-15T14:43:13.756403,193899,1,2892,0,0,77,NONE,
2026-02-15T14:43:13.855453,193999,1,2893,0,0,76,NONE,
2026-02-15T14:43:13.955529,194099,1,2894,-73,9,77,DL,
2026-02-15T14:43:14.054732,194200,1,2895,-69,12,78,DL,
2026-02-15T14:43:14.154254,194300,1,2896,-69,14,78,DL,
2026-02-15T14:43:14.252917,194400,1,2897,0,0,77,NONE,
2026-02-15T14:43:14.352784,194500,1,2898,-73,8,77,DL,
2026-02-15T14:43:14.451711,194600,1,2899,0,0,76,NONE,
2026-02-15T14:43:14.551251,194700,1,2900,0,0,76,NONE,
2026-02-15T14:43:14.650915,194801,1,2901,-68,12,76,DL,
2026-02-15T14:43:14.749542,194901,1,2902,0,0,75,NONE,
2026-02-15T14:43:14.849232,195001,1,2903,0,0,75,NONE,
2026-02-15T14:43:14.949293,195102,1,2904,-69,13,76,DL,
2026-02-15T14:43:15.048467,195202,1,2905,-73,9,76,DL,
2026-02-15T14:43:15.147789,195303,1,2906,-68,12,77,DL,
2026-02-15T14:43:15.246356,195403,1,2907,-73,8,77,DL,
2026-02-15T14:43:15.346509,195503,1,2908,-68,12,77,DL,
2026-02-15T14:43:15.445759,195603,1,2909,-68,12,78,DL,
2026-02-15T14:43:15.543787,195703,1,2910,0,0,78,NONE,
2026-02-15T14:43:15.644474,195804,1,2911,-73,8,78,DL,
2026-02-15T14:43:15.743255,195904,1,2912,-67,12,78,DL,
2026-02-15T14:43:15.842985,196004,1,2913,0,0,77,NONE,
2026-02-15T14:43:15.942527,196105,1,2914,-68,12,77,DL,
2026-02-15T14:43:16.041989,196205,1,2915,-68,11,77,DL,
2026-02-15T14:43:16.141522,196305,1,2916,-73,8,77,DL,
2026-02-15T14:43:16.240927,196406,1,2917,-67,11,77,DL,
2026-02-15T14:43:16.340012,196506,1,2918,-69,12,77,DL,
2026-02-15T14:43:16.439322,196606,1,2919,0,0,77,NONE,
2026-02-15T14:43:16.538190,196706,1,2920,-69,12,78,DL,
2026-02-15T14:43:16.638247,196807,1,2921,-73,10,78,DL,
2026-02-15T14:43:16.737182,196907,1,2922,0,0,78,NONE,
2026-02-15T14:43:16.837298,197007,1,2923,-69,12,78,DL,
2026-02-15T14:43:16.935879,197107,1,2924,-69,12,78,DL,
2026-02-15T14:43:17.034518,197208,1,2925,-69,12,78,DL,
2026-02-15T14:43:17.134800,197308,1,2926,-69,12,78,DL,
2026-02-15T14:43:17.233931,197408,1,2927,0,0,77,NONE,
2026-02-15T14:43:17.333502,197509,1,2928,-73,11,77,DL,
2026-02-15T14:43:17.432270,197609,1,2929,-70,13,77,DL,
2026-02-15T14:43:17.531512,197709,1,2930,-70,12,78,DL,
2026-02-15T14:43:17.631393,197809,1,2931,0,0,77,NONE,
2026-02-15T14:43:17.731027,197910,1,2932,-73,10,77,DL,
2026-02-15T14:43:17.830508,198010,1,2933,-73,10,77,DL,
2026-02-15T14:43:17.929626,198110,1,2934,-71,12,78,DL,
2026-02-15T14:43:18.029025,198210,1,2935,-70,12,78,DL,
2026-02-15T14:43:18.128543,198311,1,2936,-71,13,78,DL,
2026-02-15T14:43:18.227697,198411,1,2937,-71,12,78,DL,
2026-02-15T14:43:18.327046,198511,1,2938,-70,12,78,DL,
2026-02-15T14:43:18.426352,198611,1,2939,0,0,77,NONE,
2026-02-15T14:43:18.525410,198711,1,2940,0,0,76,NONE,
2026-02-15T14:43:18.624424,198811,1,2941,0,0,75,NONE,
2026-02-15T14:43:18.724617,198912,1,2942,-70,12,76,DL,
2026-02-15T14:43:18.823343,199012,1,2943,-70,13,76,DL,
2026-02-15T14:43:18.922560,199112,1,2944,0,0,75,NONE,
2026-02-15T14:43:19.022647,199213,1,2945,-69,13,75,DL,
2026-02-15T14:43:19.121500,199313,1,2946,0,0,75,NONE,
2026-02-15T14:43:19.221050,199414,1,2947,-71,12,76,DL,
2026-02-15T14:43:19.319769,199514,1,2948,0,0,75,NONE,
2026-02-15T14:43:19.419215,199614,1,2949,0,0,74,NONE,
2026-02-15T14:43:19.518631,199714,1,2950,0,0,73,NONE,
2026-02-15T14:43:19.618880,199815,1,2951,-71,12,73,DL,
2026-02-15T14:43:19.717632,199915,1,2952,0,0,73,NONE,
2026-02-15T14:43:19.820758,200015,1,2953,-70,12,73,DL,
2026-02-15T14:43:19.916686,200115,1,2954,-70,13,73,DL,
2026-02-15T14:43:20.016033,200215,1,2955,0,0,72,NONE,
2026-02-15T14:43:20.115111,200316,1,2956,-70,12,72,DL,
2026-02-15T14:43:20.214497,200416,1,2957,-69,11,73,DL,
2026-02-15T14:43:20.313791,200516,1,2958,-70,12,73,DL,
2026-02-15T14:43:20.413325,200617,1,2959,-69,12,73,DL,
2026-02-15T14:43:20.512698,200717,1,2960,-68,12,73,DL,
2026-02-15T14:43:20.611876,200817,1,2961,-66,12,73,DL,
2026-02-15T14:43:20.710987,200917,1,2962,0,0,72,NONE,
2026-02-15T14:43:20.810099,201018,1,2963,-67,13,73,DL,
2026-02-15T14:43:20.910238,201118,1,2964,-68,12,73,DL,
2026-02-15T14:43:21.009486,201218,1,2965,0,0,72,NONE,
2026-02-15T14:43:21.108366,201318,1,2966,-69,12,72,DL,
2026-02-15T14:43:21.208262,201419,1,2967,-69,13,73,DL,
2026-02-15T14:43:21.307727,201519,1,2968,-68,12,73,DL,
2026-02-15T14:43:21.406544,201619,1,2969,0,0,72,NONE,
2026-02-15T14:43:21.506296,201719,1,2970,-69,12,72,DL,
2026-02-15T14:43:21.608357,201819,1,2971,0,0,71,NONE,
2026-02-15T14:43:21.704964,201920,1,2972,-71,11,71,DL,
2026-02-15T14:43:21.803876,202020,1,2973,0,0,71,NONE,
2026-02-15T14:43:21.903407,202120,1,2974,-68,12,71,DL,
2026-02-15T14:43:22.002800,202221,1,2975,-68,11,71,DL,
2026-02-15T14:43:22.102174,202321,1,2976,-68,12,71,DL,
2026-02-15T14:43:22.201583,202421,1,2977,-68,12,71,DL,
2026-02-15T14:43:22.300084,202521,1,2978,-73,8,71,DL,
2026-02-15T14:43:22.399966,202621,1,2979,0,0,70,NONE,
2026-02-15T14:43:22.499591,202722,1,2980,-68,12,70,DL,
2026-02-15T14:43:22.599152,202822,1,2981,-68,12,70,DL,
2026-02-15T14:43:22.698191,202922,1,2982,0,0,69,NONE,
2026-02-15T14:43:22.797573,203022,1,2983,0,0,68,NONE,
2026-02-15T14:43:22.895950,203122,1,2984,0,0,67,NONE,
2026-02-15T14:43:22.996647,203223,1,2985,-68,12,67,DL,
2026-02-15T14:43:23.095608,203323,1,2986,-68,12,68,DL,
2026-02-15T14:43:23.194970,203423,1,2987,0,0,67,NONE,
2026-02-15T14:43:23.294098,203523,1,2988,0,0,66,NONE,
2026-02-15T14:43:23.393900,203623,1,2989,0,0,65,NONE,
2026-02-15T14:43:23.493600,203725,1,2990,-71,11,65,DL,
2026-02-15T14:43:23.592626,203825,1,2991,0,0,64,NONE,
2026-02-15T14:43:23.691824,203925,1,2992,-70,12,65,DL,
2026-02-15T14:43:23.790618,204025,1,2993,-70,11,66,DL,
2026-02-15T14:43:23.890467,204125,1,2994,0,0,65,NONE,
2026-02-15T14:43:23.990145,204226,1,2995,-68,11,65,DL,
2026-02-15T14:43:24.089647,204326,1,2996,-68,11,65,DL,
2026-02-15T14:43:24.188623,204426,1,2997,-67,13,66,DL,
2026-02-15T14:43:24.288220,204527,1,2998,-68,11,66,DL,
2026-02-15T14:43:24.387302,204627,1,2999,0,0,66,NONE,
2026-02-15T14:43:24.486527,204727,1,3000,0,0,66,NONE,
2026-02-15T14:43:24.585627,204827,1,3001,0,0,65,NONE,
2026-02-15T14:43:24.684601,204927,1,3002,0,0,65,NONE,
2026-02-15T14:43:24.785008,205028,1,3003,-67,12,66,DL,
2026-02-15T14:43:24.884261,205128,1,3004,0,0,65,NONE,
2026-02-15T14:43:24.983186,205228,1,3005,0,0,64,NONE,
2026-02-15T14:43:25.082284,205328,1,3006,0,0,63,NONE,
2026-02-15T14:43:25.180788,205428,1,3007,0,0,62,NONE,
2026-02-15T14:43:25.280629,205528,1,3008,0,0,61,NONE,
2026-02-15T14:43:25.379572,205628,1,3009,0,0,60,NONE,
2026-02-15T14:43:25.478942,205728,1,3010,0,0,60,NONE,
2026-02-15T14:43:25.577111,205828,1,3011,0,0,59,NONE,
2026-02-15T14:43:25.676918,205928,1,3012,0,0,58,NONE,
2026-02-15T14:43:25.778656,206030,1,3013,-66,13,59,DL,
2026-02-15T14:43:25.877943,206131,1,3014,-67,12,59,DL,
2026-02-15T14:43:25.976564,206231,1,3015,0,0,58,NONE,
2026-02-15T14:43:26.076677,206331,1,3016,-66,12,58,DL,
2026-02-15T14:43:26.175710,206431,1,3017,0,0,57,NONE,
2026-02-15T14:43:26.275230,206532,1,3018,-66,12,57,DL,
2026-02-15T14:43:26.374336,206632,1,3019,0,0,57,NONE,
2026-02-15T14:43:26.472746,206732,1,3020,0,0,56,NONE,
2026-02-15T14:43:26.573327,206833,1,3021,-67,12,56,DL,
2026-02-15T14:43:26.672728,206933,1,3022,-67,13,57,DL,
2026-02-15T14:43:26.771069,207033,1,3023,0,0,56,NONE,
2026-02-15T14:43:26.871351,207133,1,3024,-71,13,56,DL,
2026-02-15T14:43:26.969878,207233,1,3025,0,0,55,NONE,
2026-02-15T14:43:27.070443,207333,1,3026,0,0,54,NONE,
2026-02-15T14:43:27.168746,207433,1,3027,0,0,54,NONE,
2026-02-15T14:43:27.267731,207533,1,3028,0,0,53,NONE,
2026-02-15T14:43:27.367001,207633,1,3029,0,0,52,NONE,
2026-02-15T14:43:27.465826,207733,1,3030,0,0,51,NONE,
2026-02-15T14:43:27.565319,207833,1,3031,0,0,51,NONE,
2026-02-15T14:43:27.666166,207935,1,3032,-67,12,51,DL,
2026-02-15T14:43:27.764716,208035,1,3033,0,0,50,NONE,
2026-02-15T14:43:27.863340,208135,1,3034,0,0,49,NONE,
2026-02-15T14:43:27.963048,208235,1,3035,0,0,48,NONE,
2026-02-15T14:43:28.063767,208336,1,3036,-71,11,48,DL,
2026-02-15T14:43:28.163015,208437,1,3037,-73,10,48,DL,
