[2026-02-11T19:18:34.415255] [TDMA] RX header: slot=1 frame=1 epoch=1126269 records=0
[2026-02-11T19:18:34.415734] BRAGE_EVENT,77366,SYNC_ACQUIRED,
[2026-02-11T19:18:34.415790] EVENT: SYNC_ACQUIRED - 
[2026-02-11T19:18:34.432328] BRAGE,77383,1,1,-62,11,1,DL,
[2026-02-11T19:18:34.442029] [TDMA] TX DOWNLINK: records=16
[2026-02-11T19:18:34.514359] [TDMA] RX header: slot=1 frame=2 epoch=1226269 records=0
[2026-02-11T19:18:34.531416] BRAGE,77483,1,2,-67,7,2,DL,
[2026-02-11T19:18:34.541301] [TDMA] TX DOWNLINK: records=16
[2026-02-11T19:18:34.614376] [TDMA] RX header: slot=1 frame=3 epoch=1326269 records=0
[2026-02-11T19:18:34.630976] BRAGE,77583,1,3,-64,9,3,DL,
[2026-02-11T19:18:34.713901] [TDMA] RX header: slot=1 frame=4 epoch=1426269 records=0
[2026-02-11T19:18:34.730386] BRAGE,77683,1,4,-64,9,4,DL,
[2026-02-11T19:18:34.812344] [TDMA] RX header: slot=1 frame=5 epoch=1526269 records=0
[2026-02-11T19:18:34.829113] BRAGE,77783,1,5,-64,9,5,DL,
[2026-02-11T19:18:34.913134] [TDMA] RX header: slot=1 frame=6 epoch=1626269 records=0
[2026-02-11T19:18:34.928673] BRAGE,77883,1,6,-64,9,6,DL,
[2026-02-11T19:18:35.011609] [TDMA] RX header: slot=1 frame=7 epoch=1726269 records=0
[2026-02-11T19:18:35.028269] BRAGE,77983,1,7,-64,9,7,DL,
[2026-02-11T19:18:35.110504] [TDMA] RX header: slot=1 frame=8 epoch=1826269 records=0
[2026-02-11T19:18:35.128257] BRAGE,78084,1,8,-64,9,8,DL,
[2026-02-11T19:18:35.138101] [TDMA] TX DOWNLINK: records=1
[2026-02-11T19:18:35.210749] [TDMA] RX header: slot=1 frame=9 epoch=1926269 records=0
[2026-02-11T19:18:35.227160] BRAGE,78184,1,9,-67,8,9,DL,
[2026-02-11T19:18:35.309436] [TDMA] RX header: slot=1 frame=10 epoch=2026269 records=0
[2026-02-11T19:18:35.326699] BRAGE,78284,1,10,-67,8,10,DL,
[2026-02-11T19:18:35.409425] [TDMA] RX header: slot=1 frame=11 epoch=2126269 records=0
[2026-02-11T19:18:35.426070] BRAGE,78384,1,11,-67,7,11,DL,
[2026-02-11T19:18:35.508600] [TDMA] RX header: slot=1 frame=12 epoch=2226269 records=0
[2026-02-11T19:18:35.526079] BRAGE,78484,1,12,-67,8,12,DL,
[2026-02-11T19:18:35.608404] [TDMA] RX header: slot=1 frame=13 epoch=2326269 records=0
[2026-02-11T19:18:35.624760] BRAGE,78584,1,13,-67,8,13,DL,
[2026-02-11T19:18:35.707801] [TDMA] RX header: slot=1 frame=14 epoch=2426269 records=0
[2026-02-11T19:18:35.724279] BRAGE,78684,1,14,-67,7,14,DL,
[2026-02-11T19:18:35.806847] [TDMA] RX header: slot=1 frame=15 epoch=2526269 records=0
[2026-02-11T19:18:35.823744] BRAGE,78784,1,15,-67,7,15,DL,
[2026-02-11T19:18:35.906291] [TDMA] RX header: slot=1 frame=16 epoch=2626269 records=0
[2026-02-11T19:18:35.923064] BRAGE,78884,1,16,-67,8,16,DL,
[2026-02-11T19:18:36.005687] [TDMA] RX header: slot=1 frame=17 epoch=2726269 records=0
[2026-02-11T19:18:36.025125] BRAGE,78985,1,17,-67,8,17,DL,
[2026-02-11T19:18:36.105076] [TDMA] RX header: slot=1 frame=18 epoch=2826269 records=0
[2026-02-11T19:18:36.122173] BRAGE,79085,1,18,-67,7,18,DL,
[2026-02-11T19:18:36.131402] [TDMA] TX DOWNLINK: records=1
[2026-02-11T19:18:36.204455] [TDMA] RX header: slot=1 frame=19 epoch=2926269 records=0
[2026-02-11T19:18:36.221088] BRAGE,79185,1,19,-67,7,19,DL,
[2026-02-11T19:18:36.303883] [TDMA] RX header: slot=1 frame=20 epoch=3026269 records=0
[2026-02-11T19:18:36.320728] BRAGE,79285,1,20,-67,8,20,DL,
[2026-02-11T19:18:36.403484] [TDMA] RX header: slot=1 frame=21 epoch=3126269 records=0
[2026-02-11T19:18:36.420161] BRAGE,79385,1,21,-67,8,21,DL,
[2026-02-11T19:18:36.502726] [TDMA] RX header: slot=1 frame=22 epoch=3226269 records=0
[2026-02-11T19:18:36.519127] BRAGE,79485,1,22,-67,8,22,DL,
[2026-02-11T19:18:36.602289] [TDMA] RX header: slot=1 frame=23 epoch=3326269 records=0
[2026-02-11T19:18:36.619159] BRAGE,79585,1,23,-67,7,23,DL,
[2026-02-11T19:18:36.701448] [TDMA] RX header: slot=1 frame=24 epoch=3426269 records=0
[2026-02-11T19:18:36.718332] BRAGE,79685,1,24,-72,6,24,DL,
[2026-02-11T19:18:36.801401] [TDMA] RX header: slot=1 frame=25 epoch=3526269 records=0
[2026-02-11T19:18:36.817308] BRAGE,79785,1,25,-67,7,25,DL,
[2026-02-11T19:18:36.899812] [TDMA] RX header: slot=1 frame=26 epoch=3626269 records=0
[2026-02-11T19:18:36.917164] BRAGE,79886,1,26,-67,7,26,DL,
[2026-02-11T19:18:36.999303] [TDMA] RX header: slot=1 frame=27 epoch=3726269 records=0
[2026-02-11T19:18:37.016560] BRAGE,79986,1,27,-67,8,27,DL,
[2026-02-11T19:18:37.099127] [TDMA] RX header: slot=1 frame=28 epoch=3826269 records=0
[2026-02-11T19:18:37.115591] BRAGE,80086,1,28,-67,7,28,DL,
[2026-02-11T19:18:37.126037] [TDMA] TX DOWNLINK: records=1
[2026-02-11T19:18:37.198673] [TDMA] RX header: slot=1 frame=29 epoch=3926269 records=0
[2026-02-11T19:18:37.215352] BRAGE,80186,1,29,-70,7,29,DL,
[2026-02-11T19:18:37.314549] BRAGE,80286,1,30,0,0,29,NONE,
[2026-02-11T19:18:37.397539] [TDMA] RX header: slot=1 frame=31 epoch=4126269 records=0
[2026-02-11T19:18:37.414011] BRAGE,80386,1,31,-64,9,30,DL,
[2026-02-11T19:18:37.496722] [TDMA] RX header: slot=1 frame=32 epoch=4226269 records=0
[2026-02-11T19:18:37.513882] BRAGE,80486,1,32,-67,8,31,DL,
[2026-02-11T19:18:37.595494] [TDMA] RX header: slot=1 frame=33 epoch=4326269 records=0
[2026-02-11T19:18:37.613305] BRAGE,80586,1,33,-70,7,32,DL,
[2026-02-11T19:18:37.696159] [TDMA] RX header: slot=1 frame=34 epoch=4426269 records=0
[2026-02-11T19:18:37.712411] BRAGE,80686,1,34,-70,6,33,DL,
[2026-02-11T19:18:37.795379] [TDMA] RX header: slot=1 frame=35 epoch=4526269 records=0
[2026-02-11T19:18:37.811860] BRAGE,80787,1,35,-67,8,34,DL,
[2026-02-11T19:18:37.894269] [TDMA] RX header: slot=1 frame=36 epoch=4626269 records=0
[2026-02-11T19:18:37.911159] BRAGE,80887,1,36,-67,8,35,DL,
[2026-02-11T19:18:37.993495] [TDMA] RX header: slot=1 frame=37 epoch=4726269 records=0
[2026-02-11T19:18:38.010626] BRAGE,80987,1,37,-67,8,36,DL,
[2026-02-11T19:18:38.092829] [TDMA] RX header: slot=1 frame=38 epoch=4826269 records=0
[2026-02-11T19:18:38.110052] BRAGE,81087,1,38,-67,7,37,DL,
[2026-02-11T19:18:38.119512] [TDMA] TX DOWNLINK: records=1
[2026-02-11T19:18:38.192397] [TDMA] RX header: slot=1 frame=39 epoch=4926269 records=0
[2026-02-11T19:18:38.209436] BRAGE,81187,1,39,-67,7,38,DL,
[2026-02-11T19:18:38.292049] [TDMA] RX header: slot=1 frame=40 epoch=5026269 records=0
[2026-02-11T19:18:38.308874] BRAGE,81287,1,40,-67,8,39,DL,
[2026-02-11T19:18:38.391403] [TDMA] RX header: slot=1 frame=41 epoch=5126269 records=0
[2026-02-11T19:18:38.408165] BRAGE,81387,1,41,-67,8,40,DL,
[2026-02-11T19:18:38.490805] [TDMA] RX header: slot=1 frame=42 epoch=5226269 records=0
[2026-02-11T19:18:38.507848] BRAGE,81487,1,42,-64,9,41,DL,
[2026-02-11T19:18:38.589562] [TDMA] RX header: slot=1 frame=43 epoch=5326269 records=0
[2026-02-11T19:18:38.606658] BRAGE,81587,1,43,-67,8,42,DL,
[2026-02-11T19:18:38.689205] [TDMA] RX header: slot=1 frame=44 epoch=5426269 records=0
[2026-02-11T19:18:38.706049] BRAGE,81688,1,44,-67,8,43,DL,
[2026-02-11T19:18:38.788924] [TDMA] RX header: slot=1 frame=45 epoch=5526269 records=0
[2026-02-11T19:18:38.805843] BRAGE,81788,1,45,-64,9,44,DL,
[2026-02-11T19:18:38.888074] [TDMA] RX header: slot=1 frame=46 epoch=5626269 records=0
[2026-02-11T19:18:38.905290] BRAGE,81888,1,46,-67,7,45,DL,
[2026-02-11T19:18:38.987732] [TDMA] RX header: slot=1 frame=47 epoch=5726269 records=0
[2026-02-11T19:18:39.004351] BRAGE,81988,1,47,-67,7,46,DL,
[2026-02-11T19:18:39.087081] [TDMA] RX header: slot=1 frame=48 epoch=5826269 records=0
[2026-02-11T19:18:39.104156] BRAGE,82088,1,48,-64,9,47,DL,
[2026-02-11T19:18:39.113828] [TDMA] TX DOWNLINK: records=1
[2026-02-11T19:18:39.186122] [TDMA] RX header: slot=1 frame=49 epoch=5926269 records=0
[2026-02-11T19:18:39.203370] BRAGE,82188,1,49,-67,8,48,DL,
[2026-02-11T19:18:39.285912] [TDMA] RX header: slot=1 frame=50 epoch=6026269 records=0
[2026-02-11T19:18:39.302697] BRAGE,82288,1,50,-64,9,49,DL,
[2026-02-11T19:18:39.385483] [TDMA] RX header: slot=1 frame=51 epoch=6126269 records=0
[2026-02-11T19:18:39.402386] BRAGE,82388,1,51,-64,9,50,DL,
[2026-02-11T19:18:39.484359] [TDMA] RX header: slot=1 frame=52 epoch=6226269 records=0
[2026-02-11T19:18:39.501555] BRAGE,82488,1,52,-64,9,51,DL,
[2026-02-11T19:18:39.584109] [TDMA] RX header: slot=1 frame=53 epoch=6326269 records=0
[2026-02-11T19:18:39.600919] BRAGE,82588,1,53,-64,9,52,DL,
[2026-02-11T19:18:39.683483] [TDMA] RX header: slot=1 frame=54 epoch=6426269 records=0
[2026-02-11T19:18:39.700430] BRAGE,82689,1,54,-64,9,53,DL,
[2026-02-11T19:18:39.782807] [TDMA] RX header: slot=1 frame=55 epoch=6526269 records=0
[2026-02-11T19:18:39.799732] BRAGE,82789,1,55,-64,9,54,DL,
[2026-02-11T19:18:39.882494] [TDMA] RX header: slot=1 frame=56 epoch=6626269 records=0
[2026-02-11T19:18:39.899415] BRAGE,82889,1,56,-64,8,55,DL,
[2026-02-11T19:18:39.981563] [TDMA] RX header: slot=1 frame=57 epoch=6726269 records=0
[2026-02-11T19:18:39.998537] BRAGE,82989,1,57,-72,6,56,DL,
[2026-02-11T19:18:40.080992] [TDMA] RX header: slot=1 frame=58 epoch=6826269 records=0
[2026-02-11T19:18:40.098256] BRAGE,83089,1,58,-64,9,57,DL,
[2026-02-11T19:18:40.107778] [TDMA] TX DOWNLINK: records=1
[2026-02-11T19:18:40.180706] [TDMA] RX header: slot=1 frame=59 epoch=6926269 records=0
[2026-02-11T19:18:40.198415] BRAGE,83189,1,59,-64,9,58,DL,
[2026-02-11T19:18:40.280054] [TDMA] RX header: slot=1 frame=60 epoch=7026269 records=0
[2026-02-11T19:18:40.296937] BRAGE,83289,1,60,-64,9,59,DL,
[2026-02-11T19:18:40.379175] [TDMA] RX header: slot=1 frame=61 epoch=7126269 records=0
[2026-02-11T19:18:40.396040] BRAGE,83389,1,61,-64,9,60,DL,
[2026-02-11T19:18:40.478601] [TDMA] RX header: slot=1 frame=62 epoch=7226269 records=0
[2026-02-11T19:18:40.495458] BRAGE,83489,1,62,-64,9,61,DL,
[2026-02-11T19:18:40.577982] [TDMA] RX header: slot=1 frame=63 epoch=7326269 records=0
[2026-02-11T19:18:40.594462] BRAGE,83589,1,63,-64,9,62,DL,
[2026-02-11T19:18:40.677621] [TDMA] RX header: slot=1 frame=64 epoch=7426269 records=0
[2026-02-11T19:18:40.694603] BRAGE,83689,1,64,-64,9,63,DL,
[2026-02-11T19:18:40.777493] [TDMA] RX header: slot=1 frame=65 epoch=7526269 records=0
[2026-02-11T19:18:40.793943] BRAGE,83789,1,65,-72,6,64,DL,
[2026-02-11T19:18:40.876224] [TDMA] RX header: slot=1 frame=66 epoch=7626269 records=0
[2026-02-11T19:18:40.892573] BRAGE,83890,1,66,-64,9,65,DL,
[2026-02-11T19:18:40.975589] [TDMA] RX header: slot=1 frame=67 epoch=7726269 records=0
[2026-02-11T19:18:40.992096] BRAGE,83990,1,67,-64,9,66,DL,
[2026-02-11T19:18:41.074523] [TDMA] RX header: slot=1 frame=68 epoch=7826269 records=0
[2026-02-11T19:18:41.091823] BRAGE,84090,1,68,-64,9,67,DL,
[2026-02-11T19:18:41.101409] [TDMA] TX DOWNLINK: records=1
[2026-02-11T19:18:41.174609] [TDMA] RX header: slot=1 frame=69 epoch=7926269 records=0
[2026-02-11T19:18:41.190845] BRAGE,84190,1,69,-64,9,68,DL,
[2026-02-11T19:18:41.273747] [TDMA] RX header: slot=1 frame=70 epoch=8026269 records=0
[2026-02-11T19:18:41.290574] BRAGE,84290,1,70,-64,9,69,DL,
[2026-02-11T19:18:41.372694] [TDMA] RX header: slot=1 frame=71 epoch=8126269 records=0
[2026-02-11T19:18:41.389939] BRAGE,84390,1,71,-64,9,70,DL,
[2026-02-11T19:18:41.472738] [TDMA] RX header: slot=1 frame=72 epoch=8226269 records=0
[2026-02-11T19:18:41.489052] BRAGE,84490,1,72,-72,6,71,DL,
[2026-02-11T19:18:41.572221] [TDMA] RX header: slot=1 frame=73 epoch=8326269 records=0
[2026-02-11T19:18:41.588967] BRAGE,84590,1,73,-64,9,72,DL,
[2026-02-11T19:18:41.671103] [TDMA] RX header: slot=1 frame=74 epoch=8426269 records=0
[2026-02-11T19:18:41.688517] BRAGE,84690,1,74,-64,9,73,DL,
[2026-02-11T19:18:41.770607] [TDMA] RX header: slot=1 frame=75 epoch=8526269 records=0
[2026-02-11T19:18:41.786973] BRAGE,84790,1,75,-64,9,74,DL,
[2026-02-11T19:18:41.870151] [TDMA] RX header: slot=1 frame=76 epoch=8626269 records=0
[2026-02-11T19:18:41.889323] BRAGE,84890,1,76,-64,9,75,DL,
[2026-02-11T19:18:41.969268] [TDMA] RX header: slot=1 frame=77 epoch=8726269 records=0
[2026-02-11T19:18:41.986205] BRAGE,84990,1,77,-64,9,76,DL,
[2026-02-11T19:18:42.068829] [TDMA] RX header: slot=1 frame=78 epoch=8826269 records=0
[2026-02-11T19:18:42.085566] BRAGE,85090,1,78,-64,9,77,DL,
[2026-02-11T19:18:42.095513] [TDMA] TX DOWNLINK: records=1
[2026-02-11T19:18:42.168086] [TDMA] RX header: slot=1 frame=79 epoch=8926269 records=0
[2026-02-11T19:18:42.184581] BRAGE,85190,1,79,-72,6,78,DL,
[2026-02-11T19:18:42.284540] BRAGE,85290,1,80,0,0,78,NONE,
[2026-02-11T19:18:42.366611] [TDMA] RX header: slot=1 frame=81 epoch=9126269 records=0
[2026-02-11T19:18:42.383724] BRAGE,85391,1,81,-73,6,79,DL,
[2026-02-11T19:18:42.466254] [TDMA] RX header: slot=1 frame=82 epoch=9226269 records=0
[2026-02-11T19:18:42.482782] BRAGE,85491,1,82,-64,9,80,DL,
[2026-02-11T19:18:42.565724] [TDMA] RX header: slot=1 frame=83 epoch=9326269 records=0
[2026-02-11T19:18:42.582550] BRAGE,85591,1,83,-64,10,81,DL,
[2026-02-11T19:18:42.664765] [TDMA] RX header: slot=1 frame=84 epoch=9426269 records=0
[2026-02-11T19:18:42.681544] BRAGE,85691,1,84,-64,9,82,DL,
[2026-02-11T19:18:42.764443] [TDMA] RX header: slot=1 frame=85 epoch=9526269 records=0
[2026-02-11T19:18:42.780880] BRAGE,85791,1,85,-64,9,83,DL,
[2026-02-11T19:18:42.880572] BRAGE,85891,1,86,0,0,83,NONE,
[2026-02-11T19:18:42.963284] [TDMA] RX header: slot=1 frame=87 epoch=9726269 records=0
[2026-02-11T19:18:42.979996] BRAGE,85991,1,87,-64,9,84,DL,
[2026-02-11T19:18:43.062806] [TDMA] RX header: slot=1 frame=88 epoch=9826269 records=0
[2026-02-11T19:18:43.079012] BRAGE,86091,1,88,-64,9,85,DL,
[2026-02-11T19:18:43.089128] [TDMA] TX DOWNLINK: records=1
[2026-02-11T19:18:43.179555] BRAGE,86191,1,89,0,0,85,NONE,
[2026-02-11T19:18:43.277986] BRAGE,86291,1,90,0,0,85,NONE,
[2026-02-11T19:18:43.361044] [TDMA] RX header: slot=1 frame=91 epoch=10126269 records=0
[2026-02-11T19:18:43.377396] BRAGE,86391,1,91,-64,10,86,DL,
[2026-02-11T19:18:43.460568] [TDMA] RX header: slot=1 frame=92 epoch=10226269 records=0
[2026-02-11T19:18:43.477158] BRAGE,86491,1,92,-64,10,87,DL,
[2026-02-11T19:18:43.558838] [TDMA] RX header: slot=1 frame=93 epoch=10326269 records=0
[2026-02-11T19:18:43.576841] BRAGE,86592,1,93,-61,12,88,DL,
[2026-02-11T19:18:43.675765] BRAGE,86692,1,94,0,0,88,NONE,
[2026-02-11T19:18:43.775097] BRAGE,86792,1,95,0,0,88,NONE,
[2026-02-11T19:18:43.874740] BRAGE,86892,1,96,0,0,88,NONE,
[2026-02-11T19:18:43.973698] BRAGE,86992,1,97,0,0,88,NONE,
[2026-02-11T19:18:44.072790] BRAGE,87092,1,98,0,0,88,NONE,
[2026-02-11T19:18:44.082309] [TDMA] TX DOWNLINK: records=1
[2026-02-11T19:18:44.172141] BRAGE,87192,1,99,0,0,88,NONE,
[2026-02-11T19:18:44.255172] [TDMA] RX header: slot=1 frame=100 epoch=11026269 records=0
[2026-02-11T19:18:44.272039] BRAGE,87292,1,100,-64,10,89,DL,
[2026-02-11T19:18:44.354173] [TDMA] RX header: slot=1 frame=101 epoch=11126269 records=0
[2026-02-11T19:18:44.371008] BRAGE,87392,1,101,-64,8,89,DL,
[2026-02-11T19:18:44.453719] [TDMA] RX header: slot=1 frame=102 epoch=11226269 records=0
[2026-02-11T19:18:44.470733] BRAGE,87492,1,102,-64,9,89,DL,
[2026-02-11T19:18:44.553347] [TDMA] RX header: slot=1 frame=103 epoch=11326269 records=0
[2026-02-11T19:18:44.570520] BRAGE,87592,1,103,-72,6,89,DL,
[2026-02-11T19:18:44.668979] BRAGE,87692,1,104,0,0,88,NONE,
[2026-02-11T19:18:44.753004] [TDMA] RX header: slot=1 frame=105 epoch=11526269 records=0
[2026-02-11T19:18:44.769124] BRAGE,87792,1,105,-64,9,88,DL,
[2026-02-11T19:18:44.851540] [TDMA] RX header: slot=1 frame=106 epoch=11626269 records=0
[2026-02-11T19:18:44.868780] BRAGE,87893,1,106,-64,9,88,DL,
[2026-02-11T19:18:44.950919] [TDMA] RX header: slot=1 frame=107 epoch=11726269 records=0
[2026-02-11T19:18:44.967349] BRAGE,87993,1,107,-64,9,88,DL,
[2026-02-11T19:18:45.050330] [TDMA] RX header: slot=1 frame=108 epoch=11826269 records=0
[2026-02-11T19:18:45.067232] BRAGE,88093,1,108,-64,9,88,DL,
[2026-02-11T19:18:45.077091] [TDMA] TX DOWNLINK: records=1
[2026-02-11T19:18:45.149242] [TDMA] RX header: slot=1 frame=109 epoch=11926269 records=0
[2026-02-11T19:18:45.166405] BRAGE,88193,1,109,-64,9,88,DL,
[2026-02-11T19:18:45.249186] [TDMA] RX header: slot=1 frame=110 epoch=12026269 records=0
[2026-02-11T19:18:45.265348] BRAGE,88293,1,110,-64,10,88,DL,
[2026-02-11T19:18:45.348295] [TDMA] RX header: slot=1 frame=111 epoch=12126269 records=0
[2026-02-11T19:18:45.365236] BRAGE,88393,1,111,-64,9,88,DL,
[2026-02-11T19:18:45.447343] [TDMA] RX header: slot=1 frame=112 epoch=12226269 records=0
[2026-02-11T19:18:45.464966] BRAGE,88493,1,112,-64,9,88,DL,
[2026-02-11T19:18:45.563848] BRAGE,88593,1,113,0,0,87,NONE,
[2026-02-11T19:18:45.664079] BRAGE,88693,1,114,0,0,86,NONE,
[2026-02-11T19:18:45.745490] [TDMA] RX header: slot=1 frame=115 epoch=12526269 records=0
[2026-02-11T19:18:45.762848] BRAGE,88793,1,115,-72,6,86,DL,
[2026-02-11T19:18:45.845267] [TDMA] RX header: slot=1 frame=116 epoch=12626269 records=0
[2026-02-11T19:18:45.862033] BRAGE,88893,1,116,-64,9,86,DL,
[2026-02-11T19:18:45.944499] [TDMA] RX header: slot=1 frame=117 epoch=12726269 records=0
[2026-02-11T19:18:45.961341] BRAGE,88993,1,117,-64,9,86,DL,
[2026-02-11T19:18:46.044449] [TDMA] RX header: slot=1 frame=118 epoch=12826269 records=0
[2026-02-11T19:18:46.060562] BRAGE,89094,1,118,-64,9,86,DL,
[2026-02-11T19:18:46.070604] [TDMA] TX DOWNLINK: records=1
[2026-02-11T19:18:46.143202] [TDMA] RX header: slot=1 frame=119 epoch=12926269 records=0
[2026-02-11T19:18:46.160600] BRAGE,89194,1,119,-64,9,86,DL,
[2026-02-11T19:18:46.242209] [TDMA] RX header: slot=1 frame=120 epoch=13026269 records=0
[2026-02-11T19:18:46.259275] BRAGE,89294,1,120,-72,6,86,DL,
[2026-02-11T19:18:46.359352] BRAGE,89394,1,121,0,0,85,NONE,
[2026-02-11T19:18:46.441093] [TDMA] RX header: slot=1 frame=122 epoch=13226269 records=0
[2026-02-11T19:18:46.458922] BRAGE,89494,1,122,-64,9,85,DL,
[2026-02-11T19:18:46.557442] BRAGE,89594,1,123,0,0,84,NONE,
[2026-02-11T19:18:46.640479] [TDMA] RX header: slot=1 frame=124 epoch=13426269 records=0
[2026-02-11T19:18:46.657416] BRAGE,89694,1,124,-72,6,84,DL,
[2026-02-11T19:18:46.739421] [TDMA] RX header: slot=1 frame=125 epoch=13526269 records=0
[2026-02-11T19:18:46.756927] BRAGE,89794,1,125,-64,9,84,DL,
[2026-02-11T19:18:46.839263] [TDMA] RX header: slot=1 frame=126 epoch=13626269 records=0
[2026-02-11T19:18:46.856075] BRAGE,89894,1,126,-64,9,84,DL,
[2026-02-11T19:18:46.939078] [TDMA] RX header: slot=1 frame=127 epoch=13726269 records=0
[2026-02-11T19:18:46.956035] BRAGE,89994,1,127,-64,8,84,DL,
[2026-02-11T19:18:47.055051] BRAGE,90094,1,128,0,0,83,NONE,
[2026-02-11T19:18:47.064068] [TDMA] TX DOWNLINK: records=1
[2026-02-11T19:18:47.137384] [TDMA] RX header: slot=1 frame=129 epoch=13926269 records=0
[2026-02-11T19:18:47.153915] BRAGE,90194,1,129,-72,6,83,DL,
[2026-02-11T19:18:47.253206] BRAGE,90294,1,130,0,0,83,NONE,
[2026-02-11T19:18:47.335506] [TDMA] RX header: slot=1 frame=131 epoch=14126269 records=0
[2026-02-11T19:18:47.353184] BRAGE,90394,1,131,-58,12,83,DL,
[2026-02-11T19:18:47.435791] [TDMA] RX header: slot=1 frame=132 epoch=14226269 records=0
[2026-02-11T19:18:47.451820] BRAGE,90495,1,132,-64,9,83,DL,
[2026-02-11T19:18:47.535172] [TDMA] RX header: slot=1 frame=133 epoch=14326269 records=0
[2026-02-11T19:18:47.551499] BRAGE,90595,1,133,-64,9,83,DL,
[2026-02-11T19:18:47.634141] [TDMA] RX header: slot=1 frame=134 epoch=14426269 records=0
[2026-02-11T19:18:47.651073] BRAGE,90695,1,134,-64,9,83,DL,
[2026-02-11T19:18:47.733608] [TDMA] RX header: slot=1 frame=135 epoch=14526269 records=0
[2026-02-11T19:18:47.755085] BRAGE,90795,1,135,-64,9,83,DL,
[2026-02-11T19:18:47.833175] [TDMA] RX header: slot=1 frame=136 epoch=14626269 records=0
[2026-02-11T19:18:47.849815] BRAGE,90895,1,136,-64,9,83,DL,
[2026-02-11T19:18:47.932347] [TDMA] RX header: slot=1 frame=137 epoch=14726269 records=0
[2026-02-11T19:18:47.949176] BRAGE,90995,1,137,-64,9,83,DL,
[2026-02-11T19:18:48.031685] [TDMA] RX header: slot=1 frame=138 epoch=14826269 records=0
[2026-02-11T19:18:48.048156] BRAGE,91095,1,138,-64,9,83,DL,
[2026-02-11T19:18:48.058396] [TDMA] TX DOWNLINK: records=1
[2026-02-11T19:18:48.131224] [TDMA] RX header: slot=1 frame=139 epoch=14926269 records=0
[2026-02-11T19:18:48.147965] BRAGE,91195,1,139,-64,9,83,DL,
[2026-02-11T19:18:48.230515] [TDMA] RX header: slot=1 frame=140 epoch=15026269 records=0
[2026-02-11T19:18:48.247341] BRAGE,91295,1,140,-64,9,83,DL,
[2026-02-11T19:18:48.329885] [TDMA] RX header: slot=1 frame=141 epoch=15126269 records=0
[2026-02-11T19:18:48.346339] BRAGE,91395,1,141,-64,8,83,DL,
[2026-02-11T19:18:48.429252] [TDMA] RX header: slot=1 frame=142 epoch=15226269 records=0
[2026-02-11T19:18:48.446062] BRAGE,91495,1,142,-64,9,83,DL,
[2026-02-11T19:18:48.528355] [TDMA] RX header: slot=1 frame=143 epoch=15326269 records=0
[2026-02-11T19:18:48.545962] BRAGE,91595,1,143,-64,9,83,DL,
[2026-02-11T19:18:48.628050] [TDMA] RX header: slot=1 frame=144 epoch=15426269 records=0
[2026-02-11T19:18:48.644876] BRAGE,91696,1,144,-64,9,83,DL,
[2026-02-11T19:18:48.727529] [TDMA] RX header: slot=1 frame=145 epoch=15526269 records=0
[2026-02-11T19:18:48.744027] BRAGE,91796,1,145,-64,9,83,DL,
[2026-02-11T19:18:48.843585] BRAGE,91896,1,146,0,0,82,NONE,
[2026-02-11T19:18:48.925937] [TDMA] RX header: slot=1 frame=147 epoch=15726269 records=0
[2026-02-11T19:18:48.943050] BRAGE,91996,1,147,-67,7,82,DL,
[2026-02-11T19:18:49.025522] [TDMA] RX header: slot=1 frame=148 epoch=15826269 records=0
[2026-02-11T19:18:49.041929] BRAGE,92096,1,148,-64,9,82,DL,
[2026-02-11T19:18:49.051985] [TDMA] TX DOWNLINK: records=1
[2026-02-11T19:18:49.124965] [TDMA] RX header: slot=1 frame=149 epoch=15926269 records=0
[2026-02-11T19:18:49.142315] BRAGE,92196,1,149,-64,10,82,DL,
[2026-02-11T19:18:49.223899] [TDMA] RX header: slot=1 frame=150 epoch=16026269 records=0
[2026-02-11T19:18:49.241155] BRAGE,92296,1,150,-64,9,82,DL,
[2026-02-11T19:18:49.323280] [TDMA] RX header: slot=1 frame=151 epoch=16126269 records=0
[2026-02-11T19:18:49.340788] BRAGE,92396,1,151,-64,10,82,DL,
[2026-02-11T19:18:49.423440] [TDMA] RX header: slot=1 frame=152 epoch=16226269 records=0
[2026-02-11T19:18:49.440000] BRAGE,92496,1,152,-67,8,82,DL,
[2026-02-11T19:18:49.522104] [TDMA] RX header: slot=1 frame=153 epoch=16326269 records=0
[2026-02-11T19:18:49.539600] BRAGE,92596,1,153,-64,9,82,DL,
[2026-02-11T19:18:49.621725] [TDMA] RX header: slot=1 frame=154 epoch=16426269 records=0
[2026-02-11T19:18:49.638802] BRAGE,92696,1,154,-67,7,82,DL,
[2026-02-11T19:18:49.721344] [TDMA] RX header: slot=1 frame=155 epoch=16526269 records=0
[2026-02-11T19:18:49.738135] BRAGE,92797,1,155,-64,9,82,DL,
[2026-02-11T19:18:49.820187] [TDMA] RX header: slot=1 frame=156 epoch=16626269 records=0
[2026-02-11T19:18:49.837166] BRAGE,92897,1,156,-64,9,82,DL,
[2026-02-11T19:18:49.919805] [TDMA] RX header: slot=1 frame=157 epoch=16726269 records=0
[2026-02-11T19:18:49.937243] BRAGE,92997,1,157,-64,9,82,DL,
[2026-02-11T19:18:50.019719] [TDMA] RX header: slot=1 frame=158 epoch=16826269 records=0
[2026-02-11T19:18:50.036677] BRAGE,93097,1,158,-64,9,82,DL,
[2026-02-11T19:18:50.045978] [TDMA] TX DOWNLINK: records=1
[2026-02-11T19:18:50.118205] [TDMA] RX header: slot=1 frame=159 epoch=16926269 records=0
[2026-02-11T19:18:50.135446] BRAGE,93197,1,159,-64,9,82,DL,
[2026-02-11T19:18:50.218336] [TDMA] RX header: slot=1 frame=160 epoch=17026269 records=0
[2026-02-11T19:18:50.235239] BRAGE,93297,1,160,-64,9,82,DL,
[2026-02-11T19:18:50.317666] [TDMA] RX header: slot=1 frame=161 epoch=17126269 records=0
[2026-02-11T19:18:50.334834] BRAGE,93397,1,161,-64,9,82,DL,
[2026-02-11T19:18:50.416984] [TDMA] RX header: slot=1 frame=162 epoch=17226269 records=0
[2026-02-11T19:18:50.434418] BRAGE,93497,1,162,-64,9,82,DL,
[2026-02-11T19:18:50.516578] [TDMA] RX header: slot=1 frame=163 epoch=17326269 records=0
[2026-02-11T19:18:50.533471] BRAGE,93597,1,163,-59,12,82,DL,
[2026-02-11T19:18:50.615406] [TDMA] RX header: slot=1 frame=164 epoch=17426269 records=0
[2026-02-11T19:18:50.632514] BRAGE,93697,1,164,-64,9,82,DL,
[2026-02-11T19:18:50.715376] [TDMA] RX header: slot=1 frame=165 epoch=17526269 records=0
[2026-02-11T19:18:50.732441] BRAGE,93797,1,165,-64,9,82,DL,
[2026-02-11T19:18:50.815297] [TDMA] RX header: slot=1 frame=166 epoch=17626269 records=0
[2026-02-11T19:18:50.831704] BRAGE,93897,1,166,-72,6,82,DL,
[2026-02-11T19:18:50.913997] [TDMA] RX header: slot=1 frame=167 epoch=17726269 records=0
[2026-02-11T19:18:50.930536] BRAGE,93998,1,167,-64,9,82,DL,
[2026-02-11T19:18:51.013382] [TDMA] RX header: slot=1 frame=168 epoch=17826269 records=0
[2026-02-11T19:18:51.030513] BRAGE,94098,1,168,-64,9,82,DL,
[2026-02-11T19:18:51.040148] [TDMA] TX DOWNLINK: records=1
[2026-02-11T19:18:51.113002] [TDMA] RX header: slot=1 frame=169 epoch=17926269 records=0
[2026-02-11T19:18:51.130317] BRAGE,94198,1,169,-64,9,82,DL,
[2026-02-11T19:18:51.212403] [TDMA] RX header: slot=1 frame=170 epoch=18026269 records=0
[2026-02-11T19:18:51.228599] BRAGE,94298,1,170,-64,8,82,DL,
[2026-02-11T19:18:51.311502] [TDMA] RX header: slot=1 frame=171 epoch=18126269 records=0
[2026-02-11T19:18:51.327928] BRAGE,94398,1,171,-64,8,82,DL,
[2026-02-11T19:18:51.410465] [TDMA] RX header: slot=1 frame=172 epoch=18226269 records=0
[2026-02-11T19:18:51.427215] BRAGE,94498,1,172,-64,9,82,DL,
[2026-02-11T19:18:51.509927] [TDMA] RX header: slot=1 frame=173 epoch=18326269 records=0
[2026-02-11T19:18:51.526809] BRAGE,94598,1,173,-72,6,82,DL,
[2026-02-11T19:18:51.609223] [TDMA] RX header: slot=1 frame=174 epoch=18426269 records=0
[2026-02-11T19:18:51.626189] BRAGE,94698,1,174,-64,9,82,DL,
[2026-02-11T19:18:51.708703] [TDMA] RX header: slot=1 frame=175 epoch=18526269 records=0
[2026-02-11T19:18:51.725515] BRAGE,94798,1,175,-64,9,82,DL,
[2026-02-11T19:18:51.808434] [TDMA] RX header: slot=1 frame=176 epoch=18626269 records=0
[2026-02-11T19:18:51.825152] BRAGE,94898,1,176,-64,9,82,DL,
[2026-02-11T19:18:51.907864] [TDMA] RX header: slot=1 frame=177 epoch=18726269 records=0
[2026-02-11T19:18:51.924305] BRAGE,94998,1,177,-72,6,82,DL,
[2026-02-11T19:18:52.006963] [TDMA] RX header: slot=1 frame=178 epoch=18826269 records=0
[2026-02-11T19:18:52.023892] BRAGE,95099,1,178,-64,9,82,DL,
[2026-02-11T19:18:52.034330] [TDMA] TX DOWNLINK: records=1
[2026-02-11T19:18:52.106199] [TDMA] RX header: slot=1 frame=179 epoch=18926269 records=0
[2026-02-11T19:18:52.122989] BRAGE,95199,1,179,-64,9,82,DL,
[2026-02-11T19:18:52.206095] [TDMA] RX header: slot=1 frame=180 epoch=19026269 records=0
[2026-02-11T19:18:52.222509] BRAGE,95299,1,180,-72,6,83,DL,
[2026-02-11T19:18:52.305419] [TDMA] RX header: slot=1 frame=181 epoch=19126269 records=0
[2026-02-11T19:18:52.322331] BRAGE,95399,1,181,-64,9,83,DL,
[2026-02-11T19:18:52.404261] [TDMA] RX header: slot=1 frame=182 epoch=19226269 records=0
[2026-02-11T19:18:52.421185] BRAGE,95499,1,182,-67,8,83,DL,
[2026-02-11T19:18:52.503650] [TDMA] RX header: slot=1 frame=183 epoch=19326269 records=0
[2026-02-11T19:18:52.520449] BRAGE,95599,1,183,-64,9,83,DL,
[2026-02-11T19:18:52.603294] [TDMA] RX header: slot=1 frame=184 epoch=19426269 records=0
[2026-02-11T19:18:52.620505] BRAGE,95699,1,184,-64,9,83,DL,
[2026-02-11T19:18:52.702760] [TDMA] RX header: slot=1 frame=185 epoch=19526269 records=0
[2026-02-11T19:18:52.719454] BRAGE,95799,1,185,-72,6,83,DL,
[2026-02-11T19:18:52.802563] [TDMA] RX header: slot=1 frame=186 epoch=19626269 records=0
[2026-02-11T19:18:52.818874] BRAGE,95899,1,186,-64,9,84,DL,
[2026-02-11T19:18:52.901431] [TDMA] RX header: slot=1 frame=187 epoch=19726269 records=0
[2026-02-11T19:18:52.918852] BRAGE,95999,1,187,-64,9,84,DL,
[2026-02-11T19:18:53.001067] [TDMA] RX header: slot=1 frame=188 epoch=19826269 records=0
[2026-02-11T19:18:53.018080] BRAGE,96099,1,188,-64,9,84,DL,
[2026-02-11T19:18:53.028128] [TDMA] TX DOWNLINK: records=1
[2026-02-11T19:18:53.100758] [TDMA] RX header: slot=1 frame=189 epoch=19926269 records=0
[2026-02-11T19:18:53.122203] BRAGE,96199,1,189,-64,9,85,DL,
[2026-02-11T19:18:53.199946] [TDMA] RX header: slot=1 frame=190 epoch=20026269 records=0
[2026-02-11T19:18:53.216674] BRAGE,96300,1,190,-64,9,86,DL,
[2026-02-11T19:18:53.298813] [TDMA] RX header: slot=1 frame=191 epoch=20126269 records=0
[2026-02-11T19:18:53.316617] BRAGE,96400,1,191,-64,10,86,DL,
[2026-02-11T19:18:53.398852] [TDMA] RX header: slot=1 frame=192 epoch=20226269 records=0
[2026-02-11T19:18:53.415381] BRAGE,96500,1,192,-64,9,86,DL,
[2026-02-11T19:18:53.498148] [TDMA] RX header: slot=1 frame=193 epoch=20326269 records=0
[2026-02-11T19:18:53.515418] BRAGE,96600,1,193,-64,8,86,DL,
[2026-02-11T19:18:53.596914] [TDMA] RX header: slot=1 frame=194 epoch=20426269 records=0
[2026-02-11T19:18:53.613914] BRAGE,96700,1,194,-64,9,87,DL,
[2026-02-11T19:18:53.697011] [TDMA] RX header: slot=1 frame=195 epoch=20526269 records=0
[2026-02-11T19:18:53.713689] BRAGE,96800,1,195,-64,9,88,DL,
[2026-02-11T19:18:53.795875] [TDMA] RX header: slot=1 frame=196 epoch=20626269 records=0
[2026-02-11T19:18:53.813926] BRAGE,96900,1,196,-64,9,89,DL,
[2026-02-11T19:18:53.895192] [TDMA] RX header: slot=1 frame=197 epoch=20726269 records=0
[2026-02-11T19:18:53.912753] BRAGE,97000,1,197,-64,9,90,DL,
[2026-02-11T19:18:53.994987] [TDMA] RX header: slot=1 frame=198 epoch=20826269 records=0
[2026-02-11T19:18:54.012024] BRAGE,97100,1,198,-64,9,91,DL,
[2026-02-11T19:18:54.021876] [TDMA] TX DOWNLINK: records=1
[2026-02-11T19:18:54.094122] [TDMA] RX header: slot=1 frame=199 epoch=20926269 records=0
[2026-02-11T19:18:54.111060] BRAGE,97200,1,199,-64,9,92,DL,
[2026-02-11T19:18:54.193797] [TDMA] RX header: slot=1 frame=200 epoch=21026269 records=0
[2026-02-11T19:18:54.211089] BRAGE,97300,1,200,-64,9,92,DL,
[2026-02-11T19:18:54.293257] [TDMA] RX header: slot=1 frame=201 epoch=21126269 records=0
[2026-02-11T19:18:54.310084] BRAGE,97401,1,201,-73,6,92,DL,
[2026-02-11T19:18:54.396292] [TDMA] RX header: slot=1 frame=202 epoch=21226269 records=0
[2026-02-11T19:18:54.409041] BRAGE,97501,1,202,-64,9,92,DL,
[2026-02-11T19:18:54.492008] [TDMA] RX header: slot=1 frame=203 epoch=21326269 records=0
[2026-02-11T19:18:54.508754] BRAGE,97601,1,203,-64,8,92,DL,
[2026-02-11T19:18:54.591246] [TDMA] RX header: slot=1 frame=204 epoch=21426269 records=0
[2026-02-11T19:18:54.608142] BRAGE,97701,1,204,-64,9,93,DL,
[2026-02-11T19:18:54.690312] [TDMA] RX header: slot=1 frame=205 epoch=21526269 records=0
[2026-02-11T19:18:54.707189] BRAGE,97801,1,205,-64,9,93,DL,
[2026-02-11T19:18:54.790035] [TDMA] RX header: slot=1 frame=206 epoch=21626269 records=0
[2026-02-11T19:18:54.806931] BRAGE,97901,1,206,-72,6,93,DL,
[2026-02-11T19:18:54.889184] [TDMA] RX header: slot=1 frame=207 epoch=21726269 records=0
[2026-02-11T19:18:54.906480] BRAGE,98001,1,207,-59,12,93,DL,
[2026-02-11T19:18:54.988479] [TDMA] RX header: slot=1 frame=208 epoch=21826269 records=0
[2026-02-11T19:18:55.005692] BRAGE,98101,1,208,-64,8,93,DL,
[2026-02-11T19:18:55.015115] [TDMA] TX DOWNLINK: records=1
[2026-02-11T19:18:55.088303] [TDMA] RX header: slot=1 frame=209 epoch=21926269 records=0
[2026-02-11T19:18:55.104597] BRAGE,98201,1,209,-64,9,93,DL,
[2026-02-11T19:18:55.187496] [TDMA] RX header: slot=1 frame=210 epoch=22026269 records=0
[2026-02-11T19:18:55.204292] BRAGE,98301,1,210,-64,9,93,DL,
[2026-02-11T19:18:55.287006] [TDMA] RX header: slot=1 frame=211 epoch=22126269 records=0
[2026-02-11T19:18:55.303369] BRAGE,98401,1,211,-64,9,93,DL,
[2026-02-11T19:18:55.402958] BRAGE,98501,1,212,0,0,92,NONE,
[2026-02-11T19:18:55.485223] [TDMA] RX header: slot=1 frame=213 epoch=22326269 records=0
[2026-02-11T19:18:55.502535] BRAGE,98601,1,213,-64,9,93,DL,
[2026-02-11T19:18:55.601589] BRAGE,98701,1,214,0,0,93,NONE,
[2026-02-11T19:18:55.700795] BRAGE,98801,1,215,0,0,92,NONE,
[2026-02-11T19:18:55.800560] BRAGE,98901,1,216,0,0,91,NONE,
[2026-02-11T19:18:55.883150] [TDMA] RX header: slot=1 frame=217 epoch=22726269 records=0
[2026-02-11T19:18:55.900148] BRAGE,99002,1,217,-64,9,91,DL,
[2026-02-11T19:18:55.984021] [TDMA] RX header: slot=1 frame=218 epoch=22826269 records=0
[2026-02-11T19:18:55.999805] BRAGE,99102,1,218,-64,9,91,DL,
[2026-02-11T19:18:56.009443] [TDMA] TX DOWNLINK: records=1
[2026-02-11T19:18:56.082193] [TDMA] RX header: slot=1 frame=219 epoch=22926269 records=0
[2026-02-11T19:18:56.098996] BRAGE,99202,1,219,-64,9,91,DL,
[2026-02-11T19:18:56.181102] [TDMA] RX header: slot=1 frame=220 epoch=23026269 records=0
[2026-02-11T19:18:56.197925] BRAGE,99302,1,220,-72,6,91,DL,
[2026-02-11T19:18:56.280463] [TDMA] RX header: slot=1 frame=221 epoch=23126269 records=0
[2026-02-11T19:18:56.298314] BRAGE,99402,1,221,-64,9,92,DL,
[2026-02-11T19:18:56.380040] [TDMA] RX header: slot=1 frame=222 epoch=23226269 records=0
[2026-02-11T19:18:56.397080] BRAGE,99502,1,222,-64,9,92,DL,
[2026-02-11T19:18:56.479503] [TDMA] RX header: slot=1 frame=223 epoch=23326269 records=0
[2026-02-11T19:18:56.496672] BRAGE,99602,1,223,-64,9,93,DL,
[2026-02-11T19:18:56.579021] [TDMA] RX header: slot=1 frame=224 epoch=23426269 records=0
[2026-02-11T19:18:56.595583] BRAGE,99702,1,224,-72,5,93,DL,
[2026-02-11T19:18:56.678229] [TDMA] RX header: slot=1 frame=225 epoch=23526269 records=0
[2026-02-11T19:18:56.694519] BRAGE,99802,1,225,-64,8,93,DL,
[2026-02-11T19:18:56.794483] BRAGE,99902,1,226,0,0,92,NONE,
[2026-02-11T19:18:56.876718] [TDMA] RX header: slot=1 frame=227 epoch=23726269 records=0
[2026-02-11T19:18:56.894846] BRAGE,100003,1,227,-72,6,92,DL,
[2026-02-11T19:18:56.975921] [TDMA] RX header: slot=1 frame=228 epoch=23826269 records=0
[2026-02-11T19:18:56.992837] BRAGE,100103,1,228,-64,9,93,DL,
[2026-02-11T19:18:57.002986] [TDMA] TX DOWNLINK: records=1
[2026-02-11T19:18:57.075910] [TDMA] RX header: slot=1 frame=229 epoch=23926269 records=0
[2026-02-11T19:18:57.092054] BRAGE,100203,1,229,-64,9,93,DL,
[2026-02-11T19:18:57.174519] [TDMA] RX header: slot=1 frame=230 epoch=24026269 records=0
[2026-02-11T19:18:57.191761] BRAGE,100303,1,230,-64,9,94,DL,
[2026-02-11T19:18:57.274510] [TDMA] RX header: slot=1 frame=231 epoch=24126269 records=0
[2026-02-11T19:18:57.291224] BRAGE,100403,1,231,-64,9,94,DL,
[2026-02-11T19:18:57.373306] [TDMA] RX header: slot=1 frame=232 epoch=24226269 records=0
[2026-02-11T19:18:57.390726] BRAGE,100503,1,232,-72,6,94,DL,
[2026-02-11T19:18:57.472728] [TDMA] RX header: slot=1 frame=233 epoch=24326269 records=0
[2026-02-11T19:18:57.489533] BRAGE,100603,1,233,-64,9,94,DL,
[2026-02-11T19:18:57.572588] [TDMA] RX header: slot=1 frame=234 epoch=24426269 records=0
[2026-02-11T19:18:57.589056] BRAGE,100703,1,234,-64,8,94,DL,
[2026-02-11T19:18:57.671413] [TDMA] RX header: slot=1 frame=235 epoch=24526269 records=0
[2026-02-11T19:18:57.688798] BRAGE,100803,1,235,-72,6,94,DL,
[2026-02-11T19:18:57.771224] [TDMA] RX header: slot=1 frame=236 epoch=24626269 records=0
[2026-02-11T19:18:57.788022] BRAGE,100903,1,236,-72,6,94,DL,
[2026-02-11T19:18:57.870947] [TDMA] RX header: slot=1 frame=237 epoch=24726269 records=0
[2026-02-11T19:18:57.887089] BRAGE,101003,1,237,-72,6,94,DL,
[2026-02-11T19:18:57.969715] [TDMA] RX header: slot=1 frame=238 epoch=24826269 records=0
[2026-02-11T19:18:57.986796] BRAGE,101103,1,238,-72,6,94,DL,
[2026-02-11T19:18:57.996760] [TDMA] TX DOWNLINK: records=1
[2026-02-11T19:18:58.069523] [TDMA] RX header: slot=1 frame=239 epoch=24926269 records=0
[2026-02-11T19:18:58.086160] BRAGE,101203,1,239,-72,6,94,DL,
[2026-02-11T19:18:58.185144] BRAGE,101303,1,240,0,0,93,NONE,
[2026-02-11T19:18:58.268215] [TDMA] RX header: slot=1 frame=241 epoch=25126269 records=0
[2026-02-11T19:18:58.284904] BRAGE,101404,1,241,-64,9,93,DL,
[2026-02-11T19:18:58.367306] [TDMA] RX header: slot=1 frame=242 epoch=25226269 records=0
[2026-02-11T19:18:58.384350] BRAGE,101504,1,242,-73,6,93,DL,
[2026-02-11T19:18:58.466972] [TDMA] RX header: slot=1 frame=243 epoch=25326269 records=0
[2026-02-11T19:18:58.484075] BRAGE,101604,1,243,-72,6,93,DL,
[2026-02-11T19:18:58.566253] [TDMA] RX header: slot=1 frame=244 epoch=25426269 records=0
[2026-02-11T19:18:58.583150] BRAGE,101704,1,244,-64,9,93,DL,
[2026-02-11T19:18:58.665972] [TDMA] RX header: slot=1 frame=245 epoch=25526269 records=0
[2026-02-11T19:18:58.682714] BRAGE,101804,1,245,-64,9,93,DL,
[2026-02-11T19:18:58.765001] [TDMA] RX header: slot=1 frame=246 epoch=25626269 records=0
[2026-02-11T19:18:58.781454] BRAGE,101904,1,246,-64,9,94,DL,
[2026-02-11T19:18:58.880999] BRAGE,102004,1,247,0,0,93,NONE,
[2026-02-11T19:18:58.963378] [TDMA] RX header: slot=1 frame=248 epoch=25826269 records=0
[2026-02-11T19:18:58.979999] BRAGE,102104,1,248,-64,9,93,DL,
[2026-02-11T19:18:58.989838] [TDMA] TX DOWNLINK: records=1
[2026-02-11T19:18:59.062793] [TDMA] RX header: slot=1 frame=249 epoch=25926269 records=0
[2026-02-11T19:18:59.079712] BRAGE,102204,1,249,-64,8,93,DL,
[2026-02-11T19:18:59.162490] [TDMA] RX header: slot=1 frame=250 epoch=26026269 records=0
[2026-02-11T19:18:59.179375] BRAGE,102304,1,250,-67,8,93,DL,
[2026-02-11T19:18:59.261907] [TDMA] RX header: slot=1 frame=251 epoch=26126269 records=0
[2026-02-11T19:18:59.279047] BRAGE,102404,1,251,-64,9,93,DL,
[2026-02-11T19:18:59.361574] [TDMA] RX header: slot=1 frame=252 epoch=26226269 records=0
[2026-02-11T19:18:59.378136] BRAGE,102504,1,252,-72,6,93,DL,
[2026-02-11T19:18:59.460700] [TDMA] RX header: slot=1 frame=253 epoch=26326269 records=0
[2026-02-11T19:18:59.477506] BRAGE,102604,1,253,-64,9,93,DL,
[2026-02-11T19:18:59.560088] [TDMA] RX header: slot=1 frame=254 epoch=26426269 records=0
[2026-02-11T19:18:59.576906] BRAGE,102705,1,254,-72,6,93,DL,
[2026-02-11T19:18:59.659330] [TDMA] RX header: slot=1 frame=255 epoch=26526269 records=0
[2026-02-11T19:18:59.676159] BRAGE,102805,1,255,-64,9,93,DL,
[2026-02-11T19:18:59.775082] BRAGE,102905,1,256,0,0,92,NONE,
[2026-02-11T19:18:59.857672] [TDMA] RX header: slot=1 frame=257 epoch=26726269 records=0
[2026-02-11T19:18:59.876917] BRAGE,103005,1,257,-72,6,92,DL,
[2026-02-11T19:18:59.973835] BRAGE,103105,1,258,0,0,91,NONE,
[2026-02-11T19:18:59.984149] [TDMA] TX DOWNLINK: records=1
[2026-02-11T19:19:00.056421] [TDMA] RX header: slot=1 frame=259 epoch=26926269 records=0
[2026-02-11T19:19:00.073220] BRAGE,103205,1,259,-70,6,91,DL,
[2026-02-11T19:19:00.156172] [TDMA] RX header: slot=1 frame=260 epoch=27026269 records=0
[2026-02-11T19:19:00.172948] BRAGE,103305,1,260,-72,6,91,DL,
[2026-02-11T19:19:00.255605] [TDMA] RX header: slot=1 frame=261 epoch=27126269 records=0
[2026-02-11T19:19:00.272309] BRAGE,103405,1,261,-72,6,91,DL,
[2026-02-11T19:19:00.354628] [TDMA] RX header: slot=1 frame=262 epoch=27226269 records=0
[2026-02-11T19:19:00.371333] BRAGE,103505,1,262,-64,8,91,DL,
[2026-02-11T19:19:00.454341] [TDMA] RX header: slot=1 frame=263 epoch=27326269 records=0
[2026-02-11T19:19:00.471185] BRAGE,103605,1,263,-72,6,91,DL,
[2026-02-11T19:19:00.553336] [TDMA] RX header: slot=1 frame=264 epoch=27426269 records=0
[2026-02-11T19:19:00.570226] BRAGE,103705,1,264,-64,9,91,DL,
[2026-02-11T19:19:00.653178] [TDMA] RX header: slot=1 frame=265 epoch=27526269 records=0
[2026-02-11T19:19:00.669773] BRAGE,103805,1,265,-72,5,91,DL,
[2026-02-11T19:19:00.752524] [TDMA] RX header: slot=1 frame=266 epoch=27626269 records=0
[2026-02-11T19:19:00.770867] BRAGE,103905,1,266,-64,9,91,DL,
[2026-02-11T19:19:00.851543] [TDMA] RX header: slot=1 frame=267 epoch=27726269 records=0
[2026-02-11T19:19:00.868909] BRAGE,104005,1,267,-64,8,91,DL,
[2026-02-11T19:19:00.967504] BRAGE,104105,1,268,0,0,90,NONE,
[2026-02-11T19:19:00.978222] [TDMA] TX DOWNLINK: records=1
[2026-02-11T19:19:01.067764] BRAGE,104205,1,269,0,0,89,NONE,
[2026-02-11T19:19:01.149745] [TDMA] RX header: slot=1 frame=270 epoch=28026269 records=0
[2026-02-11T19:19:01.166570] BRAGE,104306,1,270,-64,9,89,DL,
[2026-02-11T19:19:01.249414] [TDMA] RX header: slot=1 frame=271 epoch=28126269 records=0
[2026-02-11T19:19:01.265961] BRAGE,104406,1,271,-64,9,89,DL,
[2026-02-11T19:19:01.348802] [TDMA] RX header: slot=1 frame=272 epoch=28226269 records=0
[2026-02-11T19:19:01.365670] BRAGE,104506,1,272,-72,6,89,DL,
[2026-02-11T19:19:01.447716] [TDMA] RX header: slot=1 frame=273 epoch=28326269 records=0
[2026-02-11T19:19:01.465161] BRAGE,104606,1,273,-64,8,89,DL,
[2026-02-11T19:19:01.548121] [TDMA] RX header: slot=1 frame=274 epoch=28426269 records=0
[2026-02-11T19:19:01.564500] BRAGE,104706,1,274,-64,9,89,DL,
[2026-02-11T19:19:01.649019] [TDMA] RX header: slot=1 frame=275 epoch=28526269 records=0
[2026-02-11T19:19:01.663788] BRAGE,104806,1,275,-64,9,89,DL,
[2026-02-11T19:19:01.746416] [TDMA] RX header: slot=1 frame=276 epoch=28626269 records=0
[2026-02-11T19:19:01.763207] BRAGE,104906,1,276,-64,9,89,DL,
[2026-02-11T19:19:01.845752] [TDMA] RX header: slot=1 frame=277 epoch=28726269 records=0
[2026-02-11T19:19:01.862541] BRAGE,105006,1,277,-64,9,89,DL,
[2026-02-11T19:19:01.962147] BRAGE,105106,1,278,0,0,88,NONE,
[2026-02-11T19:19:01.971918] [TDMA] TX DOWNLINK: records=1
[2026-02-11T19:19:02.045414] [TDMA] RX header: slot=1 frame=279 epoch=28926269 records=0
[2026-02-11T19:19:02.061422] BRAGE,105206,1,279,-73,6,88,DL,
[2026-02-11T19:19:02.143807] [TDMA] RX header: slot=1 frame=280 epoch=29026269 records=0
[2026-02-11T19:19:02.160685] BRAGE,105307,1,280,-72,6,88,DL,
[2026-02-11T19:19:02.242904] [TDMA] RX header: slot=1 frame=281 epoch=29126269 records=0
[2026-02-11T19:19:02.259544] BRAGE,105407,1,281,-72,6,88,DL,
[2026-02-11T19:19:02.342212] [TDMA] RX header: slot=1 frame=282 epoch=29226269 records=0
[2026-02-11T19:19:02.359210] BRAGE,105507,1,282,-64,9,88,DL,
[2026-02-11T19:19:02.441993] [TDMA] RX header: slot=1 frame=283 epoch=29326269 records=0
[2026-02-11T19:19:02.458821] BRAGE,105607,1,283,-72,7,88,DL,
[2026-02-11T19:19:02.541363] [TDMA] RX header: slot=1 frame=284 epoch=29426269 records=0
[2026-02-11T19:19:02.558936] BRAGE,105707,1,284,-67,7,88,DL,
[2026-02-11T19:19:02.640751] [TDMA] RX header: slot=1 frame=285 epoch=29526269 records=0
[2026-02-11T19:19:02.657492] BRAGE,105807,1,285,-72,6,88,DL,
[2026-02-11T19:19:02.740129] [TDMA] RX header: slot=1 frame=286 epoch=29626269 records=0
[2026-02-11T19:19:02.757084] BRAGE,105907,1,286,-64,9,88,DL,
[2026-02-11T19:19:02.839152] [TDMA] RX header: slot=1 frame=287 epoch=29726269 records=0
[2026-02-11T19:19:02.855682] BRAGE,106007,1,287,-64,9,88,DL,
[2026-02-11T19:19:02.938878] [TDMA] RX header: slot=1 frame=288 epoch=29826269 records=0
[2026-02-11T19:19:02.955731] BRAGE,106107,1,288,-64,9,88,DL,
[2026-02-11T19:19:02.965592] [TDMA] TX DOWNLINK: records=1
[2026-02-11T19:19:03.037877] [TDMA] RX header: slot=1 frame=289 epoch=29926269 records=0
[2026-02-11T19:19:03.055419] BRAGE,106207,1,289,-64,9,88,DL,
[2026-02-11T19:19:03.137626] [TDMA] RX header: slot=1 frame=290 epoch=30026269 records=0
[2026-02-11T19:19:03.153993] BRAGE,106307,1,290,-72,6,88,DL,
[2026-02-11T19:19:03.237196] [TDMA] RX header: slot=1 frame=291 epoch=30126269 records=0
[2026-02-11T19:19:03.254418] BRAGE,106407,1,291,-64,8,88,DL,
[2026-02-11T19:19:03.353540] BRAGE,106507,1,292,0,0,87,NONE,
[2026-02-11T19:19:03.435461] [TDMA] RX header: slot=1 frame=293 epoch=30326269 records=0
[2026-02-11T19:19:03.452092] BRAGE,106608,1,293,-55,12,87,DL,
[2026-02-11T19:19:03.552267] BRAGE,106708,1,294,0,0,86,NONE,
[2026-02-11T19:19:03.634080] [TDMA] RX header: slot=1 frame=295 epoch=30526269 records=0
[2026-02-11T19:19:03.651619] BRAGE,106808,1,295,-64,8,86,DL,
[2026-02-11T19:19:03.734280] [TDMA] RX header: slot=1 frame=296 epoch=30626269 records=0
[2026-02-11T19:19:03.751105] BRAGE,106908,1,296,-64,9,86,DL,
[2026-02-11T19:19:03.833435] [TDMA] RX header: slot=1 frame=297 epoch=30726269 records=0
[2026-02-11T19:19:03.850177] BRAGE,107008,1,297,-64,8,86,DL,
[2026-02-11T19:19:03.932518] [TDMA] RX header: slot=1 frame=298 epoch=30826269 records=0
[2026-02-11T19:19:03.949477] BRAGE,107108,1,298,-64,8,86,DL,
[2026-02-11T19:19:03.959017] [TDMA] TX DOWNLINK: records=1
[2026-02-11T19:19:04.032036] [TDMA] RX header: slot=1 frame=299 epoch=30926269 records=0
[2026-02-11T19:19:04.048791] BRAGE,107208,1,299,-64,8,86,DL,
[2026-02-11T19:19:04.148166] BRAGE,107308,1,300,0,0,85,NONE,
[2026-02-11T19:19:04.230772] [TDMA] RX header: slot=1 frame=301 epoch=31126269 records=0
[2026-02-11T19:19:04.247740] BRAGE,107408,1,301,-64,8,85,DL,
[2026-02-11T19:19:04.346767] BRAGE,107508,1,302,0,0,84,NONE,
[2026-02-11T19:19:04.446107] BRAGE,107608,1,303,0,0,83,NONE,
[2026-02-11T19:19:04.545543] BRAGE,107708,1,304,0,0,82,NONE,
[2026-02-11T19:19:04.644843] BRAGE,107808,1,305,0,0,81,NONE,
[2026-02-11T19:19:04.727483] [TDMA] RX header: slot=1 frame=306 epoch=31626269 records=0
[2026-02-11T19:19:04.744205] BRAGE,107909,1,306,-62,11,81,DL,
[2026-02-11T19:19:04.843857] BRAGE,108009,1,307,0,0,80,NONE,
[2026-02-11T19:19:04.926442] [TDMA] RX header: slot=1 frame=308 epoch=31826269 records=0
[2026-02-11T19:19:04.942838] BRAGE,108109,1,308,-64,8,80,DL,
[2026-02-11T19:19:04.953044] [TDMA] TX DOWNLINK: records=1
[2026-02-11T19:19:05.026034] [TDMA] RX header: slot=1 frame=309 epoch=31926269 records=0
[2026-02-11T19:19:05.042470] BRAGE,108209,1,309,-67,7,80,DL,
[2026-02-11T19:19:05.125433] [TDMA] RX header: slot=1 frame=310 epoch=32026269 records=0
[2026-02-11T19:19:05.141797] BRAGE,108309,1,310,-64,8,80,DL,
[2026-02-11T19:19:05.224497] [TDMA] RX header: slot=1 frame=311 epoch=32126269 records=0
[2026-02-11T19:19:05.241447] BRAGE,108409,1,311,-64,8,80,DL,
[2026-02-11T19:19:05.324057] [TDMA] RX header: slot=1 frame=312 epoch=32226269 records=0
[2026-02-11T19:19:05.340759] BRAGE,108509,1,312,-64,8,81,DL,
[2026-02-11T19:19:05.423421] [TDMA] RX header: slot=1 frame=313 epoch=32326269 records=0
[2026-02-11T19:19:05.440309] BRAGE,108609,1,313,-64,9,81,DL,
[2026-02-11T19:19:05.522299] [TDMA] RX header: slot=1 frame=314 epoch=32426269 records=0
[2026-02-11T19:19:05.539609] BRAGE,108709,1,314,-64,9,82,DL,
[2026-02-11T19:19:05.622496] [TDMA] RX header: slot=1 frame=315 epoch=32526269 records=0
[2026-02-11T19:19:05.638850] BRAGE,108809,1,315,-64,8,83,DL,
[2026-02-11T19:19:05.721457] [TDMA] RX header: slot=1 frame=316 epoch=32626269 records=0
[2026-02-11T19:19:05.738064] BRAGE,108910,1,316,-67,7,84,DL,
[2026-02-11T19:19:05.837722] BRAGE,109010,1,317,0,0,83,NONE,
[2026-02-11T19:19:05.936708] BRAGE,109110,1,318,0,0,82,NONE,
[2026-02-11T19:19:05.947033] [TDMA] TX DOWNLINK: records=1
[2026-02-11T19:19:06.019719] [TDMA] RX header: slot=1 frame=319 epoch=32926269 records=0
[2026-02-11T19:19:06.036766] BRAGE,109210,1,319,-64,8,82,DL,
[2026-02-11T19:19:06.119214] [TDMA] RX header: slot=1 frame=320 epoch=33026269 records=0
[2026-02-11T19:19:06.135500] BRAGE,109310,1,320,-64,9,82,DL,
[2026-02-11T19:19:06.218052] [TDMA] RX header: slot=1 frame=321 epoch=33126269 records=0
[2026-02-11T19:19:06.234933] BRAGE,109410,1,321,-72,6,82,DL,
[2026-02-11T19:19:06.317827] [TDMA] RX header: slot=1 frame=322 epoch=33226269 records=0
[2026-02-11T19:19:06.334227] BRAGE,109510,1,322,-72,5,82,DL,
[2026-02-11T19:19:06.417406] [TDMA] RX header: slot=1 frame=323 epoch=33326269 records=0
[2026-02-11T19:19:06.434390] BRAGE,109610,1,323,-64,8,82,DL,
[2026-02-11T19:19:06.533790] BRAGE,109710,1,324,0,0,81,NONE,
[2026-02-11T19:19:06.615962] [TDMA] RX header: slot=1 frame=325 epoch=33526269 records=0
[2026-02-11T19:19:06.636166] BRAGE,109810,1,325,-65,10,81,DL,
[2026-02-11T19:19:06.715517] [TDMA] RX header: slot=1 frame=326 epoch=33626269 records=0
[2026-02-11T19:19:06.731748] BRAGE,109910,1,326,-73,7,82,DL,
[2026-02-11T19:19:06.831550] BRAGE,110010,1,327,0,0,81,NONE,
[2026-02-11T19:19:06.914044] [TDMA] RX header: slot=1 frame=328 epoch=33826269 records=0
[2026-02-11T19:19:06.930732] BRAGE,110111,1,328,-64,9,81,DL,
[2026-02-11T19:19:06.940720] [TDMA] TX DOWNLINK: records=1
[2026-02-11T19:19:07.012913] [TDMA] RX header: slot=1 frame=329 epoch=33926269 records=0
[2026-02-11T19:19:07.029965] BRAGE,110211,1,329,-67,8,81,DL,
[2026-02-11T19:19:07.112141] [TDMA] RX header: slot=1 frame=330 epoch=34026269 records=0
[2026-02-11T19:19:07.129564] BRAGE,110311,1,330,-72,6,81,DL,
[2026-02-11T19:19:07.211788] [TDMA] RX header: slot=1 frame=331 epoch=34126269 records=0
[2026-02-11T19:19:07.228684] BRAGE,110411,1,331,-72,7,81,DL,
[2026-02-11T19:19:07.311823] [TDMA] RX header: slot=1 frame=332 epoch=34226269 records=0
[2026-02-11T19:19:07.328777] BRAGE,110511,1,332,-64,8,81,DL,
[2026-02-11T19:19:07.410434] [TDMA] RX header: slot=1 frame=333 epoch=34326269 records=0
[2026-02-11T19:19:07.427519] BRAGE,110611,1,333,-68,11,81,DL,
[2026-02-11T19:19:07.526581] BRAGE,110711,1,334,0,0,80,NONE,
[2026-02-11T19:19:07.609443] [TDMA] RX header: slot=1 frame=335 epoch=34526269 records=0
[2026-02-11T19:19:07.626577] BRAGE,110811,1,335,-64,10,80,DL,
[2026-02-11T19:19:07.708873] [TDMA] RX header: slot=1 frame=336 epoch=34626269 records=0
[2026-02-11T19:19:07.725962] BRAGE,110911,1,336,-64,10,80,DL,
[2026-02-11T19:19:07.808682] [TDMA] RX header: slot=1 frame=337 epoch=34726269 records=0
[2026-02-11T19:19:07.825243] BRAGE,111011,1,337,-64,10,80,DL,
[2026-02-11T19:19:07.911605] [TDMA] RX header: slot=1 frame=338 epoch=34826269 records=0
[2026-02-11T19:19:07.924538] BRAGE,111111,1,338,-62,12,80,DL,
[2026-02-11T19:19:07.934137] [TDMA] TX DOWNLINK: records=1
[2026-02-11T19:19:08.007188] [TDMA] RX header: slot=1 frame=339 epoch=34926269 records=0
[2026-02-11T19:19:08.025203] BRAGE,111211,1,339,-73,6,80,DL,
[2026-02-11T19:19:08.106552] [TDMA] RX header: slot=1 frame=340 epoch=35026269 records=0
[2026-02-11T19:19:08.123138] BRAGE,111312,1,340,-64,9,81,DL,
[2026-02-11T19:19:08.205967] [TDMA] RX header: slot=1 frame=341 epoch=35126269 records=0
[2026-02-11T19:19:08.222913] BRAGE,111412,1,341,-72,6,81,DL,
[2026-02-11T19:19:08.305305] [TDMA] RX header: slot=1 frame=342 epoch=35226269 records=0
[2026-02-11T19:19:08.322748] BRAGE,111512,1,342,-64,9,81,DL,
[2026-02-11T19:19:08.404269] [TDMA] RX header: slot=1 frame=343 epoch=35326269 records=0
[2026-02-11T19:19:08.421670] BRAGE,111612,1,343,-64,9,81,DL,
[2026-02-11T19:19:08.504093] [TDMA] RX header: slot=1 frame=344 epoch=35426269 records=0
[2026-02-11T19:19:08.520959] BRAGE,111712,1,344,-64,9,81,DL,
[2026-02-11T19:19:08.603687] [TDMA] RX header: slot=1 frame=345 epoch=35526269 records=0
[2026-02-11T19:19:08.620734] BRAGE,111812,1,345,-64,10,81,DL,
[2026-02-11T19:19:08.702435] [TDMA] RX header: slot=1 frame=346 epoch=35626269 records=0
[2026-02-11T19:19:08.720073] BRAGE,111912,1,346,-64,9,81,DL,
[2026-02-11T19:19:08.802716] [TDMA] RX header: slot=1 frame=347 epoch=35726269 records=0
[2026-02-11T19:19:08.818887] BRAGE,112012,1,347,-65,9,82,DL,
[2026-02-11T19:19:08.901927] [TDMA] RX header: slot=1 frame=348 epoch=35826269 records=0
[2026-02-11T19:19:08.918997] BRAGE,112112,1,348,-64,10,82,DL,
[2026-02-11T19:19:08.932360] [TDMA] TX DOWNLINK: records=1
[2026-02-11T19:19:09.000890] [TDMA] RX header: slot=1 frame=349 epoch=35926269 records=0
[2026-02-11T19:19:09.018133] BRAGE,112212,1,349,-67,8,82,DL,
[2026-02-11T19:19:09.100254] [TDMA] RX header: slot=1 frame=350 epoch=36026269 records=0
[2026-02-11T19:19:09.117140] BRAGE,112312,1,350,-65,10,82,DL,
[2026-02-11T19:19:09.200177] [TDMA] RX header: slot=1 frame=351 epoch=36126269 records=0
[2026-02-11T19:19:09.217108] BRAGE,112413,1,351,-72,6,82,DL,
[2026-02-11T19:19:09.298794] [TDMA] RX header: slot=1 frame=352 epoch=36226269 records=0
[2026-02-11T19:19:09.316285] BRAGE,112513,1,352,-64,10,82,DL,
[2026-02-11T19:19:09.398915] [TDMA] RX header: slot=1 frame=353 epoch=36326269 records=0
[2026-02-11T19:19:09.415606] BRAGE,112613,1,353,-64,10,82,DL,
[2026-02-11T19:19:09.498141] [TDMA] RX header: slot=1 frame=354 epoch=36426269 records=0
[2026-02-11T19:19:09.515127] BRAGE,112713,1,354,-64,9,82,DL,
[2026-02-11T19:19:09.597163] [TDMA] RX header: slot=1 frame=355 epoch=36526269 records=0
[2026-02-11T19:19:09.614093] BRAGE,112813,1,355,-67,8,82,DL,
[2026-02-11T19:19:09.696810] [TDMA] RX header: slot=1 frame=356 epoch=36626269 records=0
[2026-02-11T19:19:09.714166] BRAGE,112913,1,356,-64,10,83,DL,
[2026-02-11T19:19:09.795966] [TDMA] RX header: slot=1 frame=357 epoch=36726269 records=0
[2026-02-11T19:19:09.812509] BRAGE,113013,1,357,-64,10,83,DL,
[2026-02-11T19:19:09.895425] [TDMA] RX header: slot=1 frame=358 epoch=36826269 records=0
[2026-02-11T19:19:09.912335] BRAGE,113113,1,358,-67,8,84,DL,
[2026-02-11T19:19:09.922203] [TDMA] TX DOWNLINK: records=1
[2026-02-11T19:19:09.994812] [TDMA] RX header: slot=1 frame=359 epoch=36926269 records=0
[2026-02-11T19:19:10.011848] BRAGE,113213,1,359,-64,9,84,DL,
[2026-02-11T19:19:10.094238] [TDMA] RX header: slot=1 frame=360 epoch=37026269 records=0
[2026-02-11T19:19:10.110941] BRAGE,113313,1,360,-72,6,84,DL,
[2026-02-11T19:19:10.193102] [TDMA] RX header: slot=1 frame=361 epoch=37126269 records=0
[2026-02-11T19:19:10.210604] BRAGE,113413,1,361,-72,6,84,DL,
[2026-02-11T19:19:10.293006] [TDMA] RX header: slot=1 frame=362 epoch=37226269 records=0
[2026-02-11T19:19:10.309733] BRAGE,113513,1,362,-64,9,84,DL,
[2026-02-11T19:19:10.392318] [TDMA] RX header: slot=1 frame=363 epoch=37326269 records=0
[2026-02-11T19:19:10.409516] BRAGE,113614,1,363,-64,9,84,DL,
[2026-02-11T19:19:10.491840] [TDMA] RX header: slot=1 frame=364 epoch=37426269 records=0
[2026-02-11T19:19:10.508603] BRAGE,113714,1,364,-64,9,84,DL,
[2026-02-11T19:19:10.590598] [TDMA] RX header: slot=1 frame=365 epoch=37526269 records=0
[2026-02-11T19:19:10.607453] BRAGE,113814,1,365,-73,6,84,DL,
[2026-02-11T19:19:10.690183] [TDMA] RX header: slot=1 frame=366 epoch=37626269 records=0
[2026-02-11T19:19:10.706837] BRAGE,113914,1,366,-64,10,84,DL,
[2026-02-11T19:19:10.789893] [TDMA] RX header: slot=1 frame=367 epoch=37726269 records=0
[2026-02-11T19:19:10.806700] BRAGE,114014,1,367,-64,9,84,DL,
[2026-02-11T19:19:10.888713] [TDMA] RX header: slot=1 frame=368 epoch=37826269 records=0
[2026-02-11T19:19:10.906208] BRAGE,114114,1,368,-64,10,85,DL,
[2026-02-11T19:19:10.916006] [TDMA] TX DOWNLINK: records=1
[2026-02-11T19:19:10.988226] [TDMA] RX header: slot=1 frame=369 epoch=37926269 records=0
[2026-02-11T19:19:11.005070] BRAGE,114214,1,369,-64,9,86,DL,
[2026-02-11T19:19:11.088024] [TDMA] RX header: slot=1 frame=370 epoch=38026269 records=0
[2026-02-11T19:19:11.104913] BRAGE,114314,1,370,-64,9,86,DL,
[2026-02-11T19:19:11.186996] [TDMA] RX header: slot=1 frame=371 epoch=38126269 records=0
[2026-02-11T19:19:11.204185] BRAGE,114414,1,371,-64,9,86,DL,
[2026-02-11T19:19:11.286919] [TDMA] RX header: slot=1 frame=372 epoch=38226269 records=0
[2026-02-11T19:19:11.303539] BRAGE,114514,1,372,-64,10,86,DL,
[2026-02-11T19:19:11.386144] [TDMA] RX header: slot=1 frame=373 epoch=38326269 records=0
[2026-02-11T19:19:11.402940] BRAGE,114614,1,373,-64,10,86,DL,
[2026-02-11T19:19:11.485260] [TDMA] RX header: slot=1 frame=374 epoch=38426269 records=0
[2026-02-11T19:19:11.502318] BRAGE,114714,1,374,-65,10,86,DL,
[2026-02-11T19:19:11.584438] [TDMA] RX header: slot=1 frame=375 epoch=38526269 records=0
[2026-02-11T19:19:11.601371] BRAGE,114815,1,375,-64,10,86,DL,
[2026-02-11T19:19:11.684265] [TDMA] RX header: slot=1 frame=376 epoch=38626269 records=0
[2026-02-11T19:19:11.701135] BRAGE,114915,1,376,-72,6,86,DL,
[2026-02-11T19:19:11.783532] [TDMA] RX header: slot=1 frame=377 epoch=38726269 records=0
[2026-02-11T19:19:11.800153] BRAGE,115015,1,377,-64,10,86,DL,
[2026-02-11T19:19:11.882958] [TDMA] RX header: slot=1 frame=378 epoch=38826269 records=0
[2026-02-11T19:19:11.899924] BRAGE,115115,1,378,-64,10,87,DL,
[2026-02-11T19:19:11.909780] [TDMA] TX DOWNLINK: records=1
[2026-02-11T19:19:11.982380] [TDMA] RX header: slot=1 frame=379 epoch=38926269 records=0
[2026-02-11T19:19:11.998771] BRAGE,115215,1,379,-64,9,87,DL,
[2026-02-11T19:19:12.081796] [TDMA] RX header: slot=1 frame=380 epoch=39026269 records=0
[2026-02-11T19:19:12.098698] BRAGE,115315,1,380,-64,10,87,DL,
[2026-02-11T19:19:12.181238] [TDMA] RX header: slot=1 frame=381 epoch=39126269 records=0
[2026-02-11T19:19:12.198014] BRAGE,115415,1,381,-64,10,87,DL,
[2026-02-11T19:19:12.280190] [TDMA] RX header: slot=1 frame=382 epoch=39226269 records=0
[2026-02-11T19:19:12.297010] BRAGE,115515,1,382,-64,9,87,DL,
[2026-02-11T19:19:12.379970] [TDMA] RX header: slot=1 frame=383 epoch=39326269 records=0
[2026-02-11T19:19:12.396626] BRAGE,115615,1,383,-65,10,87,DL,
[2026-02-11T19:19:12.479468] [TDMA] RX header: slot=1 frame=384 epoch=39426269 records=0
[2026-02-11T19:19:12.495785] BRAGE,115715,1,384,-65,10,87,DL,
[2026-02-11T19:19:12.578680] [TDMA] RX header: slot=1 frame=385 epoch=39526269 records=0
[2026-02-11T19:19:12.595184] BRAGE,115815,1,385,-65,10,87,DL,
[2026-02-11T19:19:12.678141] [TDMA] RX header: slot=1 frame=386 epoch=39626269 records=0
[2026-02-11T19:19:12.694386] BRAGE,115915,1,386,-65,10,87,DL,
[2026-02-11T19:19:12.777548] [TDMA] RX header: slot=1 frame=387 epoch=39726269 records=0
[2026-02-11T19:19:12.793996] BRAGE,116016,1,387,-65,10,87,DL,
[2026-02-11T19:19:12.804051] [TDMA] TX DOWNLINK: records=1
[2026-02-11T19:19:12.893127] BRAGE,116116,1,388,0,0,86,NONE,
[2026-02-11T19:19:12.976116] [TDMA] RX header: slot=1 frame=389 epoch=39926269 records=0
[2026-02-11T19:19:12.992669] BRAGE,116216,1,389,-73,7,86,DL,
[2026-02-11T19:19:13.075134] [TDMA] RX header: slot=1 frame=390 epoch=40026269 records=0
[2026-02-11T19:19:13.092993] BRAGE,116316,1,390,-73,6,86,DL,
[2026-02-11T19:19:13.175131] [TDMA] RX header: slot=1 frame=391 epoch=40126269 records=0
[2026-02-11T19:19:13.191534] BRAGE,116416,1,391,-73,6,86,DL,
[2026-02-11T19:19:13.273729] [TDMA] RX header: slot=1 frame=392 epoch=40226269 records=0
[2026-02-11T19:19:13.291019] BRAGE,116516,1,392,-65,10,87,DL,
[2026-02-11T19:19:13.374011] [TDMA] RX header: slot=1 frame=393 epoch=40326269 records=0
[2026-02-11T19:19:13.389918] BRAGE,116616,1,393,-65,10,87,DL,
[2026-02-11T19:19:13.473057] [TDMA] RX header: slot=1 frame=394 epoch=40426269 records=0
[2026-02-11T19:19:13.489846] BRAGE,116716,1,394,-64,10,88,DL,
[2026-02-11T19:19:13.571731] [TDMA] RX header: slot=1 frame=395 epoch=40526269 records=0
[2026-02-11T19:19:13.589539] BRAGE,116816,1,395,-65,10,88,DL,
[2026-02-11T19:19:13.671505] [TDMA] RX header: slot=1 frame=396 epoch=40626269 records=0
[2026-02-11T19:19:13.688489] BRAGE,116916,1,396,-73,6,88,DL,
[2026-02-11T19:19:13.771247] [TDMA] RX header: slot=1 frame=397 epoch=40726269 records=0
[2026-02-11T19:19:13.787965] BRAGE,117016,1,397,-73,6,88,DL,
[2026-02-11T19:19:13.797912] [TDMA] TX DOWNLINK: records=1
[2026-02-11T19:19:13.870370] [TDMA] RX header: slot=1 frame=398 epoch=40826269 records=0
[2026-02-11T19:19:13.886801] BRAGE,117116,1,398,-64,10,88,DL,
[2026-02-11T19:19:13.969677] [TDMA] RX header: slot=1 frame=399 epoch=40926269 records=0
[2026-02-11T19:19:13.986599] BRAGE,117216,1,399,-65,10,88,DL,
[2026-02-11T19:19:14.069141] [TDMA] RX header: slot=1 frame=400 epoch=41026269 records=0
[2026-02-11T19:19:14.086182] BRAGE,117317,1,400,-65,10,89,DL,
[2026-02-11T19:19:14.168209] [TDMA] RX header: slot=1 frame=401 epoch=41126269 records=0
[2026-02-11T19:19:14.185135] BRAGE,117417,1,401,-65,10,89,DL,
[2026-02-11T19:19:14.267480] [TDMA] RX header: slot=1 frame=402 epoch=41226269 records=0
[2026-02-11T19:19:14.287858] BRAGE,117517,1,402,-65,10,90,DL,
[2026-02-11T19:19:14.367422] [TDMA] RX header: slot=1 frame=403 epoch=41326269 records=0
[2026-02-11T19:19:14.384062] BRAGE,117617,1,403,-65,10,91,DL,
[2026-02-11T19:19:14.466572] [TDMA] RX header: slot=1 frame=404 epoch=41426269 records=0
[2026-02-11T19:19:14.483046] BRAGE,117717,1,404,-65,10,92,DL,
[2026-02-11T19:19:14.566231] [TDMA] RX header: slot=1 frame=405 epoch=41526269 records=0
[2026-02-11T19:19:14.583112] BRAGE,117817,1,405,-73,6,93,DL,
[2026-02-11T19:19:14.665064] [TDMA] RX header: slot=1 frame=406 epoch=41626269 records=0
[2026-02-11T19:19:14.682283] BRAGE,117917,1,406,-65,10,93,DL,
[2026-02-11T19:19:14.764813] [TDMA] RX header: slot=1 frame=407 epoch=41726269 records=0
[2026-02-11T19:19:14.781083] BRAGE,118017,1,407,-65,10,94,DL,
[2026-02-11T19:19:14.791406] [TDMA] TX DOWNLINK: records=1
[2026-02-11T19:19:14.863837] [TDMA] RX header: slot=1 frame=408 epoch=41826269 records=0
[2026-02-11T19:19:14.881101] BRAGE,118117,1,408,-65,10,94,DL,
[2026-02-11T19:19:14.963014] [TDMA] RX header: slot=1 frame=409 epoch=41926269 records=0
[2026-02-11T19:19:14.979795] BRAGE,118217,1,409,-64,10,94,DL,
[2026-02-11T19:19:15.064527] [TDMA] RX header: slot=1 frame=410 epoch=42026269 records=0
[2026-02-11T19:19:15.082499] BRAGE,118317,1,410,-72,6,94,DL,
[2026-02-11T19:19:15.162011] [TDMA] RX header: slot=1 frame=411 epoch=42126269 records=0
[2026-02-11T19:19:15.178944] BRAGE,118417,1,411,-73,6,94,DL,
[2026-02-11T19:19:15.261724] [TDMA] RX header: slot=1 frame=412 epoch=42226269 records=0
[2026-02-11T19:19:15.278678] BRAGE,118517,1,412,-65,9,94,DL,
[2026-02-11T19:19:15.361269] [TDMA] RX header: slot=1 frame=413 epoch=42326269 records=0
[2026-02-11T19:19:15.377846] BRAGE,118618,1,413,-73,6,94,DL,
[2026-02-11T19:19:15.460545] [TDMA] RX header: slot=1 frame=414 epoch=42426269 records=0
[2026-02-11T19:19:15.477491] BRAGE,118718,1,414,-72,6,94,DL,
[2026-02-11T19:19:15.563107] [TDMA] RX header: slot=1 frame=415 epoch=42526269 records=0
[2026-02-11T19:19:15.576135] BRAGE,118818,1,415,-64,10,94,DL,
[2026-02-11T19:19:15.658767] [TDMA] RX header: slot=1 frame=416 epoch=42626269 records=0
[2026-02-11T19:19:15.675964] BRAGE,118918,1,416,-72,6,94,DL,
[2026-02-11T19:19:15.758532] [TDMA] RX header: slot=1 frame=417 epoch=42726269 records=0
[2026-02-11T19:19:15.775568] BRAGE,119018,1,417,-64,10,95,DL,
[2026-02-11T19:19:15.784887] [TDMA] TX DOWNLINK: records=1
[2026-02-11T19:19:15.857864] [TDMA] RX header: slot=1 frame=418 epoch=42826269 records=0
[2026-02-11T19:19:15.874777] BRAGE,119118,1,418,-64,10,96,DL,
[2026-02-11T19:19:15.957370] [TDMA] RX header: slot=1 frame=419 epoch=42926269 records=0
[2026-02-11T19:19:15.974060] BRAGE,119218,1,419,-72,6,96,DL,
[2026-02-11T19:19:16.056587] [TDMA] RX header: slot=1 frame=420 epoch=43026269 records=0
[2026-02-11T19:19:16.073483] BRAGE,119318,1,420,-72,6,96,DL,
[2026-02-11T19:19:16.155474] [TDMA] RX header: slot=1 frame=421 epoch=43126269 records=0
[2026-02-11T19:19:16.173081] BRAGE,119418,1,421,-73,6,96,DL,
[2026-02-11T19:19:16.254915] [TDMA] RX header: slot=1 frame=422 epoch=43226269 records=0
[2026-02-11T19:19:16.272370] BRAGE,119518,1,422,-73,6,96,DL,
[2026-02-11T19:19:16.354607] [TDMA] RX header: slot=1 frame=423 epoch=43326269 records=0
[2026-02-11T19:19:16.371019] BRAGE,119618,1,423,-72,6,96,DL,
[2026-02-11T19:19:16.453558] [TDMA] RX header: slot=1 frame=424 epoch=43426269 records=0
[2026-02-11T19:19:16.471001] BRAGE,119718,1,424,-64,10,97,DL,
[2026-02-11T19:19:16.553982] [TDMA] RX header: slot=1 frame=425 epoch=43526269 records=0
[2026-02-11T19:19:16.570473] BRAGE,119818,1,425,-64,10,97,DL,
[2026-02-11T19:19:16.653231] [TDMA] RX header: slot=1 frame=426 epoch=43626269 records=0
[2026-02-11T19:19:16.669820] BRAGE,119918,1,426,-73,6,97,DL,
[2026-02-11T19:19:16.752108] [TDMA] RX header: slot=1 frame=427 epoch=43726269 records=0
[2026-02-11T19:19:16.769434] BRAGE,120019,1,427,-65,10,98,DL,
[2026-02-11T19:19:16.779295] [TDMA] TX DOWNLINK: records=1
[2026-02-11T19:19:16.852089] [TDMA] RX header: slot=1 frame=428 epoch=43826269 records=0
[2026-02-11T19:19:16.868560] BRAGE,120119,1,428,-72,6,98,DL,
[2026-02-11T19:19:16.950867] [TDMA] RX header: slot=1 frame=429 epoch=43926269 records=0
[2026-02-11T19:19:16.967762] BRAGE,120219,1,429,-65,10,98,DL,
[2026-02-11T19:19:17.050361] [TDMA] RX header: slot=1 frame=430 epoch=44026269 records=0
[2026-02-11T19:19:17.067083] BRAGE,120319,1,430,-64,10,98,DL,
[2026-02-11T19:19:17.149899] [TDMA] RX header: slot=1 frame=431 epoch=44126269 records=0
[2026-02-11T19:19:17.166815] BRAGE,120419,1,431,-65,11,98,DL,
[2026-02-11T19:19:17.248428] [TDMA] RX header: slot=1 frame=432 epoch=44226269 records=0
[2026-02-11T19:19:17.266151] BRAGE,120519,1,432,-73,6,98,DL,
[2026-02-11T19:19:17.349018] [TDMA] RX header: slot=1 frame=433 epoch=44326269 records=0
[2026-02-11T19:19:17.364899] BRAGE,120619,1,433,-73,7,98,DL,
[2026-02-11T19:19:17.447262] [TDMA] RX header: slot=1 frame=434 epoch=44426269 records=0
[2026-02-11T19:19:17.464124] BRAGE,120719,1,434,-65,11,99,DL,
[2026-02-11T19:19:17.546742] [TDMA] RX header: slot=1 frame=435 epoch=44526269 records=0
[2026-02-11T19:19:17.564122] BRAGE,120819,1,435,-65,11,99,DL,
[2026-02-11T19:19:17.646757] [TDMA] RX header: slot=1 frame=436 epoch=44626269 records=0
[2026-02-11T19:19:17.663778] BRAGE,120919,1,436,-64,10,99,DL,
[2026-02-11T19:19:17.745759] [TDMA] RX header: slot=1 frame=437 epoch=44726269 records=0
[2026-02-11T19:19:17.763182] BRAGE,121019,1,437,-72,6,99,DL,
[2026-02-11T19:19:17.772900] [TDMA] TX DOWNLINK: records=1
[2026-02-11T19:19:17.846298] [TDMA] RX header: slot=1 frame=438 epoch=44826269 records=0
[2026-02-11T19:19:17.862215] BRAGE,121119,1,438,-73,6,99,DL,
[2026-02-11T19:19:17.944732] [TDMA] RX header: slot=1 frame=439 epoch=44926269 records=0
[2026-02-11T19:19:17.962504] BRAGE,121219,1,439,-65,11,99,DL,
[2026-02-11T19:19:18.044051] [TDMA] RX header: slot=1 frame=440 epoch=45026269 records=0
[2026-02-11T19:19:18.060958] BRAGE,121319,1,440,-65,11,99,DL,
[2026-02-11T19:19:18.143034] [TDMA] RX header: slot=1 frame=441 epoch=45126269 records=0
[2026-02-11T19:19:18.160249] BRAGE,121420,1,441,-65,11,99,DL,
[2026-02-11T19:19:18.242789] [TDMA] RX header: slot=1 frame=442 epoch=45226269 records=0
[2026-02-11T19:19:18.259254] BRAGE,121520,1,442,-65,11,99,DL,
[2026-02-11T19:19:18.342380] [TDMA] RX header: slot=1 frame=443 epoch=45326269 records=0
[2026-02-11T19:19:18.359234] BRAGE,121620,1,443,-73,6,99,DL,
[2026-02-11T19:19:18.441110] [TDMA] RX header: slot=1 frame=444 epoch=45426269 records=0
[2026-02-11T19:19:18.458367] BRAGE,121720,1,444,-65,10,99,DL,
[2026-02-11T19:19:18.540911] [TDMA] RX header: slot=1 frame=445 epoch=45526269 records=0
[2026-02-11T19:19:18.557329] BRAGE,121820,1,445,-65,10,99,DL,
[2026-02-11T19:19:18.640255] [TDMA] RX header: slot=1 frame=446 epoch=45626269 records=0
[2026-02-11T19:19:18.656746] BRAGE,121920,1,446,-73,6,99,DL,
[2026-02-11T19:19:18.739090] [TDMA] RX header: slot=1 frame=447 epoch=45726269 records=0
[2026-02-11T19:19:18.757491] BRAGE,122020,1,447,-73,6,99,DL,
[2026-02-11T19:19:18.766487] [TDMA] TX DOWNLINK: records=1
[2026-02-11T19:19:18.838567] [TDMA] RX header: slot=1 frame=448 epoch=45826269 records=0
[2026-02-11T19:19:18.855726] BRAGE,122120,1,448,-72,7,99,DL,
[2026-02-11T19:19:18.938460] [TDMA] RX header: slot=1 frame=449 epoch=45926269 records=0
[2026-02-11T19:19:18.955259] BRAGE,122220,1,449,-65,10,99,DL,
[2026-02-11T19:19:19.037574] [TDMA] RX header: slot=1 frame=450 epoch=46026269 records=0
[2026-02-11T19:19:19.054726] BRAGE,122320,1,450,-65,10,99,DL,
[2026-02-11T19:19:19.137075] [TDMA] RX header: slot=1 frame=451 epoch=46126269 records=0
[2026-02-11T19:19:19.153528] BRAGE,122420,1,451,-65,11,99,DL,
[2026-02-11T19:19:19.236518] [TDMA] RX header: slot=1 frame=452 epoch=46226269 records=0
[2026-02-11T19:19:19.252988] BRAGE,122520,1,452,-64,12,99,DL,
[2026-02-11T19:19:19.352208] BRAGE,122620,1,453,0,0,98,NONE,
[2026-02-11T19:19:19.451895] BRAGE,122720,1,454,0,0,97,NONE,
[2026-02-11T19:19:19.551429] BRAGE,122820,1,455,0,0,96,NONE,
[2026-02-11T19:19:19.650591] BRAGE,122920,1,456,0,0,95,NONE,
[2026-02-11T19:19:19.749582] BRAGE,123020,1,457,0,0,94,NONE,
[2026-02-11T19:19:19.759615] [TDMA] TX DOWNLINK: records=1
[2026-02-11T19:19:19.848984] BRAGE,123120,1,458,0,0,93,NONE,
[2026-02-11T19:19:19.948612] BRAGE,123220,1,459,0,0,92,NONE,
[2026-02-11T19:19:20.047738] BRAGE,123320,1,460,0,0,91,NONE,
[2026-02-11T19:19:20.146872] BRAGE,123420,1,461,0,0,90,NONE,
[2026-02-11T19:19:20.226565] [TDMA] Lost sync
[2026-02-11T19:19:20.226939] BRAGE_EVENT,123500,SYNC_LOST,timeout
[2026-02-11T19:19:20.226984] EVENT: SYNC_LOST - timeout
[2026-02-11T19:19:20.329145] [TDMA] RX header: slot=1 frame=463 epoch=47326269 records=0
[2026-02-11T19:19:20.329471] BRAGE_EVENT,123604,SYNC_ACQUIRED,
[2026-02-11T19:19:20.329499] EVENT: SYNC_ACQUIRED - 
[2026-02-11T19:19:20.346445] BRAGE,123621,1,463,-67,12,90,DL,
[2026-02-11T19:19:20.445578] BRAGE,123721,1,464,0,0,89,NONE,
[2026-02-11T19:19:20.545004] BRAGE,123821,1,465,0,0,88,NONE,
[2026-02-11T19:19:20.644299] BRAGE,123921,1,466,0,0,87,NONE,
[2026-02-11T19:19:20.743587] BRAGE,124021,1,467,0,0,86,NONE,
[2026-02-11T19:19:20.753404] [TDMA] TX DOWNLINK: records=1
[2026-02-11T19:19:20.842492] BRAGE,124121,1,468,0,0,85,NONE,
[2026-02-11T19:19:20.942005] BRAGE,124221,1,469,0,0,84,NONE,
[2026-02-11T19:19:21.041613] BRAGE,124321,1,470,0,0,83,NONE,
[2026-02-11T19:19:21.140737] BRAGE,124421,1,471,0,0,82,NONE,
[2026-02-11T19:19:21.239989] BRAGE,124521,1,472,0,0,81,NONE,
[2026-02-11T19:19:21.319277] [TDMA] Lost sync
[2026-02-11T19:19:21.319682] BRAGE_EVENT,124601,SYNC_LOST,timeout
[2026-02-11T19:19:21.319721] EVENT: SYNC_LOST - timeout
[2026-02-11T19:19:21.621251] [TDMA] RX header: slot=1 frame=476 epoch=48626269 records=0
[2026-02-11T19:19:21.621599] BRAGE_EVENT,124905,SYNC_ACQUIRED,
[2026-02-11T19:19:21.621633] EVENT: SYNC_ACQUIRED - 
[2026-02-11T19:19:21.637870] BRAGE,124922,1,476,-71,12,81,DL,
[2026-02-11T19:19:21.720700] [TDMA] RX header: slot=1 frame=477 epoch=48726269 records=0
[2026-02-11T19:19:21.737034] BRAGE,125022,1,477,-72,6,81,DL,
[2026-02-11T19:19:21.747042] [TDMA] TX DOWNLINK: records=1
[2026-02-11T19:19:21.819939] [TDMA] RX header: slot=1 frame=478 epoch=48826269 records=0
[2026-02-11T19:19:21.836443] BRAGE,125122,1,478,-73,6,81,DL,
[2026-02-11T19:19:21.919119] [TDMA] RX header: slot=1 frame=479 epoch=48926269 records=0
[2026-02-11T19:19:21.938046] BRAGE,125222,1,479,-72,6,81,DL,
[2026-02-11T19:19:22.018732] [TDMA] RX header: slot=1 frame=480 epoch=49026269 records=0
[2026-02-11T19:19:22.035342] BRAGE,125322,1,480,-64,8,81,DL,
[2026-02-11T19:19:22.118194] [TDMA] RX header: slot=1 frame=481 epoch=49126269 records=0
[2026-02-11T19:19:22.135511] BRAGE,125423,1,481,-73,6,81,DL,
[2026-02-11T19:19:22.233998] BRAGE,125523,1,482,0,0,80,NONE,
[2026-02-11T19:19:22.317026] [TDMA] RX header: slot=1 frame=483 epoch=49326269 records=0
[2026-02-11T19:19:22.333317] BRAGE,125623,1,483,-73,7,80,DL,
[2026-02-11T19:19:22.416256] [TDMA] RX header: slot=1 frame=484 epoch=49426269 records=0
[2026-02-11T19:19:22.433216] BRAGE,125723,1,484,-65,11,80,DL,
[2026-02-11T19:19:22.515209] [TDMA] RX header: slot=1 frame=485 epoch=49526269 records=0
[2026-02-11T19:19:22.532544] BRAGE,125823,1,485,-66,12,80,DL,
[2026-02-11T19:19:22.615000] [TDMA] RX header: slot=1 frame=486 epoch=49626269 records=0
[2026-02-11T19:19:22.631540] BRAGE,125923,1,486,-68,11,80,DL,
[2026-02-11T19:19:22.716213] [TDMA] RX header: slot=1 frame=487 epoch=49726269 records=0
[2026-02-11T19:19:22.731199] BRAGE,126023,1,487,-71,12,80,DL,
[2026-02-11T19:19:22.741054] [TDMA] TX DOWNLINK: records=1
[2026-02-11T19:19:22.813302] [TDMA] RX header: slot=1 frame=488 epoch=49826269 records=0
[2026-02-11T19:19:22.830541] BRAGE,126123,1,488,-75,13,80,DL,
[2026-02-11T19:19:22.913110] [TDMA] RX header: slot=1 frame=489 epoch=49926269 records=0
[2026-02-11T19:19:22.930173] BRAGE,126223,1,489,-74,12,80,DL,
[2026-02-11T19:19:23.012722] [TDMA] RX header: slot=1 frame=490 epoch=50026269 records=0
[2026-02-11T19:19:23.029381] BRAGE,126323,1,490,-66,11,80,DL,
[2026-02-11T19:19:23.111333] [TDMA] RX header: slot=1 frame=491 epoch=50126269 records=0
[2026-02-11T19:19:23.128712] BRAGE,126423,1,491,-69,12,80,DL,
[2026-02-11T19:19:23.214687] [TDMA] RX header: slot=1 frame=492 epoch=50226269 records=0
[2026-02-11T19:19:23.227498] BRAGE,126523,1,492,-73,9,81,DL,
[2026-02-11T19:19:23.310138] [TDMA] RX header: slot=1 frame=493 epoch=50326269 records=0
[2026-02-11T19:19:23.327081] BRAGE,126624,1,493,-65,12,81,DL,
[2026-02-11T19:19:23.409912] [TDMA] RX header: slot=1 frame=494 epoch=50426269 records=0
[2026-02-11T19:19:23.426919] BRAGE,126724,1,494,-67,12,81,DL,
[2026-02-11T19:19:23.509503] [TDMA] RX header: slot=1 frame=495 epoch=50526269 records=0
[2026-02-11T19:19:23.526178] BRAGE,126824,1,495,-65,12,81,DL,
[2026-02-11T19:19:23.608867] [TDMA] RX header: slot=1 frame=496 epoch=50626269 records=0
[2026-02-11T19:19:23.625583] BRAGE,126924,1,496,-65,11,81,DL,
[2026-02-11T19:19:23.708041] [TDMA] RX header: slot=1 frame=497 epoch=50726269 records=0
[2026-02-11T19:19:23.724847] BRAGE,127024,1,497,-73,7,81,DL,
[2026-02-11T19:19:23.734316] [TDMA] TX DOWNLINK: records=1
[2026-02-11T19:19:23.807030] [TDMA] RX header: slot=1 frame=498 epoch=50826269 records=0
[2026-02-11T19:19:23.824187] BRAGE,127124,1,498,-73,7,81,DL,
[2026-02-11T19:19:23.906973] [TDMA] RX header: slot=1 frame=499 epoch=50926269 records=0
[2026-02-11T19:19:23.923172] BRAGE,127224,1,499,-73,7,81,DL,
[2026-02-11T19:19:24.006100] [TDMA] RX header: slot=1 frame=500 epoch=51026269 records=0
[2026-02-11T19:19:24.025005] BRAGE,127324,1,500,-65,11,81,DL,
[2026-02-11T19:19:24.122014] BRAGE,127424,1,501,0,0,80,NONE,
[2026-02-11T19:19:24.205035] [TDMA] RX header: slot=1 frame=502 epoch=51226269 records=0
[2026-02-11T19:19:24.221527] BRAGE,127524,1,502,-65,11,80,DL,
[2026-02-11T19:19:24.320556] BRAGE,127624,1,503,0,0,79,NONE,
[2026-02-11T19:19:24.420254] BRAGE,127724,1,504,0,0,78,NONE,
[2026-02-11T19:19:24.502572] [TDMA] RX header: slot=1 frame=505 epoch=51526269 records=0
[2026-02-11T19:19:24.519282] BRAGE,127824,1,505,-73,8,78,DL,
[2026-02-11T19:19:24.602452] [TDMA] RX header: slot=1 frame=506 epoch=51626269 records=0
[2026-02-11T19:19:24.619099] BRAGE,127925,1,506,-66,12,78,DL,
[2026-02-11T19:19:24.701956] [TDMA] RX header: slot=1 frame=507 epoch=51726269 records=0
[2026-02-11T19:19:24.718599] BRAGE,128025,1,507,-74,9,78,DL,
[2026-02-11T19:19:24.728327] [TDMA] TX DOWNLINK: records=1
[2026-02-11T19:19:24.801212] [TDMA] RX header: slot=1 frame=508 epoch=51826269 records=0
[2026-02-11T19:19:24.817889] BRAGE,128125,1,508,-86,11,78,DL,
[2026-02-11T19:19:24.900429] [TDMA] RX header: slot=1 frame=509 epoch=51926269 records=0
[2026-02-11T19:19:24.916792] BRAGE,128225,1,509,-74,11,78,DL,
[2026-02-11T19:19:25.000345] [TDMA] RX header: slot=1 frame=510 epoch=52026269 records=0
[2026-02-11T19:19:25.016419] BRAGE,128325,1,510,-65,12,78,DL,
[2026-02-11T19:19:25.101964] [TDMA] RX header: slot=1 frame=511 epoch=52126269 records=0
[2026-02-11T19:19:25.115457] BRAGE,128425,1,511,-73,7,78,DL,
[2026-02-11T19:19:25.215064] BRAGE,128525,1,512,0,0,77,NONE,
[2026-02-11T19:19:25.298107] [TDMA] RX header: slot=1 frame=513 epoch=52326269 records=0
[2026-02-11T19:19:25.315056] BRAGE,128625,1,513,-65,11,77,DL,
[2026-02-11T19:19:25.397510] [TDMA] RX header: slot=1 frame=514 epoch=52426269 records=0
[2026-02-11T19:19:25.414281] BRAGE,128725,1,514,-69,12,77,DL,
[2026-02-11T19:19:25.496945] [TDMA] RX header: slot=1 frame=515 epoch=52526269 records=0
[2026-02-11T19:19:25.513286] BRAGE,128825,1,515,-74,12,77,DL,
[2026-02-11T19:19:25.595804] [TDMA] RX header: slot=1 frame=516 epoch=52626269 records=0
[2026-02-11T19:19:25.612924] BRAGE,128925,1,516,-73,7,77,DL,
[2026-02-11T19:19:25.695206] [TDMA] RX header: slot=1 frame=517 epoch=52726269 records=0
[2026-02-11T19:19:25.712393] BRAGE,129025,1,517,-68,12,77,DL,
[2026-02-11T19:19:25.722248] [TDMA] TX DOWNLINK: records=1
[2026-02-11T19:19:25.811299] BRAGE,129125,1,518,0,0,76,NONE,
[2026-02-11T19:19:25.911010] BRAGE,129225,1,519,0,0,75,NONE,
[2026-02-11T19:19:26.010467] BRAGE,129325,1,520,0,0,74,NONE,
[2026-02-11T19:19:26.108932] BRAGE,129425,1,521,0,0,73,NONE,
[2026-02-11T19:19:26.208825] BRAGE,129525,1,522,0,0,72,NONE,
[2026-02-11T19:19:26.307530] BRAGE,129625,1,523,0,0,71,NONE,
[2026-02-11T19:19:26.407438] BRAGE,129725,1,524,0,0,70,NONE,
[2026-02-11T19:19:26.506580] BRAGE,129825,1,525,0,0,69,NONE,
[2026-02-11T19:19:26.605831] BRAGE,129925,1,526,0,0,68,NONE,
[2026-02-11T19:19:26.684692] [TDMA] Lost sync
[2026-02-11T19:19:26.685087] BRAGE_EVENT,130005,SYNC_LOST,timeout
[2026-02-11T19:19:26.685128] EVENT: SYNC_LOST - timeout
[2026-02-11T19:19:30.495063] [TDMA] RX header: slot=1 frame=0 epoch=1026268 records=0
[2026-02-11T19:19:30.495357] BRAGE_EVENT,133842,SYNC_ACQUIRED,
[2026-02-11T19:19:30.495381] EVENT: SYNC_ACQUIRED - 
[2026-02-11T19:19:30.511946] BRAGE,133860,1,0,-76,12,68,DL,
[2026-02-11T19:19:30.521491] [TDMA] TX DOWNLINK: records=4
[2026-02-11T19:19:30.594148] [TDMA] RX header: slot=1 frame=1 epoch=1126268 records=0
[2026-02-11T19:19:30.610950] BRAGE,133960,1,1,-70,13,68,DL,
[2026-02-11T19:19:30.693274] [TDMA] RX header: slot=1 frame=2 epoch=1226268 records=0
[2026-02-11T19:19:30.710400] BRAGE,134060,1,2,-69,12,68,DL,
[2026-02-11T19:19:30.720262] [TDMA] TX DOWNLINK: records=1
[2026-02-11T19:19:30.792994] [TDMA] RX header: slot=1 frame=3 epoch=1326268 records=0
[2026-02-11T19:19:30.809825] BRAGE,134160,1,3,-74,12,68,DL,
[2026-02-11T19:19:30.892274] [TDMA] RX header: slot=1 frame=4 epoch=1426268 records=0
[2026-02-11T19:19:30.908893] BRAGE,134260,1,4,-66,13,68,DL,
[2026-02-11T19:19:30.991661] [TDMA] RX header: slot=1 frame=5 epoch=1526268 records=0
[2026-02-11T19:19:31.008785] BRAGE,134360,1,5,-68,11,68,DL,
[2026-02-11T19:19:31.090552] [TDMA] RX header: slot=1 frame=6 epoch=1626268 records=0
[2026-02-11T19:19:31.108066] BRAGE,134460,1,6,-68,12,68,DL,
[2026-02-11T19:19:31.190398] [TDMA] RX header: slot=1 frame=7 epoch=1726268 records=0
[2026-02-11T19:19:31.207234] BRAGE,134560,1,7,-73,8,68,DL,
[2026-02-11T19:19:31.289956] [TDMA] RX header: slot=1 frame=8 epoch=1826268 records=0
[2026-02-11T19:19:31.306823] BRAGE,134660,1,8,-66,12,68,DL,
[2026-02-11T19:19:31.389301] [TDMA] RX header: slot=1 frame=9 epoch=1926268 records=0
[2026-02-11T19:19:31.405979] BRAGE,134760,1,9,-67,12,68,DL,
[2026-02-11T19:19:31.488544] [TDMA] RX header: slot=1 frame=10 epoch=2026268 records=0
[2026-02-11T19:19:31.505448] BRAGE,134860,1,10,-67,12,68,DL,
[2026-02-11T19:19:31.588033] [TDMA] RX header: slot=1 frame=11 epoch=2126268 records=0
[2026-02-11T19:19:31.604810] BRAGE,134960,1,11,-68,12,68,DL,
[2026-02-11T19:19:31.686841] [TDMA] RX header: slot=1 frame=12 epoch=2226268 records=0
[2026-02-11T19:19:31.704145] BRAGE,135061,1,12,-69,12,68,DL,
[2026-02-11T19:19:31.713993] [TDMA] TX DOWNLINK: records=1
[2026-02-11T19:19:31.786608] [TDMA] RX header: slot=1 frame=13 epoch=2326268 records=0
[2026-02-11T19:19:31.803489] BRAGE,135161,1,13,-69,12,68,DL,
[2026-02-11T19:19:31.886207] [TDMA] RX header: slot=1 frame=14 epoch=2426268 records=0
[2026-02-11T19:19:31.902844] BRAGE,135261,1,14,-72,12,68,DL,
[2026-02-11T19:19:31.985515] [TDMA] RX header: slot=1 frame=15 epoch=2526268 records=0
[2026-02-11T19:19:32.002409] BRAGE,135361,1,15,-73,11,68,DL,
[2026-02-11T19:19:32.084990] [TDMA] RX header: slot=1 frame=16 epoch=2626268 records=0
[2026-02-11T19:19:32.102315] BRAGE,135461,1,16,-73,9,68,DL,
[2026-02-11T19:19:32.184149] [TDMA] RX header: slot=1 frame=17 epoch=2726268 records=0
[2026-02-11T19:19:32.201250] BRAGE,135561,1,17,-68,11,68,DL,
[2026-02-11T19:19:32.283172] [TDMA] RX header: slot=1 frame=18 epoch=2826268 records=0
[2026-02-11T19:19:32.300378] BRAGE,135661,1,18,-67,12,68,DL,
[2026-02-11T19:19:32.383114] [TDMA] RX header: slot=1 frame=19 epoch=2926268 records=0
[2026-02-11T19:19:32.399880] BRAGE,135761,1,19,-73,7,68,DL,
[2026-02-11T19:19:32.482258] [TDMA] RX header: slot=1 frame=20 epoch=3026268 records=0
[2026-02-11T19:19:32.499158] BRAGE,135861,1,20,-65,11,68,DL,
[2026-02-11T19:19:32.581739] [TDMA] RX header: slot=1 frame=21 epoch=3126268 records=0
[2026-02-11T19:19:32.598483] BRAGE,135961,1,21,-65,12,68,DL,
[2026-02-11T19:19:32.680963] [TDMA] RX header: slot=1 frame=22 epoch=3226268 records=0
[2026-02-11T19:19:32.698329] BRAGE,136061,1,22,-65,11,68,DL,
[2026-02-11T19:19:32.707566] [TDMA] TX DOWNLINK: records=1
[2026-02-11T19:19:32.780309] [TDMA] RX header: slot=1 frame=23 epoch=3326268 records=0
[2026-02-11T19:19:32.797204] BRAGE,136162,1,23,-65,11,68,DL,
[2026-02-11T19:19:32.879499] [TDMA] RX header: slot=1 frame=24 epoch=3426268 records=0
[2026-02-11T19:19:32.896604] BRAGE,136262,1,24,-73,7,68,DL,
[2026-02-11T19:19:32.978858] [TDMA] RX header: slot=1 frame=25 epoch=3526268 records=0
[2026-02-11T19:19:32.995851] BRAGE,136362,1,25,-65,11,68,DL,
[2026-02-11T19:19:33.078566] [TDMA] RX header: slot=1 frame=26 epoch=3626268 records=0
[2026-02-11T19:19:33.095506] BRAGE,136462,1,26,-65,11,68,DL,
[2026-02-11T19:19:33.177822] [TDMA] RX header: slot=1 frame=27 epoch=3726268 records=0
[2026-02-11T19:19:33.194437] BRAGE,136562,1,27,-73,7,68,DL,
[2026-02-11T19:19:33.276953] [TDMA] RX header: slot=1 frame=28 epoch=3826268 records=0
[2026-02-11T19:19:33.293802] BRAGE,136662,1,28,-65,11,68,DL,
[2026-02-11T19:19:33.376950] [TDMA] RX header: slot=1 frame=29 epoch=3926268 records=0
[2026-02-11T19:19:33.393363] BRAGE,136762,1,29,-65,11,68,DL,
[2026-02-11T19:19:33.475898] [TDMA] RX header: slot=1 frame=30 epoch=4026268 records=0
[2026-02-11T19:19:33.493328] BRAGE,136862,1,30,-66,13,69,DL,
[2026-02-11T19:19:33.592228] BRAGE,136962,1,31,0,0,69,NONE,
[2026-02-11T19:19:33.674845] [TDMA] RX header: slot=1 frame=32 epoch=4226268 records=0
[2026-02-11T19:19:33.691686] BRAGE,137062,1,32,-66,12,70,DL,
[2026-02-11T19:19:33.701140] [TDMA] TX DOWNLINK: records=1
[2026-02-11T19:19:33.774256] [TDMA] RX header: slot=1 frame=33 epoch=4326268 records=0
[2026-02-11T19:19:33.791090] BRAGE,137162,1,33,-66,12,71,DL,
[2026-02-11T19:19:33.873606] [TDMA] RX header: slot=1 frame=34 epoch=4426268 records=0
[2026-02-11T19:19:33.890405] BRAGE,137262,1,34,-66,12,72,DL,
[2026-02-11T19:19:33.972564] [TDMA] RX header: slot=1 frame=35 epoch=4526268 records=0
[2026-02-11T19:19:33.989816] BRAGE,137363,1,35,-66,12,73,DL,
[2026-02-11T19:19:34.072300] [TDMA] RX header: slot=1 frame=36 epoch=4626268 records=0
[2026-02-11T19:19:34.089417] BRAGE,137463,1,36,-66,12,74,DL,
[2026-02-11T19:19:34.171688] [TDMA] RX header: slot=1 frame=37 epoch=4726268 records=0
[2026-02-11T19:19:34.188252] BRAGE,137563,1,37,-66,12,75,DL,
[2026-02-11T19:19:34.271441] [TDMA] RX header: slot=1 frame=38 epoch=4826268 records=0
[2026-02-11T19:19:34.287622] BRAGE,137663,1,38,-66,11,76,DL,
[2026-02-11T19:19:34.370120] [TDMA] RX header: slot=1 frame=39 epoch=4926268 records=0
[2026-02-11T19:19:34.386923] BRAGE,137763,1,39,-66,12,76,DL,
[2026-02-11T19:19:34.469586] [TDMA] RX header: slot=1 frame=40 epoch=5026268 records=0
[2026-02-11T19:19:34.486695] BRAGE,137863,1,40,-66,12,77,DL,
[2026-02-11T19:19:34.568874] [TDMA] RX header: slot=1 frame=41 epoch=5126268 records=0
[2026-02-11T19:19:34.586137] BRAGE,137963,1,41,-73,8,78,DL,
[2026-02-11T19:19:34.668477] [TDMA] RX header: slot=1 frame=42 epoch=5226268 records=0
[2026-02-11T19:19:34.685066] BRAGE,138063,1,42,-66,11,79,DL,
[2026-02-11T19:19:34.694966] [TDMA] TX DOWNLINK: records=1
[2026-02-11T19:19:34.767702] [TDMA] RX header: slot=1 frame=43 epoch=5326268 records=0
[2026-02-11T19:19:34.784762] BRAGE,138163,1,43,-73,7,80,DL,
[2026-02-11T19:19:34.866918] [TDMA] RX header: slot=1 frame=44 epoch=5426268 records=0
[2026-02-11T19:19:34.884544] BRAGE,138263,1,44,-66,12,81,DL,
[2026-02-11T19:19:34.966577] [TDMA] RX header: slot=1 frame=45 epoch=5526268 records=0
[2026-02-11T19:19:34.983414] BRAGE,138363,1,45,-73,7,82,DL,
[2026-02-11T19:19:35.065930] [TDMA] RX header: slot=1 frame=46 epoch=5626268 records=0
[2026-02-11T19:19:35.082843] BRAGE,138463,1,46,-73,7,83,DL,
[2026-02-11T19:19:35.182103] BRAGE,138563,1,47,0,0,83,NONE,
[2026-02-11T19:19:35.264298] [TDMA] RX header: slot=1 frame=48 epoch=5826268 records=0
[2026-02-11T19:19:35.281229] BRAGE,138664,1,48,-66,12,84,DL,
[2026-02-11T19:19:35.364074] [TDMA] RX header: slot=1 frame=49 epoch=5926268 records=0
[2026-02-11T19:19:35.380733] BRAGE,138764,1,49,-73,7,84,DL,
[2026-02-11T19:19:35.462960] [TDMA] RX header: slot=1 frame=50 epoch=6026268 records=0
[2026-02-11T19:19:35.479819] BRAGE,138864,1,50,-73,7,84,DL,
[2026-02-11T19:19:35.562251] [TDMA] RX header: slot=1 frame=51 epoch=6126268 records=0
[2026-02-11T19:19:35.579129] BRAGE,138964,1,51,-73,7,84,DL,
[2026-02-11T19:19:35.661917] [TDMA] RX header: slot=1 frame=52 epoch=6226268 records=0
[2026-02-11T19:19:35.678641] BRAGE,139064,1,52,-73,7,84,DL,
[2026-02-11T19:19:35.688556] [TDMA] TX DOWNLINK: records=1
[2026-02-11T19:19:35.777850] BRAGE,139164,1,53,0,0,83,NONE,
[2026-02-11T19:19:35.860471] [TDMA] RX header: slot=1 frame=54 epoch=6426268 records=0
[2026-02-11T19:19:35.877609] BRAGE,139264,1,54,-73,8,83,DL,
[2026-02-11T19:19:35.976352] BRAGE,139364,1,55,0,0,83,NONE,
[2026-02-11T19:19:36.059339] [TDMA] RX header: slot=1 frame=56 epoch=6626268 records=0
[2026-02-11T19:19:36.076266] BRAGE,139464,1,56,-65,11,83,DL,
[2026-02-11T19:19:36.158472] [TDMA] RX header: slot=1 frame=57 epoch=6726268 records=0
[2026-02-11T19:19:36.175428] BRAGE,139564,1,57,-66,12,83,DL,
[2026-02-11T19:19:36.257980] [TDMA] RX header: slot=1 frame=58 epoch=6826268 records=0
[2026-02-11T19:19:36.274797] BRAGE,139664,1,58,-73,8,83,DL,
[2026-02-11T19:19:36.357548] [TDMA] RX header: slot=1 frame=59 epoch=6926268 records=0
[2026-02-11T19:19:36.374160] BRAGE,139764,1,59,-73,8,83,DL,
[2026-02-11T19:19:36.456664] [TDMA] RX header: slot=1 frame=60 epoch=7026268 records=0
[2026-02-11T19:19:36.473490] BRAGE,139864,1,60,-67,12,83,DL,
[2026-02-11T19:19:36.556118] [TDMA] RX header: slot=1 frame=61 epoch=7126268 records=0
[2026-02-11T19:19:36.573426] BRAGE,139964,1,61,-68,11,83,DL,
[2026-02-11T19:19:36.655339] [TDMA] RX header: slot=1 frame=62 epoch=7226268 records=0
[2026-02-11T19:19:36.672550] BRAGE,140065,1,62,-69,12,83,DL,
[2026-02-11T19:19:36.682497] [TDMA] TX DOWNLINK: records=1
[2026-02-11T19:19:36.754756] [TDMA] RX header: slot=1 frame=63 epoch=7326268 records=0
[2026-02-11T19:19:36.771667] BRAGE,140165,1,63,-68,12,83,DL,
[2026-02-11T19:19:36.854747] [TDMA] RX header: slot=1 frame=64 epoch=7426268 records=0
[2026-02-11T19:19:36.871581] BRAGE,140265,1,64,-68,12,83,DL,
[2026-02-11T19:19:36.953438] [TDMA] RX header: slot=1 frame=65 epoch=7526268 records=0
[2026-02-11T19:19:36.970428] BRAGE,140365,1,65,-67,12,83,DL,
[2026-02-11T19:19:37.052904] [TDMA] RX header: slot=1 frame=66 epoch=7626268 records=0
[2026-02-11T19:19:37.070170] BRAGE,140465,1,66,-68,12,83,DL,
[2026-02-11T19:19:37.152112] [TDMA] RX header: slot=1 frame=67 epoch=7726268 records=0
[2026-02-11T19:19:37.169062] BRAGE,140565,1,67,-68,12,83,DL,
[2026-02-11T19:19:37.252011] [TDMA] RX header: slot=1 frame=68 epoch=7826268 records=0
[2026-02-11T19:19:37.268479] BRAGE,140665,1,68,-67,12,83,DL,
[2026-02-11T19:19:37.351046] [TDMA] RX header: slot=1 frame=69 epoch=7926268 records=0
[2026-02-11T19:19:37.368856] BRAGE,140765,1,69,-66,13,83,DL,
[2026-02-11T19:19:37.450700] [TDMA] RX header: slot=1 frame=70 epoch=8026268 records=0
[2026-02-11T19:19:37.467565] BRAGE,140865,1,70,-73,8,83,DL,
[2026-02-11T19:19:37.550199] [TDMA] RX header: slot=1 frame=71 epoch=8126268 records=0
[2026-02-11T19:19:37.567098] BRAGE,140965,1,71,-73,7,83,DL,
[2026-02-11T19:19:37.649875] [TDMA] RX header: slot=1 frame=72 epoch=8226268 records=0
[2026-02-11T19:19:37.667396] BRAGE,141065,1,72,-73,7,83,DL,
[2026-02-11T19:19:37.675713] [TDMA] TX DOWNLINK: records=1
[2026-02-11T19:19:37.748423] [TDMA] RX header: slot=1 frame=73 epoch=8326268 records=0
[2026-02-11T19:19:37.766034] BRAGE,141166,1,73,-66,12,83,DL,
[2026-02-11T19:19:37.848271] [TDMA] RX header: slot=1 frame=74 epoch=8426268 records=0
[2026-02-11T19:19:37.865291] BRAGE,141266,1,74,-66,12,84,DL,
[2026-02-11T19:19:37.947032] [TDMA] RX header: slot=1 frame=75 epoch=8526268 records=0
[2026-02-11T19:19:37.964319] BRAGE,141366,1,75,-67,12,84,DL,
[2026-02-11T19:19:38.046995] [TDMA] RX header: slot=1 frame=76 epoch=8626268 records=0
[2026-02-11T19:19:38.064221] BRAGE,141466,1,76,-66,12,85,DL,
[2026-02-11T19:19:38.146689] [TDMA] RX header: slot=1 frame=77 epoch=8726268 records=0
[2026-02-11T19:19:38.163390] BRAGE,141566,1,77,-67,11,86,DL,
[2026-02-11T19:19:38.245556] [TDMA] RX header: slot=1 frame=78 epoch=8826268 records=0
[2026-02-11T19:19:38.262018] BRAGE,141666,1,78,-69,12,86,DL,
[2026-02-11T19:19:38.345133] [TDMA] RX header: slot=1 frame=79 epoch=8926268 records=0
[2026-02-11T19:19:38.362562] BRAGE,141766,1,79,-68,12,86,DL,
[2026-02-11T19:19:38.443925] [TDMA] RX header: slot=1 frame=80 epoch=9026268 records=0
[2026-02-11T19:19:38.461269] BRAGE,141866,1,80,-68,11,86,DL,
[2026-02-11T19:19:38.543550] [TDMA] RX header: slot=1 frame=81 epoch=9126268 records=0
[2026-02-11T19:19:38.560576] BRAGE,141966,1,81,-73,8,86,DL,
[2026-02-11T19:19:38.642771] [TDMA] RX header: slot=1 frame=82 epoch=9226268 records=0
[2026-02-11T19:19:38.660370] BRAGE,142066,1,82,-68,11,86,DL,
[2026-02-11T19:19:38.670254] [TDMA] TX DOWNLINK: records=1
[2026-02-11T19:19:38.743300] [TDMA] RX header: slot=1 frame=83 epoch=9326268 records=0
[2026-02-11T19:19:38.759563] BRAGE,142166,1,83,-73,8,86,DL,
[2026-02-11T19:19:38.841688] [TDMA] RX header: slot=1 frame=84 epoch=9426268 records=0
[2026-02-11T19:19:38.859763] BRAGE,142266,1,84,-73,8,86,DL,
[2026-02-11T19:19:38.942151] [TDMA] RX header: slot=1 frame=85 epoch=9526268 records=0
[2026-02-11T19:19:38.958198] BRAGE,142367,1,85,-73,8,87,DL,
[2026-02-11T19:19:39.040692] [TDMA] RX header: slot=1 frame=86 epoch=9626268 records=0
[2026-02-11T19:19:39.057531] BRAGE,142467,1,86,-73,8,87,DL,
[2026-02-11T19:19:39.140092] [TDMA] RX header: slot=1 frame=87 epoch=9726268 records=0
[2026-02-11T19:19:39.157024] BRAGE,142567,1,87,-73,8,87,DL,
[2026-02-11T19:19:39.239161] [TDMA] RX header: slot=1 frame=88 epoch=9826268 records=0
[2026-02-11T19:19:39.256292] BRAGE,142667,1,88,-68,11,87,DL,
[2026-02-11T19:19:39.339032] [TDMA] RX header: slot=1 frame=89 epoch=9926268 records=0
[2026-02-11T19:19:39.355717] BRAGE,142767,1,89,-73,7,87,DL,
[2026-02-11T19:19:39.438370] [TDMA] RX header: slot=1 frame=90 epoch=10026268 records=0
[2026-02-11T19:19:39.454779] BRAGE,142867,1,90,-73,8,87,DL,
[2026-02-11T19:19:39.554056] BRAGE,142967,1,91,0,0,87,NONE,
[2026-02-11T19:19:39.636681] [TDMA] RX header: slot=1 frame=92 epoch=10226268 records=0
[2026-02-11T19:19:39.653317] BRAGE,143067,1,92,-73,8,88,DL,
[2026-02-11T19:19:39.663727] [TDMA] TX DOWNLINK: records=1
[2026-02-11T19:19:39.736410] [TDMA] RX header: slot=1 frame=93 epoch=10326268 records=0
[2026-02-11T19:19:39.752744] BRAGE,143167,1,93,-73,8,89,DL,
[2026-02-11T19:19:39.835886] [TDMA] RX header: slot=1 frame=94 epoch=10426268 records=0
[2026-02-11T19:19:39.854772] BRAGE,143267,1,94,-73,8,90,DL,
[2026-02-11T19:19:39.952098] BRAGE,143367,1,95,0,0,90,NONE,
[2026-02-11T19:19:40.034487] [TDMA] RX header: slot=1 frame=96 epoch=10626268 records=0
[2026-02-11T19:19:40.051134] BRAGE,143467,1,96,-73,7,91,DL,
[2026-02-11T19:19:40.134115] [TDMA] RX header: slot=1 frame=97 epoch=10726268 records=0
[2026-02-11T19:19:40.150885] BRAGE,143567,1,97,-73,8,92,DL,
[2026-02-11T19:19:40.232921] [TDMA] RX header: slot=1 frame=98 epoch=10826268 records=0
[2026-02-11T19:19:40.250209] BRAGE,143667,1,98,-68,12,93,DL,
[2026-02-11T19:19:40.332535] [TDMA] RX header: slot=1 frame=99 epoch=10926268 records=0
[2026-02-11T19:19:40.349220] BRAGE,143767,1,99,-67,13,94,DL,
[2026-02-11T19:19:40.432147] [TDMA] RX header: slot=1 frame=100 epoch=11026268 records=0
[2026-02-11T19:19:40.449132] BRAGE,143868,1,100,-68,11,94,DL,
[2026-02-11T19:19:40.530771] [TDMA] RX header: slot=1 frame=101 epoch=11126268 records=0
[2026-02-11T19:19:40.548035] BRAGE,143968,1,101,-73,7,94,DL,
[2026-02-11T19:19:40.630292] [TDMA] RX header: slot=1 frame=102 epoch=11226268 records=0
[2026-02-11T19:19:40.647168] BRAGE,144068,1,102,-73,8,94,DL,
[2026-02-11T19:19:40.657456] [TDMA] TX DOWNLINK: records=1
[2026-02-11T19:19:40.729828] [TDMA] RX header: slot=1 frame=103 epoch=11326268 records=0
[2026-02-11T19:19:40.746696] BRAGE,144168,1,103,-71,12,94,DL,
[2026-02-11T19:19:40.829208] [TDMA] RX header: slot=1 frame=104 epoch=11426268 records=0
[2026-02-11T19:19:40.845798] BRAGE,144268,1,104,-70,12,94,DL,
[2026-02-11T19:19:40.928673] [TDMA] RX header: slot=1 frame=105 epoch=11526268 records=0
[2026-02-11T19:19:40.945447] BRAGE,144368,1,105,-73,7,94,DL,
[2026-02-11T19:19:41.027934] [TDMA] RX header: slot=1 frame=106 epoch=11626268 records=0
[2026-02-11T19:19:41.044863] BRAGE,144468,1,106,-65,11,94,DL,
[2026-02-11T19:19:41.127329] [TDMA] RX header: slot=1 frame=107 epoch=11726268 records=0
[2026-02-11T19:19:41.144178] BRAGE,144568,1,107,-65,12,94,DL,
[2026-02-11T19:19:41.226386] [TDMA] RX header: slot=1 frame=108 epoch=11826268 records=0
[2026-02-11T19:19:41.243896] BRAGE,144668,1,108,-67,9,94,DL,
[2026-02-11T19:19:41.326558] [TDMA] RX header: slot=1 frame=109 epoch=11926268 records=0
[2026-02-11T19:19:41.342599] BRAGE,144768,1,109,-67,9,94,DL,
[2026-02-11T19:19:41.426179] [TDMA] RX header: slot=1 frame=110 epoch=12026268 records=0
[2026-02-11T19:19:41.442928] BRAGE,144868,1,110,-73,7,94,DL,
[2026-02-11T19:19:41.524514] [TDMA] RX header: slot=1 frame=111 epoch=12126268 records=0
[2026-02-11T19:19:41.542109] BRAGE,144969,1,111,-67,9,94,DL,
[2026-02-11T19:19:41.623998] [TDMA] RX header: slot=1 frame=112 epoch=12226268 records=0
[2026-02-11T19:19:41.640655] BRAGE,145069,1,112,-66,12,94,DL,
[2026-02-11T19:19:41.650961] [TDMA] TX DOWNLINK: records=1
[2026-02-11T19:19:41.724013] [TDMA] RX header: slot=1 frame=113 epoch=12326268 records=0
[2026-02-11T19:19:41.740937] BRAGE,145169,1,113,-73,7,94,DL,
[2026-02-11T19:19:41.822444] [TDMA] RX header: slot=1 frame=114 epoch=12426268 records=0
[2026-02-11T19:19:41.839469] BRAGE,145269,1,114,-65,11,94,DL,
[2026-02-11T19:19:41.922561] [TDMA] RX header: slot=1 frame=115 epoch=12526268 records=0
[2026-02-11T19:19:41.939120] BRAGE,145369,1,115,-73,6,94,DL,
[2026-02-11T19:19:42.021838] [TDMA] RX header: slot=1 frame=116 epoch=12626268 records=0
[2026-02-11T19:19:42.038855] BRAGE,145469,1,116,-65,10,94,DL,
[2026-02-11T19:19:42.121163] [TDMA] RX header: slot=1 frame=117 epoch=12726268 records=0
[2026-02-11T19:19:42.138342] BRAGE,145569,1,117,-73,7,94,DL,
[2026-02-11T19:19:42.220233] [TDMA] RX header: slot=1 frame=118 epoch=12826268 records=0
[2026-02-11T19:19:42.237007] BRAGE,145669,1,118,-65,11,94,DL,
[2026-02-11T19:19:42.320042] [TDMA] RX header: slot=1 frame=119 epoch=12926268 records=0
[2026-02-11T19:19:42.336770] BRAGE,145769,1,119,-68,10,94,DL,
[2026-02-11T19:19:42.419238] [TDMA] RX header: slot=1 frame=120 epoch=13026268 records=0
[2026-02-11T19:19:42.436403] BRAGE,145869,1,120,-68,10,94,DL,
[2026-02-11T19:19:42.518544] [TDMA] RX header: slot=1 frame=121 epoch=13126268 records=0
[2026-02-11T19:19:42.535544] BRAGE,145969,1,121,-66,13,94,DL,
[2026-02-11T19:19:42.618294] [TDMA] RX header: slot=1 frame=122 epoch=13226268 records=0
[2026-02-11T19:19:42.635345] BRAGE,146069,1,122,-68,11,94,DL,
[2026-02-11T19:19:42.645024] [TDMA] TX DOWNLINK: records=1
[2026-02-11T19:19:42.717334] [TDMA] RX header: slot=1 frame=123 epoch=13326268 records=0
[2026-02-11T19:19:42.733992] BRAGE,146170,1,123,-73,8,94,DL,
[2026-02-11T19:19:42.817041] [TDMA] RX header: slot=1 frame=124 epoch=13426268 records=0
[2026-02-11T19:19:42.834174] BRAGE,146270,1,124,-68,11,94,DL,
[2026-02-11T19:19:42.916803] [TDMA] RX header: slot=1 frame=125 epoch=13526268 records=0
[2026-02-11T19:19:42.933270] BRAGE,146370,1,125,-73,8,94,DL,
[2026-02-11T19:19:43.020935] [TDMA] RX header: slot=1 frame=126 epoch=13626268 records=0
[2026-02-11T19:19:43.034062] BRAGE,146470,1,126,-68,13,94,DL,
[2026-02-11T19:19:43.116606] [TDMA] RX header: slot=1 frame=127 epoch=13726268 records=0
[2026-02-11T19:19:43.132226] BRAGE,146570,1,127,-73,9,94,DL,
[2026-02-11T19:19:43.214271] [TDMA] RX header: slot=1 frame=128 epoch=13826268 records=0
[2026-02-11T19:19:43.230842] BRAGE,146670,1,128,-68,11,94,DL,
[2026-02-11T19:19:43.313847] [TDMA] RX header: slot=1 frame=129 epoch=13926268 records=0
[2026-02-11T19:19:43.330938] BRAGE,146770,1,129,-68,12,94,DL,
[2026-02-11T19:19:43.412610] [TDMA] RX header: slot=1 frame=130 epoch=14026268 records=0
[2026-02-11T19:19:43.430067] BRAGE,146870,1,130,-68,11,94,DL,
[2026-02-11T19:19:43.512691] [TDMA] RX header: slot=1 frame=131 epoch=14126268 records=0
[2026-02-11T19:19:43.530899] BRAGE,146970,1,131,-68,12,95,DL,
[2026-02-11T19:19:43.611407] [TDMA] RX header: slot=1 frame=132 epoch=14226268 records=0
[2026-02-11T19:19:43.628695] BRAGE,147070,1,132,-68,11,95,DL,
[2026-02-11T19:19:43.638509] [TDMA] TX DOWNLINK: records=1
[2026-02-11T19:19:43.710752] [TDMA] RX header: slot=1 frame=133 epoch=14326268 records=0
[2026-02-11T19:19:43.728328] BRAGE,147170,1,133,-68,11,95,DL,
[2026-02-11T19:19:43.810541] [TDMA] RX header: slot=1 frame=134 epoch=14426268 records=0
[2026-02-11T19:19:43.827126] BRAGE,147270,1,134,-67,12,95,DL,
[2026-02-11T19:19:43.910218] [TDMA] RX header: slot=1 frame=135 epoch=14526268 records=0
[2026-02-11T19:19:43.927044] BRAGE,147371,1,135,-70,10,95,DL,
[2026-02-11T19:19:44.009266] [TDMA] RX header: slot=1 frame=136 epoch=14626268 records=0
[2026-02-11T19:19:44.026316] BRAGE,147471,1,136,-68,12,95,DL,
[2026-02-11T19:19:44.108760] [TDMA] RX header: slot=1 frame=137 epoch=14726268 records=0
[2026-02-11T19:19:44.125667] BRAGE,147571,1,137,-68,13,95,DL,
[2026-02-11T19:19:44.208212] [TDMA] RX header: slot=1 frame=138 epoch=14826268 records=0
[2026-02-11T19:19:44.225198] BRAGE,147671,1,138,-69,11,95,DL,
[2026-02-11T19:19:44.307204] [TDMA] RX header: slot=1 frame=139 epoch=14926268 records=0
[2026-02-11T19:19:44.324117] BRAGE,147771,1,139,-71,11,95,DL,
[2026-02-11T19:19:44.406878] [TDMA] RX header: slot=1 frame=140 epoch=15026268 records=0
[2026-02-11T19:19:44.423708] BRAGE,147871,1,140,-69,13,95,DL,
[2026-02-11T19:19:44.506311] [TDMA] RX header: slot=1 frame=141 epoch=15126268 records=0
[2026-02-11T19:19:44.523370] BRAGE,147971,1,141,-70,12,95,DL,
[2026-02-11T19:19:44.605805] [TDMA] RX header: slot=1 frame=142 epoch=15226268 records=0
[2026-02-11T19:19:44.622504] BRAGE,148071,1,142,-69,12,95,DL,
[2026-02-11T19:19:44.632319] [TDMA] TX DOWNLINK: records=1
[2026-02-11T19:19:44.705229] [TDMA] RX header: slot=1 frame=143 epoch=15326268 records=0
[2026-02-11T19:19:44.722073] BRAGE,148171,1,143,-69,12,95,DL,
[2026-02-11T19:19:44.806595] [TDMA] RX header: slot=1 frame=144 epoch=15426268 records=0
[2026-02-11T19:19:44.821181] BRAGE,148271,1,144,-69,12,95,DL,
[2026-02-11T19:19:44.903453] [TDMA] RX header: slot=1 frame=145 epoch=15526268 records=0
[2026-02-11T19:19:44.922858] BRAGE,148371,1,145,-73,9,95,DL,
[2026-02-11T19:19:45.003225] [TDMA] RX header: slot=1 frame=146 epoch=15626268 records=0
[2026-02-11T19:19:45.020168] BRAGE,148472,1,146,-68,12,95,DL,
[2026-02-11T19:19:45.102463] [TDMA] RX header: slot=1 frame=147 epoch=15726268 records=0
[2026-02-11T19:19:45.119034] BRAGE,148572,1,147,-73,9,96,DL,
[2026-02-11T19:19:45.201942] [TDMA] RX header: slot=1 frame=148 epoch=15826268 records=0
[2026-02-11T19:19:45.218767] BRAGE,148672,1,148,-73,9,96,DL,
[2026-02-11T19:19:45.301498] [TDMA] RX header: slot=1 frame=149 epoch=15926268 records=0
[2026-02-11T19:19:45.318216] BRAGE,148772,1,149,-68,12,96,DL,
[2026-02-11T19:19:45.400377] [TDMA] RX header: slot=1 frame=150 epoch=16026268 records=0
[2026-02-11T19:19:45.417125] BRAGE,148872,1,150,-69,13,96,DL,
[2026-02-11T19:19:45.500064] [TDMA] RX header: slot=1 frame=151 epoch=16126268 records=0
[2026-02-11T19:19:45.516920] BRAGE,148972,1,151,-73,9,96,DL,
[2026-02-11T19:19:45.598968] [TDMA] RX header: slot=1 frame=152 epoch=16226268 records=0
[2026-02-11T19:19:45.615938] BRAGE,149072,1,152,-69,13,96,DL,
[2026-02-11T19:19:45.626466] [TDMA] TX DOWNLINK: records=1
[2026-02-11T19:19:45.698403] [TDMA] RX header: slot=1 frame=153 epoch=16326268 records=0
[2026-02-11T19:19:45.715266] BRAGE,149172,1,153,-73,9,97,DL,
[2026-02-11T19:19:45.798331] [TDMA] RX header: slot=1 frame=154 epoch=16426268 records=0
[2026-02-11T19:19:45.815183] BRAGE,149272,1,154,-70,12,97,DL,
[2026-02-11T19:19:45.897157] [TDMA] RX header: slot=1 frame=155 epoch=16526268 records=0
[2026-02-11T19:19:45.914475] BRAGE,149372,1,155,-74,11,98,DL,
[2026-02-11T19:19:45.996932] [TDMA] RX header: slot=1 frame=156 epoch=16626268 records=0
[2026-02-11T19:19:46.013743] BRAGE,149472,1,156,-72,11,98,DL,
[2026-02-11T19:19:46.096041] [TDMA] RX header: slot=1 frame=157 epoch=16726268 records=0
[2026-02-11T19:19:46.113377] BRAGE,149572,1,157,-74,12,98,DL,
[2026-02-11T19:19:46.195276] [TDMA] RX header: slot=1 frame=158 epoch=16826268 records=0
[2026-02-11T19:19:46.212215] BRAGE,149672,1,158,-72,12,98,DL,
[2026-02-11T19:19:46.295114] [TDMA] RX header: slot=1 frame=159 epoch=16926268 records=0
[2026-02-11T19:19:46.311549] BRAGE,149773,1,159,-71,12,98,DL,
[2026-02-11T19:19:46.394550] [TDMA] RX header: slot=1 frame=160 epoch=17026268 records=0
[2026-02-11T19:19:46.411351] BRAGE,149873,1,160,-74,11,98,DL,
[2026-02-11T19:19:46.493778] [TDMA] RX header: slot=1 frame=161 epoch=17126268 records=0
[2026-02-11T19:19:46.510955] BRAGE,149973,1,161,-72,13,98,DL,
[2026-02-11T19:19:46.592969] [TDMA] RX header: slot=1 frame=162 epoch=17226268 records=0
[2026-02-11T19:19:46.610124] BRAGE,150073,1,162,-74,10,98,DL,
[2026-02-11T19:19:46.620215] [TDMA] TX DOWNLINK: records=1
[2026-02-11T19:19:46.692355] [TDMA] RX header: slot=1 frame=163 epoch=17326268 records=0
[2026-02-11T19:19:46.709406] BRAGE,150173,1,163,-71,12,98,DL,
[2026-02-11T19:19:46.792048] [TDMA] RX header: slot=1 frame=164 epoch=17426268 records=0
[2026-02-11T19:19:46.808972] BRAGE,150273,1,164,-70,12,98,DL,
[2026-02-11T19:19:46.891302] [TDMA] RX header: slot=1 frame=165 epoch=17526268 records=0
[2026-02-11T19:19:46.908425] BRAGE,150373,1,165,-69,11,98,DL,
[2026-02-11T19:19:46.990937] [TDMA] RX header: slot=1 frame=166 epoch=17626268 records=0
[2026-02-11T19:19:47.007298] BRAGE,150473,1,166,-73,10,98,DL,
[2026-02-11T19:19:47.090358] [TDMA] RX header: slot=1 frame=167 epoch=17726268 records=0
[2026-02-11T19:19:47.106946] BRAGE,150573,1,167,-69,12,98,DL,
[2026-02-11T19:19:47.189439] [TDMA] RX header: slot=1 frame=168 epoch=17826268 records=0
[2026-02-11T19:19:47.206212] BRAGE,150673,1,168,-73,9,98,DL,
[2026-02-11T19:19:47.288746] [TDMA] RX header: slot=1 frame=169 epoch=17926268 records=0
[2026-02-11T19:19:47.305082] BRAGE,150773,1,169,-69,13,98,DL,
[2026-02-11T19:19:47.387998] [TDMA] RX header: slot=1 frame=170 epoch=18026268 records=0
[2026-02-11T19:19:47.404753] BRAGE,150873,1,170,-69,12,98,DL,
[2026-02-11T19:19:47.486987] [TDMA] RX header: slot=1 frame=171 epoch=18126268 records=0
[2026-02-11T19:19:47.504327] BRAGE,150974,1,171,-69,12,98,DL,
[2026-02-11T19:19:47.586829] [TDMA] RX header: slot=1 frame=172 epoch=18226268 records=0
[2026-02-11T19:19:47.603779] BRAGE,151074,1,172,-73,9,98,DL,
[2026-02-11T19:19:47.613663] [TDMA] TX DOWNLINK: records=1
[2026-02-11T19:19:47.686192] [TDMA] RX header: slot=1 frame=173 epoch=18326268 records=0
[2026-02-11T19:19:47.702993] BRAGE,151174,1,173,-68,12,98,DL,
[2026-02-11T19:19:47.785136] [TDMA] RX header: slot=1 frame=174 epoch=18426268 records=0
[2026-02-11T19:19:47.802346] BRAGE,151274,1,174,-73,8,98,DL,
[2026-02-11T19:19:47.884887] [TDMA] RX header: slot=1 frame=175 epoch=18526268 records=0
[2026-02-11T19:19:47.901765] BRAGE,151374,1,175,-68,11,98,DL,
[2026-02-11T19:19:47.984490] [TDMA] RX header: slot=1 frame=176 epoch=18626268 records=0
[2026-02-11T19:19:48.001154] BRAGE,151474,1,176,-73,8,98,DL,
[2026-02-11T19:19:48.083852] [TDMA] RX header: slot=1 frame=177 epoch=18726268 records=0
[2026-02-11T19:19:48.100490] BRAGE,151574,1,177,-73,8,98,DL,
[2026-02-11T19:19:48.182978] [TDMA] RX header: slot=1 frame=178 epoch=18826268 records=0
[2026-02-11T19:19:48.199952] BRAGE,151674,1,178,-73,8,98,DL,
[2026-02-11T19:19:48.282507] [TDMA] RX header: slot=1 frame=179 epoch=18926268 records=0
[2026-02-11T19:19:48.299741] BRAGE,151774,1,179,-73,7,98,DL,
[2026-02-11T19:19:48.381456] [TDMA] RX header: slot=1 frame=180 epoch=19026268 records=0
[2026-02-11T19:19:48.398150] BRAGE,151874,1,180,-66,12,98,DL,
[2026-02-11T19:19:48.480584] [TDMA] RX header: slot=1 frame=181 epoch=19126268 records=0
[2026-02-11T19:19:48.497723] BRAGE,151974,1,181,-67,12,98,DL,
[2026-02-11T19:19:48.580512] [TDMA] RX header: slot=1 frame=182 epoch=19226268 records=0
[2026-02-11T19:19:48.597057] BRAGE,152074,1,182,-73,8,98,DL,
[2026-02-11T19:19:48.606741] [TDMA] TX DOWNLINK: records=1
[2026-02-11T19:19:48.679711] [TDMA] RX header: slot=1 frame=183 epoch=19326268 records=0
[2026-02-11T19:19:48.696632] BRAGE,152174,1,183,-66,12,98,DL,
[2026-02-11T19:19:48.779269] [TDMA] RX header: slot=1 frame=184 epoch=19426268 records=0
[2026-02-11T19:19:48.796202] BRAGE,152274,1,184,-73,7,98,DL,
[2026-02-11T19:19:48.878401] [TDMA] RX header: slot=1 frame=185 epoch=19526268 records=0
[2026-02-11T19:19:48.894971] BRAGE,152375,1,185,-73,7,98,DL,
[2026-02-11T19:19:48.977440] [TDMA] RX header: slot=1 frame=186 epoch=19626268 records=0
[2026-02-11T19:19:48.994417] BRAGE,152475,1,186,-73,7,98,DL,
[2026-02-11T19:19:49.094034] BRAGE,152575,1,187,0,0,97,NONE,
[2026-02-11T19:19:49.176499] [TDMA] RX header: slot=1 frame=188 epoch=19826268 records=0
[2026-02-11T19:19:49.193455] BRAGE,152675,1,188,-73,7,97,DL,
[2026-02-11T19:19:49.275914] [TDMA] RX header: slot=1 frame=189 epoch=19926268 records=0
[2026-02-11T19:19:49.292844] BRAGE,152775,1,189,-73,7,97,DL,
[2026-02-11T19:19:49.375070] [TDMA] RX header: slot=1 frame=190 epoch=20026268 records=0
[2026-02-11T19:19:49.397104] BRAGE,152875,1,190,-73,7,97,DL,
[2026-02-11T19:19:49.474832] [TDMA] RX header: slot=1 frame=191 epoch=20126268 records=0
[2026-02-11T19:19:49.491049] BRAGE,152975,1,191,-73,8,98,DL,
[2026-02-11T19:19:49.574030] [TDMA] RX header: slot=1 frame=192 epoch=20226268 records=0
[2026-02-11T19:19:49.590912] BRAGE,153075,1,192,-73,7,98,DL,
[2026-02-11T19:19:49.600824] [TDMA] TX DOWNLINK: records=1
[2026-02-11T19:19:49.690213] BRAGE,153175,1,193,0,0,97,NONE,
[2026-02-11T19:19:49.772738] [TDMA] RX header: slot=1 frame=194 epoch=20426268 records=0
[2026-02-11T19:19:49.789629] BRAGE,153275,1,194,-73,8,97,DL,
[2026-02-11T19:19:49.872178] [TDMA] RX header: slot=1 frame=195 epoch=20526268 records=0
[2026-02-11T19:19:49.889205] BRAGE,153375,1,195,-73,8,98,DL,
[2026-02-11T19:19:49.971814] [TDMA] RX header: slot=1 frame=196 epoch=20626268 records=0
[2026-02-11T19:19:49.990620] BRAGE,153475,1,196,-73,7,98,DL,
[2026-02-11T19:19:50.070374] [TDMA] RX header: slot=1 frame=197 epoch=20726268 records=0
[2026-02-11T19:19:50.087442] BRAGE,153575,1,197,-73,8,98,DL,
[2026-02-11T19:19:50.170181] [TDMA] RX header: slot=1 frame=198 epoch=20826268 records=0
[2026-02-11T19:19:50.186786] BRAGE,153675,1,198,-73,8,98,DL,
[2026-02-11T19:19:50.269815] [TDMA] RX header: slot=1 frame=199 epoch=20926268 records=0
[2026-02-11T19:19:50.288039] BRAGE,153776,1,199,-68,13,98,DL,
[2026-02-11T19:19:50.368990] [TDMA] RX header: slot=1 frame=200 epoch=21026268 records=0
[2026-02-11T19:19:50.386045] BRAGE,153876,1,200,-73,8,98,DL,
[2026-02-11T19:19:50.468035] [TDMA] RX header: slot=1 frame=201 epoch=21126268 records=0
[2026-02-11T19:19:50.484703] BRAGE,153976,1,201,-69,12,98,DL,
[2026-02-11T19:19:50.567357] [TDMA] RX header: slot=1 frame=202 epoch=21226268 records=0
[2026-02-11T19:19:50.584688] BRAGE,154076,1,202,-73,8,98,DL,
[2026-02-11T19:19:50.594504] [TDMA] TX DOWNLINK: records=1
[2026-02-11T19:19:50.666967] [TDMA] RX header: slot=1 frame=203 epoch=21326268 records=0
[2026-02-11T19:19:50.683804] BRAGE,154176,1,203,-68,12,98,DL,
[2026-02-11T19:19:50.766378] [TDMA] RX header: slot=1 frame=204 epoch=21426268 records=0
[2026-02-11T19:19:50.783913] BRAGE,154276,1,204,-73,8,98,DL,
[2026-02-11T19:19:50.866142] [TDMA] RX header: slot=1 frame=205 epoch=21526268 records=0
[2026-02-11T19:19:50.882985] BRAGE,154376,1,205,-67,12,98,DL,
[2026-02-11T19:19:50.964803] [TDMA] RX header: slot=1 frame=206 epoch=21626268 records=0
[2026-02-11T19:19:50.982256] BRAGE,154476,1,206,-73,8,98,DL,
[2026-02-11T19:19:51.064917] [TDMA] RX header: slot=1 frame=207 epoch=21726268 records=0
[2026-02-11T19:19:51.081009] BRAGE,154576,1,207,-68,11,98,DL,
[2026-02-11T19:19:51.164122] [TDMA] RX header: slot=1 frame=208 epoch=21826268 records=0
[2026-02-11T19:19:51.182363] BRAGE,154676,1,208,-73,8,98,DL,
[2026-02-11T19:19:51.262876] [TDMA] RX header: slot=1 frame=209 epoch=21926268 records=0
[2026-02-11T19:19:51.280126] BRAGE,154776,1,209,-73,8,98,DL,
[2026-02-11T19:19:51.362326] [TDMA] RX header: slot=1 frame=210 epoch=22026268 records=0
[2026-02-11T19:19:51.379437] BRAGE,154876,1,210,-73,8,98,DL,
[2026-02-11T19:19:51.462043] [TDMA] RX header: slot=1 frame=211 epoch=22126268 records=0
[2026-02-11T19:19:51.478812] BRAGE,154977,1,211,-73,9,98,DL,
[2026-02-11T19:19:51.561057] [TDMA] RX header: slot=1 frame=212 epoch=22226268 records=0
[2026-02-11T19:19:51.578239] BRAGE,155077,1,212,-67,13,98,DL,
[2026-02-11T19:19:51.588069] [TDMA] TX DOWNLINK: records=1
[2026-02-11T19:19:51.660895] [TDMA] RX header: slot=1 frame=213 epoch=22326268 records=0
[2026-02-11T19:19:51.677736] BRAGE,155177,1,213,-73,7,98,DL,
[2026-02-11T19:19:51.760110] [TDMA] RX header: slot=1 frame=214 epoch=22426268 records=0
[2026-02-11T19:19:51.776933] BRAGE,155277,1,214,-66,13,98,DL,
[2026-02-11T19:19:51.859380] [TDMA] RX header: slot=1 frame=215 epoch=22526268 records=0
[2026-02-11T19:19:51.876598] BRAGE,155377,1,215,-73,8,98,DL,
[2026-02-11T19:19:51.960190] [TDMA] RX header: slot=1 frame=216 epoch=22626268 records=0
[2026-02-11T19:19:51.975831] BRAGE,155477,1,216,-67,12,98,DL,
[2026-02-11T19:19:52.058283] [TDMA] RX header: slot=1 frame=217 epoch=22726268 records=0
[2026-02-11T19:19:52.074875] BRAGE,155577,1,217,-73,8,98,DL,
[2026-02-11T19:19:52.157740] [TDMA] RX header: slot=1 frame=218 epoch=22826268 records=0
[2026-02-11T19:19:52.174328] BRAGE,155677,1,218,-67,13,98,DL,
[2026-02-11T19:19:52.257690] [TDMA] RX header: slot=1 frame=219 epoch=22926268 records=0
[2026-02-11T19:19:52.273960] BRAGE,155777,1,219,-73,7,98,DL,
[2026-02-11T19:19:52.356541] [TDMA] RX header: slot=1 frame=220 epoch=23026268 records=0
[2026-02-11T19:19:52.373813] BRAGE,155877,1,220,-66,12,98,DL,
[2026-02-11T19:19:52.457137] [TDMA] RX header: slot=1 frame=221 epoch=23126268 records=0
[2026-02-11T19:19:52.472593] BRAGE,155977,1,221,-73,7,98,DL,
[2026-02-11T19:19:52.555238] [TDMA] RX header: slot=1 frame=222 epoch=23226268 records=0
[2026-02-11T19:19:52.571296] BRAGE,156077,1,222,-66,13,98,DL,
[2026-02-11T19:19:52.581697] [TDMA] TX DOWNLINK: records=1
[2026-02-11T19:19:52.654359] [TDMA] RX header: slot=1 frame=223 epoch=23326268 records=0
[2026-02-11T19:19:52.670730] BRAGE,156177,1,223,-73,7,98,DL,
[2026-02-11T19:19:52.753287] [TDMA] RX header: slot=1 frame=224 epoch=23426268 records=0
[2026-02-11T19:19:52.770547] BRAGE,156278,1,224,-66,12,98,DL,
[2026-02-11T19:19:52.853122] [TDMA] RX header: slot=1 frame=225 epoch=23526268 records=0
[2026-02-11T19:19:52.870004] BRAGE,156378,1,225,-73,7,98,DL,
[2026-02-11T19:19:52.952386] [TDMA] RX header: slot=1 frame=226 epoch=23626268 records=0
[2026-02-11T19:19:52.968970] BRAGE,156478,1,226,-66,11,98,DL,
[2026-02-11T19:19:53.051839] [TDMA] RX header: slot=1 frame=227 epoch=23726268 records=0
[2026-02-11T19:19:53.068275] BRAGE,156578,1,227,-73,8,98,DL,
[2026-02-11T19:19:53.150937] [TDMA] RX header: slot=1 frame=228 epoch=23826268 records=0
[2026-02-11T19:19:53.168145] BRAGE,156678,1,228,-73,7,98,DL,
[2026-02-11T19:19:53.250066] [TDMA] RX header: slot=1 frame=229 epoch=23926268 records=0
[2026-02-11T19:19:53.266869] BRAGE,156778,1,229,-73,7,98,DL,
[2026-02-11T19:19:53.349941] [TDMA] RX header: slot=1 frame=230 epoch=24026268 records=0
[2026-02-11T19:19:53.366750] BRAGE,156878,1,230,-66,13,98,DL,
[2026-02-11T19:19:53.449131] [TDMA] RX header: slot=1 frame=231 epoch=24126268 records=0
[2026-02-11T19:19:53.466293] BRAGE,156978,1,231,-68,10,98,DL,
[2026-02-11T19:19:53.548940] [TDMA] RX header: slot=1 frame=232 epoch=24226268 records=0
[2026-02-11T19:19:53.565628] BRAGE,157078,1,232,-73,7,98,DL,
[2026-02-11T19:19:53.575249] [TDMA] TX DOWNLINK: records=1
[2026-02-11T19:19:53.648009] [TDMA] RX header: slot=1 frame=233 epoch=24326268 records=0
[2026-02-11T19:19:53.665150] BRAGE,157178,1,233,-68,11,98,DL,
[2026-02-11T19:19:53.764290] BRAGE,157278,1,234,0,0,97,NONE,
[2026-02-11T19:19:53.846212] [TDMA] RX header: slot=1 frame=235 epoch=24526268 records=0
[2026-02-11T19:19:53.863618] BRAGE,157378,1,235,-73,7,97,DL,
[2026-02-11T19:19:53.945630] [TDMA] RX header: slot=1 frame=236 epoch=24626268 records=0
[2026-02-11T19:19:53.963059] BRAGE,157478,1,236,-73,6,97,DL,
[2026-02-11T19:19:54.045425] [TDMA] RX header: slot=1 frame=237 epoch=24726268 records=0
[2026-02-11T19:19:54.062281] BRAGE,157579,1,237,-64,10,97,DL,
[2026-02-11T19:19:54.162069] BRAGE,157679,1,238,0,0,96,NONE,
[2026-02-11T19:19:54.260815] BRAGE,157779,1,239,0,0,95,NONE,
[2026-02-11T19:19:54.359750] BRAGE,157879,1,240,0,0,94,NONE,
[2026-02-11T19:19:54.442551] [TDMA] RX header: slot=1 frame=241 epoch=25126268 records=0
[2026-02-11T19:19:54.459713] BRAGE,157979,1,241,-73,7,94,DL,
[2026-02-11T19:19:54.542192] [TDMA] RX header: slot=1 frame=242 epoch=25226268 records=0
[2026-02-11T19:19:54.559001] BRAGE,158079,1,242,-65,11,94,DL,
[2026-02-11T19:19:54.569074] [TDMA] TX DOWNLINK: records=1
[2026-02-11T19:19:54.641309] [TDMA] RX header: slot=1 frame=243 epoch=25326268 records=0
[2026-02-11T19:19:54.657902] BRAGE,158179,1,243,-65,11,94,DL,
[2026-02-11T19:19:54.740709] [TDMA] RX header: slot=1 frame=244 epoch=25426268 records=0
[2026-02-11T19:19:54.757317] BRAGE,158279,1,244,-65,11,94,DL,
[2026-02-11T19:19:54.839891] [TDMA] RX header: slot=1 frame=245 epoch=25526268 records=0
[2026-02-11T19:19:54.856563] BRAGE,158379,1,245,-73,7,94,DL,
[2026-02-11T19:19:54.939701] [TDMA] RX header: slot=1 frame=246 epoch=25626268 records=0
[2026-02-11T19:19:54.956526] BRAGE,158479,1,246,-73,7,94,DL,
[2026-02-11T19:19:55.038694] [TDMA] RX header: slot=1 frame=247 epoch=25726268 records=0
[2026-02-11T19:19:55.056047] BRAGE,158579,1,247,-66,12,94,DL,
[2026-02-11T19:19:55.138489] [TDMA] RX header: slot=1 frame=248 epoch=25826268 records=0
[2026-02-11T19:19:55.155365] BRAGE,158679,1,248,-68,11,94,DL,
[2026-02-11T19:19:55.254553] BRAGE,158779,1,249,0,0,93,NONE,
[2026-02-11T19:19:55.336753] [TDMA] RX header: slot=1 frame=250 epoch=26026268 records=0
[2026-02-11T19:19:55.353782] BRAGE,158880,1,250,-73,7,93,DL,
[2026-02-11T19:19:55.436458] [TDMA] RX header: slot=1 frame=251 epoch=26126268 records=0
[2026-02-11T19:19:55.453333] BRAGE,158980,1,251,-73,7,93,DL,
[2026-02-11T19:19:55.535866] [TDMA] RX header: slot=1 frame=252 epoch=26226268 records=0
[2026-02-11T19:19:55.552773] BRAGE,159080,1,252,-65,12,93,DL,
[2026-02-11T19:19:55.562269] [TDMA] TX DOWNLINK: records=1
[2026-02-11T19:19:55.635216] [TDMA] RX header: slot=1 frame=253 epoch=26326268 records=0
[2026-02-11T19:19:55.652042] BRAGE,159180,1,253,-73,7,93,DL,
[2026-02-11T19:19:55.734595] [TDMA] RX header: slot=1 frame=254 epoch=26426268 records=0
[2026-02-11T19:19:55.752335] BRAGE,159280,1,254,-65,11,93,DL,
[2026-02-11T19:19:55.833537] [TDMA] RX header: slot=1 frame=255 epoch=26526268 records=0
[2026-02-11T19:19:55.850745] BRAGE,159380,1,255,-65,10,93,DL,
[2026-02-11T19:19:55.933242] [TDMA] RX header: slot=1 frame=256 epoch=26626268 records=0
[2026-02-11T19:19:55.950409] BRAGE,159480,1,256,-65,11,93,DL,
[2026-02-11T19:19:56.032673] [TDMA] RX header: slot=1 frame=257 epoch=26726268 records=0
[2026-02-11T19:19:56.049600] BRAGE,159580,1,257,-73,6,93,DL,
[2026-02-11T19:19:56.131989] [TDMA] RX header: slot=1 frame=258 epoch=26826268 records=0
[2026-02-11T19:19:56.148527] BRAGE,159680,1,258,-65,12,93,DL,
[2026-02-11T19:19:56.231366] [TDMA] RX header: slot=1 frame=259 epoch=26926268 records=0
[2026-02-11T19:19:56.248212] BRAGE,159780,1,259,-65,11,93,DL,
[2026-02-11T19:19:56.330723] [TDMA] RX header: slot=1 frame=260 epoch=27026268 records=0
[2026-02-11T19:19:56.347832] BRAGE,159880,1,260,-65,11,93,DL,
[2026-02-11T19:19:56.430153] [TDMA] RX header: slot=1 frame=261 epoch=27126268 records=0
[2026-02-11T19:19:56.446535] BRAGE,159981,1,261,-65,12,93,DL,
[2026-02-11T19:19:56.529566] [TDMA] RX header: slot=1 frame=262 epoch=27226268 records=0
[2026-02-11T19:19:56.546227] BRAGE,160081,1,262,-65,10,93,DL,
[2026-02-11T19:19:56.556081] [TDMA] TX DOWNLINK: records=1
[2026-02-11T19:19:56.629782] [TDMA] RX header: slot=1 frame=263 epoch=27326268 records=0
[2026-02-11T19:19:56.645380] BRAGE,160181,1,263,-65,11,93,DL,
[2026-02-11T19:19:56.728161] [TDMA] RX header: slot=1 frame=264 epoch=27426268 records=0
[2026-02-11T19:19:56.744578] BRAGE,160281,1,264,-73,7,93,DL,
[2026-02-11T19:19:56.827499] [TDMA] RX header: slot=1 frame=265 epoch=27526268 records=0
[2026-02-11T19:19:56.844382] BRAGE,160381,1,265,-67,9,93,DL,
[2026-02-11T19:19:56.926412] [TDMA] RX header: slot=1 frame=266 epoch=27626268 records=0
[2026-02-11T19:19:56.944125] BRAGE,160481,1,266,-73,7,93,DL,
[2026-02-11T19:19:57.026334] [TDMA] RX header: slot=1 frame=267 epoch=27726268 records=0
[2026-02-11T19:19:57.046840] BRAGE,160581,1,267,-73,7,93,DL,
[2026-02-11T19:19:57.125427] [TDMA] RX header: slot=1 frame=268 epoch=27826268 records=0
[2026-02-11T19:19:57.142173] BRAGE,160681,1,268,-73,7,93,DL,
[2026-02-11T19:19:57.224703] [TDMA] RX header: slot=1 frame=269 epoch=27926268 records=0
[2026-02-11T19:19:57.241866] BRAGE,160781,1,269,-73,7,93,DL,
[2026-02-11T19:19:57.324158] [TDMA] RX header: slot=1 frame=270 epoch=28026268 records=0
[2026-02-11T19:19:57.340883] BRAGE,160881,1,270,-73,7,93,DL,
[2026-02-11T19:19:57.423727] [TDMA] RX header: slot=1 frame=271 epoch=28126268 records=0
[2026-02-11T19:19:57.440558] BRAGE,160981,1,271,-65,12,93,DL,
[2026-02-11T19:19:57.523184] [TDMA] RX header: slot=1 frame=272 epoch=28226268 records=0
[2026-02-11T19:19:57.539918] BRAGE,161081,1,272,-65,12,93,DL,
[2026-02-11T19:19:57.550210] [TDMA] TX DOWNLINK: records=1
[2026-02-11T19:19:57.621891] [TDMA] RX header: slot=1 frame=273 epoch=28326268 records=0
[2026-02-11T19:19:57.639029] BRAGE,161182,1,273,-65,12,93,DL,
[2026-02-11T19:19:57.722114] [TDMA] RX header: slot=1 frame=274 epoch=28426268 records=0
[2026-02-11T19:19:57.738127] BRAGE,161282,1,274,-65,12,93,DL,
[2026-02-11T19:19:57.821120] [TDMA] RX header: slot=1 frame=275 epoch=28526268 records=0
[2026-02-11T19:19:57.838496] BRAGE,161382,1,275,-73,7,93,DL,
[2026-02-11T19:19:57.920761] [TDMA] RX header: slot=1 frame=276 epoch=28626268 records=0
[2026-02-11T19:19:57.937523] BRAGE,161482,1,276,-65,11,93,DL,
[2026-02-11T19:19:58.020176] [TDMA] RX header: slot=1 frame=277 epoch=28726268 records=0
[2026-02-11T19:19:58.036309] BRAGE,161582,1,277,-73,6,93,DL,
[2026-02-11T19:19:58.119137] [TDMA] RX header: slot=1 frame=278 epoch=28826268 records=0
[2026-02-11T19:19:58.136267] BRAGE,161682,1,278,-65,11,93,DL,
[2026-02-11T19:19:58.218115] [TDMA] RX header: slot=1 frame=279 epoch=28926268 records=0
[2026-02-11T19:19:58.235781] BRAGE,161782,1,279,-73,7,93,DL,
[2026-02-11T19:19:58.322480] [TDMA] RX header: slot=1 frame=280 epoch=29026268 records=0
[2026-02-11T19:19:58.335612] BRAGE,161882,1,280,-65,12,93,DL,
[2026-02-11T19:19:58.417220] [TDMA] RX header: slot=1 frame=281 epoch=29126268 records=0
[2026-02-11T19:19:58.434340] BRAGE,161982,1,281,-73,7,93,DL,
[2026-02-11T19:19:58.516532] [TDMA] RX header: slot=1 frame=282 epoch=29226268 records=0
[2026-02-11T19:19:58.533783] BRAGE,162082,1,282,-65,11,93,DL,
[2026-02-11T19:19:58.543468] [TDMA] TX DOWNLINK: records=1
[2026-02-11T19:19:58.616184] [TDMA] RX header: slot=1 frame=283 epoch=29326268 records=0
[2026-02-11T19:19:58.632700] BRAGE,162182,1,283,-73,7,93,DL,
[2026-02-11T19:19:58.715432] [TDMA] RX header: slot=1 frame=284 epoch=29426268 records=0
[2026-02-11T19:19:58.732463] BRAGE,162282,1,284,-73,7,93,DL,
[2026-02-11T19:19:58.814610] [TDMA] RX header: slot=1 frame=285 epoch=29526268 records=0
[2026-02-11T19:19:58.832490] BRAGE,162382,1,285,-73,7,93,DL,
[2026-02-11T19:19:58.913885] [TDMA] RX header: slot=1 frame=286 epoch=29626268 records=0
[2026-02-11T19:19:58.930731] BRAGE,162482,1,286,-73,7,93,DL,
[2026-02-11T19:19:59.013681] [TDMA] RX header: slot=1 frame=287 epoch=29726268 records=0
[2026-02-11T19:19:59.029844] BRAGE,162583,1,287,-73,7,94,DL,
[2026-02-11T19:19:59.112210] [TDMA] RX header: slot=1 frame=288 epoch=29826268 records=0
[2026-02-11T19:19:59.129150] BRAGE,162683,1,288,-73,7,94,DL,
[2026-02-11T19:19:59.212247] [TDMA] RX header: slot=1 frame=289 epoch=29926268 records=0
[2026-02-11T19:19:59.228899] BRAGE,162783,1,289,-73,7,94,DL,
[2026-02-11T19:19:59.311333] [TDMA] RX header: slot=1 frame=290 epoch=30026268 records=0
[2026-02-11T19:19:59.328213] BRAGE,162883,1,290,-73,7,94,DL,
[2026-02-11T19:19:59.410795] [TDMA] RX header: slot=1 frame=291 epoch=30126268 records=0
[2026-02-11T19:19:59.427538] BRAGE,162983,1,291,-73,7,94,DL,
[2026-02-11T19:19:59.510244] [TDMA] RX header: slot=1 frame=292 epoch=30226268 records=0
[2026-02-11T19:19:59.527370] BRAGE,163083,1,292,-73,6,94,DL,
[2026-02-11T19:19:59.536285] [TDMA] TX DOWNLINK: records=1
[2026-02-11T19:19:59.610235] [TDMA] RX header: slot=1 frame=293 epoch=30326268 records=0
[2026-02-11T19:19:59.625766] BRAGE,163183,1,293,-73,7,95,DL,
[2026-02-11T19:19:59.708928] [TDMA] RX header: slot=1 frame=294 epoch=30426268 records=0
[2026-02-11T19:19:59.726118] BRAGE,163283,1,294,-73,7,95,DL,
[2026-02-11T19:19:59.807821] [TDMA] RX header: slot=1 frame=295 epoch=30526268 records=0
[2026-02-11T19:19:59.825177] BRAGE,163383,1,295,-73,7,95,DL,
[2026-02-11T19:19:59.907352] [TDMA] RX header: slot=1 frame=296 epoch=30626268 records=0
[2026-02-11T19:19:59.923966] BRAGE,163483,1,296,-73,7,95,DL,
[2026-02-11T19:20:00.006629] [TDMA] RX header: slot=1 frame=297 epoch=30726268 records=0
[2026-02-11T19:20:00.023347] BRAGE,163583,1,297,-73,7,95,DL,
[2026-02-11T19:20:00.109239] [TDMA] RX header: slot=1 frame=298 epoch=30826268 records=0
[2026-02-11T19:20:00.125252] BRAGE,163683,1,298,-73,7,95,DL,
[2026-02-11T19:20:00.205463] [TDMA] RX header: slot=1 frame=299 epoch=30926268 records=0
[2026-02-11T19:20:00.222361] BRAGE,163783,1,299,-73,7,95,DL,
[2026-02-11T19:20:00.304899] [TDMA] RX header: slot=1 frame=300 epoch=31026268 records=0
[2026-02-11T19:20:00.321285] BRAGE,163883,1,300,-65,11,95,DL,
[2026-02-11T19:20:00.403831] [TDMA] RX header: slot=1 frame=301 epoch=31126268 records=0
[2026-02-11T19:20:00.421316] BRAGE,163983,1,301,-73,7,95,DL,
[2026-02-11T19:20:00.503537] [TDMA] RX header: slot=1 frame=302 epoch=31226268 records=0
[2026-02-11T19:20:00.520419] BRAGE,164084,1,302,-73,7,95,DL,
[2026-02-11T19:20:00.530429] [TDMA] TX DOWNLINK: records=1
[2026-02-11T19:20:00.602947] [TDMA] RX header: slot=1 frame=303 epoch=31326268 records=0
[2026-02-11T19:20:00.619801] BRAGE,164184,1,303,-65,12,95,DL,
[2026-02-11T19:20:00.702296] [TDMA] RX header: slot=1 frame=304 epoch=31426268 records=0
[2026-02-11T19:20:00.719162] BRAGE,164284,1,304,-72,7,95,DL,
[2026-02-11T19:20:00.802056] [TDMA] RX header: slot=1 frame=305 epoch=31526268 records=0
[2026-02-11T19:20:00.819007] BRAGE,164384,1,305,-73,7,95,DL,
[2026-02-11T19:20:00.900486] [TDMA] RX header: slot=1 frame=306 epoch=31626268 records=0
[2026-02-11T19:20:00.918245] BRAGE,164484,1,306,-73,7,95,DL,
[2026-02-11T19:20:01.000356] [TDMA] RX header: slot=1 frame=307 epoch=31726268 records=0
[2026-02-11T19:20:01.017209] BRAGE,164584,1,307,-73,7,95,DL,
[2026-02-11T19:20:01.099406] [TDMA] RX header: slot=1 frame=308 epoch=31826268 records=0
[2026-02-11T19:20:01.116631] BRAGE,164684,1,308,-65,10,95,DL,
[2026-02-11T19:20:01.199148] [TDMA] RX header: slot=1 frame=309 epoch=31926268 records=0
[2026-02-11T19:20:01.215921] BRAGE,164784,1,309,-65,11,95,DL,
[2026-02-11T19:20:01.298528] [TDMA] RX header: slot=1 frame=310 epoch=32026268 records=0
[2026-02-11T19:20:01.315057] BRAGE,164884,1,310,-73,7,95,DL,
[2026-02-11T19:20:01.398294] [TDMA] RX header: slot=1 frame=311 epoch=32126268 records=0
[2026-02-11T19:20:01.414702] BRAGE,164984,1,311,-73,7,95,DL,
[2026-02-11T19:20:01.497162] [TDMA] RX header: slot=1 frame=312 epoch=32226268 records=0
[2026-02-11T19:20:01.513559] BRAGE,165084,1,312,-65,12,95,DL,
[2026-02-11T19:20:01.523810] [TDMA] TX DOWNLINK: records=1
[2026-02-11T19:20:01.596208] [TDMA] RX header: slot=1 frame=313 epoch=32326268 records=0
[2026-02-11T19:20:01.613475] BRAGE,165184,1,313,-73,7,95,DL,
[2026-02-11T19:20:01.712717] BRAGE,165284,1,314,0,0,94,NONE,
[2026-02-11T19:20:01.795447] [TDMA] RX header: slot=1 frame=315 epoch=32526268 records=0
[2026-02-11T19:20:01.811739] BRAGE,165384,1,315,-73,7,94,DL,
[2026-02-11T19:20:01.895065] [TDMA] RX header: slot=1 frame=316 epoch=32626268 records=0
[2026-02-11T19:20:01.911435] BRAGE,165485,1,316,-65,12,94,DL,
[2026-02-11T19:20:01.993507] [TDMA] RX header: slot=1 frame=317 epoch=32726268 records=0
[2026-02-11T19:20:02.010838] BRAGE,165585,1,317,-65,11,94,DL,
[2026-02-11T19:20:02.093493] [TDMA] RX header: slot=1 frame=318 epoch=32826268 records=0
[2026-02-11T19:20:02.110111] BRAGE,165685,1,318,-73,7,94,DL,
[2026-02-11T19:20:02.192520] [TDMA] RX header: slot=1 frame=319 epoch=32926268 records=0
[2026-02-11T19:20:02.209010] BRAGE,165785,1,319,-73,6,94,DL,
[2026-02-11T19:20:02.291736] [TDMA] RX header: slot=1 frame=320 epoch=33026268 records=0
[2026-02-11T19:20:02.308956] BRAGE,165885,1,320,-65,12,94,DL,
[2026-02-11T19:20:02.391614] [TDMA] RX header: slot=1 frame=321 epoch=33126268 records=0
[2026-02-11T19:20:02.408209] BRAGE,165985,1,321,-73,7,94,DL,
[2026-02-11T19:20:02.490693] [TDMA] RX header: slot=1 frame=322 epoch=33226268 records=0
[2026-02-11T19:20:02.507616] BRAGE,166085,1,322,-73,6,94,DL,
[2026-02-11T19:20:02.517139] [TDMA] TX DOWNLINK: records=1
[2026-02-11T19:20:02.590108] [TDMA] RX header: slot=1 frame=323 epoch=33326268 records=0
[2026-02-11T19:20:02.607029] BRAGE,166185,1,323,-65,12,94,DL,
[2026-02-11T19:20:02.689175] [TDMA] RX header: slot=1 frame=324 epoch=33426268 records=0
[2026-02-11T19:20:02.706443] BRAGE,166285,1,324,-73,7,94,DL,
[2026-02-11T19:20:02.788936] [TDMA] RX header: slot=1 frame=325 epoch=33526268 records=0
[2026-02-11T19:20:02.805737] BRAGE,166385,1,325,-73,7,94,DL,
[2026-02-11T19:20:02.888235] [TDMA] RX header: slot=1 frame=326 epoch=33626268 records=0
[2026-02-11T19:20:02.905065] BRAGE,166485,1,326,-73,7,94,DL,
[2026-02-11T19:20:02.987431] [TDMA] RX header: slot=1 frame=327 epoch=33726268 records=0
[2026-02-11T19:20:03.005154] BRAGE,166585,1,327,-73,7,94,DL,
[2026-02-11T19:20:03.086895] [TDMA] RX header: slot=1 frame=328 epoch=33826268 records=0
[2026-02-11T19:20:03.103760] BRAGE,166685,1,328,-73,6,94,DL,
[2026-02-11T19:20:03.185970] [TDMA] RX header: slot=1 frame=329 epoch=33926268 records=0
[2026-02-11T19:20:03.203374] BRAGE,166785,1,329,-73,7,94,DL,
[2026-02-11T19:20:03.285245] [TDMA] RX header: slot=1 frame=330 epoch=34026268 records=0
[2026-02-11T19:20:03.301925] BRAGE,166885,1,330,-73,7,94,DL,
[2026-02-11T19:20:03.384984] [TDMA] RX header: slot=1 frame=331 epoch=34126268 records=0
[2026-02-11T19:20:03.401400] BRAGE,166986,1,331,-73,8,94,DL,
[2026-02-11T19:20:03.484527] [TDMA] RX header: slot=1 frame=332 epoch=34226268 records=0
[2026-02-11T19:20:03.501273] BRAGE,167086,1,332,-73,7,94,DL,
[2026-02-11T19:20:03.510982] [TDMA] TX DOWNLINK: records=1
[2026-02-11T19:20:03.583119] [TDMA] RX header: slot=1 frame=333 epoch=34326268 records=0
[2026-02-11T19:20:03.600962] BRAGE,167186,1,333,-73,7,94,DL,
[2026-02-11T19:20:03.699474] BRAGE,167286,1,334,0,0,94,NONE,
[2026-02-11T19:20:03.782417] [TDMA] RX header: slot=1 frame=335 epoch=34526268 records=0
[2026-02-11T19:20:03.799204] BRAGE,167386,1,335,-70,8,94,DL,
[2026-02-11T19:20:03.881385] [TDMA] RX header: slot=1 frame=336 epoch=34626268 records=0
[2026-02-11T19:20:03.898624] BRAGE,167486,1,336,-73,7,94,DL,
[2026-02-11T19:20:03.998127] BRAGE,167586,1,337,0,0,93,NONE,
[2026-02-11T19:20:04.080589] [TDMA] RX header: slot=1 frame=338 epoch=34826268 records=0
[2026-02-11T19:20:04.097280] BRAGE,167686,1,338,-70,7,94,DL,
[2026-02-11T19:20:04.179397] [TDMA] RX header: slot=1 frame=339 epoch=34926268 records=0
[2026-02-11T19:20:04.196461] BRAGE,167786,1,339,-72,7,95,DL,
[2026-02-11T19:20:04.279284] [TDMA] RX header: slot=1 frame=340 epoch=35026268 records=0
[2026-02-11T19:20:04.295714] BRAGE,167886,1,340,-73,6,96,DL,
[2026-02-11T19:20:04.378766] [TDMA] RX header: slot=1 frame=341 epoch=35126268 records=0
[2026-02-11T19:20:04.395502] BRAGE,167986,1,341,-70,8,96,DL,
[2026-02-11T19:20:04.494773] BRAGE,168086,1,342,0,0,95,NONE,
[2026-02-11T19:20:04.504523] [TDMA] TX DOWNLINK: records=1
[2026-02-11T19:20:04.577245] [TDMA] RX header: slot=1 frame=343 epoch=35326268 records=0
[2026-02-11T19:20:04.594074] BRAGE,168186,1,343,-67,9,95,DL,
[2026-02-11T19:20:04.676688] [TDMA] RX header: slot=1 frame=344 epoch=35426268 records=0
[2026-02-11T19:20:04.693520] BRAGE,168286,1,344,-73,6,95,DL,
[2026-02-11T19:20:04.775875] [TDMA] RX header: slot=1 frame=345 epoch=35526268 records=0
[2026-02-11T19:20:04.792879] BRAGE,168386,1,345,-70,7,95,DL,
[2026-02-11T19:20:04.874955] [TDMA] RX header: slot=1 frame=346 epoch=35626268 records=0
[2026-02-11T19:20:04.892162] BRAGE,168486,1,346,-72,7,95,DL,
[2026-02-11T19:20:04.974360] [TDMA] RX header: slot=1 frame=347 epoch=35726268 records=0
[2026-02-11T19:20:04.991080] BRAGE,168586,1,347,-73,6,95,DL,
[2026-02-11T19:20:05.073966] [TDMA] RX header: slot=1 frame=348 epoch=35826268 records=0
[2026-02-11T19:20:05.090855] BRAGE,168687,1,348,-73,7,95,DL,
[2026-02-11T19:20:05.190239] BRAGE,168787,1,349,0,0,95,NONE,
[2026-02-11T19:20:05.272786] [TDMA] RX header: slot=1 frame=350 epoch=36026268 records=0
[2026-02-11T19:20:05.289180] BRAGE,168887,1,350,-73,6,95,DL,
[2026-02-11T19:20:05.371455] [TDMA] RX header: slot=1 frame=351 epoch=36126268 records=0
[2026-02-11T19:20:05.388697] BRAGE,168987,1,351,-73,6,95,DL,
[2026-02-11T19:20:05.471006] [TDMA] RX header: slot=1 frame=352 epoch=36226268 records=0
[2026-02-11T19:20:05.487764] BRAGE,169087,1,352,-73,7,95,DL,
[2026-02-11T19:20:05.498066] [TDMA] TX DOWNLINK: records=1
[2026-02-11T19:20:05.570395] [TDMA] RX header: slot=1 frame=353 epoch=36326268 records=0
[2026-02-11T19:20:05.587094] BRAGE,169187,1,353,-73,7,95,DL,
[2026-02-11T19:20:05.669939] [TDMA] RX header: slot=1 frame=354 epoch=36426268 records=0
[2026-02-11T19:20:05.687283] BRAGE,169287,1,354,-72,7,95,DL,
[2026-02-11T19:20:05.770108] [TDMA] RX header: slot=1 frame=355 epoch=36526268 records=0
[2026-02-11T19:20:05.786838] BRAGE,169387,1,355,-65,11,95,DL,
[2026-02-11T19:20:05.869192] [TDMA] RX header: slot=1 frame=356 epoch=36626268 records=0
[2026-02-11T19:20:05.885678] BRAGE,169487,1,356,-70,8,95,DL,
[2026-02-11T19:20:05.967869] [TDMA] RX header: slot=1 frame=357 epoch=36726268 records=0
[2026-02-11T19:20:05.984832] BRAGE,169587,1,357,-73,7,95,DL,
[2026-02-11T19:20:06.067423] [TDMA] RX header: slot=1 frame=358 epoch=36826268 records=0
[2026-02-11T19:20:06.084305] BRAGE,169687,1,358,-73,7,95,DL,
[2026-02-11T19:20:06.166839] [TDMA] RX header: slot=1 frame=359 epoch=36926268 records=0
[2026-02-11T19:20:06.184119] BRAGE,169787,1,359,-72,6,95,DL,
[2026-02-11T19:20:06.265820] [TDMA] RX header: slot=1 frame=360 epoch=37026268 records=0
[2026-02-11T19:20:06.283320] BRAGE,169887,1,360,-73,6,95,DL,
[2026-02-11T19:20:06.365555] [TDMA] RX header: slot=1 frame=361 epoch=37126268 records=0
[2026-02-11T19:20:06.382569] BRAGE,169987,1,361,-73,8,95,DL,
[2026-02-11T19:20:06.464952] [TDMA] RX header: slot=1 frame=362 epoch=37226268 records=0
[2026-02-11T19:20:06.487289] BRAGE,170087,1,362,-73,7,95,DL,
[2026-02-11T19:20:06.491632] [TDMA] TX DOWNLINK: records=1
[2026-02-11T19:20:06.581027] BRAGE,170187,1,363,0,0,94,NONE,
[2026-02-11T19:20:06.663831] [TDMA] RX header: slot=1 frame=364 epoch=37426268 records=0
[2026-02-11T19:20:06.680469] BRAGE,170288,1,364,-73,6,94,DL,
[2026-02-11T19:20:06.762996] [TDMA] RX header: slot=1 frame=365 epoch=37526268 records=0
[2026-02-11T19:20:06.780007] BRAGE,170388,1,365,-73,7,94,DL,
[2026-02-11T19:20:06.862226] [TDMA] RX header: slot=1 frame=366 epoch=37626268 records=0
[2026-02-11T19:20:06.878846] BRAGE,170488,1,366,-73,7,94,DL,
[2026-02-11T19:20:06.961821] [TDMA] RX header: slot=1 frame=367 epoch=37726268 records=0
[2026-02-11T19:20:06.978031] BRAGE,170588,1,367,-72,12,94,DL,
[2026-02-11T19:20:07.060625] [TDMA] RX header: slot=1 frame=368 epoch=37826268 records=0
[2026-02-11T19:20:07.077986] BRAGE,170688,1,368,-75,12,94,DL,
[2026-02-11T19:20:07.160404] [TDMA] RX header: slot=1 frame=369 epoch=37926268 records=0
[2026-02-11T19:20:07.176842] BRAGE,170788,1,369,-71,12,94,DL,
[2026-02-11T19:20:07.259983] [TDMA] RX header: slot=1 frame=370 epoch=38026268 records=0
[2026-02-11T19:20:07.276775] BRAGE,170888,1,370,-73,9,94,DL,
[2026-02-11T19:20:07.358774] [TDMA] RX header: slot=1 frame=371 epoch=38126268 records=0
[2026-02-11T19:20:07.375682] BRAGE,170988,1,371,-73,8,94,DL,
[2026-02-11T19:20:07.458489] [TDMA] RX header: slot=1 frame=372 epoch=38226268 records=0
[2026-02-11T19:20:07.475229] BRAGE,171088,1,372,-68,12,94,DL,
[2026-02-11T19:20:07.485200] [TDMA] TX DOWNLINK: records=1
[2026-02-11T19:20:07.557876] [TDMA] RX header: slot=1 frame=373 epoch=38326268 records=0
[2026-02-11T19:20:07.574766] BRAGE,171188,1,373,-74,12,94,DL,
[2026-02-11T19:20:07.656828] [TDMA] RX header: slot=1 frame=374 epoch=38426268 records=0
[2026-02-11T19:20:07.674186] BRAGE,171288,1,374,-73,9,94,DL,
[2026-02-11T19:20:07.756592] [TDMA] RX header: slot=1 frame=375 epoch=38526268 records=0
[2026-02-11T19:20:07.773146] BRAGE,171388,1,375,-73,9,94,DL,
[2026-02-11T19:20:07.855989] [TDMA] RX header: slot=1 frame=376 epoch=38626268 records=0
[2026-02-11T19:20:07.872839] BRAGE,171488,1,376,-73,12,94,DL,
[2026-02-11T19:20:07.955294] [TDMA] RX header: slot=1 frame=377 epoch=38726268 records=0
[2026-02-11T19:20:07.972178] BRAGE,171588,1,377,-71,13,94,DL,
[2026-02-11T19:20:08.071024] BRAGE,171688,1,378,0,0,93,NONE,
[2026-02-11T19:20:08.153697] [TDMA] RX header: slot=1 frame=379 epoch=38926268 records=0
[2026-02-11T19:20:08.170975] BRAGE,171788,1,379,-65,11,93,DL,
[2026-02-11T19:20:08.253031] [TDMA] RX header: slot=1 frame=380 epoch=39026268 records=0
[2026-02-11T19:20:08.270299] BRAGE,171889,1,380,-73,7,93,DL,
[2026-02-11T19:20:08.353005] [TDMA] RX header: slot=1 frame=381 epoch=39126268 records=0
[2026-02-11T19:20:08.369505] BRAGE,171989,1,381,-73,8,93,DL,
[2026-02-11T19:20:08.452080] [TDMA] RX header: slot=1 frame=382 epoch=39226268 records=0
[2026-02-11T19:20:08.468503] BRAGE,172089,1,382,-73,8,93,DL,
[2026-02-11T19:20:08.478374] [TDMA] TX DOWNLINK: records=1
[2026-02-11T19:20:08.551017] [TDMA] RX header: slot=1 frame=383 epoch=39326268 records=0
[2026-02-11T19:20:08.568193] BRAGE,172189,1,383,-74,10,93,DL,
[2026-02-11T19:20:08.650321] [TDMA] RX header: slot=1 frame=384 epoch=39426268 records=0
[2026-02-11T19:20:08.667583] BRAGE,172289,1,384,-72,6,93,DL,
[2026-02-11T19:20:08.750124] [TDMA] RX header: slot=1 frame=385 epoch=39526268 records=0
[2026-02-11T19:20:08.767166] BRAGE,172389,1,385,-73,7,93,DL,
[2026-02-11T19:20:08.849428] [TDMA] RX header: slot=1 frame=386 epoch=39626268 records=0
[2026-02-11T19:20:08.865877] BRAGE,172489,1,386,-73,6,93,DL,
[2026-02-11T19:20:08.948378] [TDMA] RX header: slot=1 frame=387 epoch=39726268 records=0
[2026-02-11T19:20:08.965186] BRAGE,172589,1,387,-64,9,93,DL,
[2026-02-11T19:20:09.047809] [TDMA] RX header: slot=1 frame=388 epoch=39826268 records=0
[2026-02-11T19:20:09.064806] BRAGE,172689,1,388,-73,8,93,DL,
[2026-02-11T19:20:09.147431] [TDMA] RX header: slot=1 frame=389 epoch=39926268 records=0
[2026-02-11T19:20:09.163941] BRAGE,172789,1,389,-73,6,93,DL,
[2026-02-11T19:20:09.246423] [TDMA] RX header: slot=1 frame=390 epoch=40026268 records=0
[2026-02-11T19:20:09.263757] BRAGE,172889,1,390,-73,6,93,DL,
[2026-02-11T19:20:09.346275] [TDMA] RX header: slot=1 frame=391 epoch=40126268 records=0
[2026-02-11T19:20:09.362622] BRAGE,172989,1,391,-73,7,93,DL,
[2026-02-11T19:20:09.445145] [TDMA] RX header: slot=1 frame=392 epoch=40226268 records=0
[2026-02-11T19:20:09.461898] BRAGE,173089,1,392,-73,7,93,DL,
[2026-02-11T19:20:09.471972] [TDMA] TX DOWNLINK: records=1
[2026-02-11T19:20:09.544830] [TDMA] RX header: slot=1 frame=393 epoch=40326268 records=0
[2026-02-11T19:20:09.561757] BRAGE,173189,1,393,-73,7,93,DL,
[2026-02-11T19:20:09.644236] [TDMA] RX header: slot=1 frame=394 epoch=40426268 records=0
[2026-02-11T19:20:09.661169] BRAGE,173289,1,394,-73,7,93,DL,
[2026-02-11T19:20:09.743585] [TDMA] RX header: slot=1 frame=395 epoch=40526268 records=0
[2026-02-11T19:20:09.760432] BRAGE,173389,1,395,-73,8,93,DL,
[2026-02-11T19:20:09.842530] [TDMA] RX header: slot=1 frame=396 epoch=40626268 records=0
[2026-02-11T19:20:09.859905] BRAGE,173489,1,396,-74,11,93,DL,
[2026-02-11T19:20:09.942240] [TDMA] RX header: slot=1 frame=397 epoch=40726268 records=0
[2026-02-11T19:20:09.959350] BRAGE,173590,1,397,-73,9,93,DL,
[2026-02-11T19:20:10.041613] [TDMA] RX header: slot=1 frame=398 epoch=40826268 records=0
[2026-02-11T19:20:10.058171] BRAGE,173690,1,398,-73,8,93,DL,
[2026-02-11T19:20:10.140933] [TDMA] RX header: slot=1 frame=399 epoch=40926268 records=0
[2026-02-11T19:20:10.157366] BRAGE,173790,1,399,-73,7,93,DL,
[2026-02-11T19:20:10.239770] [TDMA] RX header: slot=1 frame=400 epoch=41026268 records=0
[2026-02-11T19:20:10.256544] BRAGE,173890,1,400,-73,7,93,DL,
[2026-02-11T19:20:10.339724] [TDMA] RX header: slot=1 frame=401 epoch=41126268 records=0
[2026-02-11T19:20:10.355939] BRAGE,173990,1,401,-73,7,93,DL,
[2026-02-11T19:20:10.439216] [TDMA] RX header: slot=1 frame=402 epoch=41226268 records=0
[2026-02-11T19:20:10.456214] BRAGE,174090,1,402,-73,7,93,DL,
[2026-02-11T19:20:10.466164] [TDMA] TX DOWNLINK: records=1
[2026-02-11T19:20:10.538590] [TDMA] RX header: slot=1 frame=403 epoch=41326268 records=0
[2026-02-11T19:20:10.555053] BRAGE,174190,1,403,-73,7,93,DL,
[2026-02-11T19:20:10.637570] [TDMA] RX header: slot=1 frame=404 epoch=41426268 records=0
[2026-02-11T19:20:10.654796] BRAGE,174290,1,404,-73,7,93,DL,
[2026-02-11T19:20:10.737246] [TDMA] RX header: slot=1 frame=405 epoch=41526268 records=0
[2026-02-11T19:20:10.754333] BRAGE,174390,1,405,-73,7,93,DL,
[2026-02-11T19:20:10.835867] [TDMA] RX header: slot=1 frame=406 epoch=41626268 records=0
[2026-02-11T19:20:10.852747] BRAGE,174490,1,406,-73,7,93,DL,
[2026-02-11T19:20:10.936064] [TDMA] RX header: slot=1 frame=407 epoch=41726268 records=0
[2026-02-11T19:20:10.952567] BRAGE,174590,1,407,-73,7,93,DL,
[2026-02-11T19:20:11.035366] [TDMA] RX header: slot=1 frame=408 epoch=41826268 records=0
[2026-02-11T19:20:11.051971] BRAGE,174690,1,408,-73,7,93,DL,
[2026-02-11T19:20:11.134317] [TDMA] RX header: slot=1 frame=409 epoch=41926268 records=0
[2026-02-11T19:20:11.151082] BRAGE,174790,1,409,-70,8,93,DL,
[2026-02-11T19:20:11.233882] [TDMA] RX header: slot=1 frame=410 epoch=42026268 records=0
[2026-02-11T19:20:11.250978] BRAGE,174890,1,410,-73,7,93,DL,
[2026-02-11T19:20:11.349930] BRAGE,174990,1,411,0,0,92,NONE,
[2026-02-11T19:20:11.432389] [TDMA] RX header: slot=1 frame=412 epoch=42226268 records=0
[2026-02-11T19:20:11.449509] BRAGE,175090,1,412,-70,8,92,DL,
[2026-02-11T19:20:11.458906] [TDMA] TX DOWNLINK: records=1
[2026-02-11T19:20:11.532077] [TDMA] RX header: slot=1 frame=413 epoch=42326268 records=0
[2026-02-11T19:20:11.549209] BRAGE,175190,1,413,-73,7,92,DL,
[2026-02-11T19:20:11.631003] [TDMA] RX header: slot=1 frame=414 epoch=42426268 records=0
[2026-02-11T19:20:11.647885] BRAGE,175291,1,414,-66,12,93,DL,
[2026-02-11T19:20:11.730398] [TDMA] RX header: slot=1 frame=415 epoch=42526268 records=0
[2026-02-11T19:20:11.747734] BRAGE,175391,1,415,-73,7,93,DL,
[2026-02-11T19:20:11.852612] BRAGE,175491,1,416,0,0,92,NONE,
[2026-02-11T19:20:11.929068] [TDMA] RX header: slot=1 frame=417 epoch=42726268 records=0
[2026-02-11T19:20:11.945746] BRAGE,175591,1,417,-73,8,92,DL,
[2026-02-11T19:20:12.028370] [TDMA] RX header: slot=1 frame=418 epoch=42826268 records=0
[2026-02-11T19:20:12.045365] BRAGE,175691,1,418,-73,8,92,DL,
[2026-02-11T19:20:12.127512] [TDMA] RX header: slot=1 frame=419 epoch=42926268 records=0
[2026-02-11T19:20:12.144982] BRAGE,175791,1,419,-73,7,92,DL,
[2026-02-11T19:20:12.227080] [TDMA] RX header: slot=1 frame=420 epoch=43026268 records=0
[2026-02-11T19:20:12.243830] BRAGE,175891,1,420,-73,7,92,DL,
[2026-02-11T19:20:12.326739] [TDMA] RX header: slot=1 frame=421 epoch=43126268 records=0
[2026-02-11T19:20:12.344019] BRAGE,175991,1,421,-73,7,92,DL,
[2026-02-11T19:20:12.425506] [TDMA] RX header: slot=1 frame=422 epoch=43226268 records=0
[2026-02-11T19:20:12.442738] BRAGE,176091,1,422,-73,7,92,DL,
[2026-02-11T19:20:12.453237] [TDMA] TX DOWNLINK: records=1
[2026-02-11T19:20:12.525769] [TDMA] RX header: slot=1 frame=423 epoch=43326268 records=0
[2026-02-11T19:20:12.542502] BRAGE,176191,1,423,-66,12,92,DL,
[2026-02-11T19:20:12.624758] [TDMA] RX header: slot=1 frame=424 epoch=43426268 records=0
[2026-02-11T19:20:12.641237] BRAGE,176291,1,424,-73,7,92,DL,
[2026-02-11T19:20:12.724292] [TDMA] RX header: slot=1 frame=425 epoch=43526268 records=0
[2026-02-11T19:20:12.741457] BRAGE,176391,1,425,-66,12,92,DL,
[2026-02-11T19:20:12.823497] [TDMA] RX header: slot=1 frame=426 epoch=43626268 records=0
[2026-02-11T19:20:12.840277] BRAGE,176491,1,426,-73,8,92,DL,
[2026-02-11T19:20:12.939576] BRAGE,176591,1,427,0,0,91,NONE,
[2026-02-11T19:20:13.022462] [TDMA] RX header: slot=1 frame=428 epoch=43826268 records=0
[2026-02-11T19:20:13.039298] BRAGE,176691,1,428,-73,7,91,DL,
[2026-02-11T19:20:13.121427] [TDMA] RX header: slot=1 frame=429 epoch=43926268 records=0
[2026-02-11T19:20:13.138312] BRAGE,176791,1,429,-73,8,91,DL,
[2026-02-11T19:20:13.220855] [TDMA] RX header: slot=1 frame=430 epoch=44026268 records=0
[2026-02-11T19:20:13.237275] BRAGE,176892,1,430,-66,12,91,DL,
[2026-02-11T19:20:13.337028] BRAGE,176992,1,431,0,0,90,NONE,
[2026-02-11T19:20:13.419510] [TDMA] RX header: slot=1 frame=432 epoch=44226268 records=0
[2026-02-11T19:20:13.436431] BRAGE,177092,1,432,-73,7,90,DL,
[2026-02-11T19:20:13.446236] [TDMA] TX DOWNLINK: records=1
[2026-02-11T19:20:13.518961] [TDMA] RX header: slot=1 frame=433 epoch=44326268 records=0
[2026-02-11T19:20:13.535363] BRAGE,177192,1,433,-66,12,90,DL,
[2026-02-11T19:20:13.618255] [TDMA] RX header: slot=1 frame=434 epoch=44426268 records=0
[2026-02-11T19:20:13.639871] BRAGE,177292,1,434,-73,8,91,DL,
[2026-02-11T19:20:13.717443] [TDMA] RX header: slot=1 frame=435 epoch=44526268 records=0
[2026-02-11T19:20:13.734453] BRAGE,177392,1,435,-73,7,91,DL,
[2026-02-11T19:20:13.816997] [TDMA] RX header: slot=1 frame=436 epoch=44626268 records=0
[2026-02-11T19:20:13.833249] BRAGE,177492,1,436,-73,8,91,DL,
[2026-02-11T19:20:13.916489] [TDMA] RX header: slot=1 frame=437 epoch=44726268 records=0
[2026-02-11T19:20:13.933159] BRAGE,177592,1,437,-66,12,92,DL,
[2026-02-11T19:20:14.015296] [TDMA] RX header: slot=1 frame=438 epoch=44826268 records=0
[2026-02-11T19:20:14.032622] BRAGE,177692,1,438,-73,8,92,DL,
[2026-02-11T19:20:14.115319] [TDMA] RX header: slot=1 frame=439 epoch=44926268 records=0
[2026-02-11T19:20:14.131881] BRAGE,177792,1,439,-73,7,92,DL,
[2026-02-11T19:20:14.214382] [TDMA] RX header: slot=1 frame=440 epoch=45026268 records=0
[2026-02-11T19:20:14.230724] BRAGE,177892,1,440,-66,12,92,DL,
[2026-02-11T19:20:14.313235] [TDMA] RX header: slot=1 frame=441 epoch=45126268 records=0
[2026-02-11T19:20:14.330594] BRAGE,177992,1,441,-73,8,92,DL,
[2026-02-11T19:20:14.429596] BRAGE,178092,1,442,0,0,92,NONE,
[2026-02-11T19:20:14.439584] [TDMA] TX DOWNLINK: records=1
[2026-02-11T19:20:14.512422] [TDMA] RX header: slot=1 frame=443 epoch=45326268 records=0
[2026-02-11T19:20:14.529245] BRAGE,178192,1,443,-73,8,92,DL,
[2026-02-11T19:20:14.628869] BRAGE,178292,1,444,0,0,91,NONE,
[2026-02-11T19:20:14.711334] [TDMA] RX header: slot=1 frame=445 epoch=45526268 records=0
[2026-02-11T19:20:14.728222] BRAGE,178392,1,445,-70,9,91,DL,
[2026-02-11T19:20:14.810540] [TDMA] RX header: slot=1 frame=446 epoch=45626268 records=0
[2026-02-11T19:20:14.827704] BRAGE,178493,1,446,-73,8,91,DL,
[2026-02-11T19:20:14.910035] [TDMA] RX header: slot=1 frame=447 epoch=45726268 records=0
[2026-02-11T19:20:14.927392] BRAGE,178593,1,447,-67,11,91,DL,
[2026-02-11T19:20:15.009561] [TDMA] RX header: slot=1 frame=448 epoch=45826268 records=0
[2026-02-11T19:20:15.026417] BRAGE,178693,1,448,-73,7,91,DL,
[2026-02-11T19:20:15.108752] [TDMA] RX header: slot=1 frame=449 epoch=45926268 records=0
[2026-02-11T19:20:15.125304] BRAGE,178793,1,449,-67,13,92,DL,
[2026-02-11T19:20:15.207551] [TDMA] RX header: slot=1 frame=450 epoch=46026268 records=0
[2026-02-11T19:20:15.224980] BRAGE,178893,1,450,-73,7,92,DL,
[2026-02-11T19:20:15.324505] BRAGE,178993,1,451,0,0,91,NONE,
[2026-02-11T19:20:15.406387] [TDMA] RX header: slot=1 frame=452 epoch=46226268 records=0
[2026-02-11T19:20:15.425530] BRAGE,179093,1,452,-70,9,91,DL,
[2026-02-11T19:20:15.433136] [TDMA] TX DOWNLINK: records=1
[2026-02-11T19:20:15.505628] [TDMA] RX header: slot=1 frame=453 epoch=46326268 records=0
[2026-02-11T19:20:15.522251] BRAGE,179193,1,453,-66,13,91,DL,
[2026-02-11T19:20:15.605308] [TDMA] RX header: slot=1 frame=454 epoch=46426268 records=0
[2026-02-11T19:20:15.622458] BRAGE,179293,1,454,-73,7,91,DL,
[2026-02-11T19:20:15.704973] [TDMA] RX header: slot=1 frame=455 epoch=46526268 records=0
[2026-02-11T19:20:15.721095] BRAGE,179393,1,455,-73,8,91,DL,
[2026-02-11T19:20:15.804397] [TDMA] RX header: slot=1 frame=456 epoch=46626268 records=0
[2026-02-11T19:20:15.820335] BRAGE,179493,1,456,-73,8,91,DL,
[2026-02-11T19:20:15.903298] [TDMA] RX header: slot=1 frame=457 epoch=46726268 records=0
[2026-02-11T19:20:15.920553] BRAGE,179593,1,457,-66,12,91,DL,
[2026-02-11T19:20:16.002412] [TDMA] RX header: slot=1 frame=458 epoch=46826268 records=0
[2026-02-11T19:20:16.019276] BRAGE,179693,1,458,-73,7,91,DL,
[2026-02-11T19:20:16.102572] [TDMA] RX header: slot=1 frame=459 epoch=46926268 records=0
[2026-02-11T19:20:16.119208] BRAGE,179793,1,459,-73,7,91,DL,
[2026-02-11T19:20:16.204512] [TDMA] RX header: slot=1 frame=460 epoch=47026268 records=0
[2026-02-11T19:20:16.218511] BRAGE,179893,1,460,-73,8,91,DL,
[2026-02-11T19:20:16.301005] [TDMA] RX header: slot=1 frame=461 epoch=47126268 records=0
[2026-02-11T19:20:16.317769] BRAGE,179993,1,461,-73,7,91,DL,
[2026-02-11T19:20:16.400265] [TDMA] RX header: slot=1 frame=462 epoch=47226268 records=0
[2026-02-11T19:20:16.417380] BRAGE,180094,1,462,-73,8,91,DL,
[2026-02-11T19:20:16.426681] [TDMA] TX DOWNLINK: records=1
[2026-02-11T19:20:16.499421] [TDMA] RX header: slot=1 frame=463 epoch=47326268 records=0
[2026-02-11T19:20:16.516191] BRAGE,180194,1,463,-73,8,92,DL,
[2026-02-11T19:20:16.598382] [TDMA] RX header: slot=1 frame=464 epoch=47426268 records=0
[2026-02-11T19:20:16.615975] BRAGE,180294,1,464,-73,7,92,DL,
[2026-02-11T19:20:16.701258] [TDMA] RX header: slot=1 frame=465 epoch=47526268 records=0
[2026-02-11T19:20:16.714440] BRAGE,180394,1,465,-73,8,92,DL,
[2026-02-11T19:20:16.797186] [TDMA] RX header: slot=1 frame=466 epoch=47626268 records=0
[2026-02-11T19:20:16.814320] BRAGE,180494,1,466,-73,7,92,DL,
[2026-02-11T19:20:16.896624] [TDMA] RX header: slot=1 frame=467 epoch=47726268 records=0
[2026-02-11T19:20:16.913776] BRAGE,180594,1,467,-70,9,92,DL,
[2026-02-11T19:20:16.996507] [TDMA] RX header: slot=1 frame=468 epoch=47826268 records=0
[2026-02-11T19:20:17.013329] BRAGE,180694,1,468,-73,7,92,DL,
[2026-02-11T19:20:17.095558] [TDMA] RX header: slot=1 frame=469 epoch=47926268 records=0
[2026-02-11T19:20:17.112632] BRAGE,180794,1,469,-73,7,92,DL,
[2026-02-11T19:20:17.194517] [TDMA] RX header: slot=1 frame=470 epoch=48026268 records=0
[2026-02-11T19:20:17.212061] BRAGE,180894,1,470,-73,7,92,DL,
[2026-02-11T19:20:17.293895] [TDMA] RX header: slot=1 frame=471 epoch=48126268 records=0
[2026-02-11T19:20:17.310590] BRAGE,180994,1,471,-73,8,92,DL,
[2026-02-11T19:20:17.393890] [TDMA] RX header: slot=1 frame=472 epoch=48226268 records=0
[2026-02-11T19:20:17.410707] BRAGE,181094,1,472,-73,8,92,DL,
[2026-02-11T19:20:17.420679] [TDMA] TX DOWNLINK: records=1
[2026-02-11T19:20:17.492912] [TDMA] RX header: slot=1 frame=473 epoch=48326268 records=0
[2026-02-11T19:20:17.510000] BRAGE,181194,1,473,-73,8,92,DL,
[2026-02-11T19:20:17.592755] [TDMA] RX header: slot=1 frame=474 epoch=48426268 records=0
[2026-02-11T19:20:17.609037] BRAGE,181294,1,474,-67,12,92,DL,
[2026-02-11T19:20:17.691845] [TDMA] RX header: slot=1 frame=475 epoch=48526268 records=0
[2026-02-11T19:20:17.708954] BRAGE,181394,1,475,-67,11,92,DL,
[2026-02-11T19:20:17.790561] [TDMA] RX header: slot=1 frame=476 epoch=48626268 records=0
[2026-02-11T19:20:17.808033] BRAGE,181494,1,476,-73,9,92,DL,
[2026-02-11T19:20:17.907357] BRAGE,181594,1,477,0,0,91,NONE,
[2026-02-11T19:20:17.989363] [TDMA] RX header: slot=1 frame=478 epoch=48826268 records=0
[2026-02-11T19:20:18.006118] BRAGE,181694,1,478,-70,9,92,DL,
[2026-02-11T19:20:18.089064] [TDMA] RX header: slot=1 frame=479 epoch=48926268 records=0
[2026-02-11T19:20:18.106123] BRAGE,181794,1,479,-73,8,92,DL,
[2026-02-11T19:20:18.188810] [TDMA] RX header: slot=1 frame=480 epoch=49026268 records=0
[2026-02-11T19:20:18.205617] BRAGE,181895,1,480,-73,8,92,DL,
[2026-02-11T19:20:18.287622] [TDMA] RX header: slot=1 frame=481 epoch=49126268 records=0
[2026-02-11T19:20:18.304563] BRAGE,181995,1,481,-73,8,92,DL,
[2026-02-11T19:20:18.387189] [TDMA] RX header: slot=1 frame=482 epoch=49226268 records=0
[2026-02-11T19:20:18.403914] BRAGE,182095,1,482,-70,9,92,DL,
[2026-02-11T19:20:18.414019] [TDMA] TX DOWNLINK: records=1
[2026-02-11T19:20:18.503069] BRAGE,182195,1,483,0,0,91,NONE,
[2026-02-11T19:20:18.585309] [TDMA] RX header: slot=1 frame=484 epoch=49426268 records=0
[2026-02-11T19:20:18.602059] BRAGE,182295,1,484,-68,11,91,DL,
[2026-02-11T19:20:18.685074] [TDMA] RX header: slot=1 frame=485 epoch=49526268 records=0
[2026-02-11T19:20:18.702433] BRAGE,182395,1,485,-73,7,91,DL,
[2026-02-11T19:20:18.784114] [TDMA] RX header: slot=1 frame=486 epoch=49626268 records=0
[2026-02-11T19:20:18.801189] BRAGE,182495,1,486,-73,8,91,DL,
[2026-02-11T19:20:18.884009] [TDMA] RX header: slot=1 frame=487 epoch=49726268 records=0
[2026-02-11T19:20:18.900561] BRAGE,182595,1,487,-73,7,91,DL,
[2026-02-11T19:20:18.983255] [TDMA] RX header: slot=1 frame=488 epoch=49826268 records=0
[2026-02-11T19:20:18.999874] BRAGE,182695,1,488,-73,7,91,DL,
[2026-02-11T19:20:19.082820] [TDMA] RX header: slot=1 frame=489 epoch=49926268 records=0
[2026-02-11T19:20:19.099603] BRAGE,182795,1,489,-73,8,91,DL,
[2026-02-11T19:20:19.181157] [TDMA] RX header: slot=1 frame=490 epoch=50026268 records=0
[2026-02-11T19:20:19.198109] BRAGE,182895,1,490,-73,7,91,DL,
[2026-02-11T19:20:19.281498] [TDMA] RX header: slot=1 frame=491 epoch=50126268 records=0
[2026-02-11T19:20:19.298268] BRAGE,182995,1,491,-73,8,91,DL,
[2026-02-11T19:20:19.381021] [TDMA] RX header: slot=1 frame=492 epoch=50226268 records=0
[2026-02-11T19:20:19.397766] BRAGE,183095,1,492,-73,8,91,DL,
[2026-02-11T19:20:19.406865] [TDMA] TX DOWNLINK: records=1
[2026-02-11T19:20:19.480100] [TDMA] RX header: slot=1 frame=493 epoch=50326268 records=0
[2026-02-11T19:20:19.496533] BRAGE,183195,1,493,-73,8,91,DL,
[2026-02-11T19:20:19.596291] BRAGE,183295,1,494,0,0,90,NONE,
[2026-02-11T19:20:19.678748] [TDMA] RX header: slot=1 frame=495 epoch=50526268 records=0
[2026-02-11T19:20:19.695890] BRAGE,183395,1,495,-73,8,90,DL,
[2026-02-11T19:20:19.777451] [TDMA] RX header: slot=1 frame=496 epoch=50626268 records=0
[2026-02-11T19:20:19.794716] BRAGE,183495,1,496,-66,13,90,DL,
[2026-02-11T19:20:19.877704] [TDMA] RX header: slot=1 frame=497 epoch=50726268 records=0
[2026-02-11T19:20:19.893815] BRAGE,183595,1,497,-66,12,90,DL,
[2026-02-11T19:20:19.976713] [TDMA] RX header: slot=1 frame=498 epoch=50826268 records=0
[2026-02-11T19:20:19.993359] BRAGE,183696,1,498,-66,13,90,DL,
[2026-02-11T19:20:20.076010] [TDMA] RX header: slot=1 frame=499 epoch=50926268 records=0
[2026-02-11T19:20:20.092530] BRAGE,183796,1,499,-73,7,90,DL,
[2026-02-11T19:20:20.175705] [TDMA] RX header: slot=1 frame=500 epoch=51026268 records=0
[2026-02-11T19:20:20.192049] BRAGE,183896,1,500,-66,12,90,DL,
[2026-02-11T19:20:20.274841] [TDMA] RX header: slot=1 frame=501 epoch=51126268 records=0
[2026-02-11T19:20:20.291579] BRAGE,183996,1,501,-73,8,90,DL,
[2026-02-11T19:20:20.373824] [TDMA] RX header: slot=1 frame=502 epoch=51226268 records=0
[2026-02-11T19:20:20.391179] BRAGE,184096,1,502,-73,7,90,DL,
[2026-02-11T19:20:20.400574] [TDMA] TX DOWNLINK: records=1
[2026-02-11T19:20:20.473786] [TDMA] RX header: slot=1 frame=503 epoch=51326268 records=0
[2026-02-11T19:20:20.490550] BRAGE,184196,1,503,-73,7,90,DL,
[2026-02-11T19:20:20.572979] [TDMA] RX header: slot=1 frame=504 epoch=51426268 records=0
[2026-02-11T19:20:20.589474] BRAGE,184296,1,504,-66,13,90,DL,
[2026-02-11T19:20:20.671909] [TDMA] RX header: slot=1 frame=505 epoch=51526268 records=0
[2026-02-11T19:20:20.688910] BRAGE,184396,1,505,-73,7,90,DL,
[2026-02-11T19:20:20.771733] [TDMA] RX header: slot=1 frame=506 epoch=51626268 records=0
[2026-02-11T19:20:20.787926] BRAGE,184496,1,506,-73,7,90,DL,
[2026-02-11T19:20:20.887349] BRAGE,184596,1,507,0,0,89,NONE,
[2026-02-11T19:20:20.969922] [TDMA] RX header: slot=1 frame=508 epoch=51826268 records=0
[2026-02-11T19:20:20.986528] BRAGE,184696,1,508,-73,7,89,DL,
[2026-02-11T19:20:21.069222] [TDMA] RX header: slot=1 frame=509 epoch=51926268 records=0
[2026-02-11T19:20:21.086504] BRAGE,184796,1,509,-73,7,89,DL,
[2026-02-11T19:20:21.169138] [TDMA] RX header: slot=1 frame=510 epoch=52026268 records=0
[2026-02-11T19:20:21.186032] BRAGE,184896,1,510,-73,7,89,DL,
[2026-02-11T19:20:21.267932] [TDMA] RX header: slot=1 frame=511 epoch=52126268 records=0
[2026-02-11T19:20:21.285278] BRAGE,184996,1,511,-73,7,90,DL,
[2026-02-11T19:20:21.367674] [TDMA] RX header: slot=1 frame=512 epoch=52226268 records=0
[2026-02-11T19:20:21.383981] BRAGE,185096,1,512,-73,7,90,DL,
[2026-02-11T19:20:21.395054] [TDMA] TX DOWNLINK: records=1
[2026-02-11T19:20:21.467284] [TDMA] RX header: slot=1 frame=513 epoch=52326268 records=0
[2026-02-11T19:20:21.484398] BRAGE,185197,1,513,-73,8,90,DL,
[2026-02-11T19:20:21.566295] [TDMA] RX header: slot=1 frame=514 epoch=52426268 records=0
[2026-02-11T19:20:21.583400] BRAGE,185297,1,514,-73,7,90,DL,
[2026-02-11T19:20:21.666138] [TDMA] RX header: slot=1 frame=515 epoch=52526268 records=0
[2026-02-11T19:20:21.683117] BRAGE,185397,1,515,-73,7,90,DL,
[2026-02-11T19:20:21.765091] [TDMA] RX header: slot=1 frame=516 epoch=52626268 records=0
[2026-02-11T19:20:21.781515] BRAGE,185497,1,516,-73,7,91,DL,
[2026-02-11T19:20:21.864169] [TDMA] RX header: slot=1 frame=517 epoch=52726268 records=0
[2026-02-11T19:20:21.881166] BRAGE,185597,1,517,-73,7,91,DL,
[2026-02-11T19:20:21.963953] [TDMA] RX header: slot=1 frame=518 epoch=52826268 records=0
[2026-02-11T19:20:21.981199] BRAGE,185697,1,518,-73,7,91,DL,
[2026-02-11T19:20:22.063090] [TDMA] RX header: slot=1 frame=519 epoch=52926268 records=0
[2026-02-11T19:20:22.079688] BRAGE,185797,1,519,-66,12,91,DL,
[2026-02-11T19:20:22.162123] [TDMA] RX header: slot=1 frame=520 epoch=53026268 records=0
[2026-02-11T19:20:22.179370] BRAGE,185897,1,520,-73,8,91,DL,
[2026-02-11T19:20:22.261600] [TDMA] RX header: slot=1 frame=521 epoch=53126268 records=0
[2026-02-11T19:20:22.278380] BRAGE,185997,1,521,-66,13,91,DL,
[2026-02-11T19:20:22.360983] [TDMA] RX header: slot=1 frame=522 epoch=53226268 records=0
[2026-02-11T19:20:22.377797] BRAGE,186097,1,522,-73,8,91,DL,
[2026-02-11T19:20:22.387591] [TDMA] TX DOWNLINK: records=1
[2026-02-11T19:20:22.479104] BRAGE,186197,1,523,0,0,90,NONE,
[2026-02-11T19:20:22.559524] [TDMA] RX header: slot=1 frame=524 epoch=53426268 records=0
[2026-02-11T19:20:22.576706] BRAGE,186297,1,524,-73,8,90,DL,
[2026-02-11T19:20:22.659293] [TDMA] RX header: slot=1 frame=525 epoch=53526268 records=0
[2026-02-11T19:20:22.675979] BRAGE,186397,1,525,-73,7,90,DL,
[2026-02-11T19:20:22.758829] [TDMA] RX header: slot=1 frame=526 epoch=53626268 records=0
[2026-02-11T19:20:22.775627] BRAGE,186497,1,526,-73,7,90,DL,
[2026-02-11T19:20:22.857534] [TDMA] RX header: slot=1 frame=527 epoch=53726268 records=0
[2026-02-11T19:20:22.874969] BRAGE,186597,1,527,-73,7,91,DL,
[2026-02-11T19:20:22.974166] BRAGE,186697,1,528,0,0,90,NONE,
[2026-02-11T19:20:23.056842] [TDMA] RX header: slot=1 frame=529 epoch=53926268 records=0
[2026-02-11T19:20:23.078696] BRAGE,186798,1,529,-70,9,90,DL,
[2026-02-11T19:20:23.156494] [TDMA] RX header: slot=1 frame=530 epoch=54026268 records=0
[2026-02-11T19:20:23.172867] BRAGE,186898,1,530,-73,9,90,DL,
[2026-02-11T19:20:23.255447] [TDMA] RX header: slot=1 frame=531 epoch=54126268 records=0
[2026-02-11T19:20:23.271873] BRAGE,186998,1,531,-73,9,91,DL,
[2026-02-11T19:20:23.354867] [TDMA] RX header: slot=1 frame=532 epoch=54226268 records=0
[2026-02-11T19:20:23.371157] BRAGE,187098,1,532,-73,8,91,DL,
[2026-02-11T19:20:23.381261] [TDMA] TX DOWNLINK: records=1
[2026-02-11T19:20:23.454043] [TDMA] RX header: slot=1 frame=533 epoch=54326268 records=0
[2026-02-11T19:20:23.471380] BRAGE,187198,1,533,-73,8,91,DL,
[2026-02-11T19:20:23.570208] BRAGE,187298,1,534,0,0,90,NONE,
[2026-02-11T19:20:23.652708] [TDMA] RX header: slot=1 frame=535 epoch=54526268 records=0
[2026-02-11T19:20:23.669609] BRAGE,187398,1,535,-68,11,90,DL,
[2026-02-11T19:20:23.752365] [TDMA] RX header: slot=1 frame=536 epoch=54626268 records=0
[2026-02-11T19:20:23.769388] BRAGE,187498,1,536,-73,8,90,DL,
[2026-02-11T19:20:23.851341] [TDMA] RX header: slot=1 frame=537 epoch=54726268 records=0
[2026-02-11T19:20:23.868549] BRAGE,187598,1,537,-73,7,90,DL,
[2026-02-11T19:20:23.950721] [TDMA] RX header: slot=1 frame=538 epoch=54826268 records=0
[2026-02-11T19:20:23.967524] BRAGE,187698,1,538,-66,13,90,DL,
[2026-02-11T19:20:24.050697] [TDMA] RX header: slot=1 frame=539 epoch=54926268 records=0
[2026-02-11T19:20:24.067278] BRAGE,187798,1,539,-73,8,90,DL,
[2026-02-11T19:20:24.149218] [TDMA] RX header: slot=1 frame=540 epoch=55026268 records=0
[2026-02-11T19:20:24.166176] BRAGE,187898,1,540,-73,7,90,DL,
[2026-02-11T19:20:24.248390] [TDMA] RX header: slot=1 frame=541 epoch=55126268 records=0
[2026-02-11T19:20:24.265365] BRAGE,187998,1,541,-73,7,90,DL,
[2026-02-11T19:20:24.348336] [TDMA] RX header: slot=1 frame=542 epoch=55226268 records=0
[2026-02-11T19:20:24.365704] BRAGE,188098,1,542,-73,7,91,DL,
[2026-02-11T19:20:24.374974] [TDMA] TX DOWNLINK: records=1
[2026-02-11T19:20:24.447243] [TDMA] RX header: slot=1 frame=543 epoch=55326268 records=0
[2026-02-11T19:20:24.467140] BRAGE,188198,1,543,-66,12,91,DL,
[2026-02-11T19:20:24.547038] [TDMA] RX header: slot=1 frame=544 epoch=55426268 records=0
[2026-02-11T19:20:24.563875] BRAGE,188298,1,544,-73,8,92,DL,
[2026-02-11T19:20:24.646257] [TDMA] RX header: slot=1 frame=545 epoch=55526268 records=0
[2026-02-11T19:20:24.662859] BRAGE,188398,1,545,-66,13,92,DL,
[2026-02-11T19:20:24.745770] [TDMA] RX header: slot=1 frame=546 epoch=55626268 records=0
[2026-02-11T19:20:24.762537] BRAGE,188498,1,546,-73,8,92,DL,
[2026-02-11T19:20:24.864301] BRAGE,188598,1,547,0,0,91,NONE,
[2026-02-11T19:20:24.944006] [TDMA] RX header: slot=1 frame=548 epoch=55826268 records=0
[2026-02-11T19:20:24.961358] BRAGE,188699,1,548,-70,10,91,DL,
[2026-02-11T19:20:25.060540] BRAGE,188799,1,549,0,0,90,NONE,
[2026-02-11T19:20:25.143056] [TDMA] RX header: slot=1 frame=550 epoch=56026268 records=0
[2026-02-11T19:20:25.160083] BRAGE,188899,1,550,-68,11,90,DL,
[2026-02-11T19:20:25.242575] [TDMA] RX header: slot=1 frame=551 epoch=56126268 records=0
[2026-02-11T19:20:25.259582] BRAGE,188999,1,551,-67,13,91,DL,
[2026-02-11T19:20:25.342090] [TDMA] RX header: slot=1 frame=552 epoch=56226268 records=0
[2026-02-11T19:20:25.358930] BRAGE,189099,1,552,-73,8,91,DL,
[2026-02-11T19:20:25.368464] [TDMA] TX DOWNLINK: records=1
[2026-02-11T19:20:25.441204] [TDMA] RX header: slot=1 frame=553 epoch=56326268 records=0
[2026-02-11T19:20:25.458063] BRAGE,189199,1,553,-73,8,91,DL,
[2026-02-11T19:20:25.540098] [TDMA] RX header: slot=1 frame=554 epoch=56426268 records=0
[2026-02-11T19:20:25.556995] BRAGE,189299,1,554,-73,7,91,DL,
[2026-02-11T19:20:25.642101] [TDMA] RX header: slot=1 frame=555 epoch=56526268 records=0
[2026-02-11T19:20:25.656135] BRAGE,189399,1,555,-66,12,91,DL,
[2026-02-11T19:20:25.738756] [TDMA] RX header: slot=1 frame=556 epoch=56626268 records=0
[2026-02-11T19:20:25.756164] BRAGE,189499,1,556,-73,7,91,DL,
[2026-02-11T19:20:25.855285] BRAGE,189599,1,557,0,0,90,NONE,
[2026-02-11T19:20:25.938111] [TDMA] RX header: slot=1 frame=558 epoch=56826268 records=0
[2026-02-11T19:20:25.954950] BRAGE,189699,1,558,-70,8,90,DL,
[2026-02-11T19:20:26.036766] [TDMA] RX header: slot=1 frame=559 epoch=56926268 records=0
[2026-02-11T19:20:26.054200] BRAGE,189799,1,559,-73,7,90,DL,
[2026-02-11T19:20:26.140028] [TDMA] RX header: slot=1 frame=560 epoch=57026268 records=0
[2026-02-11T19:20:26.153119] BRAGE,189899,1,560,-73,7,90,DL,
[2026-02-11T19:20:26.252701] BRAGE,189999,1,561,0,0,89,NONE,
[2026-02-11T19:20:26.335389] [TDMA] RX header: slot=1 frame=562 epoch=57226268 records=0
[2026-02-11T19:20:26.351900] BRAGE,190099,1,562,-73,7,89,DL,
[2026-02-11T19:20:26.361584] [TDMA] TX DOWNLINK: records=1
[2026-02-11T19:20:26.434036] [TDMA] RX header: slot=1 frame=563 epoch=57326268 records=0
[2026-02-11T19:20:26.450936] BRAGE,190199,1,563,-73,7,89,DL,
[2026-02-11T19:20:26.534134] [TDMA] RX header: slot=1 frame=564 epoch=57426268 records=0
[2026-02-11T19:20:26.550818] BRAGE,190299,1,564,-73,7,89,DL,
[2026-02-11T19:20:26.633371] [TDMA] RX header: slot=1 frame=565 epoch=57526268 records=0
[2026-02-11T19:20:26.650081] BRAGE,190400,1,565,-70,8,89,DL,
[2026-02-11T19:20:26.749335] BRAGE,190500,1,566,0,0,88,NONE,
[2026-02-11T19:20:26.832094] [TDMA] RX header: slot=1 frame=567 epoch=57726268 records=0
[2026-02-11T19:20:26.848458] BRAGE,190600,1,567,-68,11,88,DL,
[2026-02-11T19:20:26.930899] [TDMA] RX header: slot=1 frame=568 epoch=57826268 records=0
[2026-02-11T19:20:26.947738] BRAGE,190700,1,568,-73,7,88,DL,
[2026-02-11T19:20:27.030311] [TDMA] RX header: slot=1 frame=569 epoch=57926268 records=0
[2026-02-11T19:20:27.047708] BRAGE,190800,1,569,-73,7,88,DL,
[2026-02-11T19:20:27.130215] [TDMA] RX header: slot=1 frame=570 epoch=58026268 records=0
[2026-02-11T19:20:27.146476] BRAGE,190900,1,570,-73,7,88,DL,
[2026-02-11T19:20:27.229056] [TDMA] RX header: slot=1 frame=571 epoch=58126268 records=0
[2026-02-11T19:20:27.245974] BRAGE,191000,1,571,-66,12,88,DL,
[2026-02-11T19:20:27.328422] [TDMA] RX header: slot=1 frame=572 epoch=58226268 records=0
[2026-02-11T19:20:27.345780] BRAGE,191100,1,572,-73,8,88,DL,
[2026-02-11T19:20:27.355614] [TDMA] TX DOWNLINK: records=1
[2026-02-11T19:20:27.444276] BRAGE,191200,1,573,0,0,87,NONE,
[2026-02-11T19:20:27.527410] [TDMA] RX header: slot=1 frame=574 epoch=58426268 records=0
[2026-02-11T19:20:27.544529] BRAGE,191300,1,574,-73,8,87,DL,
[2026-02-11T19:20:27.626564] [TDMA] RX header: slot=1 frame=575 epoch=58526268 records=0
[2026-02-11T19:20:27.643765] BRAGE,191400,1,575,-66,12,87,DL,
[2026-02-11T19:20:27.725568] [TDMA] RX header: slot=1 frame=576 epoch=58626268 records=0
[2026-02-11T19:20:27.743038] BRAGE,191500,1,576,-73,7,87,DL,
[2026-02-11T19:20:27.825398] [TDMA] RX header: slot=1 frame=577 epoch=58726268 records=0
[2026-02-11T19:20:27.843232] BRAGE,191600,1,577,-73,7,88,DL,
[2026-02-11T19:20:27.924253] [TDMA] RX header: slot=1 frame=578 epoch=58826268 records=0
[2026-02-11T19:20:27.941393] BRAGE,191700,1,578,-73,7,88,DL,
[2026-02-11T19:20:28.024414] [TDMA] RX header: slot=1 frame=579 epoch=58926268 records=0
[2026-02-11T19:20:28.041065] BRAGE,191800,1,579,-73,7,88,DL,
[2026-02-11T19:20:28.123620] [TDMA] RX header: slot=1 frame=580 epoch=59026268 records=0
[2026-02-11T19:20:28.140700] BRAGE,191900,1,580,-70,8,88,DL,
[2026-02-11T19:20:28.222557] [TDMA] RX header: slot=1 frame=581 epoch=59126268 records=0
[2026-02-11T19:20:28.239222] BRAGE,192000,1,581,-73,7,88,DL,
[2026-02-11T19:20:28.321665] [TDMA] RX header: slot=1 frame=582 epoch=59226268 records=0
[2026-02-11T19:20:28.338346] BRAGE,192101,1,582,-70,8,88,DL,
[2026-02-11T19:20:28.348137] [TDMA] TX DOWNLINK: records=1
[2026-02-11T19:20:28.438194] BRAGE,192201,1,583,0,0,88,NONE,
[2026-02-11T19:20:28.520792] [TDMA] RX header: slot=1 frame=584 epoch=59426268 records=0
[2026-02-11T19:20:28.537628] BRAGE,192301,1,584,-73,8,88,DL,
[2026-02-11T19:20:28.620223] [TDMA] RX header: slot=1 frame=585 epoch=59526268 records=0
[2026-02-11T19:20:28.636710] BRAGE,192401,1,585,-73,8,88,DL,
[2026-02-11T19:20:28.719339] [TDMA] RX header: slot=1 frame=586 epoch=59626268 records=0
[2026-02-11T19:20:28.736020] BRAGE,192501,1,586,-73,7,88,DL,
[2026-02-11T19:20:28.818870] [TDMA] RX header: slot=1 frame=587 epoch=59726268 records=0
[2026-02-11T19:20:28.835752] BRAGE,192601,1,587,-73,7,88,DL,
[2026-02-11T19:20:28.918166] [TDMA] RX header: slot=1 frame=588 epoch=59826268 records=0
[2026-02-11T19:20:28.935156] BRAGE,192701,1,588,-73,7,88,DL,
[2026-02-11T19:20:29.017311] [TDMA] RX header: slot=1 frame=589 epoch=59926268 records=0
[2026-02-11T19:20:29.034048] BRAGE,192801,1,589,-73,7,88,DL,
[2026-02-11T19:20:29.117010] [TDMA] RX header: slot=1 frame=590 epoch=60026268 records=0
[2026-02-11T19:20:29.134147] BRAGE,192901,1,590,-73,7,88,DL,
[2026-02-11T19:20:29.215723] [TDMA] RX header: slot=1 frame=591 epoch=60126268 records=0
[2026-02-11T19:20:29.232910] BRAGE,193001,1,591,-70,9,88,DL,
[2026-02-11T19:20:29.332301] BRAGE,193101,1,592,0,0,87,NONE,
[2026-02-11T19:20:29.342216] [TDMA] TX DOWNLINK: records=1
[2026-02-11T19:20:29.415298] [TDMA] RX header: slot=1 frame=593 epoch=60326268 records=0
[2026-02-11T19:20:29.432182] BRAGE,193201,1,593,-70,9,87,DL,
[2026-02-11T19:20:29.513783] [TDMA] RX header: slot=1 frame=594 epoch=60426268 records=0
[2026-02-11T19:20:29.533175] BRAGE,193301,1,594,-73,8,88,DL,
[2026-02-11T19:20:29.613778] [TDMA] RX header: slot=1 frame=595 epoch=60526268 records=0
[2026-02-11T19:20:29.630081] BRAGE,193401,1,595,-73,8,88,DL,
[2026-02-11T19:20:29.712793] [TDMA] RX header: slot=1 frame=596 epoch=60626268 records=0
[2026-02-11T19:20:29.729970] BRAGE,193501,1,596,-73,8,88,DL,
[2026-02-11T19:20:29.811908] [TDMA] RX header: slot=1 frame=597 epoch=60726268 records=0
[2026-02-11T19:20:29.829106] BRAGE,193601,1,597,-73,8,88,DL,
[2026-02-11T19:20:29.911672] [TDMA] RX header: slot=1 frame=598 epoch=60826268 records=0
[2026-02-11T19:20:29.928778] BRAGE,193701,1,598,-73,8,88,DL,
[2026-02-11T19:20:30.011321] [TDMA] RX header: slot=1 frame=599 epoch=60926268 records=0
[2026-02-11T19:20:30.028147] BRAGE,193801,1,599,-67,13,88,DL,
[2026-02-11T19:20:30.110324] [TDMA] RX header: slot=1 frame=600 epoch=61026268 records=0
[2026-02-11T19:20:30.127443] BRAGE,193902,1,600,-73,8,88,DL,
[2026-02-11T19:20:30.209190] [TDMA] RX header: slot=1 frame=601 epoch=61126268 records=0
[2026-02-11T19:20:30.225807] BRAGE,194002,1,601,-73,8,88,DL,
[2026-02-11T19:20:30.308859] [TDMA] RX header: slot=1 frame=602 epoch=61226268 records=0
[2026-02-11T19:20:30.325541] BRAGE,194102,1,602,-73,8,88,DL,
[2026-02-11T19:20:30.335208] [TDMA] TX DOWNLINK: records=1
[2026-02-11T19:20:30.424951] BRAGE,194202,1,603,0,0,87,NONE,
[2026-02-11T19:20:30.507461] [TDMA] RX header: slot=1 frame=604 epoch=61426268 records=0
[2026-02-11T19:20:30.524769] BRAGE,194302,1,604,-70,9,87,DL,
[2026-02-11T19:20:30.607345] [TDMA] RX header: slot=1 frame=605 epoch=61526268 records=0
[2026-02-11T19:20:30.623722] BRAGE,194402,1,605,-73,7,87,DL,
[2026-02-11T19:20:30.706888] [TDMA] RX header: slot=1 frame=606 epoch=61626268 records=0
[2026-02-11T19:20:30.723519] BRAGE,194502,1,606,-65,12,87,DL,
[2026-02-11T19:20:30.805307] [TDMA] RX header: slot=1 frame=607 epoch=61726268 records=0
[2026-02-11T19:20:30.822484] BRAGE,194602,1,607,-73,7,88,DL,
[2026-02-11T19:20:30.905566] [TDMA] RX header: slot=1 frame=608 epoch=61826268 records=0
[2026-02-11T19:20:30.922046] BRAGE,194702,1,608,-70,8,88,DL,
[2026-02-11T19:20:31.020997] BRAGE,194802,1,609,0,0,87,NONE,
[2026-02-11T19:20:31.103393] [TDMA] RX header: slot=1 frame=610 epoch=62026268 records=0
[2026-02-11T19:20:31.120572] BRAGE,194902,1,610,-73,7,87,DL,
[2026-02-11T19:20:31.203137] [TDMA] RX header: slot=1 frame=611 epoch=62126268 records=0
[2026-02-11T19:20:31.220140] BRAGE,195002,1,611,-73,7,87,DL,
[2026-02-11T19:20:31.302437] [TDMA] RX header: slot=1 frame=612 epoch=62226268 records=0
[2026-02-11T19:20:31.318822] BRAGE,195102,1,612,-73,8,87,DL,
[2026-02-11T19:20:31.329447] [TDMA] TX DOWNLINK: records=1
[2026-02-11T19:20:31.401195] [TDMA] RX header: slot=1 frame=613 epoch=62326268 records=0
[2026-02-11T19:20:31.418024] BRAGE,195202,1,613,-73,7,87,DL,
[2026-02-11T19:20:31.500882] [TDMA] RX header: slot=1 frame=614 epoch=62426268 records=0
[2026-02-11T19:20:31.518316] BRAGE,195302,1,614,-73,7,87,DL,
[2026-02-11T19:20:31.600456] [TDMA] RX header: slot=1 frame=615 epoch=62526268 records=0
[2026-02-11T19:20:31.617394] BRAGE,195402,1,615,-73,7,87,DL,
[2026-02-11T19:20:31.700038] [TDMA] RX header: slot=1 frame=616 epoch=62626268 records=0
[2026-02-11T19:20:31.717020] BRAGE,195502,1,616,-73,7,87,DL,
[2026-02-11T19:20:31.799553] [TDMA] RX header: slot=1 frame=617 epoch=62726268 records=0
[2026-02-11T19:20:31.816475] BRAGE,195603,1,617,-70,9,87,DL,
[2026-02-11T19:20:31.899297] [TDMA] RX header: slot=1 frame=618 epoch=62826268 records=0
[2026-02-11T19:20:31.915032] BRAGE,195703,1,618,-73,7,87,DL,
[2026-02-11T19:20:31.998101] [TDMA] RX header: slot=1 frame=619 epoch=62926268 records=0
[2026-02-11T19:20:32.014418] BRAGE,195803,1,619,-73,8,87,DL,
[2026-02-11T19:20:32.113511] BRAGE,195903,1,620,0,0,86,NONE,
[2026-02-11T19:20:32.196227] [TDMA] RX header: slot=1 frame=621 epoch=63126268 records=0
[2026-02-11T19:20:32.213136] BRAGE,196003,1,621,-68,11,86,DL,
[2026-02-11T19:20:32.295385] [TDMA] RX header: slot=1 frame=622 epoch=63226268 records=0
[2026-02-11T19:20:32.313065] BRAGE,196103,1,622,-73,8,86,DL,
[2026-02-11T19:20:32.322166] [TDMA] TX DOWNLINK: records=1
[2026-02-11T19:20:32.395109] [TDMA] RX header: slot=1 frame=623 epoch=63326268 records=0
[2026-02-11T19:20:32.412212] BRAGE,196203,1,623,-70,10,87,DL,
[2026-02-11T19:20:32.494538] [TDMA] RX header: slot=1 frame=624 epoch=63426268 records=0
[2026-02-11T19:20:32.515204] BRAGE,196303,1,624,-73,8,87,DL,
[2026-02-11T19:20:32.593694] [TDMA] RX header: slot=1 frame=625 epoch=63526268 records=0
[2026-02-11T19:20:32.610395] BRAGE,196403,1,625,-73,8,87,DL,
[2026-02-11T19:20:32.692873] [TDMA] RX header: slot=1 frame=626 epoch=63626268 records=0
[2026-02-11T19:20:32.710150] BRAGE,196503,1,626,-73,8,87,DL,
[2026-02-11T19:20:32.792883] [TDMA] RX header: slot=1 frame=627 epoch=63726268 records=0
[2026-02-11T19:20:32.809247] BRAGE,196603,1,627,-73,8,87,DL,
[2026-02-11T19:20:32.892094] [TDMA] RX header: slot=1 frame=628 epoch=63826268 records=0
[2026-02-11T19:20:32.908876] BRAGE,196703,1,628,-73,8,88,DL,
[2026-02-11T19:20:32.991278] [TDMA] RX header: slot=1 frame=629 epoch=63926268 records=0
[2026-02-11T19:20:33.008129] BRAGE,196803,1,629,-73,8,88,DL,
[2026-02-11T19:20:33.090812] [TDMA] RX header: slot=1 frame=630 epoch=64026268 records=0
[2026-02-11T19:20:33.107407] BRAGE,196903,1,630,-73,8,88,DL,
[2026-02-11T19:20:33.190157] [TDMA] RX header: slot=1 frame=631 epoch=64126268 records=0
[2026-02-11T19:20:33.207324] BRAGE,197003,1,631,-73,8,88,DL,
[2026-02-11T19:20:33.289469] [TDMA] RX header: slot=1 frame=632 epoch=64226268 records=0
[2026-02-11T19:20:33.306612] BRAGE,197103,1,632,-70,10,88,DL,
[2026-02-11T19:20:33.315771] [TDMA] TX DOWNLINK: records=1
[2026-02-11T19:20:33.388448] [TDMA] RX header: slot=1 frame=633 epoch=64326268 records=0
[2026-02-11T19:20:33.405403] BRAGE,197203,1,633,-73,8,88,DL,
[2026-02-11T19:20:33.487550] [TDMA] RX header: slot=1 frame=634 epoch=64426268 records=0
[2026-02-11T19:20:33.504784] BRAGE,197303,1,634,-70,9,89,DL,
[2026-02-11T19:20:33.587701] [TDMA] RX header: slot=1 frame=635 epoch=64526268 records=0
[2026-02-11T19:20:33.604277] BRAGE,197403,1,635,-73,7,89,DL,
[2026-02-11T19:20:33.686851] [TDMA] RX header: slot=1 frame=636 epoch=64626268 records=0
[2026-02-11T19:20:33.703829] BRAGE,197503,1,636,-70,9,89,DL,
[2026-02-11T19:20:33.790875] [TDMA] RX header: slot=1 frame=637 epoch=64726268 records=0
[2026-02-11T19:20:33.802805] BRAGE,197604,1,637,-73,8,89,DL,
[2026-02-11T19:20:33.885447] [TDMA] RX header: slot=1 frame=638 epoch=64826268 records=0
[2026-02-11T19:20:33.902503] BRAGE,197704,1,638,-73,8,89,DL,
[2026-02-11T19:20:33.984595] [TDMA] RX header: slot=1 frame=639 epoch=64926268 records=0
[2026-02-11T19:20:34.001827] BRAGE,197804,1,639,-73,7,89,DL,
[2026-02-11T19:20:34.083567] [TDMA] RX header: slot=1 frame=640 epoch=65026268 records=0
[2026-02-11T19:20:34.100464] BRAGE,197904,1,640,-73,8,89,DL,
[2026-02-11T19:20:34.183868] [TDMA] RX header: slot=1 frame=641 epoch=65126268 records=0
[2026-02-11T19:20:34.200587] BRAGE,198004,1,641,-70,9,89,DL,
[2026-02-11T19:20:34.282773] [TDMA] RX header: slot=1 frame=642 epoch=65226268 records=0
[2026-02-11T19:20:34.301088] BRAGE,198104,1,642,-73,7,89,DL,
[2026-02-11T19:20:34.309297] [TDMA] TX DOWNLINK: records=1
[2026-02-11T19:20:34.385167] [TDMA] RX header: slot=1 frame=643 epoch=65326268 records=0
[2026-02-11T19:20:34.398787] BRAGE,198204,1,643,-73,8,89,DL,
[2026-02-11T19:20:34.481895] [TDMA] RX header: slot=1 frame=644 epoch=65426268 records=0
[2026-02-11T19:20:34.498800] BRAGE,198304,1,644,-73,8,89,DL,
[2026-02-11T19:20:34.597954] BRAGE,198404,1,645,0,0,88,NONE,
[2026-02-11T19:20:34.679693] [TDMA] RX header: slot=1 frame=646 epoch=65626268 records=0
[2026-02-11T19:20:34.697091] BRAGE,198504,1,646,-70,9,88,DL,
[2026-02-11T19:20:34.779156] [TDMA] RX header: slot=1 frame=647 epoch=65726268 records=0
[2026-02-11T19:20:34.796336] BRAGE,198604,1,647,-73,8,89,DL,
[2026-02-11T19:20:34.878835] [TDMA] RX header: slot=1 frame=648 epoch=65826268 records=0
[2026-02-11T19:20:34.895735] BRAGE,198704,1,648,-73,8,89,DL,
[2026-02-11T19:20:34.978309] [TDMA] RX header: slot=1 frame=649 epoch=65926268 records=0
[2026-02-11T19:20:34.995067] BRAGE,198804,1,649,-68,12,90,DL,
[2026-02-11T19:20:35.078523] [TDMA] RX header: slot=1 frame=650 epoch=66026268 records=0
[2026-02-11T19:20:35.094141] BRAGE,198904,1,650,-66,12,90,DL,
[2026-02-11T19:20:35.176989] [TDMA] RX header: slot=1 frame=651 epoch=66126268 records=0
[2026-02-11T19:20:35.193970] BRAGE,199004,1,651,-73,8,90,DL,
[2026-02-11T19:20:35.276387] [TDMA] RX header: slot=1 frame=652 epoch=66226268 records=0
[2026-02-11T19:20:35.293153] BRAGE,199104,1,652,-73,8,90,DL,
[2026-02-11T19:20:35.302956] [TDMA] TX DOWNLINK: records=1
[2026-02-11T19:20:35.375228] [TDMA] RX header: slot=1 frame=653 epoch=66326268 records=0
[2026-02-11T19:20:35.392354] BRAGE,199204,1,653,-70,9,90,DL,
[2026-02-11T19:20:35.474867] [TDMA] RX header: slot=1 frame=654 epoch=66426268 records=0
[2026-02-11T19:20:35.491985] BRAGE,199304,1,654,-67,12,90,DL,
[2026-02-11T19:20:35.575880] [TDMA] RX header: slot=1 frame=655 epoch=66526268 records=0
[2026-02-11T19:20:35.590784] BRAGE,199404,1,655,-67,11,90,DL,
[2026-02-11T19:20:35.673944] [TDMA] RX header: slot=1 frame=656 epoch=66626268 records=0
[2026-02-11T19:20:35.690090] BRAGE,199504,1,656,-73,7,90,DL,
[2026-02-11T19:20:35.772975] [TDMA] RX header: slot=1 frame=657 epoch=66726268 records=0
[2026-02-11T19:20:35.789827] BRAGE,199605,1,657,-73,8,91,DL,
[2026-02-11T19:20:35.871928] [TDMA] RX header: slot=1 frame=658 epoch=66826268 records=0
[2026-02-11T19:20:35.888818] BRAGE,199705,1,658,-73,8,91,DL,
[2026-02-11T19:20:35.971812] [TDMA] RX header: slot=1 frame=659 epoch=66926268 records=0
[2026-02-11T19:20:35.988324] BRAGE,199805,1,659,-70,9,91,DL,
[2026-02-11T19:20:36.070611] [TDMA] RX header: slot=1 frame=660 epoch=67026268 records=0
[2026-02-11T19:20:36.087739] BRAGE,199905,1,660,-70,9,91,DL,
[2026-02-11T19:20:36.169862] [TDMA] RX header: slot=1 frame=661 epoch=67126268 records=0
[2026-02-11T19:20:36.186767] BRAGE,200005,1,661,-73,8,92,DL,
[2026-02-11T19:20:36.270120] [TDMA] RX header: slot=1 frame=662 epoch=67226268 records=0
[2026-02-11T19:20:36.286725] BRAGE,200105,1,662,-73,7,92,DL,
[2026-02-11T19:20:36.296667] [TDMA] TX DOWNLINK: records=1
[2026-02-11T19:20:36.369142] [TDMA] RX header: slot=1 frame=663 epoch=67326268 records=0
[2026-02-11T19:20:36.386007] BRAGE,200205,1,663,-73,7,92,DL,
[2026-02-11T19:20:36.468200] [TDMA] RX header: slot=1 frame=664 epoch=67426268 records=0
[2026-02-11T19:20:36.485632] BRAGE,200305,1,664,-73,7,92,DL,
[2026-02-11T19:20:36.584728] BRAGE,200405,1,665,0,0,91,NONE,
[2026-02-11T19:20:36.666503] [TDMA] RX header: slot=1 frame=666 epoch=67626268 records=0
[2026-02-11T19:20:36.684324] BRAGE,200505,1,666,-68,11,92,DL,
[2026-02-11T19:20:36.766439] [TDMA] RX header: slot=1 frame=667 epoch=67726268 records=0
[2026-02-11T19:20:36.782923] BRAGE,200605,1,667,-73,7,92,DL,
[2026-02-11T19:20:36.865473] [TDMA] RX header: slot=1 frame=668 epoch=67826268 records=0
[2026-02-11T19:20:36.881967] BRAGE,200705,1,668,-70,9,92,DL,
[2026-02-11T19:20:36.965120] [TDMA] RX header: slot=1 frame=669 epoch=67926268 records=0
[2026-02-11T19:20:36.981348] BRAGE,200805,1,669,-73,8,92,DL,
[2026-02-11T19:20:37.080594] BRAGE,200905,1,670,0,0,91,NONE,
[2026-02-11T19:20:37.163195] [TDMA] RX header: slot=1 frame=671 epoch=68126268 records=0
[2026-02-11T19:20:37.180632] BRAGE,201005,1,671,-70,9,91,DL,
[2026-02-11T19:20:37.263135] [TDMA] RX header: slot=1 frame=672 epoch=68226268 records=0
[2026-02-11T19:20:37.279573] BRAGE,201105,1,672,-66,12,91,DL,
[2026-02-11T19:20:37.290042] [TDMA] TX DOWNLINK: records=1
[2026-02-11T19:20:37.362652] [TDMA] RX header: slot=1 frame=673 epoch=68326268 records=0
[2026-02-11T19:20:37.379251] BRAGE,201205,1,673,-73,7,92,DL,
[2026-02-11T19:20:37.461407] [TDMA] RX header: slot=1 frame=674 epoch=68426268 records=0
[2026-02-11T19:20:37.478934] BRAGE,201305,1,674,-73,7,92,DL,
[2026-02-11T19:20:37.561318] [TDMA] RX header: slot=1 frame=675 epoch=68526268 records=0
[2026-02-11T19:20:37.577882] BRAGE,201405,1,675,-73,7,92,DL,
[2026-02-11T19:20:37.662225] [TDMA] RX header: slot=1 frame=676 epoch=68626268 records=0
[2026-02-11T19:20:37.677268] BRAGE,201506,1,676,-73,7,92,DL,
[2026-02-11T19:20:37.759959] [TDMA] RX header: slot=1 frame=677 epoch=68726268 records=0
[2026-02-11T19:20:37.776820] BRAGE,201606,1,677,-70,8,92,DL,
[2026-02-11T19:20:37.859230] [TDMA] RX header: slot=1 frame=678 epoch=68826268 records=0
[2026-02-11T19:20:37.876021] BRAGE,201706,1,678,-73,7,92,DL,
[2026-02-11T19:20:37.958464] [TDMA] RX header: slot=1 frame=679 epoch=68926268 records=0
[2026-02-11T19:20:37.975345] BRAGE,201806,1,679,-68,10,92,DL,
[2026-02-11T19:20:38.057785] [TDMA] RX header: slot=1 frame=680 epoch=69026268 records=0
[2026-02-11T19:20:38.074785] BRAGE,201906,1,680,-73,8,92,DL,
[2026-02-11T19:20:38.156837] [TDMA] RX header: slot=1 frame=681 epoch=69126268 records=0
[2026-02-11T19:20:38.174077] BRAGE,202006,1,681,-70,8,92,DL,
[2026-02-11T19:20:38.256512] [TDMA] RX header: slot=1 frame=682 epoch=69226268 records=0
[2026-02-11T19:20:38.273381] BRAGE,202106,1,682,-73,7,92,DL,
[2026-02-11T19:20:38.282897] [TDMA] TX DOWNLINK: records=1
[2026-02-11T19:20:38.355902] [TDMA] RX header: slot=1 frame=683 epoch=69326268 records=0
[2026-02-11T19:20:38.372793] BRAGE,202206,1,683,-67,10,93,DL,
[2026-02-11T19:20:38.455207] [TDMA] RX header: slot=1 frame=684 epoch=69426268 records=0
[2026-02-11T19:20:38.472139] BRAGE,202306,1,684,-70,8,93,DL,
[2026-02-11T19:20:38.554515] [TDMA] RX header: slot=1 frame=685 epoch=69526268 records=0
[2026-02-11T19:20:38.571702] BRAGE,202406,1,685,-73,7,93,DL,
[2026-02-11T19:20:38.653483] [TDMA] RX header: slot=1 frame=686 epoch=69626268 records=0
[2026-02-11T19:20:38.671021] BRAGE,202506,1,686,-65,12,93,DL,
[2026-02-11T19:20:38.770052] BRAGE,202606,1,687,0,0,92,NONE,
[2026-02-11T19:20:38.852675] [TDMA] RX header: slot=1 frame=688 epoch=69826268 records=0
[2026-02-11T19:20:38.869195] BRAGE,202706,1,688,-70,8,92,DL,
[2026-02-11T19:20:38.951535] [TDMA] RX header: slot=1 frame=689 epoch=69926268 records=0
[2026-02-11T19:20:38.968535] BRAGE,202806,1,689,-73,7,92,DL,
[2026-02-11T19:20:39.051325] [TDMA] RX header: slot=1 frame=690 epoch=70026268 records=0
[2026-02-11T19:20:39.068440] BRAGE,202906,1,690,-70,9,92,DL,
[2026-02-11T19:20:39.167137] BRAGE,203006,1,691,0,0,91,NONE,
[2026-02-11T19:20:39.250131] [TDMA] RX header: slot=1 frame=692 epoch=70226268 records=0
[2026-02-11T19:20:39.267010] BRAGE,203106,1,692,-68,11,92,DL,
[2026-02-11T19:20:39.276773] [TDMA] TX DOWNLINK: records=1
[2026-02-11T19:20:39.349153] [TDMA] RX header: slot=1 frame=693 epoch=70326268 records=0
[2026-02-11T19:20:39.366235] BRAGE,203206,1,693,-67,12,92,DL,
[2026-02-11T19:20:39.448622] [TDMA] RX header: slot=1 frame=694 epoch=70426268 records=0
[2026-02-11T19:20:39.465664] BRAGE,203306,1,694,-73,9,92,DL,
[2026-02-11T19:20:39.564863] BRAGE,203406,1,695,0,0,91,NONE,
[2026-02-11T19:20:39.647317] [TDMA] RX header: slot=1 frame=696 epoch=70626268 records=0
[2026-02-11T19:20:39.664252] BRAGE,203507,1,696,-68,12,91,DL,
[2026-02-11T19:20:39.746690] [TDMA] RX header: slot=1 frame=697 epoch=70726268 records=0
[2026-02-11T19:20:39.763859] BRAGE,203607,1,697,-73,9,91,DL,
[2026-02-11T19:20:39.846207] [TDMA] RX header: slot=1 frame=698 epoch=70826268 records=0
[2026-02-11T19:20:39.863171] BRAGE,203707,1,698,-70,9,91,DL,
[2026-02-11T19:20:39.945012] [TDMA] RX header: slot=1 frame=699 epoch=70926268 records=0
[2026-02-11T19:20:39.962050] BRAGE,203807,1,699,-73,9,91,DL,
[2026-02-11T19:20:40.045102] [TDMA] RX header: slot=1 frame=700 epoch=71026268 records=0
[2026-02-11T19:20:40.062092] BRAGE,203907,1,700,-73,8,91,DL,
[2026-02-11T19:20:40.160427] BRAGE,204007,1,701,0,0,90,NONE,
[2026-02-11T19:20:40.243343] [TDMA] RX header: slot=1 frame=702 epoch=71226268 records=0
[2026-02-11T19:20:40.260445] BRAGE,204107,1,702,-70,9,90,DL,
[2026-02-11T19:20:40.270177] [TDMA] TX DOWNLINK: records=1
[2026-02-11T19:20:40.342872] [TDMA] RX header: slot=1 frame=703 epoch=71326268 records=0
[2026-02-11T19:20:40.359861] BRAGE,204207,1,703,-73,8,91,DL,
[2026-02-11T19:20:40.442069] [TDMA] RX header: slot=1 frame=704 epoch=71426268 records=0
[2026-02-11T19:20:40.458531] BRAGE,204307,1,704,-73,8,91,DL,
[2026-02-11T19:20:40.541446] [TDMA] RX header: slot=1 frame=705 epoch=71526268 records=0
[2026-02-11T19:20:40.558376] BRAGE,204407,1,705,-73,8,91,DL,
[2026-02-11T19:20:40.640377] [TDMA] RX header: slot=1 frame=706 epoch=71626268 records=0
[2026-02-11T19:20:40.657904] BRAGE,204507,1,706,-73,8,91,DL,
[2026-02-11T19:20:40.739793] [TDMA] RX header: slot=1 frame=707 epoch=71726268 records=0
[2026-02-11T19:20:40.757212] BRAGE,204607,1,707,-70,9,91,DL,
[2026-02-11T19:20:40.839683] [TDMA] RX header: slot=1 frame=708 epoch=71826268 records=0
[2026-02-11T19:20:40.856408] BRAGE,204707,1,708,-73,8,91,DL,
[2026-02-11T19:20:40.938595] [TDMA] RX header: slot=1 frame=709 epoch=71926268 records=0
[2026-02-11T19:20:40.955885] BRAGE,204807,1,709,-70,9,92,DL,
[2026-02-11T19:20:41.037932] [TDMA] RX header: slot=1 frame=710 epoch=72026268 records=0
[2026-02-11T19:20:41.054722] BRAGE,204907,1,710,-73,7,92,DL,
[2026-02-11T19:20:41.137307] [TDMA] RX header: slot=1 frame=711 epoch=72126268 records=0
[2026-02-11T19:20:41.154508] BRAGE,205007,1,711,-68,11,92,DL,
[2026-02-11T19:20:41.237237] [TDMA] RX header: slot=1 frame=712 epoch=72226268 records=0
[2026-02-11T19:20:41.253967] BRAGE,205107,1,712,-73,7,92,DL,
[2026-02-11T19:20:41.263821] [TDMA] TX DOWNLINK: records=1
[2026-02-11T19:20:41.336329] [TDMA] RX header: slot=1 frame=713 epoch=72326268 records=0
[2026-02-11T19:20:41.353220] BRAGE,205207,1,713,-70,10,92,DL,
[2026-02-11T19:20:41.435743] [TDMA] RX header: slot=1 frame=714 epoch=72426268 records=0
[2026-02-11T19:20:41.452338] BRAGE,205307,1,714,-70,9,92,DL,
[2026-02-11T19:20:41.534628] [TDMA] RX header: slot=1 frame=715 epoch=72526268 records=0
[2026-02-11T19:20:41.552201] BRAGE,205407,1,715,-70,10,92,DL,
[2026-02-11T19:20:41.633789] [TDMA] RX header: slot=1 frame=716 epoch=72626268 records=0
[2026-02-11T19:20:41.651201] BRAGE,205507,1,716,-70,9,92,DL,
[2026-02-11T19:20:41.733132] [TDMA] RX header: slot=1 frame=717 epoch=72726268 records=0
[2026-02-11T19:20:41.750560] BRAGE,205608,1,717,-73,8,92,DL,
[2026-02-11T19:20:41.833092] [TDMA] RX header: slot=1 frame=718 epoch=72826268 records=0
[2026-02-11T19:20:41.850235] BRAGE,205708,1,718,-68,12,92,DL,
[2026-02-11T19:20:41.932370] [TDMA] RX header: slot=1 frame=719 epoch=72926268 records=0
[2026-02-11T19:20:41.953923] BRAGE,205808,1,719,-70,10,92,DL,
[2026-02-11T19:20:42.032104] [TDMA] RX header: slot=1 frame=720 epoch=73026268 records=0
[2026-02-11T19:20:42.048383] BRAGE,205908,1,720,-70,9,93,DL,
[2026-02-11T19:20:42.131355] [TDMA] RX header: slot=1 frame=721 epoch=73126268 records=0
[2026-02-11T19:20:42.148219] BRAGE,206008,1,721,-73,8,93,DL,
[2026-02-11T19:20:42.230297] [TDMA] RX header: slot=1 frame=722 epoch=73226268 records=0
[2026-02-11T19:20:42.246598] BRAGE,206108,1,722,-68,11,93,DL,
[2026-02-11T19:20:42.257482] [TDMA] TX DOWNLINK: records=1
[2026-02-11T19:20:42.329815] [TDMA] RX header: slot=1 frame=723 epoch=73326268 records=0
[2026-02-11T19:20:42.346692] BRAGE,206208,1,723,-68,11,93,DL,
[2026-02-11T19:20:42.429380] [TDMA] RX header: slot=1 frame=724 epoch=73426268 records=0
[2026-02-11T19:20:42.446223] BRAGE,206308,1,724,-67,10,93,DL,
[2026-02-11T19:20:42.527707] [TDMA] RX header: slot=1 frame=725 epoch=73526268 records=0
[2026-02-11T19:20:42.544628] BRAGE,206408,1,725,-68,9,93,DL,
[2026-02-11T19:20:42.627871] [TDMA] RX header: slot=1 frame=726 epoch=73626268 records=0
[2026-02-11T19:20:42.644238] BRAGE,206508,1,726,-70,8,93,DL,
[2026-02-11T19:20:42.726439] [TDMA] RX header: slot=1 frame=727 epoch=73726268 records=0
[2026-02-11T19:20:42.744277] BRAGE,206608,1,727,-70,8,93,DL,
[2026-02-11T19:20:42.826503] [TDMA] RX header: slot=1 frame=728 epoch=73826268 records=0
[2026-02-11T19:20:42.843441] BRAGE,206708,1,728,-73,6,93,DL,
[2026-02-11T19:20:42.925887] [TDMA] RX header: slot=1 frame=729 epoch=73926268 records=0
[2026-02-11T19:20:42.942450] BRAGE,206808,1,729,-70,8,93,DL,
[2026-02-11T19:20:43.025251] [TDMA] RX header: slot=1 frame=730 epoch=74026268 records=0
[2026-02-11T19:20:43.041778] BRAGE,206908,1,730,-73,7,93,DL,
[2026-02-11T19:20:43.125022] [TDMA] RX header: slot=1 frame=731 epoch=74126268 records=0
[2026-02-11T19:20:43.141185] BRAGE,207008,1,731,-70,8,93,DL,
[2026-02-11T19:20:43.223692] [TDMA] RX header: slot=1 frame=732 epoch=74226268 records=0
[2026-02-11T19:20:43.240400] BRAGE,207108,1,732,-73,8,93,DL,
[2026-02-11T19:20:43.250198] [TDMA] TX DOWNLINK: records=1
[2026-02-11T19:20:43.323204] [TDMA] RX header: slot=1 frame=733 epoch=74326268 records=0
[2026-02-11T19:20:43.339883] BRAGE,207208,1,733,-70,8,93,DL,
[2026-02-11T19:20:43.422342] [TDMA] RX header: slot=1 frame=734 epoch=74426268 records=0
[2026-02-11T19:20:43.439589] BRAGE,207308,1,734,-73,8,93,DL,
[2026-02-11T19:20:43.521569] [TDMA] RX header: slot=1 frame=735 epoch=74526268 records=0
[2026-02-11T19:20:43.538578] BRAGE,207408,1,735,-68,11,93,DL,
[2026-02-11T19:20:43.621314] [TDMA] RX header: slot=1 frame=736 epoch=74626268 records=0
[2026-02-11T19:20:43.637379] BRAGE,207508,1,736,-70,9,93,DL,
[2026-02-11T19:20:43.720388] [TDMA] RX header: slot=1 frame=737 epoch=74726268 records=0
[2026-02-11T19:20:43.741718] BRAGE,207608,1,737,-70,10,93,DL,
[2026-02-11T19:20:43.820351] [TDMA] RX header: slot=1 frame=738 epoch=74826268 records=0
[2026-02-11T19:20:43.836554] BRAGE,207708,1,738,-73,8,93,DL,
[2026-02-11T19:20:43.919010] [TDMA] RX header: slot=1 frame=739 epoch=74926268 records=0
[2026-02-11T19:20:43.935416] BRAGE,207808,1,739,-71,10,93,DL,
[2026-02-11T19:20:44.018340] [TDMA] RX header: slot=1 frame=740 epoch=75026268 records=0
[2026-02-11T19:20:44.035127] BRAGE,207908,1,740,-73,8,93,DL,
[2026-02-11T19:20:44.117366] [TDMA] RX header: slot=1 frame=741 epoch=75126268 records=0
[2026-02-11T19:20:44.134547] BRAGE,208008,1,741,-70,9,93,DL,
[2026-02-11T19:20:44.216709] [TDMA] RX header: slot=1 frame=742 epoch=75226268 records=0
[2026-02-11T19:20:44.233898] BRAGE,208108,1,742,-73,8,93,DL,
[2026-02-11T19:20:44.243802] [TDMA] TX DOWNLINK: records=1
[2026-02-11T19:20:44.316214] [TDMA] RX header: slot=1 frame=743 epoch=75326268 records=0
[2026-02-11T19:20:44.334047] BRAGE,208209,1,743,-73,8,93,DL,
[2026-02-11T19:20:44.415854] [TDMA] RX header: slot=1 frame=744 epoch=75426268 records=0
[2026-02-11T19:20:44.432851] BRAGE,208309,1,744,-68,12,93,DL,
[2026-02-11T19:20:44.515246] [TDMA] RX header: slot=1 frame=745 epoch=75526268 records=0
[2026-02-11T19:20:44.531890] BRAGE,208409,1,745,-73,8,94,DL,
[2026-02-11T19:20:44.614521] [TDMA] RX header: slot=1 frame=746 epoch=75626268 records=0
[2026-02-11T19:20:44.631765] BRAGE,208509,1,746,-68,13,94,DL,
[2026-02-11T19:20:44.714157] [TDMA] RX header: slot=1 frame=747 epoch=75726268 records=0
[2026-02-11T19:20:44.730866] BRAGE,208609,1,747,-73,8,94,DL,
[2026-02-11T19:20:44.813377] [TDMA] RX header: slot=1 frame=748 epoch=75826268 records=0
[2026-02-11T19:20:44.830146] BRAGE,208709,1,748,-73,8,94,DL,
[2026-02-11T19:20:44.912403] [TDMA] RX header: slot=1 frame=749 epoch=75926268 records=0
[2026-02-11T19:20:44.929264] BRAGE,208809,1,749,-71,10,94,DL,
[2026-02-11T19:20:45.011756] [TDMA] RX header: slot=1 frame=750 epoch=76026268 records=0
[2026-02-11T19:20:45.028777] BRAGE,208909,1,750,-73,8,94,DL,
[2026-02-11T19:20:45.111211] [TDMA] RX header: slot=1 frame=751 epoch=76126268 records=0
[2026-02-11T19:20:45.128193] BRAGE,209009,1,751,-73,8,94,DL,
[2026-02-11T19:20:45.210186] [TDMA] RX header: slot=1 frame=752 epoch=76226268 records=0
[2026-02-11T19:20:45.226805] BRAGE,209109,1,752,-67,12,94,DL,
[2026-02-11T19:20:45.236811] [TDMA] TX DOWNLINK: records=1
[2026-02-11T19:20:45.309501] [TDMA] RX header: slot=1 frame=753 epoch=76326268 records=0
[2026-02-11T19:20:45.326809] BRAGE,209209,1,753,-73,8,94,DL,
[2026-02-11T19:20:45.408846] [TDMA] RX header: slot=1 frame=754 epoch=76426268 records=0
[2026-02-11T19:20:45.425409] BRAGE,209309,1,754,-66,13,94,DL,
[2026-02-11T19:20:45.508507] [TDMA] RX header: slot=1 frame=755 epoch=76526268 records=0
[2026-02-11T19:20:45.527489] BRAGE,209409,1,755,-68,12,94,DL,
[2026-02-11T19:20:45.608089] [TDMA] RX header: slot=1 frame=756 epoch=76626268 records=0
[2026-02-11T19:20:45.624303] BRAGE,209509,1,756,-73,7,94,DL,
[2026-02-11T19:20:45.706795] [TDMA] RX header: slot=1 frame=757 epoch=76726268 records=0
[2026-02-11T19:20:45.724177] BRAGE,209609,1,757,-70,9,94,DL,
[2026-02-11T19:20:45.806218] [TDMA] RX header: slot=1 frame=758 epoch=76826268 records=0
[2026-02-11T19:20:45.823073] BRAGE,209709,1,758,-73,8,94,DL,
[2026-02-11T19:20:45.905973] [TDMA] RX header: slot=1 frame=759 epoch=76926268 records=0
[2026-02-11T19:20:45.923078] BRAGE,209809,1,759,-70,9,94,DL,
[2026-02-11T19:20:46.005192] [TDMA] RX header: slot=1 frame=760 epoch=77026268 records=0
[2026-02-11T19:20:46.022400] BRAGE,209909,1,760,-73,8,94,DL,
[2026-02-11T19:20:46.104457] [TDMA] RX header: slot=1 frame=761 epoch=77126268 records=0
[2026-02-11T19:20:46.121414] BRAGE,210009,1,761,-70,9,94,DL,
[2026-02-11T19:20:46.204108] [TDMA] RX header: slot=1 frame=762 epoch=77226268 records=0
[2026-02-11T19:20:46.220992] BRAGE,210109,1,762,-73,7,94,DL,
[2026-02-11T19:20:46.230695] [TDMA] TX DOWNLINK: records=1
[2026-02-11T19:20:46.303351] [TDMA] RX header: slot=1 frame=763 epoch=77326268 records=0
[2026-02-11T19:20:46.320361] BRAGE,210209,1,763,-73,8,94,DL,
[2026-02-11T19:20:46.403119] [TDMA] RX header: slot=1 frame=764 epoch=77426268 records=0
[2026-02-11T19:20:46.419934] BRAGE,210310,1,764,-73,8,94,DL,
[2026-02-11T19:20:46.502035] [TDMA] RX header: slot=1 frame=765 epoch=77526268 records=0
[2026-02-11T19:20:46.519059] BRAGE,210410,1,765,-73,8,95,DL,
[2026-02-11T19:20:46.601557] [TDMA] RX header: slot=1 frame=766 epoch=77626268 records=0
[2026-02-11T19:20:46.618396] BRAGE,210510,1,766,-73,8,95,DL,
[2026-02-11T19:20:46.700816] [TDMA] RX header: slot=1 frame=767 epoch=77726268 records=0
[2026-02-11T19:20:46.717795] BRAGE,210610,1,767,-73,8,95,DL,
[2026-02-11T19:20:46.802788] [TDMA] RX header: slot=1 frame=768 epoch=77826268 records=0
[2026-02-11T19:20:46.816774] BRAGE,210710,1,768,-73,9,95,DL,
[2026-02-11T19:20:46.899702] [TDMA] RX header: slot=1 frame=769 epoch=77926268 records=0
[2026-02-11T19:20:46.916469] BRAGE,210810,1,769,-73,8,95,DL,
[2026-02-11T19:20:46.998432] [TDMA] RX header: slot=1 frame=770 epoch=78026268 records=0
[2026-02-11T19:20:47.015824] BRAGE,210910,1,770,-71,10,96,DL,
[2026-02-11T19:20:47.098467] [TDMA] RX header: slot=1 frame=771 epoch=78126268 records=0
[2026-02-11T19:20:47.114864] BRAGE,211010,1,771,-73,9,96,DL,
[2026-02-11T19:20:47.197735] [TDMA] RX header: slot=1 frame=772 epoch=78226268 records=0
[2026-02-11T19:20:47.214583] BRAGE,211110,1,772,-71,10,96,DL,
[2026-02-11T19:20:47.224572] [TDMA] TX DOWNLINK: records=1
[2026-02-11T19:20:47.296596] [TDMA] RX header: slot=1 frame=773 epoch=78326268 records=0
[2026-02-11T19:20:47.313413] BRAGE,211210,1,773,-73,9,96,DL,
[2026-02-11T19:20:47.395977] [TDMA] RX header: slot=1 frame=774 epoch=78426268 records=0
[2026-02-11T19:20:47.412416] BRAGE,211310,1,774,-73,8,96,DL,
[2026-02-11T19:20:47.495761] [TDMA] RX header: slot=1 frame=775 epoch=78526268 records=0
[2026-02-11T19:20:47.512595] BRAGE,211410,1,775,-73,8,96,DL,
[2026-02-11T19:20:47.595005] [TDMA] RX header: slot=1 frame=776 epoch=78626268 records=0
[2026-02-11T19:20:47.611361] BRAGE,211510,1,776,-73,8,96,DL,
[2026-02-11T19:20:47.694322] [TDMA] RX header: slot=1 frame=777 epoch=78726268 records=0
[2026-02-11T19:20:47.710632] BRAGE,211610,1,777,-66,12,96,DL,
[2026-02-11T19:20:47.793535] [TDMA] RX header: slot=1 frame=778 epoch=78826268 records=0
[2026-02-11T19:20:47.810303] BRAGE,211710,1,778,-68,12,96,DL,
[2026-02-11T19:20:47.892868] [TDMA] RX header: slot=1 frame=779 epoch=78926268 records=0
[2026-02-11T19:20:47.909570] BRAGE,211810,1,779,-73,8,96,DL,
[2026-02-11T19:20:47.992153] [TDMA] RX header: slot=1 frame=780 epoch=79026268 records=0
[2026-02-11T19:20:48.011309] BRAGE,211910,1,780,-73,8,96,DL,
[2026-02-11T19:20:48.108179] BRAGE,212010,1,781,0,0,95,NONE,
[2026-02-11T19:20:48.190408] [TDMA] RX header: slot=1 frame=782 epoch=79226268 records=0
[2026-02-11T19:20:48.207726] BRAGE,212110,1,782,-70,9,95,DL,
[2026-02-11T19:20:48.217530] [TDMA] TX DOWNLINK: records=1
[2026-02-11T19:20:48.290468] [TDMA] RX header: slot=1 frame=783 epoch=79326268 records=0
[2026-02-11T19:20:48.307034] BRAGE,212210,1,783,-73,8,95,DL,
[2026-02-11T19:20:48.389918] [TDMA] RX header: slot=1 frame=784 epoch=79426268 records=0
[2026-02-11T19:20:48.406237] BRAGE,212310,1,784,-73,8,95,DL,
[2026-02-11T19:20:48.488722] [TDMA] RX header: slot=1 frame=785 epoch=79526268 records=0
[2026-02-11T19:20:48.506008] BRAGE,212411,1,785,-73,7,95,DL,
[2026-02-11T19:20:48.587758] [TDMA] RX header: slot=1 frame=786 epoch=79626268 records=0
[2026-02-11T19:20:48.604865] BRAGE,212511,1,786,-73,7,95,DL,
[2026-02-11T19:20:48.687830] [TDMA] RX header: slot=1 frame=787 epoch=79726268 records=0
[2026-02-11T19:20:48.703973] BRAGE,212611,1,787,-73,7,96,DL,
[2026-02-11T19:20:48.804092] BRAGE,212711,1,788,0,0,95,NONE,
[2026-02-11T19:20:48.885705] [TDMA] RX header: slot=1 frame=789 epoch=79926268 records=0
[2026-02-11T19:20:48.903756] BRAGE,212811,1,789,-68,11,95,DL,
[2026-02-11T19:20:48.985846] [TDMA] RX header: slot=1 frame=790 epoch=80026268 records=0
[2026-02-11T19:20:49.002210] BRAGE,212911,1,790,-73,8,95,DL,
[2026-02-11T19:20:49.085091] [TDMA] RX header: slot=1 frame=791 epoch=80126268 records=0
[2026-02-11T19:20:49.101602] BRAGE,213011,1,791,-73,7,96,DL,
[2026-02-11T19:20:49.183932] [TDMA] RX header: slot=1 frame=792 epoch=80226268 records=0
[2026-02-11T19:20:49.200907] BRAGE,213111,1,792,-67,12,96,DL,
[2026-02-11T19:20:49.211868] [TDMA] TX DOWNLINK: records=1
[2026-02-11T19:20:49.283319] [TDMA] RX header: slot=1 frame=793 epoch=80326268 records=0
[2026-02-11T19:20:49.300378] BRAGE,213211,1,793,-73,7,96,DL,
[2026-02-11T19:20:49.382337] [TDMA] RX header: slot=1 frame=794 epoch=80426268 records=0
[2026-02-11T19:20:49.400171] BRAGE,213311,1,794,-70,10,96,DL,
[2026-02-11T19:20:49.482376] [TDMA] RX header: slot=1 frame=795 epoch=80526268 records=0
[2026-02-11T19:20:49.499449] BRAGE,213411,1,795,-70,10,97,DL,
[2026-02-11T19:20:49.581999] [TDMA] RX header: slot=1 frame=796 epoch=80626268 records=0
[2026-02-11T19:20:49.598702] BRAGE,213511,1,796,-73,7,97,DL,
[2026-02-11T19:20:49.680551] [TDMA] RX header: slot=1 frame=797 epoch=80726268 records=0
[2026-02-11T19:20:49.697327] BRAGE,213611,1,797,-73,8,97,DL,
[2026-02-11T19:20:49.780034] [TDMA] RX header: slot=1 frame=798 epoch=80826268 records=0
[2026-02-11T19:20:49.797520] BRAGE,213711,1,798,-73,8,97,DL,
[2026-02-11T19:20:49.879660] [TDMA] RX header: slot=1 frame=799 epoch=80926268 records=0
[2026-02-11T19:20:49.896734] BRAGE,213811,1,799,-73,8,97,DL,
[2026-02-11T19:20:49.979133] [TDMA] RX header: slot=1 frame=800 epoch=81026268 records=0
[2026-02-11T19:20:49.995498] BRAGE,213911,1,800,-67,12,97,DL,
[2026-02-11T19:20:50.095374] BRAGE,214011,1,801,0,0,97,NONE,
[2026-02-11T19:20:50.177182] [TDMA] RX header: slot=1 frame=802 epoch=81226268 records=0
[2026-02-11T19:20:50.194285] BRAGE,214111,1,802,-68,11,97,DL,
[2026-02-11T19:20:50.204762] [TDMA] TX DOWNLINK: records=1
[2026-02-11T19:20:50.276621] [TDMA] RX header: slot=1 frame=803 epoch=81326268 records=0
[2026-02-11T19:20:50.293414] BRAGE,214211,1,803,-67,13,97,DL,
[2026-02-11T19:20:50.376144] [TDMA] RX header: slot=1 frame=804 epoch=81426268 records=0
[2026-02-11T19:20:50.393065] BRAGE,214312,1,804,-73,8,97,DL,
[2026-02-11T19:20:50.475400] [TDMA] RX header: slot=1 frame=805 epoch=81526268 records=0
[2026-02-11T19:20:50.492877] BRAGE,214412,1,805,-67,13,97,DL,
[2026-02-11T19:20:50.575261] [TDMA] RX header: slot=1 frame=806 epoch=81626268 records=0
[2026-02-11T19:20:50.591448] BRAGE,214512,1,806,-70,10,97,DL,
[2026-02-11T19:20:50.674473] [TDMA] RX header: slot=1 frame=807 epoch=81726268 records=0
[2026-02-11T19:20:50.690809] BRAGE,214612,1,807,-73,8,97,DL,
[2026-02-11T19:20:50.773264] [TDMA] RX header: slot=1 frame=808 epoch=81826268 records=0
[2026-02-11T19:20:50.790673] BRAGE,214712,1,808,-73,7,97,DL,
[2026-02-11T19:20:50.873066] [TDMA] RX header: slot=1 frame=809 epoch=81926268 records=0
[2026-02-11T19:20:50.889805] BRAGE,214812,1,809,-66,12,97,DL,
[2026-02-11T19:20:50.972307] [TDMA] RX header: slot=1 frame=810 epoch=82026268 records=0
[2026-02-11T19:20:50.989687] BRAGE,214912,1,810,-70,9,97,DL,
[2026-02-11T19:20:51.071196] [TDMA] RX header: slot=1 frame=811 epoch=82126268 records=0
[2026-02-11T19:20:51.088942] BRAGE,215012,1,811,-73,8,97,DL,
[2026-02-11T19:20:51.170662] [TDMA] RX header: slot=1 frame=812 epoch=82226268 records=0
[2026-02-11T19:20:51.187909] BRAGE,215112,1,812,-73,8,97,DL,
[2026-02-11T19:20:51.198249] [TDMA] TX DOWNLINK: records=1
[2026-02-11T19:20:51.270393] [TDMA] RX header: slot=1 frame=813 epoch=82326268 records=0
[2026-02-11T19:20:51.287209] BRAGE,215212,1,813,-73,8,97,DL,
[2026-02-11T19:20:51.369343] [TDMA] RX header: slot=1 frame=814 epoch=82426268 records=0
[2026-02-11T19:20:51.387011] BRAGE,215312,1,814,-70,9,97,DL,
[2026-02-11T19:20:51.469093] [TDMA] RX header: slot=1 frame=815 epoch=82526268 records=0
[2026-02-11T19:20:51.486144] BRAGE,215412,1,815,-73,7,97,DL,
[2026-02-11T19:20:51.568379] [TDMA] RX header: slot=1 frame=816 epoch=82626268 records=0
[2026-02-11T19:20:51.585248] BRAGE,215512,1,816,-73,7,97,DL,
[2026-02-11T19:20:51.667926] [TDMA] RX header: slot=1 frame=817 epoch=82726268 records=0
[2026-02-11T19:20:51.684130] BRAGE,215612,1,817,-73,7,97,DL,
[2026-02-11T19:20:51.767156] [TDMA] RX header: slot=1 frame=818 epoch=82826268 records=0
[2026-02-11T19:20:51.784015] BRAGE,215712,1,818,-73,7,97,DL,
[2026-02-11T19:20:51.866415] [TDMA] RX header: slot=1 frame=819 epoch=82926268 records=0
[2026-02-11T19:20:51.882934] BRAGE,215812,1,819,-73,6,97,DL,
[2026-02-11T19:20:51.965769] [TDMA] RX header: slot=1 frame=820 epoch=83026268 records=0
[2026-02-11T19:20:51.982381] BRAGE,215912,1,820,-73,7,97,DL,
[2026-02-11T19:20:52.064719] [TDMA] RX header: slot=1 frame=821 epoch=83126268 records=0
[2026-02-11T19:20:52.082017] BRAGE,216012,1,821,-73,7,97,DL,
[2026-02-11T19:20:52.164395] [TDMA] RX header: slot=1 frame=822 epoch=83226268 records=0
[2026-02-11T19:20:52.181106] BRAGE,216112,1,822,-73,7,97,DL,
[2026-02-11T19:20:52.191113] [TDMA] TX DOWNLINK: records=1
[2026-02-11T19:20:52.263776] [TDMA] RX header: slot=1 frame=823 epoch=83326268 records=0
[2026-02-11T19:20:52.280108] BRAGE,216213,1,823,-73,7,97,DL,
[2026-02-11T19:20:52.362831] [TDMA] RX header: slot=1 frame=824 epoch=83426268 records=0
[2026-02-11T19:20:52.379784] BRAGE,216313,1,824,-66,13,97,DL,
[2026-02-11T19:20:52.462506] [TDMA] RX header: slot=1 frame=825 epoch=83526268 records=0
[2026-02-11T19:20:52.479182] BRAGE,216413,1,825,-66,13,97,DL,
[2026-02-11T19:20:52.561976] [TDMA] RX header: slot=1 frame=826 epoch=83626268 records=0
[2026-02-11T19:20:52.578855] BRAGE,216513,1,826,-73,8,97,DL,
[2026-02-11T19:20:52.661216] [TDMA] RX header: slot=1 frame=827 epoch=83726268 records=0
[2026-02-11T19:20:52.678074] BRAGE,216613,1,827,-73,7,97,DL,
[2026-02-11T19:20:52.777193] BRAGE,216713,1,828,0,0,96,NONE,
[2026-02-11T19:20:52.860034] [TDMA] RX header: slot=1 frame=829 epoch=83926268 records=0
[2026-02-11T19:20:52.876971] BRAGE,216813,1,829,-70,9,96,DL,
[2026-02-11T19:20:52.976131] BRAGE,216913,1,830,0,0,95,NONE,
[2026-02-11T19:20:53.060461] [TDMA] RX header: slot=1 frame=831 epoch=84126268 records=0
[2026-02-11T19:20:53.075228] BRAGE,217013,1,831,-66,12,95,DL,
[2026-02-11T19:20:53.175147] BRAGE,217113,1,832,0,0,94,NONE,
[2026-02-11T19:20:53.184329] [TDMA] TX DOWNLINK: records=1
[2026-02-11T19:20:53.257131] [TDMA] RX header: slot=1 frame=833 epoch=84326268 records=0
[2026-02-11T19:20:53.274294] BRAGE,217213,1,833,-73,7,94,DL,
[2026-02-11T19:20:53.356994] [TDMA] RX header: slot=1 frame=834 epoch=84426268 records=0
[2026-02-11T19:20:53.374168] BRAGE,217313,1,834,-73,7,94,DL,
[2026-02-11T19:20:53.456183] [TDMA] RX header: slot=1 frame=835 epoch=84526268 records=0
[2026-02-11T19:20:53.472684] BRAGE,217413,1,835,-73,7,94,DL,
[2026-02-11T19:20:53.555512] [TDMA] RX header: slot=1 frame=836 epoch=84626268 records=0
[2026-02-11T19:20:53.572384] BRAGE,217513,1,836,-70,8,94,DL,
[2026-02-11T19:20:53.654498] [TDMA] RX header: slot=1 frame=837 epoch=84726268 records=0
[2026-02-11T19:20:53.671876] BRAGE,217613,1,837,-73,7,94,DL,
[2026-02-11T19:20:53.754184] [TDMA] RX header: slot=1 frame=838 epoch=84826268 records=0
[2026-02-11T19:20:53.770731] BRAGE,217713,1,838,-73,8,94,DL,
[2026-02-11T19:20:53.853599] [TDMA] RX header: slot=1 frame=839 epoch=84926268 records=0
[2026-02-11T19:20:53.870501] BRAGE,217814,1,839,-73,7,94,DL,
[2026-02-11T19:20:53.952557] [TDMA] RX header: slot=1 frame=840 epoch=85026268 records=0
[2026-02-11T19:20:53.971204] BRAGE,217914,1,840,-66,13,94,DL,
[2026-02-11T19:20:54.052311] [TDMA] RX header: slot=1 frame=841 epoch=85126268 records=0
[2026-02-11T19:20:54.069027] BRAGE,218014,1,841,-66,12,94,DL,
[2026-02-11T19:20:54.151292] [TDMA] RX header: slot=1 frame=842 epoch=85226268 records=0
[2026-02-11T19:20:54.168521] BRAGE,218114,1,842,-66,12,94,DL,
[2026-02-11T19:20:54.178457] [TDMA] TX DOWNLINK: records=1
[2026-02-11T19:20:54.267799] BRAGE,218214,1,843,0,0,93,NONE,
[2026-02-11T19:20:54.350400] [TDMA] RX header: slot=1 frame=844 epoch=85426268 records=0
[2026-02-11T19:20:54.367306] BRAGE,218314,1,844,-70,9,93,DL,
[2026-02-11T19:20:54.449365] [TDMA] RX header: slot=1 frame=845 epoch=85526268 records=0
[2026-02-11T19:20:54.467445] BRAGE,218414,1,845,-73,8,93,DL,
[2026-02-11T19:20:54.549172] [TDMA] RX header: slot=1 frame=846 epoch=85626268 records=0
[2026-02-11T19:20:54.565975] BRAGE,218514,1,846,-73,7,93,DL,
[2026-02-11T19:20:54.648410] [TDMA] RX header: slot=1 frame=847 epoch=85726268 records=0
[2026-02-11T19:20:54.665283] BRAGE,218614,1,847,-73,7,93,DL,
[2026-02-11T19:20:54.747297] [TDMA] RX header: slot=1 frame=848 epoch=85826268 records=0
[2026-02-11T19:20:54.764254] BRAGE,218714,1,848,-66,13,93,DL,
[2026-02-11T19:20:54.847207] [TDMA] RX header: slot=1 frame=849 epoch=85926268 records=0
[2026-02-11T19:20:54.864106] BRAGE,218814,1,849,-66,12,93,DL,
[2026-02-11T19:20:54.965481] BRAGE,218914,1,850,0,0,92,NONE,
[2026-02-11T19:20:55.045438] [TDMA] RX header: slot=1 frame=851 epoch=86126268 records=0
[2026-02-11T19:20:55.062272] BRAGE,219014,1,851,-68,11,92,DL,
[2026-02-11T19:20:55.162551] BRAGE,219114,1,852,0,0,91,NONE,
[2026-02-11T19:20:55.171925] [TDMA] TX DOWNLINK: records=1
[2026-02-11T19:20:55.244408] [TDMA] RX header: slot=1 frame=853 epoch=86326268 records=0
[2026-02-11T19:20:55.261254] BRAGE,219214,1,853,-68,11,91,DL,
[2026-02-11T19:20:55.344052] [TDMA] RX header: slot=1 frame=854 epoch=86426268 records=0
[2026-02-11T19:20:55.360392] BRAGE,219314,1,854,-73,8,91,DL,
[2026-02-11T19:20:55.443225] [TDMA] RX header: slot=1 frame=855 epoch=86526268 records=0
[2026-02-11T19:20:55.460476] BRAGE,219414,1,855,-70,8,91,DL,
[2026-02-11T19:20:55.542256] [TDMA] RX header: slot=1 frame=856 epoch=86626268 records=0
[2026-02-11T19:20:55.559600] BRAGE,219514,1,856,-73,7,91,DL,
[2026-02-11T19:20:55.641689] [TDMA] RX header: slot=1 frame=857 epoch=86726268 records=0
[2026-02-11T19:20:55.658356] BRAGE,219615,1,857,-70,8,91,DL,
[2026-02-11T19:20:55.741044] [TDMA] RX header: slot=1 frame=858 epoch=86826268 records=0
[2026-02-11T19:20:55.758152] BRAGE,219715,1,858,-73,7,91,DL,
[2026-02-11T19:20:55.840287] [TDMA] RX header: slot=1 frame=859 epoch=86926268 records=0
[2026-02-11T19:20:55.857542] BRAGE,219815,1,859,-73,7,91,DL,
[2026-02-11T19:20:55.940099] [TDMA] RX header: slot=1 frame=860 epoch=87026268 records=0
[2026-02-11T19:20:55.956860] BRAGE,219915,1,860,-73,7,91,DL,
[2026-02-11T19:20:56.039400] [TDMA] RX header: slot=1 frame=861 epoch=87126268 records=0
[2026-02-11T19:20:56.056236] BRAGE,220015,1,861,-73,7,91,DL,
[2026-02-11T19:20:56.138628] [TDMA] RX header: slot=1 frame=862 epoch=87226268 records=0
[2026-02-11T19:20:56.155613] BRAGE,220115,1,862,-73,7,91,DL,
[2026-02-11T19:20:56.165475] [TDMA] TX DOWNLINK: records=1
[2026-02-11T19:20:56.241024] [TDMA] RX header: slot=1 frame=863 epoch=87326268 records=0
[2026-02-11T19:20:56.255142] BRAGE,220215,1,863,-73,7,91,DL,
[2026-02-11T19:20:56.336906] [TDMA] RX header: slot=1 frame=864 epoch=87426268 records=0
[2026-02-11T19:20:56.354849] BRAGE,220315,1,864,-73,7,91,DL,
[2026-02-11T19:20:56.436943] [TDMA] RX header: slot=1 frame=865 epoch=87526268 records=0
[2026-02-11T19:20:56.454180] BRAGE,220415,1,865,-66,13,91,DL,
[2026-02-11T19:20:56.536792] [TDMA] RX header: slot=1 frame=866 epoch=87626268 records=0
[2026-02-11T19:20:56.553559] BRAGE,220515,1,866,-67,13,91,DL,
[2026-02-11T19:20:56.635758] [TDMA] RX header: slot=1 frame=867 epoch=87726268 records=0
[2026-02-11T19:20:56.652934] BRAGE,220615,1,867,-73,9,91,DL,
[2026-02-11T19:20:56.735084] [TDMA] RX header: slot=1 frame=868 epoch=87826268 records=0
[2026-02-11T19:20:56.751744] BRAGE,220715,1,868,-73,9,91,DL,
[2026-02-11T19:20:56.834059] [TDMA] RX header: slot=1 frame=869 epoch=87926268 records=0
[2026-02-11T19:20:56.851258] BRAGE,220815,1,869,-73,8,91,DL,
[2026-02-11T19:20:56.933778] [TDMA] RX header: slot=1 frame=870 epoch=88026268 records=0
[2026-02-11T19:20:56.950942] BRAGE,220915,1,870,-73,6,91,DL,
[2026-02-11T19:20:57.033046] [TDMA] RX header: slot=1 frame=871 epoch=88126268 records=0
[2026-02-11T19:20:57.050220] BRAGE,221015,1,871,-73,6,91,DL,
[2026-02-11T19:20:57.131878] [TDMA] RX header: slot=1 frame=872 epoch=88226268 records=0
[2026-02-11T19:20:57.149552] BRAGE,221115,1,872,-73,6,91,DL,
[2026-02-11T19:20:57.159272] [TDMA] TX DOWNLINK: records=1
[2026-02-11T19:20:57.232161] [TDMA] RX header: slot=1 frame=873 epoch=88326268 records=0
[2026-02-11T19:20:57.248459] BRAGE,221216,1,873,-64,10,91,DL,
[2026-02-11T19:20:57.331169] [TDMA] RX header: slot=1 frame=874 epoch=88426268 records=0
[2026-02-11T19:20:57.348194] BRAGE,221316,1,874,-72,6,91,DL,
[2026-02-11T19:20:57.447450] BRAGE,221416,1,875,0,0,90,NONE,
[2026-02-11T19:20:57.530400] [TDMA] RX header: slot=1 frame=876 epoch=88626268 records=0
[2026-02-11T19:20:57.546196] BRAGE,221516,1,876,-73,7,90,DL,
[2026-02-11T19:20:57.629208] [TDMA] RX header: slot=1 frame=877 epoch=88726268 records=0
[2026-02-11T19:20:57.646075] BRAGE,221616,1,877,-73,6,90,DL,
[2026-02-11T19:20:57.728074] [TDMA] RX header: slot=1 frame=878 epoch=88826268 records=0
[2026-02-11T19:20:57.745228] BRAGE,221716,1,878,-73,6,90,DL,
[2026-02-11T19:20:57.827852] [TDMA] RX header: slot=1 frame=879 epoch=88926268 records=0
[2026-02-11T19:20:57.844598] BRAGE,221816,1,879,-70,7,90,DL,
[2026-02-11T19:20:57.927246] [TDMA] RX header: slot=1 frame=880 epoch=89026268 records=0
[2026-02-11T19:20:57.943629] BRAGE,221916,1,880,-72,6,90,DL,
[2026-02-11T19:20:58.027290] [TDMA] RX header: slot=1 frame=881 epoch=89126268 records=0
[2026-02-11T19:20:58.043341] BRAGE,222016,1,881,-72,6,91,DL,
[2026-02-11T19:20:58.053218] [TDMA] TX DOWNLINK: records=1
[2026-02-11T19:20:58.125546] [TDMA] RX header: slot=1 frame=882 epoch=89226268 records=0
[2026-02-11T19:20:58.142540] BRAGE,222116,1,882,-73,7,91,DL,
[2026-02-11T19:20:58.225309] [TDMA] RX header: slot=1 frame=883 epoch=89326268 records=0
[2026-02-11T19:20:58.242366] BRAGE,222216,1,883,-70,7,91,DL,
[2026-02-11T19:20:58.324572] [TDMA] RX header: slot=1 frame=884 epoch=89426268 records=0
[2026-02-11T19:20:58.341490] BRAGE,222316,1,884,-72,6,91,DL,
[2026-02-11T19:20:58.423982] [TDMA] RX header: slot=1 frame=885 epoch=89526268 records=0
[2026-02-11T19:20:58.440948] BRAGE,222416,1,885,-73,7,91,DL,
[2026-02-11T19:20:58.523545] [TDMA] RX header: slot=1 frame=886 epoch=89626268 records=0
[2026-02-11T19:20:58.540000] BRAGE,222516,1,886,-72,6,91,DL,
[2026-02-11T19:20:58.622753] [TDMA] RX header: slot=1 frame=887 epoch=89726268 records=0
[2026-02-11T19:20:58.639814] BRAGE,222616,1,887,-73,6,91,DL,
[2026-02-11T19:20:58.721901] [TDMA] RX header: slot=1 frame=888 epoch=89826268 records=0
[2026-02-11T19:20:58.739282] BRAGE,222716,1,888,-73,7,92,DL,
[2026-02-11T19:20:58.838482] BRAGE,222816,1,889,0,0,91,NONE,
[2026-02-11T19:20:58.920466] [TDMA] RX header: slot=1 frame=890 epoch=90026268 records=0
[2026-02-11T19:20:58.937792] BRAGE,222917,1,890,-70,7,91,DL,
[2026-02-11T19:20:59.019674] [TDMA] RX header: slot=1 frame=891 epoch=90126268 records=0
[2026-02-11T19:20:59.037285] BRAGE,223017,1,891,-73,6,91,DL,
[2026-02-11T19:20:59.047658] [TDMA] TX DOWNLINK: records=1
[2026-02-11T19:20:59.119497] [TDMA] RX header: slot=1 frame=892 epoch=90226268 records=0
[2026-02-11T19:20:59.136032] BRAGE,223117,1,892,-73,6,91,DL,
[2026-02-11T19:20:59.218931] [TDMA] RX header: slot=1 frame=893 epoch=90326268 records=0
[2026-02-11T19:20:59.235125] BRAGE,223217,1,893,-65,12,91,DL,
[2026-02-11T19:20:59.318347] [TDMA] RX header: slot=1 frame=894 epoch=90426268 records=0
[2026-02-11T19:20:59.334441] BRAGE,223317,1,894,-72,6,91,DL,
[2026-02-11T19:20:59.434051] BRAGE,223417,1,895,0,0,90,NONE,
[2026-02-11T19:20:59.516963] [TDMA] RX header: slot=1 frame=896 epoch=90626268 records=0
[2026-02-11T19:20:59.533417] BRAGE,223517,1,896,-67,9,90,DL,
[2026-02-11T19:20:59.615609] [TDMA] RX header: slot=1 frame=897 epoch=90726268 records=0
[2026-02-11T19:20:59.632615] BRAGE,223617,1,897,-65,10,90,DL,
[2026-02-11T19:20:59.715027] [TDMA] RX header: slot=1 frame=898 epoch=90826268 records=0
[2026-02-11T19:20:59.732412] BRAGE,223717,1,898,-73,7,90,DL,
[2026-02-11T19:20:59.831698] BRAGE,223817,1,899,0,0,89,NONE,
[2026-02-11T19:20:59.914114] [TDMA] RX header: slot=1 frame=900 epoch=91026268 records=0
[2026-02-11T19:20:59.930678] BRAGE,223917,1,900,-74,10,89,DL,
[2026-02-11T19:21:00.013246] [TDMA] RX header: slot=1 frame=901 epoch=91126268 records=0
[2026-02-11T19:21:00.030370] BRAGE,224017,1,901,-72,12,90,DL,
[2026-02-11T19:21:00.040210] [TDMA] TX DOWNLINK: records=1
[2026-02-11T19:21:00.112926] [TDMA] RX header: slot=1 frame=902 epoch=91226268 records=0
[2026-02-11T19:21:00.129530] BRAGE,224117,1,902,-73,12,90,DL,
[2026-02-11T19:21:00.212345] [TDMA] RX header: slot=1 frame=903 epoch=91326268 records=0
[2026-02-11T19:21:00.229206] BRAGE,224217,1,903,-74,12,90,DL,
[2026-02-11T19:21:00.311784] [TDMA] RX header: slot=1 frame=904 epoch=91426268 records=0
[2026-02-11T19:21:00.328562] BRAGE,224317,1,904,-73,12,90,DL,
[2026-02-11T19:21:00.410602] [TDMA] RX header: slot=1 frame=905 epoch=91526268 records=0
[2026-02-11T19:21:00.428795] BRAGE,224418,1,905,-74,11,90,DL,
[2026-02-11T19:21:00.510560] [TDMA] RX header: slot=1 frame=906 epoch=91626268 records=0
[2026-02-11T19:21:00.527583] BRAGE,224518,1,906,-73,11,90,DL,
[2026-02-11T19:21:00.609632] [TDMA] RX header: slot=1 frame=907 epoch=91726268 records=0
[2026-02-11T19:21:00.626760] BRAGE,224618,1,907,-72,12,90,DL,
[2026-02-11T19:21:00.709379] [TDMA] RX header: slot=1 frame=908 epoch=91826268 records=0
[2026-02-11T19:21:00.725517] BRAGE,224718,1,908,-73,12,90,DL,
[2026-02-11T19:21:00.808406] [TDMA] RX header: slot=1 frame=909 epoch=91926268 records=0
[2026-02-11T19:21:00.825558] BRAGE,224818,1,909,-72,11,90,DL,
[2026-02-11T19:21:00.907263] [TDMA] RX header: slot=1 frame=910 epoch=92026268 records=0
[2026-02-11T19:21:00.924897] BRAGE,224918,1,910,-72,12,90,DL,
[2026-02-11T19:21:01.024049] BRAGE,225018,1,911,0,0,89,NONE,
[2026-02-11T19:21:01.033728] [TDMA] TX DOWNLINK: records=1
[2026-02-11T19:21:01.106424] [TDMA] RX header: slot=1 frame=912 epoch=92226268 records=0
[2026-02-11T19:21:01.123253] BRAGE,225118,1,912,-74,11,89,DL,
[2026-02-11T19:21:01.205374] [TDMA] RX header: slot=1 frame=913 epoch=92326268 records=0
[2026-02-11T19:21:01.222721] BRAGE,225218,1,913,-73,12,89,DL,
[2026-02-11T19:21:01.305393] [TDMA] RX header: slot=1 frame=914 epoch=92426268 records=0
[2026-02-11T19:21:01.321606] BRAGE,225318,1,914,-72,12,89,DL,
[2026-02-11T19:21:01.404225] [TDMA] RX header: slot=1 frame=915 epoch=92526268 records=0
[2026-02-11T19:21:01.421485] BRAGE,225418,1,915,-73,11,89,DL,
[2026-02-11T19:21:01.503807] [TDMA] RX header: slot=1 frame=916 epoch=92626268 records=0
[2026-02-11T19:21:01.520776] BRAGE,225518,1,916,-73,12,89,DL,
[2026-02-11T19:21:01.603518] [TDMA] RX header: slot=1 frame=917 epoch=92726268 records=0
[2026-02-11T19:21:01.620179] BRAGE,225618,1,917,-74,12,89,DL,
[2026-02-11T19:21:01.719681] BRAGE,225718,1,918,0,0,88,NONE,
[2026-02-11T19:21:01.801952] [TDMA] RX header: slot=1 frame=919 epoch=92926268 records=0
[2026-02-11T19:21:01.818907] BRAGE,225819,1,919,-73,11,88,DL,
[2026-02-11T19:21:01.918052] BRAGE,225919,1,920,0,0,87,NONE,
[2026-02-11T19:21:02.000628] [TDMA] RX header: slot=1 frame=921 epoch=93126268 records=0
[2026-02-11T19:21:02.017489] BRAGE,226019,1,921,-74,11,87,DL,
[2026-02-11T19:21:02.026993] [TDMA] TX DOWNLINK: records=1
[2026-02-11T19:21:02.099987] [TDMA] RX header: slot=1 frame=922 epoch=93226268 records=0
[2026-02-11T19:21:02.116760] BRAGE,226119,1,922,-73,11,87,DL,
[2026-02-11T19:21:02.199488] [TDMA] RX header: slot=1 frame=923 epoch=93326268 records=0
[2026-02-11T19:21:02.216174] BRAGE,226219,1,923,-75,12,87,DL,
[2026-02-11T19:21:02.315043] BRAGE,226319,1,924,0,0,86,NONE,
[2026-02-11T19:21:02.398017] [TDMA] RX header: slot=1 frame=925 epoch=93526268 records=0
[2026-02-11T19:21:02.414904] BRAGE,226419,1,925,-74,12,86,DL,
[2026-02-11T19:21:02.497037] [TDMA] RX header: slot=1 frame=926 epoch=93626268 records=0
[2026-02-11T19:21:02.514335] BRAGE,226519,1,926,-73,12,86,DL,
[2026-02-11T19:21:02.596754] [TDMA] RX header: slot=1 frame=927 epoch=93726268 records=0
[2026-02-11T19:21:02.617707] BRAGE,226619,1,927,-75,13,86,DL,
[2026-02-11T19:21:02.712962] BRAGE,226719,1,928,0,0,86,NONE,
[2026-02-11T19:21:02.795009] [TDMA] RX header: slot=1 frame=929 epoch=93926268 records=0
[2026-02-11T19:21:02.812387] BRAGE,226819,1,929,-75,12,86,DL,
[2026-02-11T19:21:02.894752] [TDMA] RX header: slot=1 frame=930 epoch=94026268 records=0
[2026-02-11T19:21:02.911509] BRAGE,226919,1,930,-75,12,87,DL,
[2026-02-11T19:21:02.994200] [TDMA] RX header: slot=1 frame=931 epoch=94126268 records=0
[2026-02-11T19:21:03.010875] BRAGE,227019,1,931,-77,11,87,DL,
[2026-02-11T19:21:03.020336] [TDMA] TX DOWNLINK: records=1
[2026-02-11T19:21:03.110630] BRAGE,227119,1,932,0,0,87,NONE,
[2026-02-11T19:21:03.192995] [TDMA] RX header: slot=1 frame=933 epoch=94326268 records=0
[2026-02-11T19:21:03.209977] BRAGE,227219,1,933,-73,7,87,DL,
[2026-02-11T19:21:03.292531] [TDMA] RX header: slot=1 frame=934 epoch=94426268 records=0
[2026-02-11T19:21:03.309401] BRAGE,227320,1,934,-73,7,87,DL,
[2026-02-11T19:21:03.391365] [TDMA] RX header: slot=1 frame=935 epoch=94526268 records=0
[2026-02-11T19:21:03.408532] BRAGE,227420,1,935,-65,12,87,DL,
[2026-02-11T19:21:03.507910] BRAGE,227520,1,936,0,0,86,NONE,
[2026-02-11T19:21:03.591575] [TDMA] RX header: slot=1 frame=937 epoch=94726268 records=0
[2026-02-11T19:21:03.606937] BRAGE,227620,1,937,-70,7,86,DL,
[2026-02-11T19:21:03.689820] [TDMA] RX header: slot=1 frame=938 epoch=94826268 records=0
[2026-02-11T19:21:03.706407] BRAGE,227720,1,938,-65,12,86,DL,
[2026-02-11T19:21:03.789573] [TDMA] RX header: slot=1 frame=939 epoch=94926268 records=0
[2026-02-11T19:21:03.806067] BRAGE,227820,1,939,-73,7,86,DL,
[2026-02-11T19:21:03.892990] [TDMA] RX header: slot=1 frame=940 epoch=95026268 records=0
[2026-02-11T19:21:03.904850] BRAGE,227920,1,940,-73,8,86,DL,
[2026-02-11T19:21:03.987574] [TDMA] RX header: slot=1 frame=941 epoch=95126268 records=0
[2026-02-11T19:21:04.003889] BRAGE,228020,1,941,-73,8,86,DL,
[2026-02-11T19:21:04.014633] [TDMA] TX DOWNLINK: records=1
[2026-02-11T19:21:04.086705] [TDMA] RX header: slot=1 frame=942 epoch=95226268 records=0
[2026-02-11T19:21:04.103784] BRAGE,228120,1,942,-65,12,86,DL,
[2026-02-11T19:21:04.186210] [TDMA] RX header: slot=1 frame=943 epoch=95326268 records=0
[2026-02-11T19:21:04.202859] BRAGE,228220,1,943,-65,11,87,DL,
[2026-02-11T19:21:04.285606] [TDMA] RX header: slot=1 frame=944 epoch=95426268 records=0
[2026-02-11T19:21:04.302464] BRAGE,228320,1,944,-72,6,87,DL,
[2026-02-11T19:21:04.384669] [TDMA] RX header: slot=1 frame=945 epoch=95526268 records=0
[2026-02-11T19:21:04.404133] BRAGE,228420,1,945,-65,11,87,DL,
[2026-02-11T19:21:04.484708] [TDMA] RX header: slot=1 frame=946 epoch=95626268 records=0
[2026-02-11T19:21:04.500856] BRAGE,228520,1,946,-65,12,87,DL,
[2026-02-11T19:21:04.583872] [TDMA] RX header: slot=1 frame=947 epoch=95726268 records=0
[2026-02-11T19:21:04.600935] BRAGE,228620,1,947,-66,12,87,DL,
[2026-02-11T19:21:04.682540] [TDMA] RX header: slot=1 frame=948 epoch=95826268 records=0
[2026-02-11T19:21:04.699771] BRAGE,228720,1,948,-73,7,87,DL,
[2026-02-11T19:21:04.799437] BRAGE,228820,1,949,0,0,86,NONE,
[2026-02-11T19:21:04.881254] [TDMA] RX header: slot=1 frame=950 epoch=96026268 records=0
[2026-02-11T19:21:04.898395] BRAGE,228921,1,950,-65,11,87,DL,
[2026-02-11T19:21:04.980961] [TDMA] RX header: slot=1 frame=951 epoch=96126268 records=0
[2026-02-11T19:21:04.997828] BRAGE,229021,1,951,-73,7,87,DL,
[2026-02-11T19:21:05.007849] [TDMA] TX DOWNLINK: records=1
[2026-02-11T19:21:05.097535] BRAGE,229121,1,952,0,0,87,NONE,
[2026-02-11T19:21:05.196482] BRAGE,229221,1,953,0,0,86,NONE,
[2026-02-11T19:21:05.279153] [TDMA] RX header: slot=1 frame=954 epoch=96426268 records=0
[2026-02-11T19:21:05.296027] BRAGE,229321,1,954,-72,7,86,DL,
[2026-02-11T19:21:05.378435] [TDMA] RX header: slot=1 frame=955 epoch=96526268 records=0
[2026-02-11T19:21:05.395561] BRAGE,229421,1,955,-73,6,86,DL,
[2026-02-11T19:21:05.477857] [TDMA] RX header: slot=1 frame=956 epoch=96626268 records=0
[2026-02-11T19:21:05.494117] BRAGE,229521,1,956,-65,10,86,DL,
[2026-02-11T19:21:05.594021] BRAGE,229621,1,957,0,0,85,NONE,
[2026-02-11T19:21:05.680511] [TDMA] RX header: slot=1 frame=958 epoch=96826268 records=0
[2026-02-11T19:21:05.693675] BRAGE,229721,1,958,-70,7,85,DL,
[2026-02-11T19:21:05.775857] [TDMA] RX header: slot=1 frame=959 epoch=96926268 records=0
[2026-02-11T19:21:05.792200] BRAGE,229821,1,959,-72,6,85,DL,
[2026-02-11T19:21:05.875539] [TDMA] RX header: slot=1 frame=960 epoch=97026268 records=0
[2026-02-11T19:21:05.892093] BRAGE,229921,1,960,-65,10,85,DL,
[2026-02-11T19:21:05.974161] [TDMA] RX header: slot=1 frame=961 epoch=97126268 records=0
[2026-02-11T19:21:05.991390] BRAGE,230021,1,961,-72,6,85,DL,
[2026-02-11T19:21:06.001528] [TDMA] TX DOWNLINK: records=1
[2026-02-11T19:21:06.073961] [TDMA] RX header: slot=1 frame=962 epoch=97226268 records=0
[2026-02-11T19:21:06.090309] BRAGE,230121,1,962,-72,6,85,DL,
[2026-02-11T19:21:06.173318] [TDMA] RX header: slot=1 frame=963 epoch=97326268 records=0
[2026-02-11T19:21:06.190089] BRAGE,230221,1,963,-70,7,85,DL,
[2026-02-11T19:21:06.272867] [TDMA] RX header: slot=1 frame=964 epoch=97426268 records=0
[2026-02-11T19:21:06.289566] BRAGE,230321,1,964,-73,6,85,DL,
[2026-02-11T19:21:06.371963] [TDMA] RX header: slot=1 frame=965 epoch=97526268 records=0
[2026-02-11T19:21:06.389231] BRAGE,230422,1,965,-72,6,85,DL,
[2026-02-11T19:21:06.471408] [TDMA] RX header: slot=1 frame=966 epoch=97626268 records=0
[2026-02-11T19:21:06.487670] BRAGE,230522,1,966,-72,6,85,DL,
[2026-02-11T19:21:06.570512] [TDMA] RX header: slot=1 frame=967 epoch=97726268 records=0
[2026-02-11T19:21:06.587778] BRAGE,230622,1,967,-70,7,85,DL,
[2026-02-11T19:21:06.670005] [TDMA] RX header: slot=1 frame=968 epoch=97826268 records=0
[2026-02-11T19:21:06.686418] BRAGE,230722,1,968,-73,6,85,DL,
[2026-02-11T19:21:06.769248] [TDMA] RX header: slot=1 frame=969 epoch=97926268 records=0
[2026-02-11T19:21:06.786162] BRAGE,230822,1,969,-72,6,85,DL,
[2026-02-11T19:21:06.885669] BRAGE,230922,1,970,0,0,84,NONE,
[2026-02-11T19:21:06.968327] [TDMA] RX header: slot=1 frame=971 epoch=98126268 records=0
[2026-02-11T19:21:06.984863] BRAGE,231022,1,971,-72,6,84,DL,
[2026-02-11T19:21:06.995099] [TDMA] TX DOWNLINK: records=1
[2026-02-11T19:21:07.067769] [TDMA] RX header: slot=1 frame=972 epoch=98226268 records=0
[2026-02-11T19:21:07.084746] BRAGE,231122,1,972,-67,8,84,DL,
[2026-02-11T19:21:07.166611] [TDMA] RX header: slot=1 frame=973 epoch=98326268 records=0
[2026-02-11T19:21:07.183693] BRAGE,231222,1,973,-73,6,84,DL,
[2026-02-11T19:21:07.266198] [TDMA] RX header: slot=1 frame=974 epoch=98426268 records=0
[2026-02-11T19:21:07.282827] BRAGE,231322,1,974,-67,8,84,DL,
[2026-02-11T19:21:07.365351] [TDMA] RX header: slot=1 frame=975 epoch=98526268 records=0
[2026-02-11T19:21:07.381846] BRAGE,231422,1,975,-73,6,85,DL,
[2026-02-11T19:21:07.464856] [TDMA] RX header: slot=1 frame=976 epoch=98626268 records=0
[2026-02-11T19:21:07.481677] BRAGE,231522,1,976,-67,8,85,DL,
[2026-02-11T19:21:07.564102] [TDMA] RX header: slot=1 frame=977 epoch=98726268 records=0
[2026-02-11T19:21:07.580869] BRAGE,231622,1,977,-72,6,85,DL,
[2026-02-11T19:21:07.663329] [TDMA] RX header: slot=1 frame=978 epoch=98826268 records=0
[2026-02-11T19:21:07.679717] BRAGE,231722,1,978,-67,9,85,DL,
[2026-02-11T19:21:07.762859] [TDMA] RX header: slot=1 frame=979 epoch=98926268 records=0
[2026-02-11T19:21:07.779510] BRAGE,231822,1,979,-73,7,85,DL,
[2026-02-11T19:21:07.861568] [TDMA] RX header: slot=1 frame=980 epoch=99026268 records=0
[2026-02-11T19:21:07.878967] BRAGE,231922,1,980,-74,12,85,DL,
[2026-02-11T19:21:07.961346] [TDMA] RX header: slot=1 frame=981 epoch=99126268 records=0
[2026-02-11T19:21:07.978119] BRAGE,232022,1,981,-67,13,85,DL,
[2026-02-11T19:21:07.987883] [TDMA] TX DOWNLINK: records=1
[2026-02-11T19:21:08.060241] [TDMA] RX header: slot=1 frame=982 epoch=99226268 records=0
[2026-02-11T19:21:08.077789] BRAGE,232122,1,982,-73,7,85,DL,
[2026-02-11T19:21:08.176949] BRAGE,232222,1,983,0,0,84,NONE,
[2026-02-11T19:21:08.259318] [TDMA] RX header: slot=1 frame=984 epoch=99426268 records=0
[2026-02-11T19:21:08.276162] BRAGE,232323,1,984,-67,9,84,DL,
[2026-02-11T19:21:08.375181] BRAGE,232423,1,985,0,0,83,NONE,
[2026-02-11T19:21:08.474848] BRAGE,232523,1,986,0,0,82,NONE,
[2026-02-11T19:21:08.574035] BRAGE,232623,1,987,0,0,81,NONE,
[2026-02-11T19:21:08.656770] [TDMA] RX header: slot=1 frame=988 epoch=99826268 records=0
[2026-02-11T19:21:08.673147] BRAGE,232723,1,988,-70,12,81,DL,
[2026-02-11T19:21:08.756073] [TDMA] RX header: slot=1 frame=989 epoch=99926268 records=0
[2026-02-11T19:21:08.772901] BRAGE,232823,1,989,-71,13,82,DL,
[2026-02-11T19:21:08.872185] BRAGE,232923,1,990,0,0,81,NONE,
[2026-02-11T19:21:08.971093] BRAGE,233023,1,991,0,0,80,NONE,
[2026-02-11T19:21:08.981283] [TDMA] TX DOWNLINK: records=1
[2026-02-11T19:21:09.070529] BRAGE,233123,1,992,0,0,79,NONE,
[2026-02-11T19:21:09.153254] [TDMA] RX header: slot=1 frame=993 epoch=100326268 records=0
[2026-02-11T19:21:09.170017] BRAGE,233223,1,993,-71,13,79,DL,
[2026-02-11T19:21:09.269187] BRAGE,233323,1,994,0,0,78,NONE,
[2026-02-11T19:21:09.352186] [TDMA] RX header: slot=1 frame=995 epoch=100526268 records=0
[2026-02-11T19:21:09.369170] BRAGE,233423,1,995,-67,8,79,DL,
[2026-02-11T19:21:09.451146] [TDMA] RX header: slot=1 frame=996 epoch=100626268 records=0
[2026-02-11T19:21:09.467996] BRAGE,233523,1,996,-70,7,79,DL,
[2026-02-11T19:21:09.550940] [TDMA] RX header: slot=1 frame=997 epoch=100726268 records=0
[2026-02-11T19:21:09.567285] BRAGE,233623,1,997,-55,13,79,DL,
[2026-02-11T19:21:09.650223] [TDMA] RX header: slot=1 frame=998 epoch=100826268 records=0
[2026-02-11T19:21:09.667029] BRAGE,233723,1,998,-70,6,79,DL,
[2026-02-11T19:21:09.749270] [TDMA] RX header: slot=1 frame=999 epoch=100926268 records=0
[2026-02-11T19:21:09.767367] BRAGE,233823,1,999,-70,6,80,DL,
[2026-02-11T19:21:09.849031] [TDMA] RX header: slot=1 frame=1000 epoch=101026268 records=0
[2026-02-11T19:21:09.865838] BRAGE,233923,1,1000,-52,12,80,DL,
[2026-02-11T19:21:09.947723] [TDMA] RX header: slot=1 frame=1001 epoch=101126268 records=0
[2026-02-11T19:21:09.965007] BRAGE,234023,1,1001,-70,7,80,DL,
[2026-02-11T19:21:09.974866] [TDMA] TX DOWNLINK: records=1
[2026-02-11T19:21:10.047436] [TDMA] RX header: slot=1 frame=1002 epoch=101226268 records=0
[2026-02-11T19:21:10.064724] BRAGE,234124,1,1002,-70,6,80,DL,
[2026-02-11T19:21:10.147354] [TDMA] RX header: slot=1 frame=1003 epoch=101326268 records=0
[2026-02-11T19:21:10.164182] BRAGE,234224,1,1003,-64,9,80,DL,
[2026-02-11T19:21:10.246596] [TDMA] RX header: slot=1 frame=1004 epoch=101426268 records=0
[2026-02-11T19:21:10.262625] BRAGE,234324,1,1004,-73,6,80,DL,
[2026-02-11T19:21:10.345714] [TDMA] RX header: slot=1 frame=1005 epoch=101526268 records=0
[2026-02-11T19:21:10.362382] BRAGE,234424,1,1005,-72,6,80,DL,
[2026-02-11T19:21:10.445237] [TDMA] RX header: slot=1 frame=1006 epoch=101626268 records=0
[2026-02-11T19:21:10.461766] BRAGE,234524,1,1006,-72,6,80,DL,
[2026-02-11T19:21:10.544236] [TDMA] RX header: slot=1 frame=1007 epoch=101726268 records=0
[2026-02-11T19:21:10.560749] BRAGE,234624,1,1007,-72,6,80,DL,
[2026-02-11T19:21:10.643554] [TDMA] RX header: slot=1 frame=1008 epoch=101826268 records=0
[2026-02-11T19:21:10.660561] BRAGE,234724,1,1008,-70,6,80,DL,
[2026-02-11T19:21:10.742524] [TDMA] RX header: slot=1 frame=1009 epoch=101926268 records=0
[2026-02-11T19:21:10.759859] BRAGE,234824,1,1009,-51,11,80,DL,
[2026-02-11T19:21:10.842420] [TDMA] RX header: slot=1 frame=1010 epoch=102026268 records=0
[2026-02-11T19:21:10.858672] BRAGE,234924,1,1010,-72,6,80,DL,
[2026-02-11T19:21:10.941845] [TDMA] RX header: slot=1 frame=1011 epoch=102126268 records=0
[2026-02-11T19:21:10.958524] BRAGE,235024,1,1011,-67,7,81,DL,
[2026-02-11T19:21:10.968371] [TDMA] TX DOWNLINK: records=1
[2026-02-11T19:21:11.040576] [TDMA] RX header: slot=1 frame=1012 epoch=102226268 records=0
[2026-02-11T19:21:11.057299] BRAGE,235124,1,1012,-69,6,81,DL,
[2026-02-11T19:21:11.140322] [TDMA] RX header: slot=1 frame=1013 epoch=102326268 records=0
[2026-02-11T19:21:11.157290] BRAGE,235224,1,1013,-50,11,81,DL,
[2026-02-11T19:21:11.239719] [TDMA] RX header: slot=1 frame=1014 epoch=102426268 records=0
[2026-02-11T19:21:11.256029] BRAGE,235324,1,1014,-70,7,81,DL,
[2026-02-11T19:21:11.339341] [TDMA] RX header: slot=1 frame=1015 epoch=102526268 records=0
[2026-02-11T19:21:11.356041] BRAGE,235424,1,1015,-70,6,81,DL,
[2026-02-11T19:21:11.438533] [TDMA] RX header: slot=1 frame=1016 epoch=102626268 records=0
[2026-02-11T19:21:11.455039] BRAGE,235524,1,1016,-50,12,81,DL,
[2026-02-11T19:21:11.538168] [TDMA] RX header: slot=1 frame=1017 epoch=102726268 records=0
[2026-02-11T19:21:11.554565] BRAGE,235624,1,1017,-50,12,81,DL,
[2026-02-11T19:21:11.637265] [TDMA] RX header: slot=1 frame=1018 epoch=102826268 records=0
[2026-02-11T19:21:11.653382] BRAGE,235724,1,1018,-67,7,82,DL,
[2026-02-11T19:21:11.736666] [TDMA] RX header: slot=1 frame=1019 epoch=102926268 records=0
[2026-02-11T19:21:11.753130] BRAGE,235824,1,1019,-72,5,82,DL,
[2026-02-11T19:21:11.835588] [TDMA] RX header: slot=1 frame=1020 epoch=103026268 records=0
[2026-02-11T19:21:11.853090] BRAGE,235925,1,1020,-50,11,83,DL,
[2026-02-11T19:21:11.935269] [TDMA] RX header: slot=1 frame=1021 epoch=103126268 records=0
[2026-02-11T19:21:11.952694] BRAGE,236025,1,1021,-50,12,83,DL,
[2026-02-11T19:21:11.962170] [TDMA] TX DOWNLINK: records=1
[2026-02-11T19:21:12.035030] [TDMA] RX header: slot=1 frame=1022 epoch=103226268 records=0
[2026-02-11T19:21:12.051678] BRAGE,236125,1,1022,-49,12,83,DL,
[2026-02-11T19:21:12.133687] [TDMA] RX header: slot=1 frame=1023 epoch=103326268 records=0
[2026-02-11T19:21:12.150254] BRAGE,236225,1,1023,-70,7,83,DL,
[2026-02-11T19:21:12.233312] [TDMA] RX header: slot=1 frame=1024 epoch=103426268 records=0
[2026-02-11T19:21:12.250278] BRAGE,236325,1,1024,-70,6,84,DL,
[2026-02-11T19:21:12.331906] [TDMA] RX header: slot=1 frame=1025 epoch=103526268 records=0
[2026-02-11T19:21:12.349065] BRAGE,236425,1,1025,-70,6,84,DL,
[2026-02-11T19:21:12.432137] [TDMA] RX header: slot=1 frame=1026 epoch=103626268 records=0
[2026-02-11T19:21:12.448213] BRAGE,236525,1,1026,-70,6,84,DL,
[2026-02-11T19:21:12.531361] [TDMA] RX header: slot=1 frame=1027 epoch=103726268 records=0
[2026-02-11T19:21:12.548265] BRAGE,236625,1,1027,-70,6,84,DL,
[2026-02-11T19:21:12.630185] [TDMA] RX header: slot=1 frame=1028 epoch=103826268 records=0
[2026-02-11T19:21:12.647861] BRAGE,236725,1,1028,-72,6,85,DL,
[2026-02-11T19:21:12.730152] [TDMA] RX header: slot=1 frame=1029 epoch=103926268 records=0
[2026-02-11T19:21:12.746755] BRAGE,236825,1,1029,-67,7,85,DL,
[2026-02-11T19:21:12.829342] [TDMA] RX header: slot=1 frame=1030 epoch=104026268 records=0
[2026-02-11T19:21:12.846312] BRAGE,236925,1,1030,-72,6,85,DL,
[2026-02-11T19:21:12.928920] [TDMA] RX header: slot=1 frame=1031 epoch=104126268 records=0
[2026-02-11T19:21:12.945951] BRAGE,237025,1,1031,-70,6,85,DL,
[2026-02-11T19:21:12.955544] [TDMA] TX DOWNLINK: records=1
[2026-02-11T19:21:13.028293] [TDMA] RX header: slot=1 frame=1032 epoch=104226268 records=0
[2026-02-11T19:21:13.044772] BRAGE,237125,1,1032,-70,6,86,DL,
[2026-02-11T19:21:13.127329] [TDMA] RX header: slot=1 frame=1033 epoch=104326268 records=0
[2026-02-11T19:21:13.144099] BRAGE,237225,1,1033,-72,6,86,DL,
[2026-02-11T19:21:13.226543] [TDMA] RX header: slot=1 frame=1034 epoch=104426268 records=0
[2026-02-11T19:21:13.243494] BRAGE,237325,1,1034,-70,6,86,DL,
[2026-02-11T19:21:13.326238] [TDMA] RX header: slot=1 frame=1035 epoch=104526268 records=0
[2026-02-11T19:21:13.343117] BRAGE,237425,1,1035,-70,6,86,DL,
[2026-02-11T19:21:13.425315] [TDMA] RX header: slot=1 frame=1036 epoch=104626268 records=0
[2026-02-11T19:21:13.442408] BRAGE,237525,1,1036,-67,7,87,DL,
[2026-02-11T19:21:13.524706] [TDMA] RX header: slot=1 frame=1037 epoch=104726268 records=0
[2026-02-11T19:21:13.541539] BRAGE,237626,1,1037,-70,6,87,DL,
[2026-02-11T19:21:13.624354] [TDMA] RX header: slot=1 frame=1038 epoch=104826268 records=0
[2026-02-11T19:21:13.641063] BRAGE,237726,1,1038,-67,7,87,DL,
[2026-02-11T19:21:13.723402] [TDMA] RX header: slot=1 frame=1039 epoch=104926268 records=0
[2026-02-11T19:21:13.740210] BRAGE,237826,1,1039,-72,6,87,DL,
[2026-02-11T19:21:13.822739] [TDMA] RX header: slot=1 frame=1040 epoch=105026268 records=0
[2026-02-11T19:21:13.841902] BRAGE,237926,1,1040,-70,6,87,DL,
[2026-02-11T19:21:13.922687] [TDMA] RX header: slot=1 frame=1041 epoch=105126268 records=0
[2026-02-11T19:21:13.939080] BRAGE,238026,1,1041,-70,7,87,DL,
[2026-02-11T19:21:13.948912] [TDMA] TX DOWNLINK: records=1
[2026-02-11T19:21:14.021523] [TDMA] RX header: slot=1 frame=1042 epoch=105226268 records=0
[2026-02-11T19:21:14.037956] BRAGE,238126,1,1042,-72,6,87,DL,
[2026-02-11T19:21:14.120759] [TDMA] RX header: slot=1 frame=1043 epoch=105326268 records=0
[2026-02-11T19:21:14.137595] BRAGE,238226,1,1043,-70,6,87,DL,
[2026-02-11T19:21:14.219750] [TDMA] RX header: slot=1 frame=1044 epoch=105426268 records=0
[2026-02-11T19:21:14.237144] BRAGE,238326,1,1044,-70,6,87,DL,
[2026-02-11T19:21:14.319455] [TDMA] RX header: slot=1 frame=1045 epoch=105526268 records=0
[2026-02-11T19:21:14.336259] BRAGE,238426,1,1045,-69,6,87,DL,
[2026-02-11T19:21:14.418797] [TDMA] RX header: slot=1 frame=1046 epoch=105626268 records=0
[2026-02-11T19:21:14.435679] BRAGE,238526,1,1046,-72,6,87,DL,
[2026-02-11T19:21:14.517858] [TDMA] RX header: slot=1 frame=1047 epoch=105726268 records=0
[2026-02-11T19:21:14.535040] BRAGE,238626,1,1047,-67,7,87,DL,
[2026-02-11T19:21:14.619615] [TDMA] RX header: slot=1 frame=1048 epoch=105826268 records=0
[2026-02-11T19:21:14.634666] BRAGE,238726,1,1048,-52,11,87,DL,
[2026-02-11T19:21:14.716836] [TDMA] RX header: slot=1 frame=1049 epoch=105926268 records=0
[2026-02-11T19:21:14.733963] BRAGE,238826,1,1049,-70,6,88,DL,
[2026-02-11T19:21:14.816021] [TDMA] RX header: slot=1 frame=1050 epoch=106026268 records=0
[2026-02-11T19:21:14.832964] BRAGE,238926,1,1050,-72,6,88,DL,
[2026-02-11T19:21:14.915471] [TDMA] RX header: slot=1 frame=1051 epoch=106126268 records=0
[2026-02-11T19:21:14.932334] BRAGE,239026,1,1051,-64,9,88,DL,
[2026-02-11T19:21:14.942825] [TDMA] TX DOWNLINK: records=1
[2026-02-11T19:21:15.015008] [TDMA] RX header: slot=1 frame=1052 epoch=106226268 records=0
[2026-02-11T19:21:15.032076] BRAGE,239126,1,1052,-70,7,89,DL,
[2026-02-11T19:21:15.116846] [TDMA] RX header: slot=1 frame=1053 epoch=106326268 records=0
[2026-02-11T19:21:15.131030] BRAGE,239227,1,1053,-72,6,90,DL,
[2026-02-11T19:21:15.213390] [TDMA] RX header: slot=1 frame=1054 epoch=106426268 records=0
[2026-02-11T19:21:15.230145] BRAGE,239327,1,1054,-70,7,90,DL,
[2026-02-11T19:21:15.312987] [TDMA] RX header: slot=1 frame=1055 epoch=106526268 records=0
[2026-02-11T19:21:15.329807] BRAGE,239427,1,1055,-72,6,90,DL,
[2026-02-11T19:21:15.411919] [TDMA] RX header: slot=1 frame=1056 epoch=106626268 records=0
[2026-02-11T19:21:15.428770] BRAGE,239527,1,1056,-70,6,90,DL,
[2026-02-11T19:21:15.511144] [TDMA] RX header: slot=1 frame=1057 epoch=106726268 records=0
[2026-02-11T19:21:15.528254] BRAGE,239627,1,1057,-72,6,91,DL,
[2026-02-11T19:21:15.611381] [TDMA] RX header: slot=1 frame=1058 epoch=106826268 records=0
[2026-02-11T19:21:15.627969] BRAGE,239727,1,1058,-72,6,91,DL,
[2026-02-11T19:21:15.709997] [TDMA] RX header: slot=1 frame=1059 epoch=106926268 records=0
[2026-02-11T19:21:15.727209] BRAGE,239827,1,1059,-70,7,91,DL,
[2026-02-11T19:21:15.809305] [TDMA] RX header: slot=1 frame=1060 epoch=107026268 records=0
[2026-02-11T19:21:15.826521] BRAGE,239927,1,1060,-72,6,91,DL,
[2026-02-11T19:21:15.909007] [TDMA] RX header: slot=1 frame=1061 epoch=107126268 records=0
[2026-02-11T19:21:15.925662] BRAGE,240027,1,1061,-50,11,91,DL,
[2026-02-11T19:21:15.935789] [TDMA] TX DOWNLINK: records=1
[2026-02-11T19:21:16.008399] [TDMA] RX header: slot=1 frame=1062 epoch=107226268 records=0
[2026-02-11T19:21:16.024825] BRAGE,240127,1,1062,-72,6,91,DL,
[2026-02-11T19:21:16.107444] [TDMA] RX header: slot=1 frame=1063 epoch=107326268 records=0
[2026-02-11T19:21:16.124570] BRAGE,240227,1,1063,-50,11,91,DL,
[2026-02-11T19:21:16.207277] [TDMA] RX header: slot=1 frame=1064 epoch=107426268 records=0
[2026-02-11T19:21:16.223805] BRAGE,240327,1,1064,-72,5,91,DL,
[2026-02-11T19:21:16.306573] [TDMA] RX header: slot=1 frame=1065 epoch=107526268 records=0
[2026-02-11T19:21:16.323619] BRAGE,240427,1,1065,-70,6,91,DL,
[2026-02-11T19:21:16.405203] [TDMA] RX header: slot=1 frame=1066 epoch=107626268 records=0
[2026-02-11T19:21:16.422572] BRAGE,240527,1,1066,-51,12,91,DL,
[2026-02-11T19:21:16.505082] [TDMA] RX header: slot=1 frame=1067 epoch=107726268 records=0
[2026-02-11T19:21:16.521968] BRAGE,240627,1,1067,-70,7,91,DL,
[2026-02-11T19:21:16.604444] [TDMA] RX header: slot=1 frame=1068 epoch=107826268 records=0
[2026-02-11T19:21:16.621349] BRAGE,240727,1,1068,-50,12,91,DL,
[2026-02-11T19:21:16.703995] [TDMA] RX header: slot=1 frame=1069 epoch=107926268 records=0
[2026-02-11T19:21:16.720783] BRAGE,240828,1,1069,-50,11,91,DL,
[2026-02-11T19:21:16.803465] [TDMA] RX header: slot=1 frame=1070 epoch=108026268 records=0
[2026-02-11T19:21:16.820194] BRAGE,240928,1,1070,-72,6,92,DL,
[2026-02-11T19:21:16.902475] [TDMA] RX header: slot=1 frame=1071 epoch=108126268 records=0
[2026-02-11T19:21:16.918897] BRAGE,241028,1,1071,-51,12,92,DL,
[2026-02-11T19:21:16.928782] [TDMA] TX DOWNLINK: records=1
[2026-02-11T19:21:17.001842] [TDMA] RX header: slot=1 frame=1072 epoch=108226268 records=0
[2026-02-11T19:21:17.018879] BRAGE,241128,1,1072,-70,7,92,DL,
[2026-02-11T19:21:17.101208] [TDMA] RX header: slot=1 frame=1073 epoch=108326268 records=0
[2026-02-11T19:21:17.118298] BRAGE,241228,1,1073,-72,6,92,DL,
[2026-02-11T19:21:17.200494] [TDMA] RX header: slot=1 frame=1074 epoch=108426268 records=0
[2026-02-11T19:21:17.217049] BRAGE,241328,1,1074,-72,6,92,DL,
[2026-02-11T19:21:17.299580] [TDMA] RX header: slot=1 frame=1075 epoch=108526268 records=0
[2026-02-11T19:21:17.316434] BRAGE,241428,1,1075,-72,5,92,DL,
[2026-02-11T19:21:17.398948] [TDMA] RX header: slot=1 frame=1076 epoch=108626268 records=0
[2026-02-11T19:21:17.416258] BRAGE,241528,1,1076,-72,6,92,DL,
[2026-02-11T19:21:17.498682] [TDMA] RX header: slot=1 frame=1077 epoch=108726268 records=0
[2026-02-11T19:21:17.515127] BRAGE,241628,1,1077,-70,6,92,DL,
[2026-02-11T19:21:17.598054] [TDMA] RX header: slot=1 frame=1078 epoch=108826268 records=0
[2026-02-11T19:21:17.615045] BRAGE,241728,1,1078,-72,6,92,DL,
[2026-02-11T19:21:17.696816] [TDMA] RX header: slot=1 frame=1079 epoch=108926268 records=0
[2026-02-11T19:21:17.714508] BRAGE,241828,1,1079,-51,11,92,DL,
[2026-02-11T19:21:17.796917] [TDMA] RX header: slot=1 frame=1080 epoch=109026268 records=0
[2026-02-11T19:21:17.813371] BRAGE,241928,1,1080,-64,8,92,DL,
[2026-02-11T19:21:17.896455] [TDMA] RX header: slot=1 frame=1081 epoch=109126268 records=0
[2026-02-11T19:21:17.913074] BRAGE,242028,1,1081,-67,8,92,DL,
[2026-02-11T19:21:17.923454] [TDMA] TX DOWNLINK: records=1
[2026-02-11T19:21:17.994923] [TDMA] RX header: slot=1 frame=1082 epoch=109226268 records=0
[2026-02-11T19:21:18.012141] BRAGE,242128,1,1082,-70,6,92,DL,
[2026-02-11T19:21:18.094963] [TDMA] RX header: slot=1 frame=1083 epoch=109326268 records=0
[2026-02-11T19:21:18.111802] BRAGE,242229,1,1083,-70,6,93,DL,
[2026-02-11T19:21:18.193599] [TDMA] RX header: slot=1 frame=1084 epoch=109426268 records=0
[2026-02-11T19:21:18.210818] BRAGE,242329,1,1084,-70,7,93,DL,
[2026-02-11T19:21:18.292895] [TDMA] RX header: slot=1 frame=1085 epoch=109526268 records=0
[2026-02-11T19:21:18.310764] BRAGE,242429,1,1085,-72,6,94,DL,
[2026-02-11T19:21:18.392995] [TDMA] RX header: slot=1 frame=1086 epoch=109626268 records=0
[2026-02-11T19:21:18.409682] BRAGE,242529,1,1086,-70,6,95,DL,
[2026-02-11T19:21:18.492511] [TDMA] RX header: slot=1 frame=1087 epoch=109726268 records=0
[2026-02-11T19:21:18.508770] BRAGE,242629,1,1087,-51,11,96,DL,
[2026-02-11T19:21:18.591430] [TDMA] RX header: slot=1 frame=1088 epoch=109826268 records=0
[2026-02-11T19:21:18.608625] BRAGE,242729,1,1088,-64,8,96,DL,
[2026-02-11T19:21:18.690316] [TDMA] RX header: slot=1 frame=1089 epoch=109926268 records=0
[2026-02-11T19:21:18.707382] BRAGE,242829,1,1089,-72,6,96,DL,
[2026-02-11T19:21:18.790502] [TDMA] RX header: slot=1 frame=1090 epoch=110026268 records=0
[2026-02-11T19:21:18.806565] BRAGE,242929,1,1090,-67,6,97,DL,
[2026-02-11T19:21:18.889067] [TDMA] RX header: slot=1 frame=1091 epoch=110126268 records=0
[2026-02-11T19:21:18.906326] BRAGE,243029,1,1091,-72,6,98,DL,
[2026-02-11T19:21:18.916342] [TDMA] TX DOWNLINK: records=1
[2026-02-11T19:21:18.988397] [TDMA] RX header: slot=1 frame=1092 epoch=110226268 records=0
[2026-02-11T19:21:19.006001] BRAGE,243129,1,1092,-70,7,99,DL,
[2026-02-11T19:21:19.088212] [TDMA] RX header: slot=1 frame=1093 epoch=110326268 records=0
[2026-02-11T19:21:19.105233] BRAGE,243229,1,1093,-50,11,99,DL,
[2026-02-11T19:21:19.187466] [TDMA] RX header: slot=1 frame=1094 epoch=110426268 records=0
[2026-02-11T19:21:19.204443] BRAGE,243329,1,1094,-50,11,100,DL,
[2026-02-11T19:21:19.286475] [TDMA] RX header: slot=1 frame=1095 epoch=110526268 records=0
[2026-02-11T19:21:19.303858] BRAGE,243429,1,1095,-50,12,100,DL,
[2026-02-11T19:21:19.386223] [TDMA] RX header: slot=1 frame=1096 epoch=110626268 records=0
[2026-02-11T19:21:19.402698] BRAGE,243529,1,1096,-50,12,100,DL,
[2026-02-11T19:21:19.486408] [TDMA] RX header: slot=1 frame=1097 epoch=110726268 records=0
[2026-02-11T19:21:19.502423] BRAGE,243629,1,1097,-67,7,100,DL,
[2026-02-11T19:21:19.584431] [TDMA] RX header: slot=1 frame=1098 epoch=110826268 records=0
[2026-02-11T19:21:19.601825] BRAGE,243729,1,1098,-72,6,100,DL,
[2026-02-11T19:21:19.684215] [TDMA] RX header: slot=1 frame=1099 epoch=110926268 records=0
[2026-02-11T19:21:19.701151] BRAGE,243829,1,1099,-73,7,100,DL,
[2026-02-11T19:21:19.783512] [TDMA] RX header: slot=1 frame=1100 epoch=111026268 records=0
[2026-02-11T19:21:19.800011] BRAGE,243930,1,1100,-70,6,100,DL,
[2026-02-11T19:21:19.882905] [TDMA] RX header: slot=1 frame=1101 epoch=111126268 records=0
[2026-02-11T19:21:19.899482] BRAGE,244030,1,1101,-73,7,100,DL,
[2026-02-11T19:21:19.909955] [TDMA] TX DOWNLINK: records=1
[2026-02-11T19:21:19.981896] [TDMA] RX header: slot=1 frame=1102 epoch=111226268 records=0
[2026-02-11T19:21:19.999097] BRAGE,244130,1,1102,-70,7,100,DL,
[2026-02-11T19:21:20.098462] BRAGE,244230,1,1103,0,0,99,NONE,
[2026-02-11T19:21:20.181149] [TDMA] RX header: slot=1 frame=1104 epoch=111426268 records=0
[2026-02-11T19:21:20.197354] BRAGE,244330,1,1104,-77,11,99,DL,
[2026-02-11T19:21:20.280265] [TDMA] RX header: slot=1 frame=1105 epoch=111526268 records=0
[2026-02-11T19:21:20.297745] BRAGE,244430,1,1105,-73,8,99,DL,
[2026-02-11T19:21:20.379318] [TDMA] RX header: slot=1 frame=1106 epoch=111626268 records=0
[2026-02-11T19:21:20.396212] BRAGE,244530,1,1106,-73,7,99,DL,
[2026-02-11T19:21:20.478750] [TDMA] RX header: slot=1 frame=1107 epoch=111726268 records=0
[2026-02-11T19:21:20.495805] BRAGE,244630,1,1107,-80,10,99,DL,
[2026-02-11T19:21:20.577985] [TDMA] RX header: slot=1 frame=1108 epoch=111826268 records=0
[2026-02-11T19:21:20.595123] BRAGE,244730,1,1108,-74,11,99,DL,
[2026-02-11T19:21:20.677690] [TDMA] RX header: slot=1 frame=1109 epoch=111926268 records=0
[2026-02-11T19:21:20.694076] BRAGE,244830,1,1109,-74,12,99,DL,
[2026-02-11T19:21:20.777141] [TDMA] RX header: slot=1 frame=1110 epoch=112026268 records=0
[2026-02-11T19:21:20.793385] BRAGE,244930,1,1110,-73,9,99,DL,
[2026-02-11T19:21:20.875968] [TDMA] RX header: slot=1 frame=1111 epoch=112126268 records=0
[2026-02-11T19:21:20.892945] BRAGE,245030,1,1111,-73,8,99,DL,
[2026-02-11T19:21:20.902631] [TDMA] TX DOWNLINK: records=1
[2026-02-11T19:21:20.975622] [TDMA] RX header: slot=1 frame=1112 epoch=112226268 records=0
[2026-02-11T19:21:20.991950] BRAGE,245130,1,1112,-73,9,99,DL,
[2026-02-11T19:21:21.074970] [TDMA] RX header: slot=1 frame=1113 epoch=112326268 records=0
[2026-02-11T19:21:21.091590] BRAGE,245230,1,1113,-74,10,99,DL,
[2026-02-11T19:21:21.173957] [TDMA] RX header: slot=1 frame=1114 epoch=112426268 records=0
[2026-02-11T19:21:21.191524] BRAGE,245330,1,1114,-77,11,99,DL,
[2026-02-11T19:21:21.273151] [TDMA] RX header: slot=1 frame=1115 epoch=112526268 records=0
[2026-02-11T19:21:21.290500] BRAGE,245430,1,1115,-73,6,99,DL,
[2026-02-11T19:21:21.373328] [TDMA] RX header: slot=1 frame=1116 epoch=112626268 records=0
[2026-02-11T19:21:21.390432] BRAGE,245530,1,1116,-73,6,99,DL,
[2026-02-11T19:21:21.472388] [TDMA] RX header: slot=1 frame=1117 epoch=112726268 records=0
[2026-02-11T19:21:21.494429] BRAGE,245630,1,1117,-72,6,99,DL,
[2026-02-11T19:21:21.588979] BRAGE,245731,1,1118,0,0,98,NONE,
[2026-02-11T19:21:21.688162] BRAGE,245830,1,1119,0,0,97,NONE,
[2026-02-11T19:21:21.770779] [TDMA] RX header: slot=1 frame=1120 epoch=113026268 records=0
[2026-02-11T19:21:21.787320] BRAGE,245931,1,1120,-65,11,97,DL,
[2026-02-11T19:21:21.886806] BRAGE,246031,1,1121,0,0,96,NONE,
[2026-02-11T19:21:21.896494] [TDMA] TX DOWNLINK: records=1
[2026-02-11T19:21:21.968789] [TDMA] RX header: slot=1 frame=1122 epoch=113226268 records=0
[2026-02-11T19:21:21.985700] BRAGE,246131,1,1122,-70,7,96,DL,
[2026-02-11T19:21:22.085057] BRAGE,246231,1,1123,0,0,95,NONE,
[2026-02-11T19:21:22.167476] [TDMA] RX header: slot=1 frame=1124 epoch=113426268 records=0
[2026-02-11T19:21:22.184761] BRAGE,246331,1,1124,-67,7,95,DL,
[2026-02-11T19:21:22.267509] [TDMA] RX header: slot=1 frame=1125 epoch=113526268 records=0
[2026-02-11T19:21:22.283612] BRAGE,246431,1,1125,-72,6,95,DL,
[2026-02-11T19:21:22.383310] BRAGE,246531,1,1126,0,0,94,NONE,
[2026-02-11T19:21:22.465329] [TDMA] RX header: slot=1 frame=1127 epoch=113726268 records=0
[2026-02-11T19:21:22.483074] BRAGE,246631,1,1127,-64,9,94,DL,
[2026-02-11T19:21:22.565425] [TDMA] RX header: slot=1 frame=1128 epoch=113826268 records=0
[2026-02-11T19:21:22.581931] BRAGE,246731,1,1128,-69,6,94,DL,
[2026-02-11T19:21:22.664769] [TDMA] RX header: slot=1 frame=1129 epoch=113926268 records=0
[2026-02-11T19:21:22.681153] BRAGE,246831,1,1129,-70,7,94,DL,
[2026-02-11T19:21:22.763596] [TDMA] RX header: slot=1 frame=1130 epoch=114026268 records=0
[2026-02-11T19:21:22.781561] BRAGE,246931,1,1130,-72,6,94,DL,
[2026-02-11T19:21:22.863396] [TDMA] RX header: slot=1 frame=1131 epoch=114126268 records=0
[2026-02-11T19:21:22.879752] BRAGE,247031,1,1131,-67,7,94,DL,
[2026-02-11T19:21:22.889559] [TDMA] TX DOWNLINK: records=1
[2026-02-11T19:21:22.962821] [TDMA] RX header: slot=1 frame=1132 epoch=114226268 records=0
[2026-02-11T19:21:22.979474] BRAGE,247131,1,1132,-72,6,94,DL,
[2026-02-11T19:21:23.061958] [TDMA] RX header: slot=1 frame=1133 epoch=114326268 records=0
[2026-02-11T19:21:23.078811] BRAGE,247231,1,1133,-67,7,94,DL,
[2026-02-11T19:21:23.161329] [TDMA] RX header: slot=1 frame=1134 epoch=114426268 records=0
[2026-02-11T19:21:23.178156] BRAGE,247331,1,1134,-62,10,94,DL,
[2026-02-11T19:21:23.279622] BRAGE,247431,1,1135,0,0,93,NONE,
[2026-02-11T19:21:23.360061] [TDMA] RX header: slot=1 frame=1136 epoch=114626268 records=0
[2026-02-11T19:21:23.376487] BRAGE,247532,1,1136,-64,9,93,DL,
[2026-02-11T19:21:23.459402] [TDMA] RX header: slot=1 frame=1137 epoch=114726268 records=0
[2026-02-11T19:21:23.476158] BRAGE,247632,1,1137,-57,12,93,DL,
[2026-02-11T19:21:23.575202] BRAGE,247732,1,1138,0,0,92,NONE,
[2026-02-11T19:21:23.658328] [TDMA] RX header: slot=1 frame=1139 epoch=114926268 records=0
[2026-02-11T19:21:23.674883] BRAGE,247832,1,1139,-67,7,92,DL,
[2026-02-11T19:21:23.757355] [TDMA] RX header: slot=1 frame=1140 epoch=115026268 records=0
[2026-02-11T19:21:23.774482] BRAGE,247932,1,1140,-57,12,92,DL,
[2026-02-11T19:21:23.856803] [TDMA] RX header: slot=1 frame=1141 epoch=115126268 records=0
[2026-02-11T19:21:23.873522] BRAGE,248032,1,1141,-62,10,92,DL,
[2026-02-11T19:21:23.883048] [TDMA] TX DOWNLINK: records=1
[2026-02-11T19:21:23.956060] [TDMA] RX header: slot=1 frame=1142 epoch=115226268 records=0
[2026-02-11T19:21:23.972951] BRAGE,248132,1,1142,-57,12,92,DL,
[2026-02-11T19:21:24.055358] [TDMA] RX header: slot=1 frame=1143 epoch=115326268 records=0
[2026-02-11T19:21:24.072188] BRAGE,248232,1,1143,-56,12,92,DL,
[2026-02-11T19:21:24.154344] [TDMA] RX header: slot=1 frame=1144 epoch=115426268 records=0
[2026-02-11T19:21:24.171245] BRAGE,248332,1,1144,-70,6,92,DL,
[2026-02-11T19:21:24.254120] [TDMA] RX header: slot=1 frame=1145 epoch=115526268 records=0
[2026-02-11T19:21:24.270948] BRAGE,248432,1,1145,-73,6,92,DL,
[2026-02-11T19:21:24.353070] [TDMA] RX header: slot=1 frame=1146 epoch=115626268 records=0
[2026-02-11T19:21:24.370338] BRAGE,248532,1,1146,-73,7,92,DL,
[2026-02-11T19:21:24.452941] [TDMA] RX header: slot=1 frame=1147 epoch=115726268 records=0
[2026-02-11T19:21:24.469217] BRAGE,248632,1,1147,-65,12,92,DL,
[2026-02-11T19:21:24.569029] BRAGE,248732,1,1148,0,0,91,NONE,
[2026-02-11T19:21:24.651123] [TDMA] RX header: slot=1 frame=1149 epoch=115926268 records=0
[2026-02-11T19:21:24.668295] BRAGE,248832,1,1149,-70,7,91,DL,
[2026-02-11T19:21:24.751085] [TDMA] RX header: slot=1 frame=1150 epoch=116026268 records=0
[2026-02-11T19:21:24.767708] BRAGE,248932,1,1150,-72,6,91,DL,
[2026-02-11T19:21:24.850200] [TDMA] RX header: slot=1 frame=1151 epoch=116126268 records=0
[2026-02-11T19:21:24.866769] BRAGE,249032,1,1151,-70,7,91,DL,
[2026-02-11T19:21:24.876985] [TDMA] TX DOWNLINK: records=1
[2026-02-11T19:21:24.949136] [TDMA] RX header: slot=1 frame=1152 epoch=116226268 records=0
[2026-02-11T19:21:24.966462] BRAGE,249132,1,1152,-64,8,91,DL,
[2026-02-11T19:21:25.048985] [TDMA] RX header: slot=1 frame=1153 epoch=116326268 records=0
[2026-02-11T19:21:25.066981] BRAGE,249232,1,1153,-70,6,91,DL,
[2026-02-11T19:21:25.147970] [TDMA] RX header: slot=1 frame=1154 epoch=116426268 records=0
[2026-02-11T19:21:25.165066] BRAGE,249333,1,1154,-72,6,91,DL,
[2026-02-11T19:21:25.247591] [TDMA] RX header: slot=1 frame=1155 epoch=116526268 records=0
[2026-02-11T19:21:25.264060] BRAGE,249433,1,1155,-70,6,91,DL,
[2026-02-11T19:21:25.347411] [TDMA] RX header: slot=1 frame=1156 epoch=116626268 records=0
[2026-02-11T19:21:25.363846] BRAGE,249533,1,1156,-72,6,91,DL,
[2026-02-11T19:21:25.462758] BRAGE,249633,1,1157,0,0,90,NONE,
[2026-02-11T19:21:25.545302] [TDMA] RX header: slot=1 frame=1158 epoch=116826268 records=0
[2026-02-11T19:21:25.562531] BRAGE,249733,1,1158,-70,6,90,DL,
[2026-02-11T19:21:25.644990] [TDMA] RX header: slot=1 frame=1159 epoch=116926268 records=0
[2026-02-11T19:21:25.662153] BRAGE,249833,1,1159,-64,8,90,DL,
[2026-02-11T19:21:25.760902] BRAGE,249933,1,1160,0,0,89,NONE,
[2026-02-11T19:21:25.844301] [TDMA] RX header: slot=1 frame=1161 epoch=117126268 records=0
[2026-02-11T19:21:25.860827] BRAGE,250033,1,1161,-73,5,89,DL,
[2026-02-11T19:21:25.870430] [TDMA] TX DOWNLINK: records=1
[2026-02-11T19:21:25.942741] [TDMA] RX header: slot=1 frame=1162 epoch=117226268 records=0
[2026-02-11T19:21:25.960106] BRAGE,250133,1,1162,-67,7,89,DL,
[2026-02-11T19:21:26.042111] [TDMA] RX header: slot=1 frame=1163 epoch=117326268 records=0
[2026-02-11T19:21:26.058946] BRAGE,250233,1,1163,-73,6,89,DL,
[2026-02-11T19:21:26.142078] [TDMA] RX header: slot=1 frame=1164 epoch=117426268 records=0
[2026-02-11T19:21:26.158819] BRAGE,250333,1,1164,-70,6,89,DL,
[2026-02-11T19:21:26.240799] [TDMA] RX header: slot=1 frame=1165 epoch=117526268 records=0
[2026-02-11T19:21:26.258051] BRAGE,250433,1,1165,-72,5,89,DL,
[2026-02-11T19:21:26.342257] [TDMA] RX header: slot=1 frame=1166 epoch=117626268 records=0
[2026-02-11T19:21:26.357838] BRAGE,250533,1,1166,-72,6,89,DL,
[2026-02-11T19:21:26.440006] [TDMA] RX header: slot=1 frame=1167 epoch=117726268 records=0
[2026-02-11T19:21:26.456532] BRAGE,250633,1,1167,-72,6,89,DL,
[2026-02-11T19:21:26.538879] [TDMA] RX header: slot=1 frame=1168 epoch=117826268 records=0
[2026-02-11T19:21:26.556160] BRAGE,250733,1,1168,-72,5,89,DL,
[2026-02-11T19:21:26.638541] [TDMA] RX header: slot=1 frame=1169 epoch=117926268 records=0
[2026-02-11T19:21:26.655529] BRAGE,250834,1,1169,-72,6,89,DL,
[2026-02-11T19:21:26.737429] [TDMA] RX header: slot=1 frame=1170 epoch=118026268 records=0
[2026-02-11T19:21:26.754968] BRAGE,250934,1,1170,-64,9,89,DL,
[2026-02-11T19:21:26.837223] [TDMA] RX header: slot=1 frame=1171 epoch=118126268 records=0
[2026-02-11T19:21:26.853898] BRAGE,251034,1,1171,-73,6,89,DL,
[2026-02-11T19:21:26.864602] [TDMA] TX DOWNLINK: records=1
[2026-02-11T19:21:26.936774] [TDMA] RX header: slot=1 frame=1172 epoch=118226268 records=0
[2026-02-11T19:21:26.953287] BRAGE,251134,1,1172,-72,6,89,DL,
[2026-02-11T19:21:27.036263] [TDMA] RX header: slot=1 frame=1173 epoch=118326268 records=0
[2026-02-11T19:21:27.053085] BRAGE,251234,1,1173,-64,9,89,DL,
[2026-02-11T19:21:27.135210] [TDMA] RX header: slot=1 frame=1174 epoch=118426268 records=0
[2026-02-11T19:21:27.152513] BRAGE,251334,1,1174,-64,9,89,DL,
[2026-02-11T19:21:27.234788] [TDMA] RX header: slot=1 frame=1175 epoch=118526268 records=0
[2026-02-11T19:21:27.251996] BRAGE,251434,1,1175,-64,9,89,DL,
[2026-02-11T19:21:27.334083] [TDMA] RX header: slot=1 frame=1176 epoch=118626268 records=0
[2026-02-11T19:21:27.350662] BRAGE,251534,1,1176,-64,9,89,DL,
[2026-02-11T19:21:27.433168] [TDMA] RX header: slot=1 frame=1177 epoch=118726268 records=0
[2026-02-11T19:21:27.452785] BRAGE,251634,1,1177,-64,9,89,DL,
[2026-02-11T19:21:27.532554] [TDMA] RX header: slot=1 frame=1178 epoch=118826268 records=0
[2026-02-11T19:21:27.549700] BRAGE,251734,1,1178,-72,6,89,DL,
[2026-02-11T19:21:27.631552] [TDMA] RX header: slot=1 frame=1179 epoch=118926268 records=0
[2026-02-11T19:21:27.648446] BRAGE,251834,1,1179,-72,6,89,DL,
[2026-02-11T19:21:27.731578] [TDMA] RX header: slot=1 frame=1180 epoch=119026268 records=0
[2026-02-11T19:21:27.748955] BRAGE,251934,1,1180,-70,7,89,DL,
[2026-02-11T19:21:27.830213] [TDMA] RX header: slot=1 frame=1181 epoch=119126268 records=0
[2026-02-11T19:21:27.848251] BRAGE,252034,1,1181,-64,9,89,DL,
[2026-02-11T19:21:27.858075] [TDMA] TX DOWNLINK: records=1
[2026-02-11T19:21:27.930442] [TDMA] RX header: slot=1 frame=1182 epoch=119226268 records=0
[2026-02-11T19:21:27.946915] BRAGE,252135,1,1182,-72,6,89,DL,
[2026-02-11T19:21:28.029843] [TDMA] RX header: slot=1 frame=1183 epoch=119326268 records=0
[2026-02-11T19:21:28.046342] BRAGE,252235,1,1183,-72,6,89,DL,
[2026-02-11T19:21:28.128562] [TDMA] RX header: slot=1 frame=1184 epoch=119426268 records=0
[2026-02-11T19:21:28.146147] BRAGE,252335,1,1184,-72,6,89,DL,
[2026-02-11T19:21:28.228193] [TDMA] RX header: slot=1 frame=1185 epoch=119526268 records=0
[2026-02-11T19:21:28.245054] BRAGE,252435,1,1185,-72,6,89,DL,
[2026-02-11T19:21:28.326944] [TDMA] RX header: slot=1 frame=1186 epoch=119626268 records=0
[2026-02-11T19:21:28.344283] BRAGE,252535,1,1186,-64,9,89,DL,
[2026-02-11T19:21:28.426914] [TDMA] RX header: slot=1 frame=1187 epoch=119726268 records=0
[2026-02-11T19:21:28.443737] BRAGE,252635,1,1187,-69,6,89,DL,
[2026-02-11T19:21:28.525878] [TDMA] RX header: slot=1 frame=1188 epoch=119826268 records=0
[2026-02-11T19:21:28.543315] BRAGE,252735,1,1188,-64,9,89,DL,
[2026-02-11T19:21:28.625264] [TDMA] RX header: slot=1 frame=1189 epoch=119926268 records=0
[2026-02-11T19:21:28.642418] BRAGE,252835,1,1189,-72,6,89,DL,
[2026-02-11T19:21:28.724400] [TDMA] RX header: slot=1 frame=1190 epoch=120026268 records=0
[2026-02-11T19:21:28.741866] BRAGE,252935,1,1190,-64,9,89,DL,
[2026-02-11T19:21:28.824246] [TDMA] RX header: slot=1 frame=1191 epoch=120126268 records=0
[2026-02-11T19:21:28.840850] BRAGE,253035,1,1191,-67,7,89,DL,
[2026-02-11T19:21:28.850700] [TDMA] TX DOWNLINK: records=1
[2026-02-11T19:21:28.923187] [TDMA] RX header: slot=1 frame=1192 epoch=120226268 records=0
[2026-02-11T19:21:28.939978] BRAGE,253135,1,1192,-62,9,89,DL,
[2026-02-11T19:21:29.023411] [TDMA] RX header: slot=1 frame=1193 epoch=120326268 records=0
[2026-02-11T19:21:29.039839] BRAGE,253235,1,1193,-64,9,89,DL,
[2026-02-11T19:21:29.122317] [TDMA] RX header: slot=1 frame=1194 epoch=120426268 records=0
[2026-02-11T19:21:29.139040] BRAGE,253335,1,1194,-72,6,89,DL,
[2026-02-11T19:21:29.237916] BRAGE,253435,1,1195,0,0,88,NONE,
[2026-02-11T19:21:29.320486] [TDMA] RX header: slot=1 frame=1196 epoch=120626268 records=0
[2026-02-11T19:21:29.338058] BRAGE,253535,1,1196,-73,8,88,DL,
[2026-02-11T19:21:29.437087] BRAGE,253635,1,1197,0,0,87,NONE,
[2026-02-11T19:21:29.536558] BRAGE,253735,1,1198,0,0,86,NONE,
[2026-02-11T19:21:29.635321] BRAGE,253835,1,1199,0,0,85,NONE,
[2026-02-11T19:21:29.718043] [TDMA] RX header: slot=1 frame=1200 epoch=121026268 records=0
[2026-02-11T19:21:29.734848] BRAGE,253936,1,1200,-68,12,85,DL,
[2026-02-11T19:21:29.834870] BRAGE,254036,1,1201,0,0,84,NONE,
[2026-02-11T19:21:29.844443] [TDMA] TX DOWNLINK: records=1
[2026-02-11T19:21:29.917231] [TDMA] RX header: slot=1 frame=1202 epoch=121226268 records=0
[2026-02-11T19:21:29.934101] BRAGE,254136,1,1202,-66,11,84,DL,
[2026-02-11T19:21:30.017865] [TDMA] RX header: slot=1 frame=1203 epoch=121326268 records=0
[2026-02-11T19:21:30.033441] BRAGE,254236,1,1203,-66,12,85,DL,
[2026-02-11T19:21:30.115850] [TDMA] RX header: slot=1 frame=1204 epoch=121426268 records=0
[2026-02-11T19:21:30.132721] BRAGE,254336,1,1204,-72,6,85,DL,
[2026-02-11T19:21:30.231386] BRAGE,254436,1,1205,0,0,84,NONE,
[2026-02-11T19:21:30.314395] [TDMA] RX header: slot=1 frame=1206 epoch=121626268 records=0
[2026-02-11T19:21:30.330806] BRAGE,254536,1,1206,-61,11,84,DL,
[2026-02-11T19:21:30.413871] [TDMA] RX header: slot=1 frame=1207 epoch=121726268 records=0
[2026-02-11T19:21:30.430611] BRAGE,254636,1,1207,-70,7,84,DL,
[2026-02-11T19:21:30.529988] BRAGE,254736,1,1208,0,0,83,NONE,
[2026-02-11T19:21:30.612328] [TDMA] RX header: slot=1 frame=1209 epoch=121926268 records=0
[2026-02-11T19:21:30.629605] BRAGE,254836,1,1209,-67,9,83,DL,
[2026-02-11T19:21:30.712025] [TDMA] RX header: slot=1 frame=1210 epoch=122026268 records=0
[2026-02-11T19:21:30.728526] BRAGE,254936,1,1210,-65,11,83,DL,
[2026-02-11T19:21:30.811343] [TDMA] RX header: slot=1 frame=1211 epoch=122126268 records=0
[2026-02-11T19:21:30.827713] BRAGE,255036,1,1211,-64,9,83,DL,
[2026-02-11T19:21:30.837767] [TDMA] TX DOWNLINK: records=1
[2026-02-11T19:21:30.910536] [TDMA] RX header: slot=1 frame=1212 epoch=122226268 records=0
[2026-02-11T19:21:30.927401] BRAGE,255136,1,1212,-64,10,83,DL,
[2026-02-11T19:21:31.026728] BRAGE,255236,1,1213,0,0,82,NONE,
[2026-02-11T19:21:31.109328] [TDMA] RX header: slot=1 frame=1214 epoch=122426268 records=0
[2026-02-11T19:21:31.125761] BRAGE,255337,1,1214,-62,11,82,DL,
[2026-02-11T19:21:31.208626] [TDMA] RX header: slot=1 frame=1215 epoch=122526268 records=0
[2026-02-11T19:21:31.225380] BRAGE,255437,1,1215,-64,9,82,DL,
[2026-02-11T19:21:31.307585] [TDMA] RX header: slot=1 frame=1216 epoch=122626268 records=0
[2026-02-11T19:21:31.324912] BRAGE,255537,1,1216,-62,10,82,DL,
[2026-02-11T19:21:31.407363] [TDMA] RX header: slot=1 frame=1217 epoch=122726268 records=0
[2026-02-11T19:21:31.424280] BRAGE,255637,1,1217,-64,10,82,DL,
[2026-02-11T19:21:31.506543] [TDMA] RX header: slot=1 frame=1218 epoch=122826268 records=0
[2026-02-11T19:21:31.523962] BRAGE,255737,1,1218,-65,10,83,DL,
[2026-02-11T19:21:31.622879] BRAGE,255837,1,1219,0,0,83,NONE,
[2026-02-11T19:21:31.705480] [TDMA] RX header: slot=1 frame=1220 epoch=123026268 records=0
[2026-02-11T19:21:31.722153] BRAGE,255937,1,1220,-73,6,83,DL,
[2026-02-11T19:21:31.804765] [TDMA] RX header: slot=1 frame=1221 epoch=123126268 records=0
[2026-02-11T19:21:31.821200] BRAGE,256037,1,1221,-61,11,84,DL,
[2026-02-11T19:21:31.830982] [TDMA] TX DOWNLINK: records=1
[2026-02-11T19:21:31.903674] [TDMA] RX header: slot=1 frame=1222 epoch=123226268 records=0
[2026-02-11T19:21:31.920906] BRAGE,256137,1,1222,-60,11,84,DL,
[2026-02-11T19:21:32.003580] [TDMA] RX header: slot=1 frame=1223 epoch=123326268 records=0
[2026-02-11T19:21:32.020082] BRAGE,256237,1,1223,-59,11,85,DL,
[2026-02-11T19:21:32.102903] [TDMA] RX header: slot=1 frame=1224 epoch=123426268 records=0
[2026-02-11T19:21:32.119382] BRAGE,256337,1,1224,-64,9,85,DL,
[2026-02-11T19:21:32.202364] [TDMA] RX header: slot=1 frame=1225 epoch=123526268 records=0
[2026-02-11T19:21:32.221952] BRAGE,256437,1,1225,-72,6,85,DL,
[2026-02-11T19:21:32.301206] [TDMA] RX header: slot=1 frame=1226 epoch=123626268 records=0
[2026-02-11T19:21:32.318601] BRAGE,256537,1,1226,-64,9,86,DL,
[2026-02-11T19:21:32.400954] [TDMA] RX header: slot=1 frame=1227 epoch=123726268 records=0
[2026-02-11T19:21:32.417483] BRAGE,256637,1,1227,-59,11,86,DL,
[2026-02-11T19:21:32.500378] [TDMA] RX header: slot=1 frame=1228 epoch=123826268 records=0
[2026-02-11T19:21:32.519012] BRAGE,256738,1,1228,-64,9,86,DL,
[2026-02-11T19:21:32.598963] [TDMA] RX header: slot=1 frame=1229 epoch=123926268 records=0
[2026-02-11T19:21:32.615827] BRAGE,256838,1,1229,-64,9,86,DL,
[2026-02-11T19:21:32.698966] [TDMA] RX header: slot=1 frame=1230 epoch=124026268 records=0
[2026-02-11T19:21:32.719377] BRAGE,256938,1,1230,-73,6,86,DL,
[2026-02-11T19:21:32.797799] [TDMA] RX header: slot=1 frame=1231 epoch=124126268 records=0
[2026-02-11T19:21:32.814458] BRAGE,257038,1,1231,-72,6,86,DL,
[2026-02-11T19:21:32.824121] [TDMA] TX DOWNLINK: records=1
[2026-02-11T19:21:32.897067] [TDMA] RX header: slot=1 frame=1232 epoch=124226268 records=0
[2026-02-11T19:21:32.914719] BRAGE,257138,1,1232,-72,6,86,DL,
[2026-02-11T19:21:33.013450] BRAGE,257238,1,1233,0,0,85,NONE,
[2026-02-11T19:21:33.096355] [TDMA] RX header: slot=1 frame=1234 epoch=124426268 records=0
[2026-02-11T19:21:33.113143] BRAGE,257338,1,1234,-60,11,85,DL,
[2026-02-11T19:21:33.212813] BRAGE,257438,1,1235,0,0,85,NONE,
[2026-02-11T19:21:33.294577] [TDMA] RX header: slot=1 frame=1236 epoch=124626268 records=0
[2026-02-11T19:21:33.311476] BRAGE,257538,1,1236,-67,8,85,DL,
[2026-02-11T19:21:33.394518] [TDMA] RX header: slot=1 frame=1237 epoch=124726268 records=0
[2026-02-11T19:21:33.411034] BRAGE,257638,1,1237,-72,6,85,DL,
[2026-02-11T19:21:33.510871] BRAGE,257738,1,1238,0,0,85,NONE,
[2026-02-11T19:21:33.593044] [TDMA] RX header: slot=1 frame=1239 epoch=124926268 records=0
[2026-02-11T19:21:33.610058] BRAGE,257838,1,1239,-67,7,85,DL,
[2026-02-11T19:21:33.692492] [TDMA] RX header: slot=1 frame=1240 epoch=125026268 records=0
[2026-02-11T19:21:33.708568] BRAGE,257938,1,1240,-60,11,85,DL,
[2026-02-11T19:21:33.791682] [TDMA] RX header: slot=1 frame=1241 epoch=125126268 records=0
[2026-02-11T19:21:33.807874] BRAGE,258038,1,1241,-70,7,85,DL,
[2026-02-11T19:21:33.818478] [TDMA] TX DOWNLINK: records=1
[2026-02-11T19:21:33.890747] [TDMA] RX header: slot=1 frame=1242 epoch=125226268 records=0
[2026-02-11T19:21:33.907784] BRAGE,258138,1,1242,-64,9,85,DL,
[2026-02-11T19:21:33.990118] [TDMA] RX header: slot=1 frame=1243 epoch=125326268 records=0
[2026-02-11T19:21:34.007200] BRAGE,258239,1,1243,-73,6,85,DL,
[2026-02-11T19:21:34.089080] [TDMA] RX header: slot=1 frame=1244 epoch=125426268 records=0
[2026-02-11T19:21:34.105857] BRAGE,258339,1,1244,-64,9,85,DL,
[2026-02-11T19:21:34.188480] [TDMA] RX header: slot=1 frame=1245 epoch=125526268 records=0
[2026-02-11T19:21:34.205705] BRAGE,258439,1,1245,-72,6,85,DL,
[2026-02-11T19:21:34.288100] [TDMA] RX header: slot=1 frame=1246 epoch=125626268 records=0
[2026-02-11T19:21:34.304810] BRAGE,258539,1,1246,-72,6,85,DL,
[2026-02-11T19:21:34.387546] [TDMA] RX header: slot=1 frame=1247 epoch=125726268 records=0
[2026-02-11T19:21:34.403940] BRAGE,258639,1,1247,-72,6,85,DL,
[2026-02-11T19:21:34.486333] [TDMA] RX header: slot=1 frame=1248 epoch=125826268 records=0
[2026-02-11T19:21:34.505753] BRAGE,258739,1,1248,-73,6,86,DL,
[2026-02-11T19:21:34.586205] [TDMA] RX header: slot=1 frame=1249 epoch=125926268 records=0
[2026-02-11T19:21:34.602718] BRAGE,258839,1,1249,-64,9,86,DL,
[2026-02-11T19:21:34.685497] [TDMA] RX header: slot=1 frame=1250 epoch=126026268 records=0
[2026-02-11T19:21:34.702287] BRAGE,258939,1,1250,-72,6,86,DL,
[2026-02-11T19:21:34.784624] [TDMA] RX header: slot=1 frame=1251 epoch=126126268 records=0
[2026-02-11T19:21:34.801762] BRAGE,259039,1,1251,-64,9,86,DL,
[2026-02-11T19:21:34.811560] [TDMA] TX DOWNLINK: records=1
[2026-02-11T19:21:34.901156] BRAGE,259139,1,1252,0,0,85,NONE,
[2026-02-11T19:21:34.983005] [TDMA] RX header: slot=1 frame=1253 epoch=126326268 records=0
[2026-02-11T19:21:34.999912] BRAGE,259239,1,1253,-72,6,85,DL,
[2026-02-11T19:21:35.099765] BRAGE,259339,1,1254,0,0,84,NONE,
[2026-02-11T19:21:35.181951] [TDMA] RX header: slot=1 frame=1255 epoch=126526268 records=0
[2026-02-11T19:21:35.199044] BRAGE,259439,1,1255,-73,6,84,DL,
[2026-02-11T19:21:35.282141] [TDMA] RX header: slot=1 frame=1256 epoch=126626268 records=0
[2026-02-11T19:21:35.297983] BRAGE,259539,1,1256,-64,9,84,DL,
[2026-02-11T19:21:35.398017] BRAGE,259639,1,1257,0,0,84,NONE,
[2026-02-11T19:21:35.497194] BRAGE,259739,1,1258,0,0,83,NONE,
[2026-02-11T19:21:35.579933] [TDMA] RX header: slot=1 frame=1259 epoch=126926268 records=0
[2026-02-11T19:21:35.596006] BRAGE,259840,1,1259,-67,8,83,DL,
[2026-02-11T19:21:35.695632] BRAGE,259940,1,1260,0,0,83,NONE,
[2026-02-11T19:21:35.779457] [TDMA] RX header: slot=1 frame=1261 epoch=127126268 records=0
[2026-02-11T19:21:35.795852] BRAGE,260040,1,1261,-62,11,83,DL,
[2026-02-11T19:21:35.805458] [TDMA] TX DOWNLINK: records=1
[2026-02-11T19:21:35.877303] [TDMA] RX header: slot=1 frame=1262 epoch=127226268 records=0
[2026-02-11T19:21:35.894202] BRAGE,260140,1,1262,-64,9,83,DL,
[2026-02-11T19:21:35.977141] [TDMA] RX header: slot=1 frame=1263 epoch=127326268 records=0
[2026-02-11T19:21:35.994146] BRAGE,260240,1,1263,-64,9,83,DL,
[2026-02-11T19:21:36.076206] [TDMA] RX header: slot=1 frame=1264 epoch=127426268 records=0
[2026-02-11T19:21:36.093596] BRAGE,260340,1,1264,-64,9,83,DL,
[2026-02-11T19:21:36.192411] BRAGE,260440,1,1265,0,0,82,NONE,
[2026-02-11T19:21:36.275272] [TDMA] RX header: slot=1 frame=1266 epoch=127626268 records=0
[2026-02-11T19:21:36.291853] BRAGE,260540,1,1266,-59,11,82,DL,
[2026-02-11T19:21:36.391762] BRAGE,260640,1,1267,0,0,81,NONE,
[2026-02-11T19:21:36.474373] [TDMA] RX header: slot=1 frame=1268 epoch=127826268 records=0
[2026-02-11T19:21:36.490780] BRAGE,260740,1,1268,-64,9,81,DL,
[2026-02-11T19:21:36.590177] BRAGE,260840,1,1269,0,0,80,NONE,
[2026-02-11T19:21:36.672359] [TDMA] RX header: slot=1 frame=1270 epoch=128026268 records=0
[2026-02-11T19:21:36.689345] BRAGE,260940,1,1270,-67,8,80,DL,
[2026-02-11T19:21:36.771855] [TDMA] RX header: slot=1 frame=1271 epoch=128126268 records=0
[2026-02-11T19:21:36.788772] BRAGE,261040,1,1271,-72,5,80,DL,
[2026-02-11T19:21:36.799220] [TDMA] TX DOWNLINK: records=1
[2026-02-11T19:21:36.871151] [TDMA] RX header: slot=1 frame=1272 epoch=128226268 records=0
[2026-02-11T19:21:36.888066] BRAGE,261141,1,1272,-62,10,80,DL,
[2026-02-11T19:21:36.970749] [TDMA] RX header: slot=1 frame=1273 epoch=128326268 records=0
[2026-02-11T19:21:36.987402] BRAGE,261241,1,1273,-64,8,80,DL,
[2026-02-11T19:21:37.069971] [TDMA] RX header: slot=1 frame=1274 epoch=128426268 records=0
[2026-02-11T19:21:37.086367] BRAGE,261341,1,1274,-64,9,80,DL,
[2026-02-11T19:21:37.185559] BRAGE,261441,1,1275,0,0,79,NONE,
[2026-02-11T19:21:37.268766] [TDMA] RX header: slot=1 frame=1276 epoch=128626268 records=0
[2026-02-11T19:21:37.285554] BRAGE,261541,1,1276,-64,9,79,DL,
[2026-02-11T19:21:37.367812] [TDMA] RX header: slot=1 frame=1277 epoch=128726268 records=0
[2026-02-11T19:21:37.384743] BRAGE,261641,1,1277,-64,9,79,DL,
[2026-02-11T19:21:37.467293] [TDMA] RX header: slot=1 frame=1278 epoch=128826268 records=0
[2026-02-11T19:21:37.483892] BRAGE,261741,1,1278,-64,9,79,DL,
[2026-02-11T19:21:37.566394] [TDMA] RX header: slot=1 frame=1279 epoch=128926268 records=0
[2026-02-11T19:21:37.583089] BRAGE,261841,1,1279,-65,10,79,DL,
[2026-02-11T19:21:37.665551] [TDMA] RX header: slot=1 frame=1280 epoch=129026268 records=0
[2026-02-11T19:21:37.682356] BRAGE,261941,1,1280,-65,10,79,DL,
[2026-02-11T19:21:37.765331] [TDMA] RX header: slot=1 frame=1281 epoch=129126268 records=0
[2026-02-11T19:21:37.782122] BRAGE,262041,1,1281,-64,10,79,DL,
[2026-02-11T19:21:37.792174] [TDMA] TX DOWNLINK: records=1
[2026-02-11T19:21:37.864760] [TDMA] RX header: slot=1 frame=1282 epoch=129226268 records=0
[2026-02-11T19:21:37.881815] BRAGE,262141,1,1282,-64,9,79,DL,
[2026-02-11T19:21:37.981073] BRAGE,262241,1,1283,0,0,78,NONE,
[2026-02-11T19:21:38.063417] [TDMA] RX header: slot=1 frame=1284 epoch=129426268 records=0
[2026-02-11T19:21:38.080317] BRAGE,262342,1,1284,-72,6,78,DL,
[2026-02-11T19:21:38.179740] BRAGE,262442,1,1285,0,0,77,NONE,
[2026-02-11T19:21:38.278427] BRAGE,262542,1,1286,0,0,76,NONE,
[2026-02-11T19:21:38.378057] BRAGE,262642,1,1287,0,0,75,NONE,
[2026-02-11T19:21:38.461018] [TDMA] RX header: slot=1 frame=1288 epoch=129826268 records=0
[2026-02-11T19:21:38.477866] BRAGE,262742,1,1288,-64,9,75,DL,
[2026-02-11T19:21:38.560175] [TDMA] RX header: slot=1 frame=1289 epoch=129926268 records=0
[2026-02-11T19:21:38.577185] BRAGE,262842,1,1289,-64,9,75,DL,
[2026-02-11T19:21:38.676379] BRAGE,262942,1,1290,0,0,74,NONE,
[2026-02-11T19:21:38.775118] BRAGE,263042,1,1291,0,0,73,NONE,
[2026-02-11T19:21:38.785048] [TDMA] TX DOWNLINK: records=1
[2026-02-11T19:21:38.858214] [TDMA] RX header: slot=1 frame=1292 epoch=130226268 records=0
[2026-02-11T19:21:38.875064] BRAGE,263142,1,1292,-64,9,73,DL,
[2026-02-11T19:21:38.974354] BRAGE,263242,1,1293,0,0,72,NONE,
[2026-02-11T19:21:39.056899] [TDMA] RX header: slot=1 frame=1294 epoch=130426268 records=0
[2026-02-11T19:21:39.073260] BRAGE,263342,1,1294,-64,10,72,DL,
[2026-02-11T19:21:39.173019] BRAGE,263442,1,1295,0,0,72,NONE,
[2026-02-11T19:21:39.272447] BRAGE,263542,1,1296,0,0,71,NONE,
[2026-02-11T19:21:39.355101] [TDMA] RX header: slot=1 frame=1297 epoch=130726268 records=0
[2026-02-11T19:21:39.371284] BRAGE,263643,1,1297,-62,11,72,DL,
[2026-02-11T19:21:39.454434] [TDMA] RX header: slot=1 frame=1298 epoch=130826268 records=0
[2026-02-11T19:21:39.471338] BRAGE,263743,1,1298,-62,10,73,DL,
[2026-02-11T19:21:39.553338] [TDMA] RX header: slot=1 frame=1299 epoch=130926268 records=0
[2026-02-11T19:21:39.570747] BRAGE,263843,1,1299,-64,9,74,DL,
[2026-02-11T19:21:39.653158] [TDMA] RX header: slot=1 frame=1300 epoch=131026268 records=0
[2026-02-11T19:21:39.669768] BRAGE,263943,1,1300,-64,9,74,DL,
[2026-02-11T19:21:39.769385] BRAGE,264043,1,1301,0,0,74,NONE,
[2026-02-11T19:21:39.779423] [TDMA] TX DOWNLINK: records=1
[2026-02-11T19:21:39.852016] [TDMA] RX header: slot=1 frame=1302 epoch=131226268 records=0
[2026-02-11T19:21:39.868645] BRAGE,264143,1,1302,-60,12,74,DL,
[2026-02-11T19:21:39.951533] [TDMA] RX header: slot=1 frame=1303 epoch=131326268 records=0
[2026-02-11T19:21:39.968038] BRAGE,264243,1,1303,-64,9,74,DL,
[2026-02-11T19:21:40.067878] BRAGE,264343,1,1304,0,0,73,NONE,
[2026-02-11T19:21:40.149882] [TDMA] RX header: slot=1 frame=1305 epoch=131526268 records=0
[2026-02-11T19:21:40.167010] BRAGE,264443,1,1305,-64,9,74,DL,
[2026-02-11T19:21:40.249045] [TDMA] RX header: slot=1 frame=1306 epoch=131626268 records=0
[2026-02-11T19:21:40.266155] BRAGE,264543,1,1306,-60,11,74,DL,
[2026-02-11T19:21:40.348260] [TDMA] RX header: slot=1 frame=1307 epoch=131726268 records=0
[2026-02-11T19:21:40.365691] BRAGE,264643,1,1307,-64,9,74,DL,
[2026-02-11T19:21:40.465040] BRAGE,264743,1,1308,0,0,74,NONE,
[2026-02-11T19:21:40.547043] [TDMA] RX header: slot=1 frame=1309 epoch=131926268 records=0
[2026-02-11T19:21:40.564278] BRAGE,264844,1,1309,-60,11,74,DL,
[2026-02-11T19:21:40.646704] [TDMA] RX header: slot=1 frame=1310 epoch=132026268 records=0
[2026-02-11T19:21:40.663001] BRAGE,264944,1,1310,-64,9,74,DL,
[2026-02-11T19:21:40.746082] [TDMA] RX header: slot=1 frame=1311 epoch=132126268 records=0
[2026-02-11T19:21:40.762991] BRAGE,265044,1,1311,-64,9,74,DL,
[2026-02-11T19:21:40.772999] [TDMA] TX DOWNLINK: records=1
[2026-02-11T19:21:40.845074] [TDMA] RX header: slot=1 frame=1312 epoch=132226268 records=0
[2026-02-11T19:21:40.862580] BRAGE,265144,1,1312,-64,9,74,DL,
[2026-02-11T19:21:40.960870] BRAGE,265244,1,1313,0,0,74,NONE,
[2026-02-11T19:21:41.061902] BRAGE,265344,1,1314,0,0,73,NONE,
[2026-02-11T19:21:41.142868] [TDMA] RX header: slot=1 frame=1315 epoch=132526268 records=0
[2026-02-11T19:21:41.160271] BRAGE,265444,1,1315,-64,9,73,DL,
[2026-02-11T19:21:41.242330] [TDMA] RX header: slot=1 frame=1316 epoch=132626268 records=0
[2026-02-11T19:21:41.259244] BRAGE,265544,1,1316,-64,10,73,DL,
[2026-02-11T19:21:41.342477] [TDMA] RX header: slot=1 frame=1317 epoch=132726268 records=0
[2026-02-11T19:21:41.359289] BRAGE,265644,1,1317,-64,9,73,DL,
[2026-02-11T19:21:41.441097] [TDMA] RX header: slot=1 frame=1318 epoch=132826268 records=0
[2026-02-11T19:21:41.458319] BRAGE,265744,1,1318,-64,8,73,DL,
[2026-02-11T19:21:41.541037] [TDMA] RX header: slot=1 frame=1319 epoch=132926268 records=0
[2026-02-11T19:21:41.557684] BRAGE,265844,1,1319,-64,9,74,DL,
[2026-02-11T19:21:41.639898] [TDMA] RX header: slot=1 frame=1320 epoch=133026268 records=0
[2026-02-11T19:21:41.657360] BRAGE,265944,1,1320,-73,6,74,DL,
[2026-02-11T19:21:41.739016] [TDMA] RX header: slot=1 frame=1321 epoch=133126268 records=0
[2026-02-11T19:21:41.756354] BRAGE,266045,1,1321,-64,9,74,DL,
[2026-02-11T19:21:41.766157] [TDMA] TX DOWNLINK: records=1
[2026-02-11T19:21:41.838746] [TDMA] RX header: slot=1 frame=1322 epoch=133226268 records=0
[2026-02-11T19:21:41.855774] BRAGE,266145,1,1322,-72,6,74,DL,
[2026-02-11T19:21:41.937717] [TDMA] RX header: slot=1 frame=1323 epoch=133326268 records=0
[2026-02-11T19:21:41.955064] BRAGE,266245,1,1323,-64,9,74,DL,
[2026-02-11T19:21:42.037405] [TDMA] RX header: slot=1 frame=1324 epoch=133426268 records=0
[2026-02-11T19:21:42.054749] BRAGE,266345,1,1324,-61,11,74,DL,
[2026-02-11T19:21:42.138114] [TDMA] RX header: slot=1 frame=1325 epoch=133526268 records=0
[2026-02-11T19:21:42.154142] BRAGE,266445,1,1325,-73,7,74,DL,
[2026-02-11T19:21:42.235730] [TDMA] RX header: slot=1 frame=1326 epoch=133626268 records=0
[2026-02-11T19:21:42.252523] BRAGE,266545,1,1326,-65,11,74,DL,
[2026-02-11T19:21:42.352105] BRAGE,266645,1,1327,0,0,73,NONE,
[2026-02-11T19:21:42.452033] BRAGE,266745,1,1328,0,0,72,NONE,
[2026-02-11T19:21:42.550630] BRAGE,266845,1,1329,0,0,71,NONE,
[2026-02-11T19:21:42.650418] BRAGE,266945,1,1330,0,0,70,NONE,
[2026-02-11T19:21:42.732419] [TDMA] RX header: slot=1 frame=1331 epoch=134126268 records=0
[2026-02-11T19:21:42.749653] BRAGE,267045,1,1331,-62,12,70,DL,
[2026-02-11T19:21:42.759830] [TDMA] TX DOWNLINK: records=1
[2026-02-11T19:21:42.832412] [TDMA] RX header: slot=1 frame=1332 epoch=134226268 records=0
[2026-02-11T19:21:42.849054] BRAGE,267145,1,1332,-67,13,70,DL,
[2026-02-11T19:21:42.933043] [TDMA] RX header: slot=1 frame=1333 epoch=134326268 records=0
[2026-02-11T19:21:42.948278] BRAGE,267245,1,1333,-78,12,71,DL,
[2026-02-11T19:21:43.030526] [TDMA] RX header: slot=1 frame=1334 epoch=134426268 records=0
[2026-02-11T19:21:43.047405] BRAGE,267345,1,1334,-66,12,71,DL,
[2026-02-11T19:21:43.130163] [TDMA] RX header: slot=1 frame=1335 epoch=134526268 records=0
[2026-02-11T19:21:43.146848] BRAGE,267446,1,1335,-73,7,72,DL,
[2026-02-11T19:21:43.229589] [TDMA] RX header: slot=1 frame=1336 epoch=134626268 records=0
[2026-02-11T19:21:43.246430] BRAGE,267546,1,1336,-87,11,72,DL,
[2026-02-11T19:21:43.329163] [TDMA] RX header: slot=1 frame=1337 epoch=134726268 records=0
[2026-02-11T19:21:43.345935] BRAGE,267646,1,1337,-77,13,72,DL,
[2026-02-11T19:21:43.428390] [TDMA] RX header: slot=1 frame=1338 epoch=134826268 records=0
[2026-02-11T19:21:43.445176] BRAGE,267746,1,1338,-76,13,73,DL,
[2026-02-11T19:21:43.527335] [TDMA] RX header: slot=1 frame=1339 epoch=134926268 records=0
[2026-02-11T19:21:43.544272] BRAGE,267846,1,1339,-69,13,73,DL,
[2026-02-11T19:21:43.627277] [TDMA] RX header: slot=1 frame=1340 epoch=135026268 records=0
[2026-02-11T19:21:43.643949] BRAGE,267946,1,1340,-73,8,73,DL,
[2026-02-11T19:21:43.726256] [TDMA] RX header: slot=1 frame=1341 epoch=135126268 records=0
[2026-02-11T19:21:43.743412] BRAGE,268046,1,1341,-68,11,73,DL,
[2026-02-11T19:21:43.753232] [TDMA] TX DOWNLINK: records=1
[2026-02-11T19:21:43.825800] [TDMA] RX header: slot=1 frame=1342 epoch=135226268 records=0
[2026-02-11T19:21:43.842586] BRAGE,268146,1,1342,-66,12,73,DL,
[2026-02-11T19:21:43.925508] [TDMA] RX header: slot=1 frame=1343 epoch=135326268 records=0
[2026-02-11T19:21:43.941921] BRAGE,268246,1,1343,-66,13,73,DL,
[2026-02-11T19:21:44.024447] [TDMA] RX header: slot=1 frame=1344 epoch=135426268 records=0
[2026-02-11T19:21:44.041308] BRAGE,268346,1,1344,-73,7,73,DL,
[2026-02-11T19:21:44.123841] [TDMA] RX header: slot=1 frame=1345 epoch=135526268 records=0
[2026-02-11T19:21:44.140241] BRAGE,268446,1,1345,-73,7,73,DL,
[2026-02-11T19:21:44.223340] [TDMA] RX header: slot=1 frame=1346 epoch=135626268 records=0
[2026-02-11T19:21:44.239543] BRAGE,268546,1,1346,-65,13,73,DL,
[2026-02-11T19:21:44.322135] [TDMA] RX header: slot=1 frame=1347 epoch=135726268 records=0
[2026-02-11T19:21:44.339495] BRAGE,268646,1,1347,-65,12,73,DL,
[2026-02-11T19:21:44.421758] [TDMA] RX header: slot=1 frame=1348 epoch=135826268 records=0
[2026-02-11T19:21:44.438522] BRAGE,268747,1,1348,-65,12,73,DL,
[2026-02-11T19:21:44.521229] [TDMA] RX header: slot=1 frame=1349 epoch=135926268 records=0
[2026-02-11T19:21:44.538077] BRAGE,268847,1,1349,-73,7,73,DL,
[2026-02-11T19:21:44.620194] [TDMA] RX header: slot=1 frame=1350 epoch=136026268 records=0
[2026-02-11T19:21:44.637475] BRAGE,268947,1,1350,-66,12,73,DL,
[2026-02-11T19:21:44.719584] [TDMA] RX header: slot=1 frame=1351 epoch=136126268 records=0
[2026-02-11T19:21:44.736310] BRAGE,269047,1,1351,-73,8,73,DL,
[2026-02-11T19:21:44.746593] [TDMA] TX DOWNLINK: records=1
[2026-02-11T19:21:44.819255] [TDMA] RX header: slot=1 frame=1352 epoch=136226268 records=0
[2026-02-11T19:21:44.836266] BRAGE,269147,1,1352,-66,13,74,DL,
[2026-02-11T19:21:44.918531] [TDMA] RX header: slot=1 frame=1353 epoch=136326268 records=0
[2026-02-11T19:21:44.935616] BRAGE,269247,1,1353,-66,13,74,DL,
[2026-02-11T19:21:45.018023] [TDMA] RX header: slot=1 frame=1354 epoch=136426268 records=0
[2026-02-11T19:21:45.034907] BRAGE,269347,1,1354,-66,13,75,DL,
[2026-02-11T19:21:45.117534] [TDMA] RX header: slot=1 frame=1355 epoch=136526268 records=0
[2026-02-11T19:21:45.134393] BRAGE,269447,1,1355,-73,7,75,DL,
[2026-02-11T19:21:45.216458] [TDMA] RX header: slot=1 frame=1356 epoch=136626268 records=0
[2026-02-11T19:21:45.233881] BRAGE,269547,1,1356,-67,13,75,DL,
[2026-02-11T19:21:45.315601] [TDMA] RX header: slot=1 frame=1357 epoch=136726268 records=0
[2026-02-11T19:21:45.333157] BRAGE,269647,1,1357,-73,7,76,DL,
[2026-02-11T19:21:45.416541] [TDMA] RX header: slot=1 frame=1358 epoch=136826268 records=0
[2026-02-11T19:21:45.432421] BRAGE,269747,1,1358,-73,7,77,DL,
[2026-02-11T19:21:45.514674] [TDMA] RX header: slot=1 frame=1359 epoch=136926268 records=0
[2026-02-11T19:21:45.531961] BRAGE,269847,1,1359,-66,13,77,DL,
[2026-02-11T19:21:45.614424] [TDMA] RX header: slot=1 frame=1360 epoch=137026268 records=0
[2026-02-11T19:21:45.631007] BRAGE,269947,1,1360,-67,12,78,DL,
[2026-02-11T19:21:45.730431] BRAGE,270047,1,1361,0,0,77,NONE,
[2026-02-11T19:21:45.739751] [TDMA] TX DOWNLINK: records=1
[2026-02-11T19:21:45.812799] [TDMA] RX header: slot=1 frame=1362 epoch=137226268 records=0
[2026-02-11T19:21:45.829693] BRAGE,270148,1,1362,-68,12,77,DL,
[2026-02-11T19:21:45.911864] [TDMA] RX header: slot=1 frame=1363 epoch=137326268 records=0
[2026-02-11T19:21:45.929070] BRAGE,270248,1,1363,-68,10,77,DL,
[2026-02-11T19:21:46.011490] [TDMA] RX header: slot=1 frame=1364 epoch=137426268 records=0
[2026-02-11T19:21:46.027967] BRAGE,270348,1,1364,-64,9,77,DL,
[2026-02-11T19:21:46.111001] [TDMA] RX header: slot=1 frame=1365 epoch=137526268 records=0
[2026-02-11T19:21:46.127344] BRAGE,270448,1,1365,-65,11,78,DL,
[2026-02-11T19:21:46.209767] [TDMA] RX header: slot=1 frame=1366 epoch=137626268 records=0
[2026-02-11T19:21:46.226657] BRAGE,270548,1,1366,-65,10,78,DL,
[2026-02-11T19:21:46.309477] [TDMA] RX header: slot=1 frame=1367 epoch=137726268 records=0
[2026-02-11T19:21:46.325995] BRAGE,270648,1,1367,-73,8,79,DL,
[2026-02-11T19:21:46.409040] [TDMA] RX header: slot=1 frame=1368 epoch=137826268 records=0
[2026-02-11T19:21:46.425796] BRAGE,270748,1,1368,-65,10,79,DL,
[2026-02-11T19:21:46.525249] BRAGE,270848,1,1369,0,0,79,NONE,
[2026-02-11T19:21:46.624581] BRAGE,270948,1,1370,0,0,78,NONE,
[2026-02-11T19:21:46.706973] [TDMA] RX header: slot=1 frame=1371 epoch=138126268 records=0
[2026-02-11T19:21:46.723847] BRAGE,271048,1,1371,-66,13,78,DL,
[2026-02-11T19:21:46.733577] [TDMA] TX DOWNLINK: records=1
[2026-02-11T19:21:46.823771] BRAGE,271148,1,1372,0,0,77,NONE,
[2026-02-11T19:21:46.922536] BRAGE,271248,1,1373,0,0,76,NONE,
[2026-02-11T19:21:47.021769] BRAGE,271348,1,1374,0,0,75,NONE,
[2026-02-11T19:21:47.120900] BRAGE,271448,1,1375,0,0,75,NONE,
[2026-02-11T19:21:47.220372] BRAGE,271548,1,1376,0,0,74,NONE,
[2026-02-11T19:21:47.319202] BRAGE,271648,1,1377,0,0,73,NONE,
[2026-02-11T19:21:47.419228] BRAGE,271748,1,1378,0,0,72,NONE,
[2026-02-11T19:21:47.521803] BRAGE,271848,1,1379,0,0,71,NONE,
[2026-02-11T19:21:47.616649] BRAGE,271948,1,1380,0,0,70,NONE,
[2026-02-11T19:21:47.696708] [TDMA] Lost sync
[2026-02-11T19:21:47.720051] BRAGE_EVENT,272028,SYNC_LOST,timeout
[2026-02-11T19:21:47.720139] EVENT: SYNC_LOST - timeout
[2026-02-11T19:21:47.799508] [TDMA] RX header: slot=1 frame=1382 epoch=139226268 records=0
[2026-02-11T19:21:47.799892] BRAGE_EVENT,272132,SYNC_ACQUIRED,
[2026-02-11T19:21:47.799931] EVENT: SYNC_ACQUIRED - 
[2026-02-11T19:21:47.816201] BRAGE,272149,1,1382,-72,6,70,DL,
[2026-02-11T19:21:47.826678] [TDMA] TX DOWNLINK: records=1
[2026-02-11T19:21:47.899382] [TDMA] RX header: slot=1 frame=1383 epoch=139326268 records=0
[2026-02-11T19:21:47.915674] BRAGE,272249,1,1383,-65,11,70,DL,
[2026-02-11T19:21:47.998549] [TDMA] RX header: slot=1 frame=1384 epoch=139426268 records=0
[2026-02-11T19:21:48.017740] BRAGE,272349,1,1384,-65,11,71,DL,
[2026-02-11T19:21:48.098213] [TDMA] RX header: slot=1 frame=1385 epoch=139526268 records=0
[2026-02-11T19:21:48.114724] BRAGE,272449,1,1385,-65,11,71,DL,
[2026-02-11T19:21:48.213509] BRAGE,272549,1,1386,0,0,71,NONE,
[2026-02-11T19:21:48.313532] BRAGE,272649,1,1387,0,0,71,NONE,
[2026-02-11T19:21:48.395688] [TDMA] RX header: slot=1 frame=1388 epoch=139826268 records=0
[2026-02-11T19:21:48.412836] BRAGE,272750,1,1388,-72,11,72,DL,
[2026-02-11T19:21:48.495071] [TDMA] RX header: slot=1 frame=1389 epoch=139926268 records=0
[2026-02-11T19:21:48.512299] BRAGE,272850,1,1389,-70,11,72,DL,
[2026-02-11T19:21:48.610959] BRAGE,272950,1,1390,0,0,71,NONE,
[2026-02-11T19:21:48.693975] [TDMA] RX header: slot=1 frame=1391 epoch=140126268 records=0
[2026-02-11T19:21:48.710428] BRAGE,273050,1,1391,-77,12,72,DL,
[2026-02-11T19:21:48.720626] [TDMA] TX DOWNLINK: records=1
[2026-02-11T19:21:48.793137] [TDMA] RX header: slot=1 frame=1392 epoch=140226268 records=0
[2026-02-11T19:21:48.810175] BRAGE,273150,1,1392,-75,11,73,DL,
[2026-02-11T19:21:48.892311] [TDMA] RX header: slot=1 frame=1393 epoch=140326268 records=0
[2026-02-11T19:21:48.909712] BRAGE,273250,1,1393,-76,11,73,DL,
[2026-02-11T19:21:48.992053] [TDMA] RX header: slot=1 frame=1394 epoch=140426268 records=0
[2026-02-11T19:21:49.008928] BRAGE,273350,1,1394,-76,12,74,DL,
[2026-02-11T19:21:49.091344] [TDMA] RX header: slot=1 frame=1395 epoch=140526268 records=0
[2026-02-11T19:21:49.107825] BRAGE,273450,1,1395,-75,11,74,DL,
[2026-02-11T19:21:49.190772] [TDMA] RX header: slot=1 frame=1396 epoch=140626268 records=0
[2026-02-11T19:21:49.207089] BRAGE,273550,1,1396,-73,7,75,DL,
[2026-02-11T19:21:49.293097] [TDMA] RX header: slot=1 frame=1397 epoch=140726268 records=0
[2026-02-11T19:21:49.306504] BRAGE,273650,1,1397,-70,11,76,DL,
[2026-02-11T19:21:49.389091] [TDMA] RX header: slot=1 frame=1398 epoch=140826268 records=0
[2026-02-11T19:21:49.406432] BRAGE,273750,1,1398,-64,10,76,DL,
[2026-02-11T19:21:49.488235] [TDMA] RX header: slot=1 frame=1399 epoch=140926268 records=0
[2026-02-11T19:21:49.505213] BRAGE,273850,1,1399,-64,9,76,DL,
[2026-02-11T19:21:49.604946] BRAGE,273951,1,1400,0,0,75,NONE,
[2026-02-11T19:21:49.687111] [TDMA] RX header: slot=1 frame=1401 epoch=141126268 records=0
[2026-02-11T19:21:49.704568] BRAGE,274051,1,1401,-64,9,75,DL,
[2026-02-11T19:21:49.714332] [TDMA] TX DOWNLINK: records=1
[2026-02-11T19:21:49.786892] [TDMA] RX header: slot=1 frame=1402 epoch=141226268 records=0
[2026-02-11T19:21:49.803406] BRAGE,274151,1,1402,-64,9,76,DL,
[2026-02-11T19:21:49.885838] [TDMA] RX header: slot=1 frame=1403 epoch=141326268 records=0
[2026-02-11T19:21:49.902536] BRAGE,274251,1,1403,-72,6,76,DL,
[2026-02-11T19:21:49.985581] [TDMA] RX header: slot=1 frame=1404 epoch=141426268 records=0
[2026-02-11T19:21:50.002394] BRAGE,274351,1,1404,-64,8,76,DL,
[2026-02-11T19:21:50.084890] [TDMA] RX header: slot=1 frame=1405 epoch=141526268 records=0
[2026-02-11T19:21:50.101692] BRAGE,274451,1,1405,-72,6,77,DL,
[2026-02-11T19:21:50.184250] [TDMA] RX header: slot=1 frame=1406 epoch=141626268 records=0
[2026-02-11T19:21:50.201086] BRAGE,274551,1,1406,-64,8,77,DL,
[2026-02-11T19:21:50.283797] [TDMA] RX header: slot=1 frame=1407 epoch=141726268 records=0
[2026-02-11T19:21:50.300544] BRAGE,274651,1,1407,-64,8,77,DL,
[2026-02-11T19:21:50.382618] [TDMA] RX header: slot=1 frame=1408 epoch=141826268 records=0
[2026-02-11T19:21:50.399574] BRAGE,274751,1,1408,-72,6,77,DL,
[2026-02-11T19:21:50.482530] [TDMA] RX header: slot=1 frame=1409 epoch=141926268 records=0
[2026-02-11T19:21:50.499247] BRAGE,274851,1,1409,-64,8,78,DL,
[2026-02-11T19:21:50.581303] [TDMA] RX header: slot=1 frame=1410 epoch=142026268 records=0
[2026-02-11T19:21:50.597959] BRAGE,274951,1,1410,-72,5,78,DL,
[2026-02-11T19:21:50.682232] [TDMA] RX header: slot=1 frame=1411 epoch=142126268 records=0
[2026-02-11T19:21:50.697916] BRAGE,275051,1,1411,-64,8,78,DL,
[2026-02-11T19:21:50.707706] [TDMA] TX DOWNLINK: records=1
[2026-02-11T19:21:50.780534] [TDMA] RX header: slot=1 frame=1412 epoch=142226268 records=0
[2026-02-11T19:21:50.797219] BRAGE,275152,1,1412,-64,9,78,DL,
[2026-02-11T19:21:50.879759] [TDMA] RX header: slot=1 frame=1413 epoch=142326268 records=0
[2026-02-11T19:21:50.896591] BRAGE,275252,1,1413,-72,5,78,DL,
[2026-02-11T19:21:50.979010] [TDMA] RX header: slot=1 frame=1414 epoch=142426268 records=0
[2026-02-11T19:21:50.995967] BRAGE,275352,1,1414,-64,8,79,DL,
[2026-02-11T19:21:51.078673] [TDMA] RX header: slot=1 frame=1415 epoch=142526268 records=0
[2026-02-11T19:21:51.094763] BRAGE,275452,1,1415,-64,8,80,DL,
[2026-02-11T19:21:51.177780] [TDMA] RX header: slot=1 frame=1416 epoch=142626268 records=0
[2026-02-11T19:21:51.194159] BRAGE,275552,1,1416,-64,8,80,DL,
[2026-02-11T19:21:51.276675] [TDMA] RX header: slot=1 frame=1417 epoch=142726268 records=0
[2026-02-11T19:21:51.293537] BRAGE,275652,1,1417,-72,5,80,DL,
[2026-02-11T19:21:51.376379] [TDMA] RX header: slot=1 frame=1418 epoch=142826268 records=0
[2026-02-11T19:21:51.392865] BRAGE,275752,1,1418,-64,8,80,DL,
[2026-02-11T19:21:51.475899] [TDMA] RX header: slot=1 frame=1419 epoch=142926268 records=0
[2026-02-11T19:21:51.492767] BRAGE,275852,1,1419,-72,6,80,DL,
[2026-02-11T19:21:51.574870] [TDMA] RX header: slot=1 frame=1420 epoch=143026268 records=0
[2026-02-11T19:21:51.592987] BRAGE,275952,1,1420,-72,6,80,DL,
[2026-02-11T19:21:51.674943] [TDMA] RX header: slot=1 frame=1421 epoch=143126268 records=0
[2026-02-11T19:21:51.691286] BRAGE,276052,1,1421,-64,8,80,DL,
[2026-02-11T19:21:51.701429] [TDMA] TX DOWNLINK: records=1
[2026-02-11T19:21:51.774055] [TDMA] RX header: slot=1 frame=1422 epoch=143226268 records=0
[2026-02-11T19:21:51.790839] BRAGE,276152,1,1422,-64,8,80,DL,
[2026-02-11T19:21:51.872992] [TDMA] RX header: slot=1 frame=1423 epoch=143326268 records=0
[2026-02-11T19:21:51.889776] BRAGE,276252,1,1423,-64,9,80,DL,
[2026-02-11T19:21:51.972734] [TDMA] RX header: slot=1 frame=1424 epoch=143426268 records=0
[2026-02-11T19:21:51.989542] BRAGE,276353,1,1424,-72,6,80,DL,
[2026-02-11T19:21:52.071536] [TDMA] RX header: slot=1 frame=1425 epoch=143526268 records=0
[2026-02-11T19:21:52.088904] BRAGE,276453,1,1425,-64,8,80,DL,
[2026-02-11T19:21:52.171189] [TDMA] RX header: slot=1 frame=1426 epoch=143626268 records=0
[2026-02-11T19:21:52.187835] BRAGE,276553,1,1426,-64,8,80,DL,
[2026-02-11T19:21:52.270732] [TDMA] RX header: slot=1 frame=1427 epoch=143726268 records=0
[2026-02-11T19:21:52.287794] BRAGE,276653,1,1427,-64,9,80,DL,
[2026-02-11T19:21:52.369525] [TDMA] RX header: slot=1 frame=1428 epoch=143826268 records=0
[2026-02-11T19:21:52.386655] BRAGE,276753,1,1428,-65,10,81,DL,
[2026-02-11T19:21:52.469591] [TDMA] RX header: slot=1 frame=1429 epoch=143926268 records=0
[2026-02-11T19:21:52.486834] BRAGE,276853,1,1429,-73,7,82,DL,
[2026-02-11T19:21:52.569230] [TDMA] RX header: slot=1 frame=1430 epoch=144026268 records=0
[2026-02-11T19:21:52.585915] BRAGE,276953,1,1430,-68,11,83,DL,
[2026-02-11T19:21:52.668321] [TDMA] RX header: slot=1 frame=1431 epoch=144126268 records=0
[2026-02-11T19:21:52.685087] BRAGE,277053,1,1431,-70,11,84,DL,
[2026-02-11T19:21:52.694295] [TDMA] TX DOWNLINK: records=1
[2026-02-11T19:21:52.767886] [TDMA] RX header: slot=1 frame=1432 epoch=144226268 records=0
[2026-02-11T19:21:52.784866] BRAGE,277153,1,1432,-67,11,84,DL,
[2026-02-11T19:21:52.866542] [TDMA] RX header: slot=1 frame=1433 epoch=144326268 records=0
[2026-02-11T19:21:52.884134] BRAGE,277253,1,1433,-68,11,84,DL,
[2026-02-11T19:21:52.966295] [TDMA] RX header: slot=1 frame=1434 epoch=144426268 records=0
[2026-02-11T19:21:52.982675] BRAGE,277353,1,1434,-74,10,84,DL,
[2026-02-11T19:21:53.065136] [TDMA] RX header: slot=1 frame=1435 epoch=144526268 records=0
[2026-02-11T19:21:53.082713] BRAGE,277454,1,1435,-69,12,84,DL,
[2026-02-11T19:21:53.164481] [TDMA] RX header: slot=1 frame=1436 epoch=144626268 records=0
[2026-02-11T19:21:53.182021] BRAGE,277554,1,1436,-73,8,84,DL,
[2026-02-11T19:21:53.264715] [TDMA] RX header: slot=1 frame=1437 epoch=144726268 records=0
[2026-02-11T19:21:53.281325] BRAGE,277654,1,1437,-73,8,84,DL,
[2026-02-11T19:21:53.364115] [TDMA] RX header: slot=1 frame=1438 epoch=144826268 records=0
[2026-02-11T19:21:53.380614] BRAGE,277754,1,1438,-73,9,84,DL,
[2026-02-11T19:21:53.462446] [TDMA] RX header: slot=1 frame=1439 epoch=144926268 records=0
[2026-02-11T19:21:53.479782] BRAGE,277854,1,1439,-73,9,84,DL,
[2026-02-11T19:21:53.562864] [TDMA] RX header: slot=1 frame=1440 epoch=145026268 records=0
[2026-02-11T19:21:53.579129] BRAGE,277954,1,1440,-70,11,84,DL,
[2026-02-11T19:21:53.678741] BRAGE,278054,1,1441,0,0,83,NONE,
[2026-02-11T19:21:53.688313] [TDMA] TX DOWNLINK: records=1
[2026-02-11T19:21:53.761073] [TDMA] RX header: slot=1 frame=1442 epoch=145226268 records=0
[2026-02-11T19:21:53.778248] BRAGE,278154,1,1442,-68,11,83,DL,
[2026-02-11T19:21:53.860513] [TDMA] RX header: slot=1 frame=1443 epoch=145326268 records=0
[2026-02-11T19:21:53.877579] BRAGE,278254,1,1443,-71,11,83,DL,
[2026-02-11T19:21:53.959986] [TDMA] RX header: slot=1 frame=1444 epoch=145426268 records=0
[2026-02-11T19:21:53.976705] BRAGE,278354,1,1444,-74,11,83,DL,
[2026-02-11T19:21:54.076000] BRAGE,278454,1,1445,0,0,82,NONE,
[2026-02-11T19:21:54.158569] [TDMA] RX header: slot=1 frame=1446 epoch=145626268 records=0
[2026-02-11T19:21:54.175737] BRAGE,278554,1,1446,-67,9,82,DL,
[2026-02-11T19:21:54.257810] [TDMA] RX header: slot=1 frame=1447 epoch=145726268 records=0
[2026-02-11T19:21:54.274858] BRAGE,278655,1,1447,-72,11,82,DL,
[2026-02-11T19:21:54.357313] [TDMA] RX header: slot=1 frame=1448 epoch=145826268 records=0
[2026-02-11T19:21:54.374162] BRAGE,278755,1,1448,-67,12,82,DL,
[2026-02-11T19:21:54.456700] [TDMA] RX header: slot=1 frame=1449 epoch=145926268 records=0
[2026-02-11T19:21:54.473217] BRAGE,278855,1,1449,-65,10,82,DL,
[2026-02-11T19:21:54.556233] [TDMA] RX header: slot=1 frame=1450 epoch=146026268 records=0
[2026-02-11T19:21:54.572854] BRAGE,278955,1,1450,-65,10,82,DL,
[2026-02-11T19:21:54.655193] [TDMA] RX header: slot=1 frame=1451 epoch=146126268 records=0
[2026-02-11T19:21:54.672280] BRAGE,279055,1,1451,-68,10,82,DL,
[2026-02-11T19:21:54.681845] [TDMA] TX DOWNLINK: records=1
[2026-02-11T19:21:54.754390] [TDMA] RX header: slot=1 frame=1452 epoch=146226268 records=0
[2026-02-11T19:21:54.771674] BRAGE,279155,1,1452,-76,12,82,DL,
[2026-02-11T19:21:54.854271] [TDMA] RX header: slot=1 frame=1453 epoch=146326268 records=0
[2026-02-11T19:21:54.870622] BRAGE,279255,1,1453,-84,10,82,DL,
[2026-02-11T19:21:54.953164] [TDMA] RX header: slot=1 frame=1454 epoch=146426268 records=0
[2026-02-11T19:21:54.970319] BRAGE,279355,1,1454,-73,11,82,DL,
[2026-02-11T19:21:55.052476] [TDMA] RX header: slot=1 frame=1455 epoch=146526268 records=0
[2026-02-11T19:21:55.069705] BRAGE,279455,1,1455,-65,9,82,DL,
[2026-02-11T19:21:55.152263] [TDMA] RX header: slot=1 frame=1456 epoch=146626268 records=0
[2026-02-11T19:21:55.169171] BRAGE,279555,1,1456,-68,11,82,DL,
[2026-02-11T19:21:55.251187] [TDMA] RX header: slot=1 frame=1457 epoch=146726268 records=0
[2026-02-11T19:21:55.268713] BRAGE,279655,1,1457,-65,12,82,DL,
[2026-02-11T19:21:55.350533] [TDMA] RX header: slot=1 frame=1458 epoch=146826268 records=0
[2026-02-11T19:21:55.368094] BRAGE,279755,1,1458,-73,8,82,DL,
[2026-02-11T19:21:55.450273] [TDMA] RX header: slot=1 frame=1459 epoch=146926268 records=0
[2026-02-11T19:21:55.467089] BRAGE,279856,1,1459,-73,8,82,DL,
[2026-02-11T19:21:55.549883] [TDMA] RX header: slot=1 frame=1460 epoch=147026268 records=0
[2026-02-11T19:21:55.566484] BRAGE,279956,1,1460,-73,9,82,DL,
[2026-02-11T19:21:55.648600] [TDMA] RX header: slot=1 frame=1461 epoch=147126268 records=0
[2026-02-11T19:21:55.668531] BRAGE,280056,1,1461,-73,10,82,DL,
[2026-02-11T19:21:55.675711] [TDMA] TX DOWNLINK: records=1
[2026-02-11T19:21:55.748203] [TDMA] RX header: slot=1 frame=1462 epoch=147226268 records=0
[2026-02-11T19:21:55.765201] BRAGE,280156,1,1462,-74,11,83,DL,
[2026-02-11T19:21:55.849166] [TDMA] RX header: slot=1 frame=1463 epoch=147326268 records=0
[2026-02-11T19:21:55.864752] BRAGE,280256,1,1463,-70,11,83,DL,
[2026-02-11T19:21:55.947048] [TDMA] RX header: slot=1 frame=1464 epoch=147426268 records=0
[2026-02-11T19:21:55.963919] BRAGE,280356,1,1464,-73,9,83,DL,
[2026-02-11T19:21:56.046630] [TDMA] RX header: slot=1 frame=1465 epoch=147526268 records=0
[2026-02-11T19:21:56.063368] BRAGE,280456,1,1465,-66,12,83,DL,
[2026-02-11T19:21:56.145944] [TDMA] RX header: slot=1 frame=1466 epoch=147626268 records=0
[2026-02-11T19:21:56.162725] BRAGE,280556,1,1466,-73,7,83,DL,
[2026-02-11T19:21:56.245179] [TDMA] RX header: slot=1 frame=1467 epoch=147726268 records=0
[2026-02-11T19:21:56.261793] BRAGE,280656,1,1467,-73,7,83,DL,
[2026-02-11T19:21:56.344190] [TDMA] RX header: slot=1 frame=1468 epoch=147826268 records=0
[2026-02-11T19:21:56.361002] BRAGE,280756,1,1468,-66,12,83,DL,
[2026-02-11T19:21:56.443554] [TDMA] RX header: slot=1 frame=1469 epoch=147926268 records=0
[2026-02-11T19:21:56.460273] BRAGE,280856,1,1469,-73,7,83,DL,
[2026-02-11T19:21:56.543245] [TDMA] RX header: slot=1 frame=1470 epoch=148026268 records=0
[2026-02-11T19:21:56.560215] BRAGE,280956,1,1470,-65,10,84,DL,
[2026-02-11T19:21:56.659073] BRAGE,281056,1,1471,0,0,84,NONE,
[2026-02-11T19:21:56.669232] [TDMA] TX DOWNLINK: records=1
[2026-02-11T19:21:56.742139] [TDMA] RX header: slot=1 frame=1472 epoch=148226268 records=0
[2026-02-11T19:21:56.758365] BRAGE,281157,1,1472,-73,7,84,DL,
[2026-02-11T19:21:56.841402] [TDMA] RX header: slot=1 frame=1473 epoch=148326268 records=0
[2026-02-11T19:21:56.858401] BRAGE,281257,1,1473,-73,7,85,DL,
[2026-02-11T19:21:56.943282] [TDMA] RX header: slot=1 frame=1474 epoch=148426268 records=0
[2026-02-11T19:21:56.957087] BRAGE,281357,1,1474,-66,12,86,DL,
[2026-02-11T19:21:57.040172] [TDMA] RX header: slot=1 frame=1475 epoch=148526268 records=0
[2026-02-11T19:21:57.056830] BRAGE,281457,1,1475,-67,11,87,DL,
[2026-02-11T19:21:57.139545] [TDMA] RX header: slot=1 frame=1476 epoch=148626268 records=0
[2026-02-11T19:21:57.156153] BRAGE,281557,1,1476,-73,8,88,DL,
[2026-02-11T19:21:57.238490] [TDMA] RX header: slot=1 frame=1477 epoch=148726268 records=0
[2026-02-11T19:21:57.256222] BRAGE,281657,1,1477,-67,9,89,DL,
[2026-02-11T19:21:57.337652] [TDMA] RX header: slot=1 frame=1478 epoch=148826268 records=0
[2026-02-11T19:21:57.354954] BRAGE,281757,1,1478,-73,6,90,DL,
[2026-02-11T19:21:57.438000] [TDMA] RX header: slot=1 frame=1479 epoch=148926268 records=0
[2026-02-11T19:21:57.454434] BRAGE,281857,1,1479,-72,6,91,DL,
[2026-02-11T19:21:57.537718] [TDMA] RX header: slot=1 frame=1480 epoch=149026268 records=0
[2026-02-11T19:21:57.554209] BRAGE,281957,1,1480,-72,6,92,DL,
[2026-02-11T19:21:57.636261] [TDMA] RX header: slot=1 frame=1481 epoch=149126268 records=0
[2026-02-11T19:21:57.653026] BRAGE,282057,1,1481,-72,6,93,DL,
[2026-02-11T19:21:57.663010] [TDMA] TX DOWNLINK: records=1
[2026-02-11T19:21:57.735344] [TDMA] RX header: slot=1 frame=1482 epoch=149226268 records=0
[2026-02-11T19:21:57.752179] BRAGE,282157,1,1482,-64,9,93,DL,
[2026-02-11T19:21:57.834735] [TDMA] RX header: slot=1 frame=1483 epoch=149326268 records=0
[2026-02-11T19:21:57.854258] BRAGE,282257,1,1483,-64,8,93,DL,
[2026-02-11T19:21:57.934928] [TDMA] RX header: slot=1 frame=1484 epoch=149426268 records=0
[2026-02-11T19:21:57.951613] BRAGE,282358,1,1484,-64,8,93,DL,
[2026-02-11T19:21:58.034026] [TDMA] RX header: slot=1 frame=1485 epoch=149526268 records=0
[2026-02-11T19:21:58.050542] BRAGE,282458,1,1485,-73,6,93,DL,
[2026-02-11T19:21:58.133240] [TDMA] RX header: slot=1 frame=1486 epoch=149626268 records=0
[2026-02-11T19:21:58.150315] BRAGE,282558,1,1486,-65,10,94,DL,
[2026-02-11T19:21:58.231928] [TDMA] RX header: slot=1 frame=1487 epoch=149726268 records=0
[2026-02-11T19:21:58.249240] BRAGE,282658,1,1487,-64,9,95,DL,
[2026-02-11T19:21:58.332208] [TDMA] RX header: slot=1 frame=1488 epoch=149826268 records=0
[2026-02-11T19:21:58.348319] BRAGE,282758,1,1488,-65,11,95,DL,
[2026-02-11T19:21:58.430696] [TDMA] RX header: slot=1 frame=1489 epoch=149926268 records=0
[2026-02-11T19:21:58.448390] BRAGE,282858,1,1489,-96,5,95,DL,
[2026-02-11T19:21:58.547291] BRAGE,282958,1,1490,0,0,95,NONE,
[2026-02-11T19:21:58.646545] BRAGE,283058,1,1491,0,0,94,NONE,
[2026-02-11T19:21:58.656383] [TDMA] TX DOWNLINK: records=1
[2026-02-11T19:21:58.745726] BRAGE,283158,1,1492,0,0,93,NONE,
[2026-02-11T19:21:58.845493] BRAGE,283258,1,1493,0,0,92,NONE,
[2026-02-11T19:21:58.928223] [TDMA] RX header: slot=1 frame=1494 epoch=150426268 records=0
[2026-02-11T19:21:58.944396] BRAGE,283358,1,1494,-88,10,92,DL,
[2026-02-11T19:21:59.027520] [TDMA] RX header: slot=1 frame=1495 epoch=150526268 records=0
[2026-02-11T19:21:59.044460] BRAGE,283458,1,1495,-75,12,92,DL,
[2026-02-11T19:21:59.126798] [TDMA] RX header: slot=1 frame=1496 epoch=150626268 records=0
[2026-02-11T19:21:59.143979] BRAGE,283558,1,1496,-69,12,92,DL,
[2026-02-11T19:21:59.242350] BRAGE,283658,1,1497,0,0,91,NONE,
[2026-02-11T19:21:59.325067] [TDMA] RX header: slot=1 frame=1498 epoch=150826268 records=0
[2026-02-11T19:21:59.342195] BRAGE,283759,1,1498,-73,9,91,DL,
[2026-02-11T19:21:59.424760] [TDMA] RX header: slot=1 frame=1499 epoch=150926268 records=0
[2026-02-11T19:21:59.442161] BRAGE,283859,1,1499,-72,12,91,DL,
[2026-02-11T19:21:59.523632] [TDMA] RX header: slot=1 frame=1500 epoch=151026268 records=0
[2026-02-11T19:21:59.541418] BRAGE,283959,1,1500,-85,10,92,DL,
[2026-02-11T19:21:59.623702] [TDMA] RX header: slot=1 frame=1501 epoch=151126268 records=0
[2026-02-11T19:21:59.640363] BRAGE,284059,1,1501,-76,13,92,DL,
[2026-02-11T19:21:59.650555] [TDMA] TX DOWNLINK: records=1
[2026-02-11T19:21:59.722428] [TDMA] RX header: slot=1 frame=1502 epoch=151226268 records=0
[2026-02-11T19:21:59.740087] BRAGE,284159,1,1502,-73,8,92,DL,
[2026-02-11T19:21:59.821807] [TDMA] RX header: slot=1 frame=1503 epoch=151326268 records=0
[2026-02-11T19:21:59.838883] BRAGE,284259,1,1503,-67,10,92,DL,
[2026-02-11T19:21:59.921112] [TDMA] RX header: slot=1 frame=1504 epoch=151426268 records=0
[2026-02-11T19:21:59.938337] BRAGE,284359,1,1504,-75,14,92,DL,
[2026-02-11T19:22:00.021289] [TDMA] RX header: slot=1 frame=1505 epoch=151526268 records=0
[2026-02-11T19:22:00.038271] BRAGE,284459,1,1505,-73,7,92,DL,
[2026-02-11T19:22:00.137435] BRAGE,284559,1,1506,0,0,91,NONE,
[2026-02-11T19:22:00.220113] [TDMA] RX header: slot=1 frame=1507 epoch=151726268 records=0
[2026-02-11T19:22:00.236360] BRAGE,284659,1,1507,-73,7,91,DL,
[2026-02-11T19:22:00.319334] [TDMA] RX header: slot=1 frame=1508 epoch=151826268 records=0
[2026-02-11T19:22:00.336043] BRAGE,284759,1,1508,-70,13,91,DL,
[2026-02-11T19:22:00.418016] [TDMA] RX header: slot=1 frame=1509 epoch=151926268 records=0
[2026-02-11T19:22:00.435710] BRAGE,284860,1,1509,-73,9,91,DL,
[2026-02-11T19:22:00.517805] [TDMA] RX header: slot=1 frame=1510 epoch=152026268 records=0
[2026-02-11T19:22:00.535068] BRAGE,284960,1,1510,-74,12,91,DL,
[2026-02-11T19:22:00.617332] [TDMA] RX header: slot=1 frame=1511 epoch=152126268 records=0
[2026-02-11T19:22:00.634206] BRAGE,285060,1,1511,-72,13,91,DL,
[2026-02-11T19:22:00.644005] [TDMA] TX DOWNLINK: records=1
[2026-02-11T19:22:00.716215] [TDMA] RX header: slot=1 frame=1512 epoch=152226268 records=0
[2026-02-11T19:22:00.733393] BRAGE,285160,1,1512,-70,13,91,DL,
[2026-02-11T19:22:00.815610] [TDMA] RX header: slot=1 frame=1513 epoch=152326268 records=0
[2026-02-11T19:22:00.832928] BRAGE,285260,1,1513,-70,12,91,DL,
[2026-02-11T19:22:00.915496] [TDMA] RX header: slot=1 frame=1514 epoch=152426268 records=0
[2026-02-11T19:22:00.932223] BRAGE,285360,1,1514,-73,10,91,DL,
[2026-02-11T19:22:01.014402] [TDMA] RX header: slot=1 frame=1515 epoch=152526268 records=0
[2026-02-11T19:22:01.031548] BRAGE,285460,1,1515,-67,13,91,DL,
[2026-02-11T19:22:01.113820] [TDMA] RX header: slot=1 frame=1516 epoch=152626268 records=0
[2026-02-11T19:22:01.131006] BRAGE,285560,1,1516,-74,11,91,DL,
[2026-02-11T19:22:01.213862] [TDMA] RX header: slot=1 frame=1517 epoch=152726268 records=0
[2026-02-11T19:22:01.230569] BRAGE,285660,1,1517,-69,12,91,DL,
[2026-02-11T19:22:01.312398] [TDMA] RX header: slot=1 frame=1518 epoch=152826268 records=0
[2026-02-11T19:22:01.329491] BRAGE,285760,1,1518,-73,8,91,DL,
[2026-02-11T19:22:01.412472] [TDMA] RX header: slot=1 frame=1519 epoch=152926268 records=0
[2026-02-11T19:22:01.429073] BRAGE,285860,1,1519,-73,9,91,DL,
[2026-02-11T19:22:01.511624] [TDMA] RX header: slot=1 frame=1520 epoch=153026268 records=0
[2026-02-11T19:22:01.527985] BRAGE,285960,1,1520,-71,12,91,DL,
[2026-02-11T19:22:01.610798] [TDMA] RX header: slot=1 frame=1521 epoch=153126268 records=0
[2026-02-11T19:22:01.627454] BRAGE,286060,1,1521,-74,10,91,DL,
[2026-02-11T19:22:01.637745] [TDMA] TX DOWNLINK: records=1
[2026-02-11T19:22:01.710826] [TDMA] RX header: slot=1 frame=1522 epoch=153226268 records=0
[2026-02-11T19:22:01.727307] BRAGE,286161,1,1522,-74,13,91,DL,
[2026-02-11T19:22:01.809837] [TDMA] RX header: slot=1 frame=1523 epoch=153326268 records=0
[2026-02-11T19:22:01.826522] BRAGE,286261,1,1523,-74,11,91,DL,
[2026-02-11T19:22:01.908340] [TDMA] RX header: slot=1 frame=1524 epoch=153426268 records=0
[2026-02-11T19:22:01.926127] BRAGE,286361,1,1524,-76,12,91,DL,
[2026-02-11T19:22:02.007750] [TDMA] RX header: slot=1 frame=1525 epoch=153526268 records=0
[2026-02-11T19:22:02.025552] BRAGE,286461,1,1525,-75,12,91,DL,
[2026-02-11T19:22:02.107862] [TDMA] RX header: slot=1 frame=1526 epoch=153626268 records=0
[2026-02-11T19:22:02.123878] BRAGE,286561,1,1526,-73,10,91,DL,
[2026-02-11T19:22:02.207433] [TDMA] RX header: slot=1 frame=1527 epoch=153726268 records=0
[2026-02-11T19:22:02.225099] BRAGE,286661,1,1527,-69,12,91,DL,
[2026-02-11T19:22:02.306056] [TDMA] RX header: slot=1 frame=1528 epoch=153826268 records=0
[2026-02-11T19:22:02.322952] BRAGE,286761,1,1528,-70,12,91,DL,
[2026-02-11T19:22:02.406076] [TDMA] RX header: slot=1 frame=1529 epoch=153926268 records=0
[2026-02-11T19:22:02.422482] BRAGE,286861,1,1529,-70,12,91,DL,
[2026-02-11T19:22:02.505463] [TDMA] RX header: slot=1 frame=1530 epoch=154026268 records=0
[2026-02-11T19:22:02.522357] BRAGE,286961,1,1530,-69,13,91,DL,
[2026-02-11T19:22:02.604564] [TDMA] RX header: slot=1 frame=1531 epoch=154126268 records=0
[2026-02-11T19:22:02.621186] BRAGE,287061,1,1531,-74,12,91,DL,
[2026-02-11T19:22:02.631034] [TDMA] TX DOWNLINK: records=1
[2026-02-11T19:22:02.703994] [TDMA] RX header: slot=1 frame=1532 epoch=154226268 records=0
[2026-02-11T19:22:02.720862] BRAGE,287161,1,1532,-72,13,91,DL,
[2026-02-11T19:22:02.808167] [TDMA] RX header: slot=1 frame=1533 epoch=154326268 records=0
[2026-02-11T19:22:02.821089] BRAGE,287261,1,1533,-74,10,91,DL,
[2026-02-11T19:22:02.902123] [TDMA] RX header: slot=1 frame=1534 epoch=154426268 records=0
[2026-02-11T19:22:02.921496] BRAGE,287362,1,1534,-71,12,91,DL,
[2026-02-11T19:22:03.002071] [TDMA] RX header: slot=1 frame=1535 epoch=154526268 records=0
[2026-02-11T19:22:03.018804] BRAGE,287462,1,1535,-73,9,91,DL,
[2026-02-11T19:22:03.101561] [TDMA] RX header: slot=1 frame=1536 epoch=154626268 records=0
[2026-02-11T19:22:03.117985] BRAGE,287562,1,1536,-70,12,91,DL,
[2026-02-11T19:22:03.200553] [TDMA] RX header: slot=1 frame=1537 epoch=154726268 records=0
[2026-02-11T19:22:03.217850] BRAGE,287662,1,1537,-74,12,91,DL,
[2026-02-11T19:22:03.300178] [TDMA] RX header: slot=1 frame=1538 epoch=154826268 records=0
[2026-02-11T19:22:03.318513] BRAGE,287762,1,1538,-70,12,91,DL,
[2026-02-11T19:22:03.398678] [TDMA] RX header: slot=1 frame=1539 epoch=154926268 records=0
[2026-02-11T19:22:03.415618] BRAGE,287862,1,1539,-73,8,91,DL,
[2026-02-11T19:22:03.498972] [TDMA] RX header: slot=1 frame=1540 epoch=155026268 records=0
[2026-02-11T19:22:03.515721] BRAGE,287962,1,1540,-73,8,91,DL,
[2026-02-11T19:22:03.597872] [TDMA] RX header: slot=1 frame=1541 epoch=155126268 records=0
[2026-02-11T19:22:03.614958] BRAGE,288062,1,1541,-66,12,92,DL,
[2026-02-11T19:22:03.624340] [TDMA] TX DOWNLINK: records=1
[2026-02-11T19:22:03.697380] [TDMA] RX header: slot=1 frame=1542 epoch=155226268 records=0
[2026-02-11T19:22:03.714120] BRAGE,288162,1,1542,-73,8,92,DL,
[2026-02-11T19:22:03.796944] [TDMA] RX header: slot=1 frame=1543 epoch=155326268 records=0
[2026-02-11T19:22:03.813874] BRAGE,288262,1,1543,-72,6,92,DL,
[2026-02-11T19:22:03.895510] [TDMA] RX header: slot=1 frame=1544 epoch=155426268 records=0
[2026-02-11T19:22:03.912379] BRAGE,288362,1,1544,-73,7,92,DL,
[2026-02-11T19:22:03.996029] [TDMA] RX header: slot=1 frame=1545 epoch=155526268 records=0
[2026-02-11T19:22:04.011833] BRAGE,288462,1,1545,-73,7,93,DL,
[2026-02-11T19:22:04.096732] [TDMA] RX header: slot=1 frame=1546 epoch=155626268 records=0
[2026-02-11T19:22:04.112090] BRAGE,288562,1,1546,-73,8,93,DL,
[2026-02-11T19:22:04.193527] [TDMA] RX header: slot=1 frame=1547 epoch=155726268 records=0
[2026-02-11T19:22:04.211454] BRAGE,288662,1,1547,-73,8,93,DL,
[2026-02-11T19:22:04.293683] [TDMA] RX header: slot=1 frame=1548 epoch=155826268 records=0
[2026-02-11T19:22:04.310275] BRAGE,288763,1,1548,-73,7,93,DL,
[2026-02-11T19:22:04.392853] [TDMA] RX header: slot=1 frame=1549 epoch=155926268 records=0
[2026-02-11T19:22:04.409369] BRAGE,288863,1,1549,-73,7,93,DL,
[2026-02-11T19:22:04.492434] [TDMA] RX header: slot=1 frame=1550 epoch=156026268 records=0
[2026-02-11T19:22:04.509102] BRAGE,288963,1,1550,-73,7,93,DL,
[2026-02-11T19:22:04.594256] [TDMA] RX header: slot=1 frame=1551 epoch=156126268 records=0
[2026-02-11T19:22:04.608049] BRAGE,289063,1,1551,-73,7,93,DL,
[2026-02-11T19:22:04.618214] [TDMA] TX DOWNLINK: records=1
[2026-02-11T19:22:04.691146] [TDMA] RX header: slot=1 frame=1552 epoch=156226268 records=0
[2026-02-11T19:22:04.707744] BRAGE,289163,1,1552,-70,9,93,DL,
[2026-02-11T19:22:04.790274] [TDMA] RX header: slot=1 frame=1553 epoch=156326268 records=0
[2026-02-11T19:22:04.807235] BRAGE,289263,1,1553,-66,12,93,DL,
[2026-02-11T19:22:04.889598] [TDMA] RX header: slot=1 frame=1554 epoch=156426268 records=0
[2026-02-11T19:22:04.906468] BRAGE,289363,1,1554,-73,8,93,DL,
[2026-02-11T19:22:04.988517] [TDMA] RX header: slot=1 frame=1555 epoch=156526268 records=0
[2026-02-11T19:22:05.005822] BRAGE,289463,1,1555,-73,8,93,DL,
[2026-02-11T19:22:05.088394] [TDMA] RX header: slot=1 frame=1556 epoch=156626268 records=0
[2026-02-11T19:22:05.105341] BRAGE,289563,1,1556,-72,6,93,DL,
[2026-02-11T19:22:05.187557] [TDMA] RX header: slot=1 frame=1557 epoch=156726268 records=0
[2026-02-11T19:22:05.204098] BRAGE,289663,1,1557,-73,6,93,DL,
[2026-02-11T19:22:05.286991] [TDMA] RX header: slot=1 frame=1558 epoch=156826268 records=0
[2026-02-11T19:22:05.303438] BRAGE,289763,1,1558,-73,6,93,DL,
[2026-02-11T19:22:05.386401] [TDMA] RX header: slot=1 frame=1559 epoch=156926268 records=0
[2026-02-11T19:22:05.403477] BRAGE,289863,1,1559,-73,8,93,DL,
[2026-02-11T19:22:05.485921] [TDMA] RX header: slot=1 frame=1560 epoch=157026268 records=0
[2026-02-11T19:22:05.502539] BRAGE,289963,1,1560,-73,6,93,DL,
[2026-02-11T19:22:05.601469] BRAGE,290063,1,1561,0,0,92,NONE,
[2026-02-11T19:22:05.613244] [TDMA] TX DOWNLINK: records=1
[2026-02-11T19:22:05.684422] [TDMA] RX header: slot=1 frame=1562 epoch=157226268 records=0
[2026-02-11T19:22:05.701312] BRAGE,290163,1,1562,-67,8,92,DL,
[2026-02-11T19:22:05.783393] [TDMA] RX header: slot=1 frame=1563 epoch=157326268 records=0
[2026-02-11T19:22:05.800568] BRAGE,290263,1,1563,-70,7,92,DL,
[2026-02-11T19:22:05.882809] [TDMA] RX header: slot=1 frame=1564 epoch=157426268 records=0
[2026-02-11T19:22:05.899549] BRAGE,290363,1,1564,-72,6,92,DL,
[2026-02-11T19:22:05.982496] [TDMA] RX header: slot=1 frame=1565 epoch=157526268 records=0
[2026-02-11T19:22:05.999341] BRAGE,290463,1,1565,-67,8,92,DL,
[2026-02-11T19:22:06.081698] [TDMA] RX header: slot=1 frame=1566 epoch=157626268 records=0
[2026-02-11T19:22:06.098748] BRAGE,290564,1,1566,-73,6,92,DL,
[2026-02-11T19:22:06.181216] [TDMA] RX header: slot=1 frame=1567 epoch=157726268 records=0
[2026-02-11T19:22:06.197873] BRAGE,290664,1,1567,-70,7,92,DL,
[2026-02-11T19:22:06.280142] [TDMA] RX header: slot=1 frame=1568 epoch=157826268 records=0
[2026-02-11T19:22:06.296904] BRAGE,290764,1,1568,-70,7,92,DL,
[2026-02-11T19:22:06.379919] [TDMA] RX header: slot=1 frame=1569 epoch=157926268 records=0
[2026-02-11T19:22:06.396719] BRAGE,290864,1,1569,-73,6,92,DL,
[2026-02-11T19:22:06.479206] [TDMA] RX header: slot=1 frame=1570 epoch=158026268 records=0
[2026-02-11T19:22:06.496061] BRAGE,290964,1,1570,-72,12,92,DL,
[2026-02-11T19:22:06.578227] [TDMA] RX header: slot=1 frame=1571 epoch=158126268 records=0
[2026-02-11T19:22:06.595732] BRAGE,291064,1,1571,-72,12,93,DL,
[2026-02-11T19:22:06.604973] [TDMA] TX DOWNLINK: records=1
[2026-02-11T19:22:06.694356] BRAGE,291164,1,1572,0,0,92,NONE,
[2026-02-11T19:22:06.777310] [TDMA] RX header: slot=1 frame=1573 epoch=158326268 records=0
[2026-02-11T19:22:06.794692] BRAGE,291264,1,1573,-73,8,92,DL,
[2026-02-11T19:22:06.893454] BRAGE,291364,1,1574,0,0,91,NONE,
[2026-02-11T19:22:06.975629] [TDMA] RX header: slot=1 frame=1575 epoch=158526268 records=0
[2026-02-11T19:22:06.992472] BRAGE,291464,1,1575,-73,9,91,DL,
[2026-02-11T19:22:07.075497] [TDMA] RX header: slot=1 frame=1576 epoch=158626268 records=0
[2026-02-11T19:22:07.092227] BRAGE,291564,1,1576,-70,13,91,DL,
[2026-02-11T19:22:07.174433] [TDMA] RX header: slot=1 frame=1577 epoch=158726268 records=0
[2026-02-11T19:22:07.191082] BRAGE,291664,1,1577,-73,10,91,DL,
[2026-02-11T19:22:07.274120] [TDMA] RX header: slot=1 frame=1578 epoch=158826268 records=0
[2026-02-11T19:22:07.290988] BRAGE,291764,1,1578,-63,12,91,DL,
[2026-02-11T19:22:07.373053] [TDMA] RX header: slot=1 frame=1579 epoch=158926268 records=0
[2026-02-11T19:22:07.390277] BRAGE,291864,1,1579,-70,7,91,DL,
[2026-02-11T19:22:07.472534] [TDMA] RX header: slot=1 frame=1580 epoch=159026268 records=0
[2026-02-11T19:22:07.489216] BRAGE,291964,1,1580,-72,6,91,DL,
[2026-02-11T19:22:07.588950] BRAGE,292064,1,1581,0,0,90,NONE,
[2026-02-11T19:22:07.598955] [TDMA] TX DOWNLINK: records=1
[2026-02-11T19:22:07.671567] [TDMA] RX header: slot=1 frame=1582 epoch=159226268 records=0
[2026-02-11T19:22:07.687848] BRAGE,292164,1,1582,-70,6,90,DL,
[2026-02-11T19:22:07.770827] [TDMA] RX header: slot=1 frame=1583 epoch=159326268 records=0
[2026-02-11T19:22:07.787739] BRAGE,292265,1,1583,-64,10,90,DL,
[2026-02-11T19:22:07.870386] [TDMA] RX header: slot=1 frame=1584 epoch=159426268 records=0
[2026-02-11T19:22:07.887221] BRAGE,292365,1,1584,-70,8,90,DL,
[2026-02-11T19:22:07.969907] [TDMA] RX header: slot=1 frame=1585 epoch=159526268 records=0
[2026-02-11T19:22:07.988397] BRAGE,292465,1,1585,-73,8,90,DL,
[2026-02-11T19:22:08.069170] [TDMA] RX header: slot=1 frame=1586 epoch=159626268 records=0
[2026-02-11T19:22:08.085696] BRAGE,292565,1,1586,-73,9,90,DL,
[2026-02-11T19:22:08.168088] [TDMA] RX header: slot=1 frame=1587 epoch=159726268 records=0
[2026-02-11T19:22:08.185053] BRAGE,292665,1,1587,-70,7,90,DL,
[2026-02-11T19:22:08.267770] [TDMA] RX header: slot=1 frame=1588 epoch=159826268 records=0
[2026-02-11T19:22:08.284839] BRAGE,292765,1,1588,-65,9,90,DL,
[2026-02-11T19:22:08.367090] [TDMA] RX header: slot=1 frame=1589 epoch=159926268 records=0
[2026-02-11T19:22:08.384230] BRAGE,292865,1,1589,-73,7,90,DL,
[2026-02-11T19:22:08.466679] [TDMA] RX header: slot=1 frame=1590 epoch=160026268 records=0
[2026-02-11T19:22:08.483334] BRAGE,292965,1,1590,-65,11,91,DL,
[2026-02-11T19:22:08.582969] BRAGE,293065,1,1591,0,0,91,NONE,
[2026-02-11T19:22:08.592752] [TDMA] TX DOWNLINK: records=1
[2026-02-11T19:22:08.665357] [TDMA] RX header: slot=1 frame=1592 epoch=160226268 records=0
[2026-02-11T19:22:08.681927] BRAGE,293165,1,1592,-68,13,92,DL,
[2026-02-11T19:22:08.764519] [TDMA] RX header: slot=1 frame=1593 epoch=160326268 records=0
[2026-02-11T19:22:08.780978] BRAGE,293265,1,1593,-75,13,93,DL,
[2026-02-11T19:22:08.863537] [TDMA] RX header: slot=1 frame=1594 epoch=160426268 records=0
[2026-02-11T19:22:08.880093] BRAGE,293365,1,1594,-64,9,93,DL,
[2026-02-11T19:22:08.962449] [TDMA] RX header: slot=1 frame=1595 epoch=160526268 records=0
[2026-02-11T19:22:08.980103] BRAGE,293465,1,1595,-67,7,93,DL,
[2026-02-11T19:22:09.062732] [TDMA] RX header: slot=1 frame=1596 epoch=160626268 records=0
[2026-02-11T19:22:09.079404] BRAGE,293565,1,1596,-67,7,93,DL,
[2026-02-11T19:22:09.161936] [TDMA] RX header: slot=1 frame=1597 epoch=160726268 records=0
[2026-02-11T19:22:09.178977] BRAGE,293665,1,1597,-72,6,94,DL,
[2026-02-11T19:22:09.260408] [TDMA] RX header: slot=1 frame=1598 epoch=160826268 records=0
[2026-02-11T19:22:09.277669] BRAGE,293765,1,1598,-48,12,94,DL,
[2026-02-11T19:22:09.360348] [TDMA] RX header: slot=1 frame=1599 epoch=160926268 records=0
[2026-02-11T19:22:09.376900] BRAGE,293865,1,1599,-48,13,94,DL,
[2026-02-11T19:22:09.460354] [TDMA] RX header: slot=1 frame=1600 epoch=161026268 records=0
[2026-02-11T19:22:09.476548] BRAGE,293966,1,1600,-72,6,94,DL,
[2026-02-11T19:22:09.559291] [TDMA] RX header: slot=1 frame=1601 epoch=161126268 records=0
[2026-02-11T19:22:09.576224] BRAGE,294066,1,1601,-49,4,94,DL,
[2026-02-11T19:22:09.586090] [TDMA] TX DOWNLINK: records=1
[2026-02-11T19:22:09.658988] [TDMA] RX header: slot=1 frame=1602 epoch=161226268 records=0
[2026-02-11T19:22:09.675883] BRAGE,294166,1,1602,-49,9,94,DL,
[2026-02-11T19:22:09.758038] [TDMA] RX header: slot=1 frame=1603 epoch=161326268 records=0
[2026-02-11T19:22:09.774479] BRAGE,294266,1,1603,-64,3,94,DL,
[2026-02-11T19:22:09.857101] [TDMA] RX header: slot=1 frame=1604 epoch=161426268 records=0
[2026-02-11T19:22:09.873694] BRAGE,294366,1,1604,-49,4,94,DL,
[2026-02-11T19:22:09.973298] BRAGE,294466,1,1605,0,0,93,NONE,
[2026-02-11T19:22:10.055498] [TDMA] RX header: slot=1 frame=1606 epoch=161626268 records=0
[2026-02-11T19:22:10.072530] BRAGE,294566,1,1606,-50,7,94,DL,
[2026-02-11T19:22:10.155295] [TDMA] RX header: slot=1 frame=1607 epoch=161726268 records=0
[2026-02-11T19:22:10.172267] BRAGE,294666,1,1607,-72,4,94,DL,
[2026-02-11T19:22:10.254812] [TDMA] RX header: slot=1 frame=1608 epoch=161826268 records=0
[2026-02-11T19:22:10.271998] BRAGE,294766,1,1608,-72,2,94,DL,
[2026-02-11T19:22:10.353696] [TDMA] RX header: slot=1 frame=1609 epoch=161926268 records=0
[2026-02-11T19:22:10.370431] BRAGE,294866,1,1609,-72,3,94,DL,
[2026-02-11T19:22:10.453326] [TDMA] RX header: slot=1 frame=1610 epoch=162026268 records=0
[2026-02-11T19:22:10.472024] BRAGE,294966,1,1610,-72,2,94,DL,
[2026-02-11T19:22:10.552258] [TDMA] RX header: slot=1 frame=1611 epoch=162126268 records=0
[2026-02-11T19:22:10.569596] BRAGE,295066,1,1611,-72,2,94,DL,
[2026-02-11T19:22:10.579577] [TDMA] TX DOWNLINK: records=1
[2026-02-11T19:22:10.668375] BRAGE,295166,1,1612,0,0,93,NONE,
[2026-02-11T19:22:10.768157] BRAGE,295266,1,1613,0,0,92,NONE,
[2026-02-11T19:22:10.850425] [TDMA] RX header: slot=1 frame=1614 epoch=162426268 records=0
[2026-02-11T19:22:10.867780] BRAGE,295367,1,1614,-70,3,92,DL,
[2026-02-11T19:22:10.969887] BRAGE,295467,1,1615,0,0,91,NONE,
[2026-02-11T19:22:11.049370] [TDMA] RX header: slot=1 frame=1616 epoch=162626268 records=0
[2026-02-11T19:22:11.066264] BRAGE,295567,1,1616,-67,3,91,DL,
[2026-02-11T19:22:11.148394] [TDMA] RX header: slot=1 frame=1617 epoch=162726268 records=0
[2026-02-11T19:22:11.166002] BRAGE,295667,1,1617,-72,2,91,DL,
[2026-02-11T19:22:11.248133] [TDMA] RX header: slot=1 frame=1618 epoch=162826268 records=0
[2026-02-11T19:22:11.264443] BRAGE,295767,1,1618,-72,3,91,DL,
[2026-02-11T19:22:11.346631] [SX1280] CRC error
[2026-02-11T19:22:11.363742] BRAGE,295867,1,1619,0,0,90,NONE,
[2026-02-11T19:22:11.447152] [TDMA] RX header: slot=1 frame=1620 epoch=163026268 records=0
[2026-02-11T19:22:11.463794] BRAGE,295967,1,1620,-72,2,90,DL,
[2026-02-11T19:22:11.545584] [SX1280] CRC error
[2026-02-11T19:22:11.563720] BRAGE,296067,1,1621,0,0,89,NONE,
[2026-02-11T19:22:11.572420] [TDMA] TX DOWNLINK: records=1
[2026-02-11T19:22:11.645058] [TDMA] RX header: slot=1 frame=1622 epoch=163226268 records=0
[2026-02-11T19:22:11.661893] BRAGE,296167,1,1622,-64,4,89,DL,
[2026-02-11T19:22:11.744457] [TDMA] RX header: slot=1 frame=1623 epoch=163326268 records=0
[2026-02-11T19:22:11.761214] BRAGE,296267,1,1623,-72,3,89,DL,
[2026-02-11T19:22:11.843932] [TDMA] RX header: slot=1 frame=1624 epoch=163426268 records=0
[2026-02-11T19:22:11.861161] BRAGE,296367,1,1624,-70,2,89,DL,
[2026-02-11T19:22:11.960300] BRAGE,296467,1,1625,0,0,88,NONE,
[2026-02-11T19:22:12.043973] [TDMA] RX header: slot=1 frame=1626 epoch=163626268 records=0
[2026-02-11T19:22:12.059839] BRAGE,296567,1,1626,-70,3,88,DL,
[2026-02-11T19:22:12.142236] [TDMA] RX header: slot=1 frame=1627 epoch=163726268 records=0
[2026-02-11T19:22:12.159133] BRAGE,296668,1,1627,-62,3,88,DL,
[2026-02-11T19:22:12.248094] [TDMA] RX header: slot=1 frame=1628 epoch=163826268 records=0
[2026-02-11T19:22:12.259300] BRAGE,296768,1,1628,-67,3,88,DL,
[2026-02-11T19:22:12.340562] [TDMA] RX header: slot=1 frame=1629 epoch=163926268 records=0
[2026-02-11T19:22:12.357470] BRAGE,296868,1,1629,-72,0,88,DL,
[2026-02-11T19:22:12.440566] [TDMA] RX header: slot=1 frame=1630 epoch=164026268 records=0
[2026-02-11T19:22:12.456867] BRAGE,296968,1,1630,-67,3,88,DL,
[2026-02-11T19:22:12.539890] [TDMA] RX header: slot=1 frame=1631 epoch=164126268 records=0
[2026-02-11T19:22:12.556306] BRAGE,297068,1,1631,-72,3,88,DL,
[2026-02-11T19:22:12.566176] [TDMA] TX DOWNLINK: records=1
[2026-02-11T19:22:12.639158] [TDMA] RX header: slot=1 frame=1632 epoch=164226268 records=0
[2026-02-11T19:22:12.656172] BRAGE,297168,1,1632,-72,3,88,DL,
[2026-02-11T19:22:12.738029] [TDMA] RX header: slot=1 frame=1633 epoch=164326268 records=0
[2026-02-11T19:22:12.757881] BRAGE,297268,1,1633,-62,5,88,DL,
[2026-02-11T19:22:12.836916] [SX1280] CRC error
[2026-02-11T19:22:12.854821] BRAGE,297368,1,1634,0,0,87,NONE,
[2026-02-11T19:22:12.937236] [TDMA] RX header: slot=1 frame=1635 epoch=164526268 records=0
[2026-02-11T19:22:12.954210] BRAGE,297468,1,1635,-70,2,87,DL,
[2026-02-11T19:22:13.036349] [TDMA] RX header: slot=1 frame=1636 epoch=164626268 records=0
[2026-02-11T19:22:13.056604] BRAGE,297568,1,1636,-70,2,87,DL,
[2026-02-11T19:22:13.136171] [TDMA] RX header: slot=1 frame=1637 epoch=164726268 records=0
[2026-02-11T19:22:13.152945] BRAGE,297668,1,1637,-70,4,87,DL,
[2026-02-11T19:22:13.235253] [TDMA] RX header: slot=1 frame=1638 epoch=164826268 records=0
[2026-02-11T19:22:13.252194] BRAGE,297768,1,1638,-64,4,87,DL,
[2026-02-11T19:22:13.333804] [SX1280] CRC error
[2026-02-11T19:22:13.350826] BRAGE,297868,1,1639,0,0,86,NONE,
[2026-02-11T19:22:13.433057] [SX1280] CRC error
[2026-02-11T19:22:13.450467] BRAGE,297968,1,1640,0,0,85,NONE,
[2026-02-11T19:22:13.532210] [SX1280] CRC error
[2026-02-11T19:22:13.549859] BRAGE,298068,1,1641,0,0,84,NONE,
[2026-02-11T19:22:13.559209] [TDMA] TX DOWNLINK: records=1
[2026-02-11T19:22:13.632608] [TDMA] RX header: slot=1 frame=1642 epoch=165226268 records=0
[2026-02-11T19:22:13.649088] BRAGE,298169,1,1642,-67,3,84,DL,
[2026-02-11T19:22:13.748850] BRAGE,298269,1,1643,0,0,83,NONE,
[2026-02-11T19:22:13.831187] [TDMA] RX header: slot=1 frame=1644 epoch=165426268 records=0
[2026-02-11T19:22:13.847935] BRAGE,298369,1,1644,-72,1,83,DL,
[2026-02-11T19:22:13.929341] [SX1280] CRC error
[2026-02-11T19:22:13.947002] BRAGE,298469,1,1645,0,0,82,NONE,
[2026-02-11T19:22:14.046753] BRAGE,298569,1,1646,0,0,81,NONE,
[2026-02-11T19:22:14.129263] [TDMA] RX header: slot=1 frame=1647 epoch=165726268 records=0
[2026-02-11T19:22:14.145812] BRAGE,298669,1,1647,-67,3,81,DL,
[2026-02-11T19:22:14.228591] [TDMA] RX header: slot=1 frame=1648 epoch=165826268 records=0
[2026-02-11T19:22:14.245455] BRAGE,298769,1,1648,-72,2,81,DL,
[2026-02-11T19:22:14.327605] [TDMA] RX header: slot=1 frame=1649 epoch=165926268 records=0
[2026-02-11T19:22:14.345138] BRAGE,298869,1,1649,-70,3,81,DL,
[2026-02-11T19:22:14.427023] [SX1280] CRC error
[2026-02-11T19:22:14.444244] BRAGE,298969,1,1650,0,0,80,NONE,
[2026-02-11T19:22:14.526068] [SX1280] CRC error
[2026-02-11T19:22:14.543255] BRAGE,299069,1,1651,0,0,79,NONE,
[2026-02-11T19:22:14.552840] [TDMA] TX DOWNLINK: records=1
[2026-02-11T19:22:14.625910] [TDMA] RX header: slot=1 frame=1652 epoch=166226268 records=0
[2026-02-11T19:22:14.643502] BRAGE,299169,1,1652,-67,2,79,DL,
[2026-02-11T19:22:14.725545] [TDMA] RX header: slot=1 frame=1653 epoch=166326268 records=0
[2026-02-11T19:22:14.742348] BRAGE,299269,1,1653,-72,1,79,DL,
[2026-02-11T19:22:14.824627] [TDMA] RX header: slot=1 frame=1654 epoch=166426268 records=0
[2026-02-11T19:22:14.842030] BRAGE,299369,1,1654,-70,1,79,DL,
[2026-02-11T19:22:14.924026] [TDMA] RX header: slot=1 frame=1655 epoch=166526268 records=0
[2026-02-11T19:22:14.941322] BRAGE,299469,1,1655,-72,2,79,DL,
[2026-02-11T19:22:15.023701] [TDMA] RX header: slot=1 frame=1656 epoch=166626268 records=0
[2026-02-11T19:22:15.040418] BRAGE,299569,1,1656,-70,3,79,DL,
[2026-02-11T19:22:15.139716] BRAGE,299669,1,1657,0,0,78,NONE,
[2026-02-11T19:22:15.221718] [TDMA] RX header: slot=1 frame=1658 epoch=166826268 records=0
[2026-02-11T19:22:15.239476] BRAGE,299770,1,1658,-51,4,78,DL,
[2026-02-11T19:22:15.320243] [SX1280] CRC error
[2026-02-11T19:22:15.338241] BRAGE,299870,1,1659,0,0,77,NONE,
[2026-02-11T19:22:15.419996] [SX1280] CRC error
[2026-02-11T19:22:15.437247] BRAGE,299970,1,1660,0,0,76,NONE,
[2026-02-11T19:22:15.520249] [TDMA] RX header: slot=1 frame=1661 epoch=167126268 records=0
[2026-02-11T19:22:15.537423] BRAGE,300070,1,1661,-67,3,77,DL,
[2026-02-11T19:22:15.547031] [TDMA] TX DOWNLINK: records=1
[2026-02-11T19:22:15.619231] [TDMA] RX header: slot=1 frame=1662 epoch=167226268 records=0
[2026-02-11T19:22:15.636387] BRAGE,300170,1,1662,-72,2,77,DL,
[2026-02-11T19:22:15.719343] [TDMA] RX header: slot=1 frame=1663 epoch=167326268 records=0
[2026-02-11T19:22:15.735356] BRAGE,300270,1,1663,-73,1,77,DL,
[2026-02-11T19:22:15.817749] [SX1280] CRC error
[2026-02-11T19:22:15.835343] BRAGE,300370,1,1664,0,0,76,NONE,
[2026-02-11T19:22:15.917791] [TDMA] RX header: slot=1 frame=1665 epoch=167526268 records=0
[2026-02-11T19:22:15.935033] BRAGE,300470,1,1665,-70,3,76,DL,
[2026-02-11T19:22:16.017480] [TDMA] RX header: slot=1 frame=1666 epoch=167626268 records=0
[2026-02-11T19:22:16.033876] BRAGE,300570,1,1666,-50,5,76,DL,
[2026-02-11T19:22:16.116115] [SX1280] CRC error
[2026-02-11T19:22:16.133379] BRAGE,300670,1,1667,0,0,75,NONE,
[2026-02-11T19:22:16.215245] [TDMA] RX header: slot=1 frame=1668 epoch=167826268 records=0
[2026-02-11T19:22:16.232459] BRAGE,300770,1,1668,-70,3,75,DL,
[2026-02-11T19:22:16.315309] [TDMA] RX header: slot=1 frame=1669 epoch=167926268 records=0
[2026-02-11T19:22:16.331899] BRAGE,300870,1,1669,-73,1,75,DL,
[2026-02-11T19:22:16.414385] [TDMA] RX header: slot=1 frame=1670 epoch=168026268 records=0
[2026-02-11T19:22:16.431248] BRAGE,300970,1,1670,-67,2,75,DL,
[2026-02-11T19:22:16.513607] [TDMA] RX header: slot=1 frame=1671 epoch=168126268 records=0
[2026-02-11T19:22:16.530891] BRAGE,301070,1,1671,-72,3,75,DL,
[2026-02-11T19:22:16.540477] [TDMA] TX DOWNLINK: records=1
[2026-02-11T19:22:16.611884] [SX1280] CRC error
[2026-02-11T19:22:16.630178] BRAGE,301170,1,1672,0,0,75,NONE,
[2026-02-11T19:22:16.711461] [SX1280] CRC error
[2026-02-11T19:22:16.729441] BRAGE,301270,1,1673,0,0,74,NONE,
[2026-02-11T19:22:16.811910] [TDMA] RX header: slot=1 frame=1674 epoch=168426268 records=0
[2026-02-11T19:22:16.829051] BRAGE,301371,1,1674,-72,3,75,DL,
[2026-02-11T19:22:16.928364] BRAGE,301471,1,1675,0,0,74,NONE,
[2026-02-11T19:22:17.010578] [TDMA] RX header: slot=1 frame=1676 epoch=168626268 records=0
[2026-02-11T19:22:17.027150] BRAGE,301571,1,1676,-72,3,74,DL,
[2026-02-11T19:22:17.110140] [TDMA] RX header: slot=1 frame=1677 epoch=168726268 records=0
[2026-02-11T19:22:17.126270] BRAGE,301671,1,1677,-51,6,74,DL,
[2026-02-11T19:22:17.226287] BRAGE,301771,1,1678,0,0,73,NONE,
[2026-02-11T19:22:17.308678] [TDMA] RX header: slot=1 frame=1679 epoch=168926268 records=0
[2026-02-11T19:22:17.325025] BRAGE,301871,1,1679,-67,4,73,DL,
[2026-02-11T19:22:17.407110] [SX1280] CRC error
[2026-02-11T19:22:17.424716] BRAGE,301971,1,1680,0,0,72,NONE,
[2026-02-11T19:22:17.524275] BRAGE,302071,1,1681,0,0,72,NONE,
[2026-02-11T19:22:17.533967] [TDMA] TX DOWNLINK: records=1
[2026-02-11T19:22:17.623199] BRAGE,302171,1,1682,0,0,71,NONE,
[2026-02-11T19:22:17.722618] BRAGE,302271,1,1683,0,0,70,NONE,
[2026-02-11T19:22:17.805008] [TDMA] RX header: slot=1 frame=1684 epoch=169426268 records=0
[2026-02-11T19:22:17.822408] BRAGE,302371,1,1684,-67,4,70,DL,
[2026-02-11T19:22:17.903486] [SX1280] CRC error
[2026-02-11T19:22:17.921010] BRAGE,302471,1,1685,0,0,69,NONE,
[2026-02-11T19:22:18.021158] BRAGE,302571,1,1686,0,0,68,NONE,
[2026-02-11T19:22:18.103029] [TDMA] RX header: slot=1 frame=1687 epoch=169726268 records=0
[2026-02-11T19:22:18.123112] BRAGE,302672,1,1687,-64,4,68,DL,
[2026-02-11T19:22:18.202608] [TDMA] RX header: slot=1 frame=1688 epoch=169826268 records=0
[2026-02-11T19:22:18.219554] BRAGE,302772,1,1688,-72,2,68,DL,
[2026-02-11T19:22:18.301331] [SX1280] CRC error
[2026-02-11T19:22:18.319080] BRAGE,302872,1,1689,0,0,67,NONE,
[2026-02-11T19:22:18.401008] [TDMA] RX header: slot=1 frame=1690 epoch=170026268 records=0
[2026-02-11T19:22:18.418345] BRAGE,302972,1,1690,-70,3,67,DL,
[2026-02-11T19:22:18.500607] [TDMA] RX header: slot=1 frame=1691 epoch=170126268 records=0
[2026-02-11T19:22:18.518502] BRAGE,303072,1,1691,-70,2,68,DL,
[2026-02-11T19:22:18.527532] [TDMA] TX DOWNLINK: records=1
[2026-02-11T19:22:18.599384] [SX1280] CRC error
[2026-02-11T19:22:18.617245] BRAGE,303172,1,1692,0,0,67,NONE,
[2026-02-11T19:22:18.699133] [SX1280] CRC error
[2026-02-11T19:22:18.716472] BRAGE,303272,1,1693,0,0,66,NONE,
[2026-02-11T19:22:18.798107] [SX1280] CRC error
[2026-02-11T19:22:18.815842] BRAGE,303372,1,1694,0,0,65,NONE,
[2026-02-11T19:22:18.897971] [TDMA] RX header: slot=1 frame=1695 epoch=170526268 records=0
[2026-02-11T19:22:18.915116] BRAGE,303472,1,1695,-72,4,65,DL,
[2026-02-11T19:22:18.997325] [TDMA] RX header: slot=1 frame=1696 epoch=170626268 records=0
[2026-02-11T19:22:19.014471] BRAGE,303572,1,1696,-67,3,65,DL,
[2026-02-11T19:22:19.095801] [SX1280] CRC error
[2026-02-11T19:22:19.113813] BRAGE,303672,1,1697,0,0,64,NONE,
[2026-02-11T19:22:19.196750] [TDMA] RX header: slot=1 frame=1698 epoch=170826268 records=0
[2026-02-11T19:22:19.212748] BRAGE,303772,1,1698,-64,4,64,DL,
[2026-02-11T19:22:19.295630] [TDMA] RX header: slot=1 frame=1699 epoch=170926268 records=0
[2026-02-11T19:22:19.312192] BRAGE,303872,1,1699,-67,1,64,DL,
[2026-02-11T19:22:19.395269] [TDMA] RX header: slot=1 frame=1700 epoch=171026268 records=0
[2026-02-11T19:22:19.412164] BRAGE,303972,1,1700,-72,2,64,DL,
[2026-02-11T19:22:19.494492] [TDMA] RX header: slot=1 frame=1701 epoch=171126268 records=0
[2026-02-11T19:22:19.510803] BRAGE,304072,1,1701,-51,5,64,DL,
[2026-02-11T19:22:19.520963] [TDMA] TX DOWNLINK: records=1
[2026-02-11T19:22:19.593945] [TDMA] RX header: slot=1 frame=1702 epoch=171226268 records=0
[2026-02-11T19:22:19.610510] BRAGE,304172,1,1702,-67,3,64,DL,
[2026-02-11T19:22:19.691803] [SX1280] CRC error
[2026-02-11T19:22:19.709711] BRAGE,304272,1,1703,0,0,63,NONE,
[2026-02-11T19:22:19.792508] [TDMA] RX header: slot=1 frame=1704 epoch=171426268 records=0
[2026-02-11T19:22:19.809151] BRAGE,304372,1,1704,-64,4,63,DL,
[2026-02-11T19:22:19.891930] [TDMA] RX header: slot=1 frame=1705 epoch=171526268 records=0
[2026-02-11T19:22:19.908186] BRAGE,304473,1,1705,-72,3,64,DL,
[2026-02-11T19:22:19.990207] [SX1280] CRC error
[2026-02-11T19:22:20.008038] BRAGE,304573,1,1706,0,0,63,NONE,
[2026-02-11T19:22:20.090587] [TDMA] RX header: slot=1 frame=1707 epoch=171726268 records=0
[2026-02-11T19:22:20.107417] BRAGE,304673,1,1707,-64,3,63,DL,
[2026-02-11T19:22:20.189992] [TDMA] RX header: slot=1 frame=1708 epoch=171826268 records=0
[2026-02-11T19:22:20.206949] BRAGE,304773,1,1708,-67,3,63,DL,
[2026-02-11T19:22:20.288455] [SX1280] CRC error
[2026-02-11T19:22:20.306337] BRAGE,304873,1,1709,0,0,62,NONE,
[2026-02-11T19:22:20.388903] [TDMA] RX header: slot=1 frame=1710 epoch=172026268 records=0
[2026-02-11T19:22:20.408385] BRAGE,304973,1,1710,-64,3,62,DL,
[2026-02-11T19:22:20.487536] [TDMA] RX header: slot=1 frame=1711 epoch=172126268 records=0
[2026-02-11T19:22:20.504134] BRAGE,305073,1,1711,-69,2,62,DL,
[2026-02-11T19:22:20.514129] [TDMA] TX DOWNLINK: records=1
[2026-02-11T19:22:20.587295] [TDMA] RX header: slot=1 frame=1712 epoch=172226268 records=0
[2026-02-11T19:22:20.604440] BRAGE,305173,1,1712,-72,3,63,DL,
[2026-02-11T19:22:20.686592] [TDMA] RX header: slot=1 frame=1713 epoch=172326268 records=0
[2026-02-11T19:22:20.703693] BRAGE,305273,1,1713,-67,2,64,DL,
[2026-02-11T19:22:20.784788] [SX1280] CRC error
[2026-02-11T19:22:20.802363] BRAGE,305373,1,1714,0,0,63,NONE,
[2026-02-11T19:22:20.885588] [TDMA] RX header: slot=1 frame=1715 epoch=172526268 records=0
[2026-02-11T19:22:20.902469] BRAGE,305473,1,1715,-64,4,64,DL,
[2026-02-11T19:22:20.984254] [TDMA] RX header: slot=1 frame=1716 epoch=172626268 records=0
[2026-02-11T19:22:21.001359] BRAGE,305573,1,1716,-67,4,64,DL,
[2026-02-11T19:22:21.084059] [TDMA] RX header: slot=1 frame=1717 epoch=172726268 records=0
[2026-02-11T19:22:21.100478] BRAGE,305673,1,1717,-67,3,64,DL,
[2026-02-11T19:22:21.182086] [SX1280] CRC error
[2026-02-11T19:22:21.200269] BRAGE,305773,1,1718,0,0,63,NONE,
[2026-02-11T19:22:21.282932] [TDMA] RX header: slot=1 frame=1719 epoch=172926268 records=0
[2026-02-11T19:22:21.300112] BRAGE,305873,1,1719,-64,4,64,DL,
[2026-02-11T19:22:21.381953] [TDMA] RX header: slot=1 frame=1720 epoch=173026268 records=0
[2026-02-11T19:22:21.398728] BRAGE,305973,1,1720,-67,3,64,DL,
[2026-02-11T19:22:21.480417] [SX1280] CRC error
[2026-02-11T19:22:21.498108] BRAGE,306073,1,1721,0,0,64,NONE,
[2026-02-11T19:22:21.507492] [TDMA] TX DOWNLINK: records=1
[2026-02-11T19:22:21.580144] [TDMA] RX header: slot=1 frame=1722 epoch=173226268 records=0
[2026-02-11T19:22:21.597449] BRAGE,306173,1,1722,-64,4,64,DL,
[2026-02-11T19:22:21.683324] [TDMA] RX header: slot=1 frame=1723 epoch=173326268 records=0
[2026-02-11T19:22:21.696314] BRAGE,306273,1,1723,-67,2,64,DL,
[2026-02-11T19:22:21.779306] [TDMA] RX header: slot=1 frame=1724 epoch=173426268 records=0
[2026-02-11T19:22:21.796419] BRAGE,306374,1,1724,-67,1,64,DL,
[2026-02-11T19:22:21.878543] [TDMA] RX header: slot=1 frame=1725 epoch=173526268 records=0
[2026-02-11T19:22:21.895768] BRAGE,306474,1,1725,-67,2,65,DL,
[2026-02-11T19:22:21.976517] [SX1280] CRC error
[2026-02-11T19:22:21.995032] BRAGE,306574,1,1726,0,0,64,NONE,
[2026-02-11T19:22:22.075902] [SX1280] CRC error
[2026-02-11T19:22:22.094351] BRAGE,306674,1,1727,0,0,63,NONE,
[2026-02-11T19:22:22.176696] [TDMA] RX header: slot=1 frame=1728 epoch=173826268 records=0
[2026-02-11T19:22:22.193165] BRAGE,306774,1,1728,-70,2,63,DL,
[2026-02-11T19:22:22.275774] [TDMA] RX header: slot=1 frame=1729 epoch=173926268 records=0
[2026-02-11T19:22:22.292646] BRAGE,306874,1,1729,-67,3,63,DL,
[2026-02-11T19:22:22.375097] [TDMA] RX header: slot=1 frame=1730 epoch=174026268 records=0
[2026-02-11T19:22:22.391980] BRAGE,306974,1,1730,-70,4,63,DL,
[2026-02-11T19:22:22.474672] [TDMA] RX header: slot=1 frame=1731 epoch=174126268 records=0
[2026-02-11T19:22:22.492058] BRAGE,307074,1,1731,-64,3,63,DL,
[2026-02-11T19:22:22.501227] [TDMA] TX DOWNLINK: records=1
[2026-02-11T19:22:22.574122] [TDMA] RX header: slot=1 frame=1732 epoch=174226268 records=0
[2026-02-11T19:22:22.591067] BRAGE,307174,1,1732,-51,5,63,DL,
[2026-02-11T19:22:22.673729] [TDMA] RX header: slot=1 frame=1733 epoch=174326268 records=0
[2026-02-11T19:22:22.689610] BRAGE,307274,1,1733,-67,3,63,DL,
[2026-02-11T19:22:22.772354] [TDMA] RX header: slot=1 frame=1734 epoch=174426268 records=0
[2026-02-11T19:22:22.789743] BRAGE,307374,1,1734,-64,2,64,DL,
[2026-02-11T19:22:22.871588] [TDMA] RX header: slot=1 frame=1735 epoch=174526268 records=0
[2026-02-11T19:22:22.889025] BRAGE,307474,1,1735,-70,2,64,DL,
[2026-02-11T19:22:22.970865] [TDMA] RX header: slot=1 frame=1736 epoch=174626268 records=0
[2026-02-11T19:22:22.987688] BRAGE,307574,1,1736,-64,3,64,DL,
[2026-02-11T19:22:23.072020] [TDMA] RX header: slot=1 frame=1737 epoch=174726268 records=0
[2026-02-11T19:22:23.087913] BRAGE,307674,1,1737,-70,2,64,DL,
[2026-02-11T19:22:23.169829] [TDMA] RX header: slot=1 frame=1738 epoch=174826268 records=0
[2026-02-11T19:22:23.186885] BRAGE,307774,1,1738,-67,3,64,DL,
[2026-02-11T19:22:23.268909] [TDMA] RX header: slot=1 frame=1739 epoch=174926268 records=0
[2026-02-11T19:22:23.286276] BRAGE,307874,1,1739,-72,3,65,DL,
[2026-02-11T19:22:23.367817] [SX1280] CRC error
[2026-02-11T19:22:23.385374] BRAGE,307974,1,1740,0,0,65,NONE,
[2026-02-11T19:22:23.468193] [TDMA] RX header: slot=1 frame=1741 epoch=175126268 records=0
[2026-02-11T19:22:23.484349] BRAGE,308074,1,1741,-67,3,66,DL,
[2026-02-11T19:22:23.494347] [TDMA] TX DOWNLINK: records=1
[2026-02-11T19:22:23.567259] [TDMA] RX header: slot=1 frame=1742 epoch=175226268 records=0
[2026-02-11T19:22:23.583663] BRAGE,308174,1,1742,-70,2,66,DL,
[2026-02-11T19:22:23.666625] [TDMA] RX header: slot=1 frame=1743 epoch=175326268 records=0
[2026-02-11T19:22:23.683465] BRAGE,308274,1,1743,-67,3,67,DL,
[2026-02-11T19:22:23.766115] [TDMA] RX header: slot=1 frame=1744 epoch=175426268 records=0
[2026-02-11T19:22:23.783119] BRAGE,308375,1,1744,-70,2,67,DL,
[2026-02-11T19:22:23.865471] [TDMA] RX header: slot=1 frame=1745 epoch=175526268 records=0
[2026-02-11T19:22:23.882472] BRAGE,308475,1,1745,-69,2,68,DL,
[2026-02-11T19:22:23.965063] [TDMA] RX header: slot=1 frame=1746 epoch=175626268 records=0
[2026-02-11T19:22:23.980983] BRAGE,308575,1,1746,-70,2,69,DL,
[2026-02-11T19:22:24.063734] [TDMA] RX header: slot=1 frame=1747 epoch=175726268 records=0
[2026-02-11T19:22:24.080690] BRAGE,308675,1,1747,-72,2,69,DL,
[2026-02-11T19:22:24.162832] [TDMA] RX header: slot=1 frame=1748 epoch=175826268 records=0
[2026-02-11T19:22:24.180314] BRAGE,308775,1,1748,-67,2,69,DL,
[2026-02-11T19:22:24.262794] [TDMA] RX header: slot=1 frame=1749 epoch=175926268 records=0
[2026-02-11T19:22:24.278987] BRAGE,308875,1,1749,-72,2,69,DL,
[2026-02-11T19:22:24.361481] [TDMA] RX header: slot=1 frame=1750 epoch=176026268 records=0
[2026-02-11T19:22:24.378419] BRAGE,308975,1,1750,-67,3,70,DL,
[2026-02-11T19:22:24.461144] [TDMA] RX header: slot=1 frame=1751 epoch=176126268 records=0
[2026-02-11T19:22:24.478547] BRAGE,309075,1,1751,-51,4,71,DL,
[2026-02-11T19:22:24.489671] [TDMA] TX DOWNLINK: records=1
[2026-02-11T19:22:24.560590] [TDMA] RX header: slot=1 frame=1752 epoch=176226268 records=0
[2026-02-11T19:22:24.577386] BRAGE,309175,1,1752,-72,2,71,DL,
[2026-02-11T19:22:24.660257] [TDMA] RX header: slot=1 frame=1753 epoch=176326268 records=0
[2026-02-11T19:22:24.677114] BRAGE,309275,1,1753,-67,2,71,DL,
[2026-02-11T19:22:24.758953] [TDMA] RX header: slot=1 frame=1754 epoch=176426268 records=0
[2026-02-11T19:22:24.775717] BRAGE,309375,1,1754,-67,2,71,DL,
[2026-02-11T19:22:24.858947] [TDMA] RX header: slot=1 frame=1755 epoch=176526268 records=0
[2026-02-11T19:22:24.875598] BRAGE,309475,1,1755,-67,4,71,DL,
[2026-02-11T19:22:24.958115] [TDMA] RX header: slot=1 frame=1756 epoch=176626268 records=0
[2026-02-11T19:22:24.975039] BRAGE,309575,1,1756,-69,3,71,DL,
[2026-02-11T19:22:25.057352] [TDMA] RX header: slot=1 frame=1757 epoch=176726268 records=0
[2026-02-11T19:22:25.074532] BRAGE,309675,1,1757,-72,3,72,DL,
[2026-02-11T19:22:25.156734] [TDMA] RX header: slot=1 frame=1758 epoch=176826268 records=0
[2026-02-11T19:22:25.173521] BRAGE,309775,1,1758,-69,2,72,DL,
[2026-02-11T19:22:25.256181] [TDMA] RX header: slot=1 frame=1759 epoch=176926268 records=0
[2026-02-11T19:22:25.272348] BRAGE,309875,1,1759,-67,2,73,DL,
[2026-02-11T19:22:25.355331] [TDMA] RX header: slot=1 frame=1760 epoch=177026268 records=0
[2026-02-11T19:22:25.372284] BRAGE,309975,1,1760,-70,3,74,DL,
[2026-02-11T19:22:25.454740] [TDMA] RX header: slot=1 frame=1761 epoch=177126268 records=0
[2026-02-11T19:22:25.471523] BRAGE,310075,1,1761,-67,2,74,DL,
[2026-02-11T19:22:25.481484] [TDMA] TX DOWNLINK: records=1
[2026-02-11T19:22:25.553830] [TDMA] RX header: slot=1 frame=1762 epoch=177226268 records=0
[2026-02-11T19:22:25.570404] BRAGE,310176,1,1762,-70,2,74,DL,
[2026-02-11T19:22:25.653492] [TDMA] RX header: slot=1 frame=1763 epoch=177326268 records=0
[2026-02-11T19:22:25.670276] BRAGE,310276,1,1763,-70,3,74,DL,
[2026-02-11T19:22:25.752552] [TDMA] RX header: slot=1 frame=1764 epoch=177426268 records=0
[2026-02-11T19:22:25.769438] BRAGE,310376,1,1764,-67,4,75,DL,
[2026-02-11T19:22:25.852035] [TDMA] RX header: slot=1 frame=1765 epoch=177526268 records=0
[2026-02-11T19:22:25.868861] BRAGE,310476,1,1765,-67,3,75,DL,
[2026-02-11T19:22:25.951797] [TDMA] RX header: slot=1 frame=1766 epoch=177626268 records=0
[2026-02-11T19:22:25.968117] BRAGE,310576,1,1766,-67,3,75,DL,
[2026-02-11T19:22:26.050331] [TDMA] RX header: slot=1 frame=1767 epoch=177726268 records=0
[2026-02-11T19:22:26.067888] BRAGE,310676,1,1767,-67,3,76,DL,
[2026-02-11T19:22:26.150270] [TDMA] RX header: slot=1 frame=1768 epoch=177826268 records=0
[2026-02-11T19:22:26.166907] BRAGE,310776,1,1768,-73,1,76,DL,
[2026-02-11T19:22:26.249725] [TDMA] RX header: slot=1 frame=1769 epoch=177926268 records=0
[2026-02-11T19:22:26.266827] BRAGE,310876,1,1769,-67,3,76,DL,
[2026-02-11T19:22:26.348239] [TDMA] RX header: slot=1 frame=1770 epoch=178026268 records=0
[2026-02-11T19:22:26.365729] BRAGE,310976,1,1770,-72,2,76,DL,
[2026-02-11T19:22:26.448373] [TDMA] RX header: slot=1 frame=1771 epoch=178126268 records=0
[2026-02-11T19:22:26.465185] BRAGE,311076,1,1771,-70,2,76,DL,
[2026-02-11T19:22:26.475095] [TDMA] TX DOWNLINK: records=1
[2026-02-11T19:22:26.547605] [TDMA] RX header: slot=1 frame=1772 epoch=178226268 records=0
[2026-02-11T19:22:26.564100] BRAGE,311176,1,1772,-67,3,77,DL,
[2026-02-11T19:22:26.646830] [TDMA] RX header: slot=1 frame=1773 epoch=178326268 records=0
[2026-02-11T19:22:26.663706] BRAGE,311276,1,1773,-72,2,78,DL,
[2026-02-11T19:22:26.746182] [TDMA] RX header: slot=1 frame=1774 epoch=178426268 records=0
[2026-02-11T19:22:26.765345] BRAGE,311376,1,1774,-67,3,78,DL,
[2026-02-11T19:22:26.845795] [TDMA] RX header: slot=1 frame=1775 epoch=178526268 records=0
[2026-02-11T19:22:26.862540] BRAGE,311476,1,1775,-70,2,79,DL,
[2026-02-11T19:22:26.944377] [TDMA] RX header: slot=1 frame=1776 epoch=178626268 records=0
[2026-02-11T19:22:26.961693] BRAGE,311576,1,1776,-67,2,79,DL,
[2026-02-11T19:22:27.060938] BRAGE,311676,1,1777,0,0,78,NONE,
[2026-02-11T19:22:27.143444] [TDMA] RX header: slot=1 frame=1778 epoch=178826268 records=0
[2026-02-11T19:22:27.160152] BRAGE,311776,1,1778,-51,3,79,DL,
[2026-02-11T19:22:27.242765] [TDMA] RX header: slot=1 frame=1779 epoch=178926268 records=0
[2026-02-11T19:22:27.259964] BRAGE,311876,1,1779,-70,1,79,DL,
[2026-02-11T19:22:27.341924] [TDMA] RX header: slot=1 frame=1780 epoch=179026268 records=0
[2026-02-11T19:22:27.359241] BRAGE,311977,1,1780,-72,3,80,DL,
[2026-02-11T19:22:27.457799] BRAGE,312077,1,1781,0,0,80,NONE,
[2026-02-11T19:22:27.468045] [TDMA] TX DOWNLINK: records=1
[2026-02-11T19:22:27.541168] [TDMA] RX header: slot=1 frame=1782 epoch=179226268 records=0
[2026-02-11T19:22:27.557767] BRAGE,312177,1,1782,-70,2,81,DL,
[2026-02-11T19:22:27.638832] [SX1280] CRC error
[2026-02-11T19:22:27.657163] BRAGE,312277,1,1783,0,0,81,NONE,
[2026-02-11T19:22:27.739988] [TDMA] RX header: slot=1 frame=1784 epoch=179426268 records=0
[2026-02-11T19:22:27.756096] BRAGE,312377,1,1784,-67,3,81,DL,
[2026-02-11T19:22:27.839045] [TDMA] RX header: slot=1 frame=1785 epoch=179526268 records=0
[2026-02-11T19:22:27.855996] BRAGE,312477,1,1785,-70,1,82,DL,
[2026-02-11T19:22:27.938306] [TDMA] RX header: slot=1 frame=1786 epoch=179626268 records=0
[2026-02-11T19:22:27.955443] BRAGE,312577,1,1786,-70,2,83,DL,
[2026-02-11T19:22:28.054133] BRAGE,312677,1,1787,0,0,82,NONE,
[2026-02-11T19:22:28.137018] [TDMA] RX header: slot=1 frame=1788 epoch=179826268 records=0
[2026-02-11T19:22:28.153389] BRAGE,312777,1,1788,-67,2,82,DL,
[2026-02-11T19:22:28.236219] [TDMA] RX header: slot=1 frame=1789 epoch=179926268 records=0
[2026-02-11T19:22:28.253171] BRAGE,312877,1,1789,-72,2,83,DL,
[2026-02-11T19:22:28.335570] [TDMA] RX header: slot=1 frame=1790 epoch=180026268 records=0
[2026-02-11T19:22:28.352771] BRAGE,312977,1,1790,-70,2,83,DL,
[2026-02-11T19:22:28.434435] [TDMA] RX header: slot=1 frame=1791 epoch=180126268 records=0
[2026-02-11T19:22:28.451155] BRAGE,313077,1,1791,-72,2,83,DL,
[2026-02-11T19:22:28.460997] [TDMA] TX DOWNLINK: records=1
[2026-02-11T19:22:28.534307] [TDMA] RX header: slot=1 frame=1792 epoch=180226268 records=0
[2026-02-11T19:22:28.551139] BRAGE,313177,1,1792,-67,2,84,DL,
[2026-02-11T19:22:28.633906] [TDMA] RX header: slot=1 frame=1793 epoch=180326268 records=0
[2026-02-11T19:22:28.651226] BRAGE,313277,1,1793,-70,3,85,DL,
[2026-02-11T19:22:28.732981] [TDMA] RX header: slot=1 frame=1794 epoch=180426268 records=0
[2026-02-11T19:22:28.749562] BRAGE,313377,1,1794,-72,2,86,DL,
[2026-02-11T19:22:28.832479] [TDMA] RX header: slot=1 frame=1795 epoch=180526268 records=0
[2026-02-11T19:22:28.849123] BRAGE,313477,1,1795,-67,2,86,DL,
[2026-02-11T19:22:28.931672] [TDMA] RX header: slot=1 frame=1796 epoch=180626268 records=0
[2026-02-11T19:22:28.948582] BRAGE,313578,1,1796,-72,2,86,DL,
[2026-02-11T19:22:29.031014] [TDMA] RX header: slot=1 frame=1797 epoch=180726268 records=0
[2026-02-11T19:22:29.047940] BRAGE,313678,1,1797,-67,3,87,DL,
[2026-02-11T19:22:29.130301] [TDMA] RX header: slot=1 frame=1798 epoch=180826268 records=0
[2026-02-11T19:22:29.148604] BRAGE,313778,1,1798,-51,6,87,DL,
[2026-02-11T19:22:29.229314] [TDMA] RX header: slot=1 frame=1799 epoch=180926268 records=0
[2026-02-11T19:22:29.247028] BRAGE,313878,1,1799,-51,4,87,DL,
[2026-02-11T19:22:29.329119] [TDMA] RX header: slot=1 frame=1800 epoch=181026268 records=0
[2026-02-11T19:22:29.345565] BRAGE,313978,1,1800,-51,4,87,DL,
[2026-02-11T19:22:29.427998] [TDMA] RX header: slot=1 frame=1801 epoch=181126268 records=0
[2026-02-11T19:22:29.444845] BRAGE,314078,1,1801,-54,3,87,DL,
[2026-02-11T19:22:29.454950] [TDMA] TX DOWNLINK: records=1
[2026-02-11T19:22:29.527327] [TDMA] RX header: slot=1 frame=1802 epoch=181226268 records=0
[2026-02-11T19:22:29.544787] BRAGE,314178,1,1802,-72,3,87,DL,
[2026-02-11T19:22:29.626951] [TDMA] RX header: slot=1 frame=1803 epoch=181326268 records=0
[2026-02-11T19:22:29.643456] BRAGE,314278,1,1803,-72,2,88,DL,
[2026-02-11T19:22:29.726452] [TDMA] RX header: slot=1 frame=1804 epoch=181426268 records=0
[2026-02-11T19:22:29.743295] BRAGE,314378,1,1804,-69,2,88,DL,
[2026-02-11T19:22:29.825397] [TDMA] RX header: slot=1 frame=1805 epoch=181526268 records=0
[2026-02-11T19:22:29.846285] BRAGE,314478,1,1805,-52,4,88,DL,
[2026-02-11T19:22:29.925410] [TDMA] RX header: slot=1 frame=1806 epoch=181626268 records=0
[2026-02-11T19:22:29.941596] BRAGE,314578,1,1806,-70,3,89,DL,
[2026-02-11T19:22:30.024187] [TDMA] RX header: slot=1 frame=1807 epoch=181726268 records=0
[2026-02-11T19:22:30.041311] BRAGE,314678,1,1807,-70,3,89,DL,
[2026-02-11T19:22:30.123919] [TDMA] RX header: slot=1 frame=1808 epoch=181826268 records=0
[2026-02-11T19:22:30.140877] BRAGE,314778,1,1808,-72,2,89,DL,
[2026-02-11T19:22:30.223183] [TDMA] RX header: slot=1 frame=1809 epoch=181926268 records=0
[2026-02-11T19:22:30.239836] BRAGE,314878,1,1809,-70,2,90,DL,
[2026-02-11T19:22:30.322807] [TDMA] RX header: slot=1 frame=1810 epoch=182026268 records=0
[2026-02-11T19:22:30.339359] BRAGE,314978,1,1810,-72,1,90,DL,
[2026-02-11T19:22:30.438136] BRAGE,315078,1,1811,0,0,89,NONE,
[2026-02-11T19:22:30.447849] [TDMA] TX DOWNLINK: records=1
[2026-02-11T19:22:30.521173] [TDMA] RX header: slot=1 frame=1812 epoch=182226268 records=0
[2026-02-11T19:22:30.537742] BRAGE,315179,1,1812,-64,2,89,DL,
[2026-02-11T19:22:30.620466] [TDMA] RX header: slot=1 frame=1813 epoch=182326268 records=0
[2026-02-11T19:22:30.637362] BRAGE,315279,1,1813,-67,3,89,DL,
[2026-02-11T19:22:30.719999] [TDMA] RX header: slot=1 frame=1814 epoch=182426268 records=0
[2026-02-11T19:22:30.736726] BRAGE,315379,1,1814,-67,2,90,DL,
[2026-02-11T19:22:30.818815] [TDMA] RX header: slot=1 frame=1815 epoch=182526268 records=0
[2026-02-11T19:22:30.836157] BRAGE,315479,1,1815,-72,2,90,DL,
[2026-02-11T19:22:30.918526] [TDMA] RX header: slot=1 frame=1816 epoch=182626268 records=0
[2026-02-11T19:22:30.934977] BRAGE,315579,1,1816,-67,2,90,DL,
[2026-02-11T19:22:31.017969] [TDMA] RX header: slot=1 frame=1817 epoch=182726268 records=0
[2026-02-11T19:22:31.034818] BRAGE,315679,1,1817,-70,2,90,DL,
[2026-02-11T19:22:31.116867] [TDMA] RX header: slot=1 frame=1818 epoch=182826268 records=0
[2026-02-11T19:22:31.136739] BRAGE,315779,1,1818,-67,3,91,DL,
[2026-02-11T19:22:31.216538] [TDMA] RX header: slot=1 frame=1819 epoch=182926268 records=0
[2026-02-11T19:22:31.233256] BRAGE,315879,1,1819,-72,2,91,DL,
[2026-02-11T19:22:31.315888] [TDMA] RX header: slot=1 frame=1820 epoch=183026268 records=0
[2026-02-11T19:22:31.332792] BRAGE,315979,1,1820,-67,3,91,DL,
[2026-02-11T19:22:31.414782] [TDMA] RX header: slot=1 frame=1821 epoch=183126268 records=0
[2026-02-11T19:22:31.432322] BRAGE,316079,1,1821,-72,1,92,DL,
[2026-02-11T19:22:31.442133] [TDMA] TX DOWNLINK: records=1
[2026-02-11T19:22:31.514625] [TDMA] RX header: slot=1 frame=1822 epoch=183226268 records=0
[2026-02-11T19:22:31.531486] BRAGE,316179,1,1822,-70,2,92,DL,
[2026-02-11T19:22:31.614100] [TDMA] RX header: slot=1 frame=1823 epoch=183326268 records=0
[2026-02-11T19:22:31.633803] BRAGE,316279,1,1823,-70,3,92,DL,
[2026-02-11T19:22:31.713460] [TDMA] RX header: slot=1 frame=1824 epoch=183426268 records=0
[2026-02-11T19:22:31.730159] BRAGE,316379,1,1824,-72,1,92,DL,
[2026-02-11T19:22:31.812040] [TDMA] RX header: slot=1 frame=1825 epoch=183526268 records=0
[2026-02-11T19:22:31.829031] BRAGE,316479,1,1825,-67,2,92,DL,
[2026-02-11T19:22:31.911520] [TDMA] RX header: slot=1 frame=1826 epoch=183626268 records=0
[2026-02-11T19:22:31.928400] BRAGE,316579,1,1826,-67,3,93,DL,
[2026-02-11T19:22:32.011122] [TDMA] RX header: slot=1 frame=1827 epoch=183726268 records=0
[2026-02-11T19:22:32.028019] BRAGE,316679,1,1827,-67,3,94,DL,
[2026-02-11T19:22:32.110014] [TDMA] RX header: slot=1 frame=1828 epoch=183826268 records=0
[2026-02-11T19:22:32.127052] BRAGE,316779,1,1828,-67,3,94,DL,
[2026-02-11T19:22:32.210013] [TDMA] RX header: slot=1 frame=1829 epoch=183926268 records=0
[2026-02-11T19:22:32.226719] BRAGE,316879,1,1829,-70,1,94,DL,
[2026-02-11T19:22:32.309500] [TDMA] RX header: slot=1 frame=1830 epoch=184026268 records=0
[2026-02-11T19:22:32.325613] BRAGE,316980,1,1830,-67,2,94,DL,
[2026-02-11T19:22:32.407342] [SX1280] CRC error
[2026-02-11T19:22:32.425608] BRAGE,317080,1,1831,0,0,93,NONE,
[2026-02-11T19:22:32.435472] [TDMA] TX DOWNLINK: records=1
[2026-02-11T19:22:32.508134] [TDMA] RX header: slot=1 frame=1832 epoch=184226268 records=0
[2026-02-11T19:22:32.524472] BRAGE,317180,1,1832,-67,2,93,DL,
[2026-02-11T19:22:32.607503] [TDMA] RX header: slot=1 frame=1833 epoch=184326268 records=0
[2026-02-11T19:22:32.623697] BRAGE,317280,1,1833,-70,2,93,DL,
[2026-02-11T19:22:32.706502] [TDMA] RX header: slot=1 frame=1834 epoch=184426268 records=0
[2026-02-11T19:22:32.723005] BRAGE,317380,1,1834,-67,2,93,DL,
[2026-02-11T19:22:32.806060] [TDMA] RX header: slot=1 frame=1835 epoch=184526268 records=0
[2026-02-11T19:22:32.822821] BRAGE,317480,1,1835,-67,3,93,DL,
[2026-02-11T19:22:32.908615] [TDMA] RX header: slot=1 frame=1836 epoch=184626268 records=0
[2026-02-11T19:22:32.921912] BRAGE,317580,1,1836,-67,2,93,DL,
[2026-02-11T19:22:33.004755] [TDMA] RX header: slot=1 frame=1837 epoch=184726268 records=0
[2026-02-11T19:22:33.021082] BRAGE,317680,1,1837,-67,3,93,DL,
[2026-02-11T19:22:33.104311] [TDMA] RX header: slot=1 frame=1838 epoch=184826268 records=0
[2026-02-11T19:22:33.120991] BRAGE,317780,1,1838,-72,2,93,DL,
[2026-02-11T19:22:33.202823] [TDMA] RX header: slot=1 frame=1839 epoch=184926268 records=0
[2026-02-11T19:22:33.220536] BRAGE,317880,1,1839,-67,2,93,DL,
[2026-02-11T19:22:33.302762] [TDMA] RX header: slot=1 frame=1840 epoch=185026268 records=0
[2026-02-11T19:22:33.319822] BRAGE,317980,1,1840,-72,2,94,DL,
[2026-02-11T19:22:33.402175] [TDMA] RX header: slot=1 frame=1841 epoch=185126268 records=0
[2026-02-11T19:22:33.418587] BRAGE,318080,1,1841,-67,2,94,DL,
[2026-02-11T19:22:33.428264] [TDMA] TX DOWNLINK: records=1
[2026-02-11T19:22:33.500940] [TDMA] RX header: slot=1 frame=1842 epoch=185226268 records=0
[2026-02-11T19:22:33.518553] BRAGE,318180,1,1842,-70,2,94,DL,
[2026-02-11T19:22:33.601015] [TDMA] RX header: slot=1 frame=1843 epoch=185326268 records=0
[2026-02-11T19:22:33.618068] BRAGE,318280,1,1843,-72,2,94,DL,
[2026-02-11T19:22:33.699965] [TDMA] RX header: slot=1 frame=1844 epoch=185426268 records=0
[2026-02-11T19:22:33.717234] BRAGE,318380,1,1844,-67,3,94,DL,
[2026-02-11T19:22:33.799568] [TDMA] RX header: slot=1 frame=1845 epoch=185526268 records=0
[2026-02-11T19:22:33.816897] BRAGE,318480,1,1845,-72,2,94,DL,
[2026-02-11T19:22:33.899176] [TDMA] RX header: slot=1 frame=1846 epoch=185626268 records=0
[2026-02-11T19:22:33.916015] BRAGE,318580,1,1846,-67,3,94,DL,
[2026-02-11T19:22:33.997584] [TDMA] RX header: slot=1 frame=1847 epoch=185726268 records=0
[2026-02-11T19:22:34.015311] BRAGE,318681,1,1847,-73,2,94,DL,
[2026-02-11T19:22:34.096885] [TDMA] RX header: slot=1 frame=1848 epoch=185826268 records=0
[2026-02-11T19:22:34.113956] BRAGE,318781,1,1848,-67,3,94,DL,
[2026-02-11T19:22:34.196543] [TDMA] RX header: slot=1 frame=1849 epoch=185926268 records=0
[2026-02-11T19:22:34.213001] BRAGE,318881,1,1849,-51,4,94,DL,
[2026-02-11T19:22:34.296116] [TDMA] RX header: slot=1 frame=1850 epoch=186026268 records=0
[2026-02-11T19:22:34.313341] BRAGE,318981,1,1850,-69,1,94,DL,
[2026-02-11T19:22:34.395761] [TDMA] RX header: slot=1 frame=1851 epoch=186126268 records=0
[2026-02-11T19:22:34.411702] BRAGE,319081,1,1851,-72,2,94,DL,
[2026-02-11T19:22:34.421923] [TDMA] TX DOWNLINK: records=1
[2026-02-11T19:22:34.494259] [TDMA] RX header: slot=1 frame=1852 epoch=186226268 records=0
[2026-02-11T19:22:34.511501] BRAGE,319181,1,1852,-72,2,94,DL,
[2026-02-11T19:22:34.612177] BRAGE,319281,1,1853,0,0,93,NONE,
[2026-02-11T19:22:34.693608] [TDMA] RX header: slot=1 frame=1854 epoch=186426268 records=0
[2026-02-11T19:22:34.709836] BRAGE,319381,1,1854,-72,2,93,DL,
[2026-02-11T19:22:34.792443] [TDMA] RX header: slot=1 frame=1855 epoch=186526268 records=0
[2026-02-11T19:22:34.809521] BRAGE,319481,1,1855,-72,1,93,DL,
[2026-02-11T19:22:34.891441] [SX1280] CRC error
[2026-02-11T19:22:34.909561] BRAGE,319581,1,1856,0,0,92,NONE,
[2026-02-11T19:22:34.991545] [TDMA] RX header: slot=1 frame=1857 epoch=186726268 records=0
[2026-02-11T19:22:35.008271] BRAGE,319681,1,1857,-70,2,92,DL,
[2026-02-11T19:22:35.091205] [TDMA] RX header: slot=1 frame=1858 epoch=186826268 records=0
[2026-02-11T19:22:35.107962] BRAGE,319781,1,1858,-51,4,92,DL,
[2026-02-11T19:22:35.190049] [TDMA] RX header: slot=1 frame=1859 epoch=186926268 records=0
[2026-02-11T19:22:35.207121] BRAGE,319881,1,1859,-64,3,92,DL,
[2026-02-11T19:22:35.289951] [SX1280] CRC error
[2026-02-11T19:22:35.306283] BRAGE,319981,1,1860,0,0,91,NONE,
[2026-02-11T19:22:35.388904] [TDMA] RX header: slot=1 frame=1861 epoch=187126268 records=0
[2026-02-11T19:22:35.405915] BRAGE,320082,1,1861,-67,2,91,DL,
[2026-02-11T19:22:35.415340] [TDMA] TX DOWNLINK: records=1
[2026-02-11T19:22:35.487787] [TDMA] RX header: slot=1 frame=1862 epoch=187226268 records=0
[2026-02-11T19:22:35.505071] BRAGE,320182,1,1862,-67,2,91,DL,
[2026-02-11T19:22:35.587148] [TDMA] RX header: slot=1 frame=1863 epoch=187326268 records=0
[2026-02-11T19:22:35.603831] BRAGE,320282,1,1863,-70,2,91,DL,
[2026-02-11T19:22:35.687114] [TDMA] RX header: slot=1 frame=1864 epoch=187426268 records=0
[2026-02-11T19:22:35.703315] BRAGE,320382,1,1864,-72,2,91,DL,
[2026-02-11T19:22:35.785306] [SX1280] CRC error
[2026-02-11T19:22:35.802513] BRAGE,320482,1,1865,0,0,90,NONE,
[2026-02-11T19:22:35.885193] [TDMA] RX header: slot=1 frame=1866 epoch=187626268 records=0
[2026-02-11T19:22:35.902538] BRAGE,320582,1,1866,-72,1,90,DL,
[2026-02-11T19:22:35.984546] [TDMA] RX header: slot=1 frame=1867 epoch=187726268 records=0
[2026-02-11T19:22:36.001432] BRAGE,320682,1,1867,-72,1,90,DL,
[2026-02-11T19:22:36.083942] [TDMA] RX header: slot=1 frame=1868 epoch=187826268 records=0
[2026-02-11T19:22:36.101218] BRAGE,320782,1,1868,-72,2,90,DL,
[2026-02-11T19:22:36.183107] [TDMA] RX header: slot=1 frame=1869 epoch=187926268 records=0
[2026-02-11T19:22:36.200453] BRAGE,320882,1,1869,-70,2,90,DL,
[2026-02-11T19:22:36.299801] BRAGE,320982,1,1870,0,0,89,NONE,
[2026-02-11T19:22:36.382538] [TDMA] RX header: slot=1 frame=1871 epoch=188126268 records=0
[2026-02-11T19:22:36.399132] BRAGE,321082,1,1871,-70,2,89,DL,
[2026-02-11T19:22:36.408846] [TDMA] TX DOWNLINK: records=1
[2026-02-11T19:22:36.481558] [TDMA] RX header: slot=1 frame=1872 epoch=188226268 records=0
[2026-02-11T19:22:36.498541] BRAGE,321182,1,1872,-72,2,89,DL,
[2026-02-11T19:22:36.581005] [TDMA] RX header: slot=1 frame=1873 epoch=188326268 records=0
[2026-02-11T19:22:36.597821] BRAGE,321282,1,1873,-72,1,89,DL,
[2026-02-11T19:22:36.680508] [TDMA] RX header: slot=1 frame=1874 epoch=188426268 records=0
[2026-02-11T19:22:36.697632] BRAGE,321382,1,1874,-72,2,89,DL,
[2026-02-11T19:22:36.779617] [TDMA] RX header: slot=1 frame=1875 epoch=188526268 records=0
[2026-02-11T19:22:36.796300] BRAGE,321483,1,1875,-70,1,89,DL,
[2026-02-11T19:22:36.879017] [TDMA] RX header: slot=1 frame=1876 epoch=188626268 records=0
[2026-02-11T19:22:36.898510] BRAGE,321583,1,1876,-70,1,89,DL,
[2026-02-11T19:22:36.978540] [TDMA] RX header: slot=1 frame=1877 epoch=188726268 records=0
[2026-02-11T19:22:36.995276] BRAGE,321683,1,1877,-72,2,90,DL,
[2026-02-11T19:22:37.077531] [TDMA] RX header: slot=1 frame=1878 epoch=188826268 records=0
[2026-02-11T19:22:37.094817] BRAGE,321783,1,1878,-72,1,90,DL,
[2026-02-11T19:22:37.176975] [TDMA] RX header: slot=1 frame=1879 epoch=188926268 records=0
[2026-02-11T19:22:37.193527] BRAGE,321883,1,1879,-70,2,90,DL,
[2026-02-11T19:22:37.276584] [TDMA] RX header: slot=1 frame=1880 epoch=189026268 records=0
[2026-02-11T19:22:37.293591] BRAGE,321983,1,1880,-72,1,90,DL,
[2026-02-11T19:22:37.376141] [TDMA] RX header: slot=1 frame=1881 epoch=189126268 records=0
[2026-02-11T19:22:37.392973] BRAGE,322083,1,1881,-67,2,91,DL,
[2026-02-11T19:22:37.402704] [TDMA] TX DOWNLINK: records=1
[2026-02-11T19:22:37.474931] [TDMA] RX header: slot=1 frame=1882 epoch=189226268 records=0
[2026-02-11T19:22:37.492157] BRAGE,322183,1,1882,-70,2,91,DL,
[2026-02-11T19:22:37.573735] [TDMA] RX header: slot=1 frame=1883 epoch=189326268 records=0
[2026-02-11T19:22:37.590813] BRAGE,322283,1,1883,-51,3,92,DL,
[2026-02-11T19:22:37.673920] [TDMA] RX header: slot=1 frame=1884 epoch=189426268 records=0
[2026-02-11T19:22:37.690840] BRAGE,322383,1,1884,-67,1,92,DL,
[2026-02-11T19:22:37.773409] [TDMA] RX header: slot=1 frame=1885 epoch=189526268 records=0
[2026-02-11T19:22:37.789462] BRAGE,322483,1,1885,-72,1,92,DL,
[2026-02-11T19:22:37.872549] [TDMA] RX header: slot=1 frame=1886 epoch=189626268 records=0
[2026-02-11T19:22:37.889419] BRAGE,322583,1,1886,-67,2,92,DL,
[2026-02-11T19:22:37.971748] [TDMA] RX header: slot=1 frame=1887 epoch=189726268 records=0
[2026-02-11T19:22:37.988622] BRAGE,322683,1,1887,-72,2,93,DL,
[2026-02-11T19:22:38.070692] [TDMA] RX header: slot=1 frame=1888 epoch=189826268 records=0
[2026-02-11T19:22:38.087871] BRAGE,322783,1,1888,-51,4,93,DL,
[2026-02-11T19:22:38.170503] [TDMA] RX header: slot=1 frame=1889 epoch=189926268 records=0
[2026-02-11T19:22:38.187193] BRAGE,322883,1,1889,-72,2,93,DL,
[2026-02-11T19:22:38.269676] [TDMA] RX header: slot=1 frame=1890 epoch=190026268 records=0
[2026-02-11T19:22:38.286790] BRAGE,322984,1,1890,-70,2,93,DL,
[2026-02-11T19:22:38.368462] [TDMA] RX header: slot=1 frame=1891 epoch=190126268 records=0
[2026-02-11T19:22:38.385592] BRAGE,323084,1,1891,-70,2,93,DL,
[2026-02-11T19:22:38.395827] [TDMA] TX DOWNLINK: records=1
[2026-02-11T19:22:38.470271] [TDMA] RX header: slot=1 frame=1892 epoch=190226268 records=0
[2026-02-11T19:22:38.484871] BRAGE,323184,1,1892,-70,2,93,DL,
[2026-02-11T19:22:38.567742] [TDMA] RX header: slot=1 frame=1893 epoch=190326268 records=0
[2026-02-11T19:22:38.584295] BRAGE,323284,1,1893,-64,3,93,DL,
[2026-02-11T19:22:38.684068] BRAGE,323384,1,1894,0,0,92,NONE,
[2026-02-11T19:22:38.766125] [TDMA] RX header: slot=1 frame=1895 epoch=190526268 records=0
[2026-02-11T19:22:38.783357] BRAGE,323484,1,1895,-72,2,92,DL,
[2026-02-11T19:22:38.865686] [TDMA] RX header: slot=1 frame=1896 epoch=190626268 records=0
[2026-02-11T19:22:38.882165] BRAGE,323584,1,1896,-67,3,92,DL,
[2026-02-11T19:22:38.965078] [TDMA] RX header: slot=1 frame=1897 epoch=190726268 records=0
[2026-02-11T19:22:38.981924] BRAGE,323684,1,1897,-70,2,92,DL,
[2026-02-11T19:22:39.063942] [TDMA] RX header: slot=1 frame=1898 epoch=190826268 records=0
[2026-02-11T19:22:39.080950] BRAGE,323784,1,1898,-72,1,92,DL,
[2026-02-11T19:22:39.163752] [TDMA] RX header: slot=1 frame=1899 epoch=190926268 records=0
[2026-02-11T19:22:39.180734] BRAGE,323884,1,1899,-72,3,92,DL,
[2026-02-11T19:22:39.263076] [TDMA] RX header: slot=1 frame=1900 epoch=191026268 records=0
[2026-02-11T19:22:39.279951] BRAGE,323984,1,1900,-67,2,92,DL,
[2026-02-11T19:22:39.361868] [TDMA] RX header: slot=1 frame=1901 epoch=191126268 records=0
[2026-02-11T19:22:39.380322] BRAGE,324084,1,1901,-70,2,92,DL,
[2026-02-11T19:22:39.388836] [TDMA] TX DOWNLINK: records=1
[2026-02-11T19:22:39.461737] [TDMA] RX header: slot=1 frame=1902 epoch=191226268 records=0
[2026-02-11T19:22:39.478760] BRAGE,324184,1,1902,-67,2,92,DL,
[2026-02-11T19:22:39.577782] BRAGE,324284,1,1903,0,0,91,NONE,
[2026-02-11T19:22:39.659963] [TDMA] RX header: slot=1 frame=1904 epoch=191426268 records=0
[2026-02-11T19:22:39.676753] BRAGE,324384,1,1904,-67,1,91,DL,
[2026-02-11T19:22:39.759669] [TDMA] RX header: slot=1 frame=1905 epoch=191526268 records=0
[2026-02-11T19:22:39.776523] BRAGE,324484,1,1905,-70,2,91,DL,
[2026-02-11T19:22:39.859044] [TDMA] RX header: slot=1 frame=1906 epoch=191626268 records=0
[2026-02-11T19:22:39.875961] BRAGE,324584,1,1906,-51,4,91,DL,
[2026-02-11T19:22:39.958489] [TDMA] RX header: slot=1 frame=1907 epoch=191726268 records=0
[2026-02-11T19:22:39.975322] BRAGE,324684,1,1907,-73,1,91,DL,
[2026-02-11T19:22:40.057604] [TDMA] RX header: slot=1 frame=1908 epoch=191826268 records=0
[2026-02-11T19:22:40.074477] BRAGE,324785,1,1908,-72,2,91,DL,
[2026-02-11T19:22:40.157139] [TDMA] RX header: slot=1 frame=1909 epoch=191926268 records=0
[2026-02-11T19:22:40.173495] BRAGE,324885,1,1909,-69,2,91,DL,
[2026-02-11T19:22:40.256566] [TDMA] RX header: slot=1 frame=1910 epoch=192026268 records=0
[2026-02-11T19:22:40.273297] BRAGE,324985,1,1910,-73,1,91,DL,
[2026-02-11T19:22:40.355372] [TDMA] RX header: slot=1 frame=1911 epoch=192126268 records=0
[2026-02-11T19:22:40.372539] BRAGE,325085,1,1911,-67,3,92,DL,
[2026-02-11T19:22:40.382322] [TDMA] TX DOWNLINK: records=1
[2026-02-11T19:22:40.455051] [TDMA] RX header: slot=1 frame=1912 epoch=192226268 records=0
[2026-02-11T19:22:40.471604] BRAGE,325185,1,1912,-72,2,92,DL,
[2026-02-11T19:22:40.554356] [TDMA] RX header: slot=1 frame=1913 epoch=192326268 records=0
[2026-02-11T19:22:40.570832] BRAGE,325285,1,1913,-72,1,92,DL,
[2026-02-11T19:22:40.653181] [TDMA] RX header: slot=1 frame=1914 epoch=192426268 records=0
[2026-02-11T19:22:40.670265] BRAGE,325385,1,1914,-70,2,92,DL,
[2026-02-11T19:22:40.753115] [TDMA] RX header: slot=1 frame=1915 epoch=192526268 records=0
[2026-02-11T19:22:40.769914] BRAGE,325485,1,1915,-72,2,92,DL,
[2026-02-11T19:22:40.852730] [TDMA] RX header: slot=1 frame=1916 epoch=192626268 records=0
[2026-02-11T19:22:40.869436] BRAGE,325585,1,1916,-70,1,92,DL,
[2026-02-11T19:22:40.951675] [TDMA] RX header: slot=1 frame=1917 epoch=192726268 records=0
[2026-02-11T19:22:40.968704] BRAGE,325685,1,1917,-72,0,92,DL,
[2026-02-11T19:22:41.051121] [TDMA] RX header: slot=1 frame=1918 epoch=192826268 records=0
[2026-02-11T19:22:41.072703] BRAGE,325785,1,1918,-67,3,92,DL,
[2026-02-11T19:22:41.150700] [TDMA] RX header: slot=1 frame=1919 epoch=192926268 records=0
[2026-02-11T19:22:41.167459] BRAGE,325885,1,1919,-64,4,92,DL,
[2026-02-11T19:22:41.249924] [TDMA] RX header: slot=1 frame=1920 epoch=193026268 records=0
[2026-02-11T19:22:41.266685] BRAGE,325985,1,1920,-62,4,92,DL,
[2026-02-11T19:22:41.349134] [TDMA] RX header: slot=1 frame=1921 epoch=193126268 records=0
[2026-02-11T19:22:41.366003] BRAGE,326085,1,1921,-72,1,92,DL,
[2026-02-11T19:22:41.375845] [TDMA] TX DOWNLINK: records=1
[2026-02-11T19:22:41.448571] [TDMA] RX header: slot=1 frame=1922 epoch=193226268 records=0
[2026-02-11T19:22:41.465332] BRAGE,326185,1,1922,-72,1,92,DL,
[2026-02-11T19:22:41.547992] [TDMA] RX header: slot=1 frame=1923 epoch=193326268 records=0
[2026-02-11T19:22:41.564709] BRAGE,326286,1,1923,-67,2,92,DL,
[2026-02-11T19:22:41.647167] [TDMA] RX header: slot=1 frame=1924 epoch=193426268 records=0
[2026-02-11T19:22:41.663735] BRAGE,326386,1,1924,-72,1,92,DL,
[2026-02-11T19:22:41.746685] [TDMA] RX header: slot=1 frame=1925 epoch=193526268 records=0
[2026-02-11T19:22:41.763318] BRAGE,326486,1,1925,-70,2,92,DL,
[2026-02-11T19:22:41.845729] [TDMA] RX header: slot=1 frame=1926 epoch=193626268 records=0
[2026-02-11T19:22:41.862338] BRAGE,326586,1,1926,-69,2,92,DL,
[2026-02-11T19:22:41.945033] [TDMA] RX header: slot=1 frame=1927 epoch=193726268 records=0
[2026-02-11T19:22:41.962392] BRAGE,326686,1,1927,-72,1,92,DL,
[2026-02-11T19:22:42.044993] [TDMA] RX header: slot=1 frame=1928 epoch=193826268 records=0
[2026-02-11T19:22:42.061257] BRAGE,326786,1,1928,-72,2,92,DL,
[2026-02-11T19:22:42.144070] [TDMA] RX header: slot=1 frame=1929 epoch=193926268 records=0
[2026-02-11T19:22:42.160544] BRAGE,326886,1,1929,-64,1,92,DL,
[2026-02-11T19:22:42.242793] [TDMA] RX header: slot=1 frame=1930 epoch=194026268 records=0
[2026-02-11T19:22:42.260545] BRAGE,326986,1,1930,-67,3,92,DL,
[2026-02-11T19:22:42.342456] [TDMA] RX header: slot=1 frame=1931 epoch=194126268 records=0
[2026-02-11T19:22:42.358990] BRAGE,327086,1,1931,-72,1,93,DL,
[2026-02-11T19:22:42.369144] [TDMA] TX DOWNLINK: records=1
[2026-02-11T19:22:42.441294] [TDMA] RX header: slot=1 frame=1932 epoch=194226268 records=0
[2026-02-11T19:22:42.458906] BRAGE,327186,1,1932,-67,1,93,DL,
[2026-02-11T19:22:42.541242] [TDMA] RX header: slot=1 frame=1933 epoch=194326268 records=0
[2026-02-11T19:22:42.558252] BRAGE,327286,1,1933,-51,4,93,DL,
[2026-02-11T19:22:42.640851] [TDMA] RX header: slot=1 frame=1934 epoch=194426268 records=0
[2026-02-11T19:22:42.657677] BRAGE,327386,1,1934,-72,0,93,DL,
[2026-02-11T19:22:42.740071] [TDMA] RX header: slot=1 frame=1935 epoch=194526268 records=0
[2026-02-11T19:22:42.757118] BRAGE,327486,1,1935,-67,3,93,DL,
[2026-02-11T19:22:42.839152] [TDMA] RX header: slot=1 frame=1936 epoch=194626268 records=0
[2026-02-11T19:22:42.858163] BRAGE,327586,1,1936,-72,1,93,DL,
[2026-02-11T19:22:42.939231] [TDMA] RX header: slot=1 frame=1937 epoch=194726268 records=0
[2026-02-11T19:22:42.955356] BRAGE,327686,1,1937,-67,2,93,DL,
[2026-02-11T19:22:43.038100] [TDMA] RX header: slot=1 frame=1938 epoch=194826268 records=0
[2026-02-11T19:22:43.055112] BRAGE,327787,1,1938,-51,4,93,DL,
[2026-02-11T19:22:43.137305] [TDMA] RX header: slot=1 frame=1939 epoch=194926268 records=0
[2026-02-11T19:22:43.153461] BRAGE,327887,1,1939,-72,2,93,DL,
[2026-02-11T19:22:43.236294] [TDMA] RX header: slot=1 frame=1940 epoch=195026268 records=0
[2026-02-11T19:22:43.253911] BRAGE,327987,1,1940,-70,1,93,DL,
[2026-02-11T19:22:43.336104] [TDMA] RX header: slot=1 frame=1941 epoch=195126268 records=0
[2026-02-11T19:22:43.352755] BRAGE,328087,1,1941,-70,3,93,DL,
[2026-02-11T19:22:43.362286] [TDMA] TX DOWNLINK: records=1
[2026-02-11T19:22:43.435136] [TDMA] RX header: slot=1 frame=1942 epoch=195226268 records=0
[2026-02-11T19:22:43.452280] BRAGE,328187,1,1942,-70,2,93,DL,
[2026-02-11T19:22:43.534910] [TDMA] RX header: slot=1 frame=1943 epoch=195326268 records=0
[2026-02-11T19:22:43.551763] BRAGE,328287,1,1943,-72,1,93,DL,
[2026-02-11T19:22:43.633249] [TDMA] RX header: slot=1 frame=1944 epoch=195426268 records=0
[2026-02-11T19:22:43.650063] BRAGE,328387,1,1944,-64,2,93,DL,
[2026-02-11T19:22:43.734152] [TDMA] RX header: slot=1 frame=1945 epoch=195526268 records=0
[2026-02-11T19:22:43.750156] BRAGE,328487,1,1945,-70,1,93,DL,
[2026-02-11T19:22:43.832821] [TDMA] RX header: slot=1 frame=1946 epoch=195626268 records=0
[2026-02-11T19:22:43.849876] BRAGE,328587,1,1946,-69,2,93,DL,
[2026-02-11T19:22:43.931988] [TDMA] RX header: slot=1 frame=1947 epoch=195726268 records=0
[2026-02-11T19:22:43.948509] BRAGE,328687,1,1947,-70,2,93,DL,
[2026-02-11T19:22:44.030738] [TDMA] RX header: slot=1 frame=1948 epoch=195826268 records=0
[2026-02-11T19:22:44.048249] BRAGE,328787,1,1948,-69,2,93,DL,
[2026-02-11T19:22:44.133098] [TDMA] RX header: slot=1 frame=1949 epoch=195926268 records=0
[2026-02-11T19:22:44.147188] BRAGE,328887,1,1949,-67,1,93,DL,
[2026-02-11T19:22:44.230010] [TDMA] RX header: slot=1 frame=1950 epoch=196026268 records=0
[2026-02-11T19:22:44.246489] BRAGE,328987,1,1950,-62,3,93,DL,
[2026-02-11T19:22:44.329319] [TDMA] RX header: slot=1 frame=1951 epoch=196126268 records=0
[2026-02-11T19:22:44.346402] BRAGE,329087,1,1951,-67,2,93,DL,
[2026-02-11T19:22:44.356084] [TDMA] TX DOWNLINK: records=1
[2026-02-11T19:22:44.427942] [TDMA] RX header: slot=1 frame=1952 epoch=196226268 records=0
[2026-02-11T19:22:44.445199] BRAGE,329187,1,1952,-67,2,93,DL,
[2026-02-11T19:22:44.527623] [TDMA] RX header: slot=1 frame=1953 epoch=196326268 records=0
[2026-02-11T19:22:44.545037] BRAGE,329287,1,1953,-51,4,94,DL,
[2026-02-11T19:22:44.627290] [TDMA] RX header: slot=1 frame=1954 epoch=196426268 records=0
[2026-02-11T19:22:44.643867] BRAGE,329388,1,1954,-72,1,94,DL,
[2026-02-11T19:22:44.725933] [TDMA] RX header: slot=1 frame=1955 epoch=196526268 records=0
[2026-02-11T19:22:44.742787] BRAGE,329488,1,1955,-72,1,94,DL,
[2026-02-11T19:22:44.826739] [TDMA] RX header: slot=1 frame=1956 epoch=196626268 records=0
[2026-02-11T19:22:44.843203] BRAGE,329588,1,1956,-67,3,95,DL,
[2026-02-11T19:22:44.925243] [TDMA] RX header: slot=1 frame=1957 epoch=196726268 records=0
[2026-02-11T19:22:44.941971] BRAGE,329688,1,1957,-62,4,95,DL,
[2026-02-11T19:22:45.024832] [TDMA] RX header: slot=1 frame=1958 epoch=196826268 records=0
[2026-02-11T19:22:45.041472] BRAGE,329788,1,1958,-67,1,95,DL,
[2026-02-11T19:22:45.123743] [TDMA] RX header: slot=1 frame=1959 epoch=196926268 records=0
[2026-02-11T19:22:45.141010] BRAGE,329888,1,1959,-72,1,95,DL,
[2026-02-11T19:22:45.222990] [TDMA] RX header: slot=1 frame=1960 epoch=197026268 records=0
[2026-02-11T19:22:45.239470] BRAGE,329988,1,1960,-67,3,96,DL,
[2026-02-11T19:22:45.323070] [TDMA] RX header: slot=1 frame=1961 epoch=197126268 records=0
[2026-02-11T19:22:45.339775] BRAGE,330088,1,1961,-70,2,96,DL,
[2026-02-11T19:22:45.349744] [TDMA] TX DOWNLINK: records=1
[2026-02-11T19:22:45.423074] [TDMA] RX header: slot=1 frame=1962 epoch=197226268 records=0
[2026-02-11T19:22:45.439022] BRAGE,330188,1,1962,-72,3,96,DL,
[2026-02-11T19:22:45.520987] [TDMA] RX header: slot=1 frame=1963 epoch=197326268 records=0
[2026-02-11T19:22:45.538126] BRAGE,330288,1,1963,-67,2,96,DL,
[2026-02-11T19:22:45.619912] [SX1280] CRC error
[2026-02-11T19:22:45.637748] BRAGE,330388,1,1964,0,0,95,NONE,
[2026-02-11T19:22:45.719432] [TDMA] RX header: slot=1 frame=1965 epoch=197526268 records=0
[2026-02-11T19:22:45.736705] BRAGE,330488,1,1965,-67,2,96,DL,
[2026-02-11T19:22:45.819339] [TDMA] RX header: slot=1 frame=1966 epoch=197626268 records=0
[2026-02-11T19:22:45.835578] BRAGE,330588,1,1966,-72,2,96,DL,
[2026-02-11T19:22:45.920719] [TDMA] RX header: slot=1 frame=1967 epoch=197726268 records=0
[2026-02-11T19:22:45.935109] BRAGE,330688,1,1967,-73,1,96,DL,
[2026-02-11T19:22:46.017176] [TDMA] RX header: slot=1 frame=1968 epoch=197826268 records=0
[2026-02-11T19:22:46.034213] BRAGE,330788,1,1968,-70,2,96,DL,
[2026-02-11T19:22:46.117543] [TDMA] RX header: slot=1 frame=1969 epoch=197926268 records=0
[2026-02-11T19:22:46.134206] BRAGE,330888,1,1969,-72,1,96,DL,
[2026-02-11T19:22:46.216915] [TDMA] RX header: slot=1 frame=1970 epoch=198026268 records=0
[2026-02-11T19:22:46.233769] BRAGE,330989,1,1970,-72,1,97,DL,
[2026-02-11T19:22:46.316004] [TDMA] RX header: slot=1 frame=1971 epoch=198126268 records=0
[2026-02-11T19:22:46.333021] BRAGE,331089,1,1971,-72,2,97,DL,
[2026-02-11T19:22:46.343005] [TDMA] TX DOWNLINK: records=1
[2026-02-11T19:22:46.415807] [TDMA] RX header: slot=1 frame=1972 epoch=198226268 records=0
[2026-02-11T19:22:46.431776] BRAGE,331189,1,1972,-67,2,97,DL,
[2026-02-11T19:22:46.514273] [TDMA] RX header: slot=1 frame=1973 epoch=198326268 records=0
[2026-02-11T19:22:46.531192] BRAGE,331289,1,1973,-67,2,97,DL,
[2026-02-11T19:22:46.614201] [TDMA] RX header: slot=1 frame=1974 epoch=198426268 records=0
[2026-02-11T19:22:46.631211] BRAGE,331389,1,1974,-67,3,97,DL,
[2026-02-11T19:22:46.712564] [TDMA] RX header: slot=1 frame=1975 epoch=198526268 records=0
[2026-02-11T19:22:46.730006] BRAGE,331489,1,1975,-72,1,97,DL,
[2026-02-11T19:22:46.812599] [TDMA] RX header: slot=1 frame=1976 epoch=198626268 records=0
[2026-02-11T19:22:46.828869] BRAGE,331589,1,1976,-72,1,97,DL,
[2026-02-11T19:22:46.912151] [TDMA] RX header: slot=1 frame=1977 epoch=198726268 records=0
[2026-02-11T19:22:46.929089] BRAGE,331689,1,1977,-72,2,97,DL,
[2026-02-11T19:22:47.010454] [TDMA] RX header: slot=1 frame=1978 epoch=198826268 records=0
[2026-02-11T19:22:47.027738] BRAGE,331789,1,1978,-72,1,97,DL,
[2026-02-11T19:22:47.110964] [TDMA] RX header: slot=1 frame=1979 epoch=198926268 records=0
[2026-02-11T19:22:47.127701] BRAGE,331889,1,1979,-70,2,97,DL,
[2026-02-11T19:22:47.209316] [TDMA] RX header: slot=1 frame=1980 epoch=199026268 records=0
[2026-02-11T19:22:47.226459] BRAGE,331989,1,1980,-51,4,97,DL,
[2026-02-11T19:22:47.309054] [TDMA] RX header: slot=1 frame=1981 epoch=199126268 records=0
[2026-02-11T19:22:47.325428] BRAGE,332089,1,1981,-70,2,97,DL,
[2026-02-11T19:22:47.335907] [TDMA] TX DOWNLINK: records=1
[2026-02-11T19:22:47.408522] [TDMA] RX header: slot=1 frame=1982 epoch=199226268 records=0
[2026-02-11T19:22:47.424810] BRAGE,332189,1,1982,-51,4,97,DL,
[2026-02-11T19:22:47.508027] [TDMA] RX header: slot=1 frame=1983 epoch=199326268 records=0
[2026-02-11T19:22:47.524769] BRAGE,332289,1,1983,-72,2,97,DL,
[2026-02-11T19:22:47.607416] [TDMA] RX header: slot=1 frame=1984 epoch=199426268 records=0
[2026-02-11T19:22:47.623579] BRAGE,332389,1,1984,-67,2,97,DL,
[2026-02-11T19:22:47.706560] [TDMA] RX header: slot=1 frame=1985 epoch=199526268 records=0
[2026-02-11T19:22:47.723352] BRAGE,332490,1,1985,-51,3,97,DL,
[2026-02-11T19:22:47.806028] [TDMA] RX header: slot=1 frame=1986 epoch=199626268 records=0
[2026-02-11T19:22:47.822679] BRAGE,332590,1,1986,-72,2,97,DL,
[2026-02-11T19:22:47.905317] [TDMA] RX header: slot=1 frame=1987 epoch=199726268 records=0
[2026-02-11T19:22:47.922250] BRAGE,332690,1,1987,-70,1,97,DL,
[2026-02-11T19:22:48.003943] [TDMA] RX header: slot=1 frame=1988 epoch=199826268 records=0
[2026-02-11T19:22:48.021488] BRAGE,332790,1,1988,-72,1,97,DL,
[2026-02-11T19:22:48.104061] [TDMA] RX header: slot=1 frame=1989 epoch=199926268 records=0
[2026-02-11T19:22:48.120346] BRAGE,332890,1,1989,-72,1,97,DL,
[2026-02-11T19:22:48.203275] [TDMA] RX header: slot=1 frame=1990 epoch=200026268 records=0
[2026-02-11T19:22:48.220035] BRAGE,332990,1,1990,-72,2,97,DL,
[2026-02-11T19:22:48.302173] [TDMA] RX header: slot=1 frame=1991 epoch=200126268 records=0
[2026-02-11T19:22:48.319363] BRAGE,333090,1,1991,-70,1,97,DL,
[2026-02-11T19:22:48.329237] [TDMA] TX DOWNLINK: records=1
[2026-02-11T19:22:48.418244] BRAGE,333190,1,1992,0,0,96,NONE,
[2026-02-11T19:22:48.501153] [TDMA] RX header: slot=1 frame=1993 epoch=200326268 records=0
[2026-02-11T19:22:48.518089] BRAGE,333290,1,1993,-70,0,96,DL,
[2026-02-11T19:22:48.600219] [TDMA] RX header: slot=1 frame=1994 epoch=200426268 records=0
[2026-02-11T19:22:48.617365] BRAGE,333390,1,1994,-72,1,97,DL,
[2026-02-11T19:22:48.700088] [TDMA] RX header: slot=1 frame=1995 epoch=200526268 records=0
[2026-02-11T19:22:48.716699] BRAGE,333490,1,1995,-70,1,97,DL,
[2026-02-11T19:22:48.799079] [TDMA] RX header: slot=1 frame=1996 epoch=200626268 records=0
[2026-02-11T19:22:48.816212] BRAGE,333590,1,1996,-70,1,97,DL,
[2026-02-11T19:22:48.898291] [TDMA] RX header: slot=1 frame=1997 epoch=200726268 records=0
[2026-02-11T19:22:48.915270] BRAGE,333690,1,1997,-72,1,97,DL,
[2026-02-11T19:22:48.998313] [TDMA] RX header: slot=1 frame=1998 epoch=200826268 records=0
[2026-02-11T19:22:49.014812] BRAGE,333790,1,1998,-69,2,97,DL,
[2026-02-11T19:22:49.097378] [TDMA] RX header: slot=1 frame=1999 epoch=200926268 records=0
[2026-02-11T19:22:49.114561] BRAGE,333891,1,1999,-73,0,97,DL,
[2026-02-11T19:22:49.196879] [TDMA] RX header: slot=1 frame=2000 epoch=201026268 records=0
[2026-02-11T19:22:49.213445] BRAGE,333991,1,2000,-70,1,97,DL,
[2026-02-11T19:22:49.295562] [TDMA] RX header: slot=1 frame=2001 epoch=201126268 records=0
[2026-02-11T19:22:49.312567] BRAGE,334091,1,2001,-72,1,97,DL,
[2026-02-11T19:22:49.322161] [TDMA] TX DOWNLINK: records=1
[2026-02-11T19:22:49.395222] [TDMA] RX header: slot=1 frame=2002 epoch=201226268 records=0
[2026-02-11T19:22:49.412569] BRAGE,334191,1,2002,-72,1,97,DL,
[2026-02-11T19:22:49.494512] [TDMA] RX header: slot=1 frame=2003 epoch=201326268 records=0
[2026-02-11T19:22:49.511383] BRAGE,334291,1,2003,-70,2,98,DL,
[2026-02-11T19:22:49.594334] [TDMA] RX header: slot=1 frame=2004 epoch=201426268 records=0
[2026-02-11T19:22:49.610479] BRAGE,334391,1,2004,-72,1,98,DL,
[2026-02-11T19:22:49.693499] [TDMA] RX header: slot=1 frame=2005 epoch=201526268 records=0
[2026-02-11T19:22:49.709794] BRAGE,334491,1,2005,-72,2,98,DL,
[2026-02-11T19:22:49.792593] [TDMA] RX header: slot=1 frame=2006 epoch=201626268 records=0
[2026-02-11T19:22:49.809571] BRAGE,334591,1,2006,-72,1,98,DL,
[2026-02-11T19:22:49.891572] [TDMA] RX header: slot=1 frame=2007 epoch=201726268 records=0
[2026-02-11T19:22:49.908869] BRAGE,334691,1,2007,-62,3,98,DL,
[2026-02-11T19:22:49.991379] [TDMA] RX header: slot=1 frame=2008 epoch=201826268 records=0
[2026-02-11T19:22:50.007770] BRAGE,334791,1,2008,-72,1,98,DL,
[2026-02-11T19:22:50.090705] [TDMA] RX header: slot=1 frame=2009 epoch=201926268 records=0
[2026-02-11T19:22:50.108415] BRAGE,334891,1,2009,-72,2,98,DL,
[2026-02-11T19:22:50.190303] [TDMA] RX header: slot=1 frame=2010 epoch=202026268 records=0
[2026-02-11T19:22:50.206943] BRAGE,334991,1,2010,-72,2,98,DL,
[2026-02-11T19:22:50.289459] [TDMA] RX header: slot=1 frame=2011 epoch=202126268 records=0
[2026-02-11T19:22:50.306123] BRAGE,335091,1,2011,-72,0,98,DL,
[2026-02-11T19:22:50.316117] [TDMA] TX DOWNLINK: records=1
[2026-02-11T19:22:50.388954] [TDMA] RX header: slot=1 frame=2012 epoch=202226268 records=0
[2026-02-11T19:22:50.405826] BRAGE,335192,1,2012,-72,1,98,DL,
[2026-02-11T19:22:50.487613] [TDMA] RX header: slot=1 frame=2013 epoch=202326268 records=0
[2026-02-11T19:22:50.509813] BRAGE,335292,1,2013,-73,2,98,DL,
[2026-02-11T19:22:50.587408] [TDMA] RX header: slot=1 frame=2014 epoch=202426268 records=0
[2026-02-11T19:22:50.603678] BRAGE,335392,1,2014,-72,1,98,DL,
[2026-02-11T19:22:50.686718] [TDMA] RX header: slot=1 frame=2015 epoch=202526268 records=0
[2026-02-11T19:22:50.703566] BRAGE,335492,1,2015,-72,0,98,DL,
[2026-02-11T19:22:50.785983] [TDMA] RX header: slot=1 frame=2016 epoch=202626268 records=0
[2026-02-11T19:22:50.803017] BRAGE,335592,1,2016,-64,2,98,DL,
[2026-02-11T19:22:50.884974] [TDMA] RX header: slot=1 frame=2017 epoch=202726268 records=0
[2026-02-11T19:22:50.901541] BRAGE,335692,1,2017,-67,1,98,DL,
[2026-02-11T19:22:50.984629] [TDMA] RX header: slot=1 frame=2018 epoch=202826268 records=0
[2026-02-11T19:22:51.001630] BRAGE,335792,1,2018,-51,2,98,DL,
[2026-02-11T19:22:51.084235] [TDMA] RX header: slot=1 frame=2019 epoch=202926268 records=0
[2026-02-11T19:22:51.100952] BRAGE,335892,1,2019,-67,2,98,DL,
[2026-02-11T19:22:51.183469] [TDMA] RX header: slot=1 frame=2020 epoch=203026268 records=0
[2026-02-11T19:22:51.200296] BRAGE,335992,1,2020,-70,2,98,DL,
[2026-02-11T19:22:51.282806] [TDMA] RX header: slot=1 frame=2021 epoch=203126268 records=0
[2026-02-11T19:22:51.299174] BRAGE,336092,1,2021,-51,2,98,DL,
[2026-02-11T19:22:51.308946] [TDMA] TX DOWNLINK: records=1
[2026-02-11T19:22:51.381587] [TDMA] RX header: slot=1 frame=2022 epoch=203226268 records=0
[2026-02-11T19:22:51.399149] BRAGE,336192,1,2022,-67,2,98,DL,
[2026-02-11T19:22:51.498323] BRAGE,336292,1,2023,0,0,97,NONE,
[2026-02-11T19:22:51.580146] [TDMA] RX header: slot=1 frame=2024 epoch=203426268 records=0
[2026-02-11T19:22:51.597073] BRAGE,336392,1,2024,-51,3,97,DL,
[2026-02-11T19:22:51.680050] [TDMA] RX header: slot=1 frame=2025 epoch=203526268 records=0
[2026-02-11T19:22:51.696693] BRAGE,336492,1,2025,-67,3,97,DL,
[2026-02-11T19:22:51.780279] [TDMA] RX header: slot=1 frame=2026 epoch=203626268 records=0
[2026-02-11T19:22:51.796026] BRAGE,336592,1,2026,-72,1,97,DL,
[2026-02-11T19:22:51.878194] [TDMA] RX header: slot=1 frame=2027 epoch=203726268 records=0
[2026-02-11T19:22:51.895413] BRAGE,336693,1,2027,-72,1,97,DL,
[2026-02-11T19:22:51.978425] [TDMA] RX header: slot=1 frame=2028 epoch=203826268 records=0
[2026-02-11T19:22:51.995125] BRAGE,336793,1,2028,-73,2,97,DL,
[2026-02-11T19:22:52.077014] [TDMA] RX header: slot=1 frame=2029 epoch=203926268 records=0
[2026-02-11T19:22:52.095855] BRAGE,336893,1,2029,-70,2,97,DL,
[2026-02-11T19:22:52.176942] [TDMA] RX header: slot=1 frame=2030 epoch=204026268 records=0
[2026-02-11T19:22:52.193459] BRAGE,336993,1,2030,-72,1,97,DL,
[2026-02-11T19:22:52.276594] [TDMA] RX header: slot=1 frame=2031 epoch=204126268 records=0
[2026-02-11T19:22:52.293389] BRAGE,337093,1,2031,-67,1,97,DL,
[2026-02-11T19:22:52.302854] [TDMA] TX DOWNLINK: records=1
[2026-02-11T19:22:52.375179] [TDMA] RX header: slot=1 frame=2032 epoch=204226268 records=0
[2026-02-11T19:22:52.392250] BRAGE,337193,1,2032,-72,2,97,DL,
[2026-02-11T19:22:52.475019] [TDMA] RX header: slot=1 frame=2033 epoch=204326268 records=0
[2026-02-11T19:22:52.491621] BRAGE,337293,1,2033,-72,1,97,DL,
[2026-02-11T19:22:52.574360] [TDMA] RX header: slot=1 frame=2034 epoch=204426268 records=0
[2026-02-11T19:22:52.590568] BRAGE,337393,1,2034,-51,2,97,DL,
[2026-02-11T19:22:52.673450] [TDMA] RX header: slot=1 frame=2035 epoch=204526268 records=0
[2026-02-11T19:22:52.690720] BRAGE,337493,1,2035,-72,2,97,DL,
[2026-02-11T19:22:52.772845] [TDMA] RX header: slot=1 frame=2036 epoch=204626268 records=0
[2026-02-11T19:22:52.789620] BRAGE,337593,1,2036,-70,1,97,DL,
[2026-02-11T19:22:52.872505] [TDMA] RX header: slot=1 frame=2037 epoch=204726268 records=0
[2026-02-11T19:22:52.889414] BRAGE,337693,1,2037,-72,1,97,DL,
[2026-02-11T19:22:52.971399] [TDMA] RX header: slot=1 frame=2038 epoch=204826268 records=0
[2026-02-11T19:22:52.987846] BRAGE,337793,1,2038,-67,1,97,DL,
[2026-02-11T19:22:53.070412] [TDMA] RX header: slot=1 frame=2039 epoch=204926268 records=0
[2026-02-11T19:22:53.087594] BRAGE,337893,1,2039,-69,2,97,DL,
[2026-02-11T19:22:53.170345] [TDMA] RX header: slot=1 frame=2040 epoch=205026268 records=0
[2026-02-11T19:22:53.186828] BRAGE,337993,1,2040,-51,2,97,DL,
[2026-02-11T19:22:53.269493] [TDMA] RX header: slot=1 frame=2041 epoch=205126268 records=0
[2026-02-11T19:22:53.286076] BRAGE,338093,1,2041,-72,2,97,DL,
[2026-02-11T19:22:53.296194] [TDMA] TX DOWNLINK: records=1
[2026-02-11T19:22:53.368728] [TDMA] RX header: slot=1 frame=2042 epoch=205226268 records=0
[2026-02-11T19:22:53.385629] BRAGE,338193,1,2042,-67,2,97,DL,
[2026-02-11T19:22:53.468365] [TDMA] RX header: slot=1 frame=2043 epoch=205326268 records=0
[2026-02-11T19:22:53.484778] BRAGE,338294,1,2043,-67,1,97,DL,
[2026-02-11T19:22:53.567012] [TDMA] RX header: slot=1 frame=2044 epoch=205426268 records=0
[2026-02-11T19:22:53.584324] BRAGE,338394,1,2044,-70,1,97,DL,
[2026-02-11T19:22:53.666382] [TDMA] RX header: slot=1 frame=2045 epoch=205526268 records=0
[2026-02-11T19:22:53.683629] BRAGE,338494,1,2045,-70,2,97,DL,
[2026-02-11T19:22:53.766383] [TDMA] RX header: slot=1 frame=2046 epoch=205626268 records=0
[2026-02-11T19:22:53.783138] BRAGE,338594,1,2046,-70,1,97,DL,
[2026-02-11T19:22:53.865726] [TDMA] RX header: slot=1 frame=2047 epoch=205726268 records=0
[2026-02-11T19:22:53.882397] BRAGE,338694,1,2047,-69,1,97,DL,
[2026-02-11T19:22:53.964773] [TDMA] RX header: slot=1 frame=2048 epoch=205826268 records=0
[2026-02-11T19:22:53.981718] BRAGE,338794,1,2048,-70,1,97,DL,
[2026-02-11T19:22:54.064378] [TDMA] RX header: slot=1 frame=2049 epoch=205926268 records=0
[2026-02-11T19:22:54.083599] BRAGE,338894,1,2049,-70,2,97,DL,
[2026-02-11T19:22:54.163415] [TDMA] RX header: slot=1 frame=2050 epoch=206026268 records=0
[2026-02-11T19:22:54.180625] BRAGE,338994,1,2050,-69,1,97,DL,
[2026-02-11T19:22:54.262759] [TDMA] RX header: slot=1 frame=2051 epoch=206126268 records=0
[2026-02-11T19:22:54.279764] BRAGE,339094,1,2051,-72,1,97,DL,
[2026-02-11T19:22:54.289534] [TDMA] TX DOWNLINK: records=1
[2026-02-11T19:22:54.361792] [TDMA] RX header: slot=1 frame=2052 epoch=206226268 records=0
[2026-02-11T19:22:54.378493] BRAGE,339194,1,2052,-72,1,97,DL,
[2026-02-11T19:22:54.461423] [TDMA] RX header: slot=1 frame=2053 epoch=206326268 records=0
[2026-02-11T19:22:54.478345] BRAGE,339294,1,2053,-70,2,97,DL,
[2026-02-11T19:22:54.560902] [TDMA] RX header: slot=1 frame=2054 epoch=206426268 records=0
[2026-02-11T19:22:54.577766] BRAGE,339394,1,2054,-54,2,97,DL,
[2026-02-11T19:22:54.660183] [TDMA] RX header: slot=1 frame=2055 epoch=206526268 records=0
[2026-02-11T19:22:54.676870] BRAGE,339494,1,2055,-67,2,97,DL,
[2026-02-11T19:22:54.759601] [TDMA] RX header: slot=1 frame=2056 epoch=206626268 records=0
[2026-02-11T19:22:54.776581] BRAGE,339594,1,2056,-70,1,97,DL,
[2026-02-11T19:22:54.858849] [TDMA] RX header: slot=1 frame=2057 epoch=206726268 records=0
[2026-02-11T19:22:54.875224] BRAGE,339694,1,2057,-70,2,97,DL,
[2026-02-11T19:22:54.957805] [TDMA] RX header: slot=1 frame=2058 epoch=206826268 records=0
[2026-02-11T19:22:54.974450] BRAGE,339794,1,2058,-72,1,97,DL,
[2026-02-11T19:22:55.057567] [TDMA] RX header: slot=1 frame=2059 epoch=206926268 records=0
[2026-02-11T19:22:55.074261] BRAGE,339895,1,2059,-72,2,97,DL,
[2026-02-11T19:22:55.156895] [TDMA] RX header: slot=1 frame=2060 epoch=207026268 records=0
[2026-02-11T19:22:55.173675] BRAGE,339995,1,2060,-67,2,97,DL,
[2026-02-11T19:22:55.255854] [TDMA] RX header: slot=1 frame=2061 epoch=207126268 records=0
[2026-02-11T19:22:55.273845] BRAGE,340095,1,2061,-72,2,97,DL,
[2026-02-11T19:22:55.282928] [TDMA] TX DOWNLINK: records=1
[2026-02-11T19:22:55.357782] [TDMA] RX header: slot=1 frame=2062 epoch=207226268 records=0
[2026-02-11T19:22:55.371903] BRAGE,340195,1,2062,-67,3,97,DL,
[2026-02-11T19:22:55.454906] [TDMA] RX header: slot=1 frame=2063 epoch=207326268 records=0
[2026-02-11T19:22:55.471756] BRAGE,340295,1,2063,-70,1,97,DL,
[2026-02-11T19:22:55.553893] [TDMA] RX header: slot=1 frame=2064 epoch=207426268 records=0
[2026-02-11T19:22:55.570692] BRAGE,340395,1,2064,-72,2,98,DL,
[2026-02-11T19:22:55.653216] [TDMA] RX header: slot=1 frame=2065 epoch=207526268 records=0
[2026-02-11T19:22:55.670424] BRAGE,340495,1,2065,-67,2,98,DL,
[2026-02-11T19:22:55.752896] [TDMA] RX header: slot=1 frame=2066 epoch=207626268 records=0
[2026-02-11T19:22:55.769376] BRAGE,340595,1,2066,-72,2,98,DL,
[2026-02-11T19:22:55.852472] [TDMA] RX header: slot=1 frame=2067 epoch=207726268 records=0
[2026-02-11T19:22:55.869313] BRAGE,340695,1,2067,-69,1,98,DL,
[2026-02-11T19:22:55.952493] [TDMA] RX header: slot=1 frame=2068 epoch=207826268 records=0
[2026-02-11T19:22:55.968398] BRAGE,340795,1,2068,-62,2,98,DL,
[2026-02-11T19:22:56.050965] [TDMA] RX header: slot=1 frame=2069 epoch=207926268 records=0
[2026-02-11T19:22:56.067419] BRAGE,340895,1,2069,-69,1,98,DL,
[2026-02-11T19:22:56.150481] [TDMA] RX header: slot=1 frame=2070 epoch=208026268 records=0
[2026-02-11T19:22:56.167071] BRAGE,340995,1,2070,-72,0,98,DL,
[2026-02-11T19:22:56.249516] [TDMA] RX header: slot=1 frame=2071 epoch=208126268 records=0
[2026-02-11T19:22:56.266578] BRAGE,341095,1,2071,-70,1,98,DL,
[2026-02-11T19:22:56.276312] [TDMA] TX DOWNLINK: records=1
[2026-02-11T19:22:56.349003] [TDMA] RX header: slot=1 frame=2072 epoch=208226268 records=0
[2026-02-11T19:22:56.365305] BRAGE,341195,1,2072,-51,2,98,DL,
[2026-02-11T19:22:56.448428] [TDMA] RX header: slot=1 frame=2073 epoch=208326268 records=0
[2026-02-11T19:22:56.465354] BRAGE,341295,1,2073,-72,0,98,DL,
[2026-02-11T19:22:56.547546] [TDMA] RX header: slot=1 frame=2074 epoch=208426268 records=0
[2026-02-11T19:22:56.564492] BRAGE,341396,1,2074,-51,3,98,DL,
[2026-02-11T19:22:56.646692] [TDMA] RX header: slot=1 frame=2075 epoch=208526268 records=0
[2026-02-11T19:22:56.663315] BRAGE,341496,1,2075,-70,0,98,DL,
[2026-02-11T19:22:56.746242] [TDMA] RX header: slot=1 frame=2076 epoch=208626268 records=0
[2026-02-11T19:22:56.763096] BRAGE,341596,1,2076,-72,1,98,DL,
[2026-02-11T19:22:56.845346] [TDMA] RX header: slot=1 frame=2077 epoch=208726268 records=0
[2026-02-11T19:22:56.862626] BRAGE,341696,1,2077,-72,0,98,DL,
[2026-02-11T19:22:56.944794] [TDMA] RX header: slot=1 frame=2078 epoch=208826268 records=0
[2026-02-11T19:22:56.961509] BRAGE,341796,1,2078,-72,0,98,DL,
[2026-02-11T19:22:57.044481] [TDMA] RX header: slot=1 frame=2079 epoch=208926268 records=0
[2026-02-11T19:22:57.061593] BRAGE,341896,1,2079,-70,2,98,DL,
[2026-02-11T19:22:57.143234] [TDMA] RX header: slot=1 frame=2080 epoch=209026268 records=0
[2026-02-11T19:22:57.163106] BRAGE,341996,1,2080,-72,1,98,DL,
[2026-02-11T19:22:57.243124] [TDMA] RX header: slot=1 frame=2081 epoch=209126268 records=0
[2026-02-11T19:22:57.259721] BRAGE,342096,1,2081,-67,1,98,DL,
[2026-02-11T19:22:57.270053] [TDMA] TX DOWNLINK: records=1
[2026-02-11T19:22:57.342350] [TDMA] RX header: slot=1 frame=2082 epoch=209226268 records=0
[2026-02-11T19:22:57.359170] BRAGE,342196,1,2082,-70,1,98,DL,
[2026-02-11T19:22:57.441357] [TDMA] RX header: slot=1 frame=2083 epoch=209326268 records=0
[2026-02-11T19:22:57.458727] BRAGE,342296,1,2083,-72,2,98,DL,
[2026-02-11T19:22:57.540698] [TDMA] RX header: slot=1 frame=2084 epoch=209426268 records=0
[2026-02-11T19:22:57.557882] BRAGE,342396,1,2084,-67,1,98,DL,
[2026-02-11T19:22:57.640605] [TDMA] RX header: slot=1 frame=2085 epoch=209526268 records=0
[2026-02-11T19:22:57.656799] BRAGE,342496,1,2085,-69,0,98,DL,
[2026-02-11T19:22:57.740806] [TDMA] RX header: slot=1 frame=2086 epoch=209626268 records=0
[2026-02-11T19:22:57.756446] BRAGE,342596,1,2086,-67,1,98,DL,
[2026-02-11T19:22:57.838957] [TDMA] RX header: slot=1 frame=2087 epoch=209726268 records=0
[2026-02-11T19:22:57.855856] BRAGE,342696,1,2087,-62,2,98,DL,
[2026-02-11T19:22:57.937814] [TDMA] RX header: slot=1 frame=2088 epoch=209826268 records=0
[2026-02-11T19:22:57.954786] BRAGE,342796,1,2088,-69,2,98,DL,
[2026-02-11T19:22:58.037696] [TDMA] RX header: slot=1 frame=2089 epoch=209926268 records=0
[2026-02-11T19:22:58.054581] BRAGE,342897,1,2089,-51,1,98,DL,
[2026-02-11T19:22:58.136567] [TDMA] RX header: slot=1 frame=2090 epoch=210026268 records=0
[2026-02-11T19:22:58.153502] BRAGE,342997,1,2090,-73,1,98,DL,
[2026-02-11T19:22:58.235819] [TDMA] RX header: slot=1 frame=2091 epoch=210126268 records=0
[2026-02-11T19:22:58.252547] BRAGE,343097,1,2091,-51,3,98,DL,
[2026-02-11T19:22:58.263019] [TDMA] TX DOWNLINK: records=1
[2026-02-11T19:22:58.335836] [TDMA] RX header: slot=1 frame=2092 epoch=210226268 records=0
[2026-02-11T19:22:58.352818] BRAGE,343197,1,2092,-72,1,99,DL,
[2026-02-11T19:22:58.434593] [TDMA] RX header: slot=1 frame=2093 epoch=210326268 records=0
[2026-02-11T19:22:58.452534] BRAGE,343297,1,2093,-72,0,99,DL,
[2026-02-11T19:22:58.534130] [TDMA] RX header: slot=1 frame=2094 epoch=210426268 records=0
[2026-02-11T19:22:58.550722] BRAGE,343397,1,2094,-70,1,99,DL,
[2026-02-11T19:22:58.633960] [TDMA] RX header: slot=1 frame=2095 epoch=210526268 records=0
[2026-02-11T19:22:58.650895] BRAGE,343497,1,2095,-72,0,99,DL,
[2026-02-11T19:22:58.732885] [TDMA] RX header: slot=1 frame=2096 epoch=210626268 records=0
[2026-02-11T19:22:58.749729] BRAGE,343597,1,2096,-67,2,99,DL,
[2026-02-11T19:22:58.832274] [TDMA] RX header: slot=1 frame=2097 epoch=210726268 records=0
[2026-02-11T19:22:58.849240] BRAGE,343697,1,2097,-72,1,99,DL,
[2026-02-11T19:22:58.931519] [TDMA] RX header: slot=1 frame=2098 epoch=210826268 records=0
[2026-02-11T19:22:58.948572] BRAGE,343797,1,2098,-67,1,99,DL,
[2026-02-11T19:22:59.030879] [TDMA] RX header: slot=1 frame=2099 epoch=210926268 records=0
[2026-02-11T19:22:59.048283] BRAGE,343897,1,2099,-51,1,99,DL,
[2026-02-11T19:22:59.129896] [TDMA] RX header: slot=1 frame=2100 epoch=211026268 records=0
[2026-02-11T19:22:59.147112] BRAGE,343997,1,2100,-72,0,99,DL,
[2026-02-11T19:22:59.247161] BRAGE,344097,1,2101,0,0,98,NONE,
[2026-02-11T19:22:59.255945] [TDMA] TX DOWNLINK: records=1
[2026-02-11T19:22:59.329036] [TDMA] RX header: slot=1 frame=2102 epoch=211226268 records=0
[2026-02-11T19:22:59.345885] BRAGE,344197,1,2102,-69,1,98,DL,
[2026-02-11T19:22:59.428824] [TDMA] RX header: slot=1 frame=2103 epoch=211326268 records=0
[2026-02-11T19:22:59.445255] BRAGE,344298,1,2103,-51,1,98,DL,
[2026-02-11T19:22:59.527057] [TDMA] RX header: slot=1 frame=2104 epoch=211426268 records=0
[2026-02-11T19:22:59.543970] BRAGE,344398,1,2104,-64,1,98,DL,
[2026-02-11T19:22:59.626851] [TDMA] RX header: slot=1 frame=2105 epoch=211526268 records=0
[2026-02-11T19:22:59.643724] BRAGE,344498,1,2105,-70,1,98,DL,
[2026-02-11T19:22:59.725806] [TDMA] RX header: slot=1 frame=2106 epoch=211626268 records=0
[2026-02-11T19:22:59.743169] BRAGE,344598,1,2106,-70,1,98,DL,
[2026-02-11T19:22:59.825743] [TDMA] RX header: slot=1 frame=2107 epoch=211726268 records=0
[2026-02-11T19:22:59.842193] BRAGE,344698,1,2107,-72,0,98,DL,
[2026-02-11T19:22:59.925062] [TDMA] RX header: slot=1 frame=2108 epoch=211826268 records=0
[2026-02-11T19:22:59.941903] BRAGE,344798,1,2108,-54,2,98,DL,
[2026-02-11T19:23:00.024349] [TDMA] RX header: slot=1 frame=2109 epoch=211926268 records=0
[2026-02-11T19:23:00.040885] BRAGE,344898,1,2109,-51,2,98,DL,
[2026-02-11T19:23:00.123762] [TDMA] RX header: slot=1 frame=2110 epoch=212026268 records=0
[2026-02-11T19:23:00.140386] BRAGE,344998,1,2110,-67,1,98,DL,
[2026-02-11T19:23:00.222675] [TDMA] RX header: slot=1 frame=2111 epoch=212126268 records=0
[2026-02-11T19:23:00.241170] BRAGE,345098,1,2111,-64,1,98,DL,
[2026-02-11T19:23:00.249484] [TDMA] TX DOWNLINK: records=1
[2026-02-11T19:23:00.321840] [TDMA] RX header: slot=1 frame=2112 epoch=212226268 records=0
[2026-02-11T19:23:00.339340] BRAGE,345198,1,2112,-67,1,98,DL,
[2026-02-11T19:23:00.421912] [TDMA] RX header: slot=1 frame=2113 epoch=212326268 records=0
[2026-02-11T19:23:00.438957] BRAGE,345298,1,2113,-72,2,98,DL,
[2026-02-11T19:23:00.537381] BRAGE,345398,1,2114,0,0,97,NONE,
[2026-02-11T19:23:00.619973] [TDMA] RX header: slot=1 frame=2115 epoch=212526268 records=0
[2026-02-11T19:23:00.637220] BRAGE,345498,1,2115,-67,2,97,DL,
[2026-02-11T19:23:00.719492] [TDMA] RX header: slot=1 frame=2116 epoch=212626268 records=0
[2026-02-11T19:23:00.735990] BRAGE,345598,1,2116,-72,1,97,DL,
[2026-02-11T19:23:00.819042] [TDMA] RX header: slot=1 frame=2117 epoch=212726268 records=0
[2026-02-11T19:23:00.835415] BRAGE,345699,1,2117,-70,1,97,DL,
[2026-02-11T19:23:00.918375] [TDMA] RX header: slot=1 frame=2118 epoch=212826268 records=0
[2026-02-11T19:23:00.935491] BRAGE,345799,1,2118,-51,2,97,DL,
[2026-02-11T19:23:01.017748] [TDMA] RX header: slot=1 frame=2119 epoch=212926268 records=0
[2026-02-11T19:23:01.034823] BRAGE,345899,1,2119,-70,2,97,DL,
[2026-02-11T19:23:01.117085] [TDMA] RX header: slot=1 frame=2120 epoch=213026268 records=0
[2026-02-11T19:23:01.133458] BRAGE,345999,1,2120,-70,0,97,DL,
[2026-02-11T19:23:01.216363] [TDMA] RX header: slot=1 frame=2121 epoch=213126268 records=0
[2026-02-11T19:23:01.233164] BRAGE,346099,1,2121,-72,0,97,DL,
[2026-02-11T19:23:01.243064] [TDMA] TX DOWNLINK: records=1
[2026-02-11T19:23:01.315298] [TDMA] RX header: slot=1 frame=2122 epoch=213226268 records=0
[2026-02-11T19:23:01.332045] BRAGE,346199,1,2122,-70,1,97,DL,
[2026-02-11T19:23:01.415074] [TDMA] RX header: slot=1 frame=2123 epoch=213326268 records=0
[2026-02-11T19:23:01.431526] BRAGE,346299,1,2123,-67,1,98,DL,
[2026-02-11T19:23:01.514050] [TDMA] RX header: slot=1 frame=2124 epoch=213426268 records=0
[2026-02-11T19:23:01.531231] BRAGE,346399,1,2124,-72,0,98,DL,
[2026-02-11T19:23:01.613304] [TDMA] RX header: slot=1 frame=2125 epoch=213526268 records=0
[2026-02-11T19:23:01.630786] BRAGE,346499,1,2125,-72,1,98,DL,
[2026-02-11T19:23:01.713097] [TDMA] RX header: slot=1 frame=2126 epoch=213626268 records=0
[2026-02-11T19:23:01.729660] BRAGE,346599,1,2126,-51,2,98,DL,
[2026-02-11T19:23:01.812249] [TDMA] RX header: slot=1 frame=2127 epoch=213726268 records=0
[2026-02-11T19:23:01.829633] BRAGE,346699,1,2127,-51,2,98,DL,
[2026-02-11T19:23:01.911940] [TDMA] RX header: slot=1 frame=2128 epoch=213826268 records=0
[2026-02-11T19:23:01.929117] BRAGE,346799,1,2128,-72,2,98,DL,
[2026-02-11T19:23:02.010928] [TDMA] RX header: slot=1 frame=2129 epoch=213926268 records=0
[2026-02-11T19:23:02.027948] BRAGE,346899,1,2129,-70,1,98,DL,
[2026-02-11T19:23:02.110366] [TDMA] RX header: slot=1 frame=2130 epoch=214026268 records=0
[2026-02-11T19:23:02.127174] BRAGE,346999,1,2130,-72,1,98,DL,
[2026-02-11T19:23:02.209288] [TDMA] RX header: slot=1 frame=2131 epoch=214126268 records=0
[2026-02-11T19:23:02.229484] BRAGE,347099,1,2131,-67,2,98,DL,
[2026-02-11T19:23:02.236627] [TDMA] TX DOWNLINK: records=1
[2026-02-11T19:23:02.309073] [TDMA] RX header: slot=1 frame=2132 epoch=214226268 records=0
[2026-02-11T19:23:02.325843] BRAGE,347200,1,2132,-70,1,98,DL,
[2026-02-11T19:23:02.407971] [TDMA] RX header: slot=1 frame=2133 epoch=214326268 records=0
[2026-02-11T19:23:02.424831] BRAGE,347300,1,2133,-69,1,98,DL,
[2026-02-11T19:23:02.507791] [TDMA] RX header: slot=1 frame=2134 epoch=214426268 records=0
[2026-02-11T19:23:02.524765] BRAGE,347400,1,2134,-67,1,98,DL,
[2026-02-11T19:23:02.606716] [TDMA] RX header: slot=1 frame=2135 epoch=214526268 records=0
[2026-02-11T19:23:02.624019] BRAGE,347500,1,2135,-72,1,98,DL,
[2026-02-11T19:23:02.706369] [TDMA] RX header: slot=1 frame=2136 epoch=214626268 records=0
[2026-02-11T19:23:02.722956] BRAGE,347600,1,2136,-51,2,98,DL,
[2026-02-11T19:23:02.805164] [TDMA] RX header: slot=1 frame=2137 epoch=214726268 records=0
[2026-02-11T19:23:02.822533] BRAGE,347700,1,2137,-51,2,98,DL,
[2026-02-11T19:23:02.904626] [TDMA] RX header: slot=1 frame=2138 epoch=214826268 records=0
[2026-02-11T19:23:02.921882] BRAGE,347800,1,2138,-69,1,98,DL,
[2026-02-11T19:23:03.004338] [TDMA] RX header: slot=1 frame=2139 epoch=214926268 records=0
[2026-02-11T19:23:03.021384] BRAGE,347900,1,2139,-67,2,98,DL,
[2026-02-11T19:23:03.120508] BRAGE,348000,1,2140,0,0,97,NONE,
[2026-02-11T19:23:03.202551] [TDMA] RX header: slot=1 frame=2141 epoch=215126268 records=0
[2026-02-11T19:23:03.220052] BRAGE,348100,1,2141,-51,3,97,DL,
[2026-02-11T19:23:03.230212] [TDMA] TX DOWNLINK: records=1
[2026-02-11T19:23:03.302387] [TDMA] RX header: slot=1 frame=2142 epoch=215226268 records=0
[2026-02-11T19:23:03.319419] BRAGE,348200,1,2142,-73,1,97,DL,
[2026-02-11T19:23:03.401948] [TDMA] RX header: slot=1 frame=2143 epoch=215326268 records=0
[2026-02-11T19:23:03.418532] BRAGE,348300,1,2143,-70,1,97,DL,
[2026-02-11T19:23:03.501176] [TDMA] RX header: slot=1 frame=2144 epoch=215426268 records=0
[2026-02-11T19:23:03.520587] BRAGE,348400,1,2144,-72,2,97,DL,
[2026-02-11T19:23:03.600318] [TDMA] RX header: slot=1 frame=2145 epoch=215526268 records=0
[2026-02-11T19:23:03.617250] BRAGE,348500,1,2145,-64,2,97,DL,
[2026-02-11T19:23:03.699843] [TDMA] RX header: slot=1 frame=2146 epoch=215626268 records=0
[2026-02-11T19:23:03.716527] BRAGE,348600,1,2146,-67,0,97,DL,
[2026-02-11T19:23:03.799045] [TDMA] RX header: slot=1 frame=2147 epoch=215726268 records=0
[2026-02-11T19:23:03.815779] BRAGE,348701,1,2147,-72,1,97,DL,
[2026-02-11T19:23:03.898236] [TDMA] RX header: slot=1 frame=2148 epoch=215826268 records=0
[2026-02-11T19:23:03.914808] BRAGE,348801,1,2148,-70,1,97,DL,
[2026-02-11T19:23:03.997532] [TDMA] RX header: slot=1 frame=2149 epoch=215926268 records=0
[2026-02-11T19:23:04.014062] BRAGE,348901,1,2149,-51,3,97,DL,
[2026-02-11T19:23:04.096955] [TDMA] RX header: slot=1 frame=2150 epoch=216026268 records=0
[2026-02-11T19:23:04.114148] BRAGE,349001,1,2150,-70,2,97,DL,
[2026-02-11T19:23:04.195795] [TDMA] RX header: slot=1 frame=2151 epoch=216126268 records=0
[2026-02-11T19:23:04.212610] BRAGE,349101,1,2151,-70,1,97,DL,
[2026-02-11T19:23:04.222304] [TDMA] TX DOWNLINK: records=1
[2026-02-11T19:23:04.295293] [TDMA] RX header: slot=1 frame=2152 epoch=216226268 records=0
[2026-02-11T19:23:04.312102] BRAGE,349201,1,2152,-72,0,97,DL,
[2026-02-11T19:23:04.394454] [TDMA] RX header: slot=1 frame=2153 epoch=216326268 records=0
[2026-02-11T19:23:04.411732] BRAGE,349301,1,2153,-51,3,97,DL,
[2026-02-11T19:23:04.493925] [TDMA] RX header: slot=1 frame=2154 epoch=216426268 records=0
[2026-02-11T19:23:04.511223] BRAGE,349401,1,2154,-70,1,97,DL,
[2026-02-11T19:23:04.593617] [TDMA] RX header: slot=1 frame=2155 epoch=216526268 records=0
[2026-02-11T19:23:04.610060] BRAGE,349501,1,2155,-62,2,97,DL,
[2026-02-11T19:23:04.693035] [TDMA] RX header: slot=1 frame=2156 epoch=216626268 records=0
[2026-02-11T19:23:04.709914] BRAGE,349601,1,2156,-51,2,97,DL,
[2026-02-11T19:23:04.797031] [TDMA] RX header: slot=1 frame=2157 epoch=216726268 records=0
[2026-02-11T19:23:04.809358] BRAGE,349701,1,2157,-72,0,97,DL,
[2026-02-11T19:23:04.891544] [TDMA] RX header: slot=1 frame=2158 epoch=216826268 records=0
[2026-02-11T19:23:04.908417] BRAGE,349801,1,2158,-72,0,97,DL,
[2026-02-11T19:23:04.991057] [TDMA] RX header: slot=1 frame=2159 epoch=216926268 records=0
[2026-02-11T19:23:05.007806] BRAGE,349901,1,2159,-72,0,97,DL,
[2026-02-11T19:23:05.090216] [TDMA] RX header: slot=1 frame=2160 epoch=217026268 records=0
[2026-02-11T19:23:05.106708] BRAGE,350001,1,2160,-67,2,97,DL,
[2026-02-11T19:23:05.189550] [TDMA] RX header: slot=1 frame=2161 epoch=217126268 records=0
[2026-02-11T19:23:05.206426] BRAGE,350101,1,2161,-72,1,97,DL,
[2026-02-11T19:23:05.216324] [TDMA] TX DOWNLINK: records=1
[2026-02-11T19:23:05.289190] [TDMA] RX header: slot=1 frame=2162 epoch=217226268 records=0
[2026-02-11T19:23:05.306567] BRAGE,350202,1,2162,-72,0,97,DL,
[2026-02-11T19:23:05.388325] [TDMA] RX header: slot=1 frame=2163 epoch=217326268 records=0
[2026-02-11T19:23:05.405492] BRAGE,350302,1,2163,-70,1,97,DL,
[2026-02-11T19:23:05.487529] [TDMA] RX header: slot=1 frame=2164 epoch=217426268 records=0
[2026-02-11T19:23:05.505261] BRAGE,350402,1,2164,-72,1,97,DL,
[2026-02-11T19:23:05.587145] [TDMA] RX header: slot=1 frame=2165 epoch=217526268 records=0
[2026-02-11T19:23:05.603190] BRAGE,350502,1,2165,-67,1,97,DL,
[2026-02-11T19:23:05.686390] [TDMA] RX header: slot=1 frame=2166 epoch=217626268 records=0
[2026-02-11T19:23:05.703272] BRAGE,350602,1,2166,-72,0,97,DL,
[2026-02-11T19:23:05.786174] [TDMA] RX header: slot=1 frame=2167 epoch=217726268 records=0
[2026-02-11T19:23:05.802569] BRAGE,350702,1,2167,-67,2,97,DL,
[2026-02-11T19:23:05.885100] [TDMA] RX header: slot=1 frame=2168 epoch=217826268 records=0
[2026-02-11T19:23:05.901354] BRAGE,350802,1,2168,-51,2,97,DL,
[2026-02-11T19:23:05.984298] [TDMA] RX header: slot=1 frame=2169 epoch=217926268 records=0
[2026-02-11T19:23:06.001285] BRAGE,350902,1,2169,-69,1,97,DL,
[2026-02-11T19:23:06.083245] [TDMA] RX header: slot=1 frame=2170 epoch=218026268 records=0
[2026-02-11T19:23:06.100631] BRAGE,351002,1,2170,-72,2,97,DL,
[2026-02-11T19:23:06.183246] [TDMA] RX header: slot=1 frame=2171 epoch=218126268 records=0
[2026-02-11T19:23:06.200056] BRAGE,351102,1,2171,-72,1,97,DL,
[2026-02-11T19:23:06.209563] [TDMA] TX DOWNLINK: records=1
[2026-02-11T19:23:06.282681] [TDMA] RX header: slot=1 frame=2172 epoch=218226268 records=0
[2026-02-11T19:23:06.299312] BRAGE,351202,1,2172,-67,2,97,DL,
[2026-02-11T19:23:06.381874] [TDMA] RX header: slot=1 frame=2173 epoch=218326268 records=0
[2026-02-11T19:23:06.398264] BRAGE,351302,1,2173,-72,0,97,DL,
[2026-02-11T19:23:06.481126] [TDMA] RX header: slot=1 frame=2174 epoch=218426268 records=0
[2026-02-11T19:23:06.497976] BRAGE,351402,1,2174,-67,1,97,DL,
[2026-02-11T19:23:06.582985] [TDMA] RX header: slot=1 frame=2175 epoch=218526268 records=0
[2026-02-11T19:23:06.596547] BRAGE,351502,1,2175,-51,2,97,DL,
[2026-02-11T19:23:06.679404] [TDMA] RX header: slot=1 frame=2176 epoch=218626268 records=0
[2026-02-11T19:23:06.696488] BRAGE,351602,1,2176,-72,1,97,DL,
[2026-02-11T19:23:06.778354] [TDMA] RX header: slot=1 frame=2177 epoch=218726268 records=0
[2026-02-11T19:23:06.795611] BRAGE,351703,1,2177,-70,0,97,DL,
[2026-02-11T19:23:06.878126] [TDMA] RX header: slot=1 frame=2178 epoch=218826268 records=0
[2026-02-11T19:23:06.894980] BRAGE,351803,1,2178,-64,1,97,DL,
[2026-02-11T19:23:06.977420] [TDMA] RX header: slot=1 frame=2179 epoch=218926268 records=0
[2026-02-11T19:23:06.994463] BRAGE,351903,1,2179,-51,2,97,DL,
[2026-02-11T19:23:07.077090] [TDMA] RX header: slot=1 frame=2180 epoch=219026268 records=0
[2026-02-11T19:23:07.093731] BRAGE,352003,1,2180,-73,0,97,DL,
[2026-02-11T19:23:07.175789] [TDMA] RX header: slot=1 frame=2181 epoch=219126268 records=0
[2026-02-11T19:23:07.192552] BRAGE,352103,1,2181,-51,2,97,DL,
[2026-02-11T19:23:07.202377] [TDMA] TX DOWNLINK: records=1
[2026-02-11T19:23:07.275458] [TDMA] RX header: slot=1 frame=2182 epoch=219226268 records=0
[2026-02-11T19:23:07.292286] BRAGE,352203,1,2182,-64,1,97,DL,
[2026-02-11T19:23:07.374253] [TDMA] RX header: slot=1 frame=2183 epoch=219326268 records=0
[2026-02-11T19:23:07.391595] BRAGE,352303,1,2183,-72,1,97,DL,
[2026-02-11T19:23:07.474154] [TDMA] RX header: slot=1 frame=2184 epoch=219426268 records=0
[2026-02-11T19:23:07.490590] BRAGE,352403,1,2184,-72,0,97,DL,
[2026-02-11T19:23:07.573461] [TDMA] RX header: slot=1 frame=2185 epoch=219526268 records=0
[2026-02-11T19:23:07.590149] BRAGE,352503,1,2185,-69,2,97,DL,
[2026-02-11T19:23:07.672335] [TDMA] RX header: slot=1 frame=2186 epoch=219626268 records=0
[2026-02-11T19:23:07.689148] BRAGE,352603,1,2186,-51,2,97,DL,
[2026-02-11T19:23:07.772201] [TDMA] RX header: slot=1 frame=2187 epoch=219726268 records=0
[2026-02-11T19:23:07.789275] BRAGE,352703,1,2187,-73,1,97,DL,
[2026-02-11T19:23:07.871723] [TDMA] RX header: slot=1 frame=2188 epoch=219826268 records=0
[2026-02-11T19:23:07.887961] BRAGE,352803,1,2188,-72,2,97,DL,
[2026-02-11T19:23:07.970497] [TDMA] RX header: slot=1 frame=2189 epoch=219926268 records=0
[2026-02-11T19:23:07.987181] BRAGE,352903,1,2189,-70,0,97,DL,
[2026-02-11T19:23:08.070155] [TDMA] RX header: slot=1 frame=2190 epoch=220026268 records=0
[2026-02-11T19:23:08.087257] BRAGE,353004,1,2190,-51,1,97,DL,
[2026-02-11T19:23:08.169386] [TDMA] RX header: slot=1 frame=2191 epoch=220126268 records=0
[2026-02-11T19:23:08.186216] BRAGE,353104,1,2191,-70,1,97,DL,
[2026-02-11T19:23:08.195674] [TDMA] TX DOWNLINK: records=1
[2026-02-11T19:23:08.268793] [TDMA] RX header: slot=1 frame=2192 epoch=220226268 records=0
[2026-02-11T19:23:08.285667] BRAGE,353204,1,2192,-72,0,97,DL,
[2026-02-11T19:23:08.368262] [TDMA] RX header: slot=1 frame=2193 epoch=220326268 records=0
[2026-02-11T19:23:08.384623] BRAGE,353304,1,2193,-51,3,97,DL,
[2026-02-11T19:23:08.467098] [TDMA] RX header: slot=1 frame=2194 epoch=220426268 records=0
[2026-02-11T19:23:08.484536] BRAGE,353404,1,2194,-67,1,97,DL,
[2026-02-11T19:23:08.566844] [TDMA] RX header: slot=1 frame=2195 epoch=220526268 records=0
[2026-02-11T19:23:08.583898] BRAGE,353504,1,2195,-72,1,97,DL,
[2026-02-11T19:23:08.665627] [TDMA] RX header: slot=1 frame=2196 epoch=220626268 records=0
[2026-02-11T19:23:08.683469] BRAGE,353604,1,2196,-70,2,97,DL,
[2026-02-11T19:23:08.765811] [TDMA] RX header: slot=1 frame=2197 epoch=220726268 records=0
[2026-02-11T19:23:08.781972] BRAGE,353704,1,2197,-71,0,97,DL,
[2026-02-11T19:23:08.864765] [TDMA] RX header: slot=1 frame=2198 epoch=220826268 records=0
[2026-02-11T19:23:08.881586] BRAGE,353804,1,2198,-67,2,97,DL,
[2026-02-11T19:23:08.963759] [TDMA] RX header: slot=1 frame=2199 epoch=220926268 records=0
[2026-02-11T19:23:08.981051] BRAGE,353904,1,2199,-69,0,97,DL,
[2026-02-11T19:23:09.063431] [TDMA] RX header: slot=1 frame=2200 epoch=221026268 records=0
[2026-02-11T19:23:09.079962] BRAGE,354004,1,2200,-51,2,97,DL,
[2026-02-11T19:23:09.162436] [TDMA] RX header: slot=1 frame=2201 epoch=221126268 records=0
[2026-02-11T19:23:09.179595] BRAGE,354104,1,2201,-70,1,98,DL,
[2026-02-11T19:23:09.189462] [TDMA] TX DOWNLINK: records=1
[2026-02-11T19:23:09.261772] [TDMA] RX header: slot=1 frame=2202 epoch=221226268 records=0
[2026-02-11T19:23:09.279092] BRAGE,354204,1,2202,-70,0,98,DL,
[2026-02-11T19:23:09.361428] [TDMA] RX header: slot=1 frame=2203 epoch=221326268 records=0
[2026-02-11T19:23:09.378198] BRAGE,354304,1,2203,-67,2,98,DL,
[2026-02-11T19:23:09.460801] [TDMA] RX header: slot=1 frame=2204 epoch=221426268 records=0
[2026-02-11T19:23:09.477726] BRAGE,354404,1,2204,-72,1,98,DL,
[2026-02-11T19:23:09.559851] [TDMA] RX header: slot=1 frame=2205 epoch=221526268 records=0
[2026-02-11T19:23:09.576905] BRAGE,354505,1,2205,-72,1,98,DL,
[2026-02-11T19:23:09.659362] [TDMA] RX header: slot=1 frame=2206 epoch=221626268 records=0
[2026-02-11T19:23:09.676224] BRAGE,354605,1,2206,-51,4,98,DL,
[2026-02-11T19:23:09.758835] [TDMA] RX header: slot=1 frame=2207 epoch=221726268 records=0
[2026-02-11T19:23:09.775799] BRAGE,354705,1,2207,-72,1,98,DL,
[2026-02-11T19:23:09.858330] [TDMA] RX header: slot=1 frame=2208 epoch=221826268 records=0
[2026-02-11T19:23:09.875294] BRAGE,354805,1,2208,-67,2,98,DL,
[2026-02-11T19:23:09.957815] [TDMA] RX header: slot=1 frame=2209 epoch=221926268 records=0
[2026-02-11T19:23:09.973932] BRAGE,354905,1,2209,-72,0,98,DL,
[2026-02-11T19:23:10.056857] [TDMA] RX header: slot=1 frame=2210 epoch=222026268 records=0
[2026-02-11T19:23:10.074150] BRAGE,355005,1,2210,-72,1,98,DL,
[2026-02-11T19:23:10.156219] [TDMA] RX header: slot=1 frame=2211 epoch=222126268 records=0
[2026-02-11T19:23:10.173177] BRAGE,355105,1,2211,-72,2,98,DL,
[2026-02-11T19:23:10.182299] [TDMA] TX DOWNLINK: records=1
[2026-02-11T19:23:10.255089] [TDMA] RX header: slot=1 frame=2212 epoch=222226268 records=0
[2026-02-11T19:23:10.271699] BRAGE,355205,1,2212,-70,1,98,DL,
[2026-02-11T19:23:10.354753] [TDMA] RX header: slot=1 frame=2213 epoch=222326268 records=0
[2026-02-11T19:23:10.371763] BRAGE,355305,1,2213,-51,2,98,DL,
[2026-02-11T19:23:10.454314] [TDMA] RX header: slot=1 frame=2214 epoch=222426268 records=0
[2026-02-11T19:23:10.470687] BRAGE,355405,1,2214,-51,2,99,DL,
[2026-02-11T19:23:10.553122] [TDMA] RX header: slot=1 frame=2215 epoch=222526268 records=0
[2026-02-11T19:23:10.570140] BRAGE,355505,1,2215,-51,3,99,DL,
[2026-02-11T19:23:10.652745] [TDMA] RX header: slot=1 frame=2216 epoch=222626268 records=0
[2026-02-11T19:23:10.672853] BRAGE,355605,1,2216,-51,2,99,DL,
[2026-02-11T19:23:10.752334] [TDMA] RX header: slot=1 frame=2217 epoch=222726268 records=0
[2026-02-11T19:23:10.768902] BRAGE,355705,1,2217,-67,1,99,DL,
[2026-02-11T19:23:10.851038] [TDMA] RX header: slot=1 frame=2218 epoch=222826268 records=0
[2026-02-11T19:23:10.868232] BRAGE,355805,1,2218,-72,0,99,DL,
[2026-02-11T19:23:10.950347] [TDMA] RX header: slot=1 frame=2219 epoch=222926268 records=0
[2026-02-11T19:23:10.967168] BRAGE,355906,1,2219,-51,3,99,DL,
[2026-02-11T19:23:11.049867] [TDMA] RX header: slot=1 frame=2220 epoch=223026268 records=0
[2026-02-11T19:23:11.066934] BRAGE,356006,1,2220,-51,2,99,DL,
[2026-02-11T19:23:11.149435] [TDMA] RX header: slot=1 frame=2221 epoch=223126268 records=0
[2026-02-11T19:23:11.166583] BRAGE,356106,1,2221,-70,1,99,DL,
[2026-02-11T19:23:11.176121] [TDMA] TX DOWNLINK: records=1
[2026-02-11T19:23:11.248602] [TDMA] RX header: slot=1 frame=2222 epoch=223226268 records=0
[2026-02-11T19:23:11.264995] BRAGE,356206,1,2222,-72,2,99,DL,
[2026-02-11T19:23:11.348051] [TDMA] RX header: slot=1 frame=2223 epoch=223326268 records=0
[2026-02-11T19:23:11.365221] BRAGE,356306,1,2223,-72,1,99,DL,
[2026-02-11T19:23:11.447115] [TDMA] RX header: slot=1 frame=2224 epoch=223426268 records=0
[2026-02-11T19:23:11.464621] BRAGE,356406,1,2224,-70,0,99,DL,
[2026-02-11T19:23:11.546978] [TDMA] RX header: slot=1 frame=2225 epoch=223526268 records=0
[2026-02-11T19:23:11.563986] BRAGE,356506,1,2225,-70,1,99,DL,
[2026-02-11T19:23:11.646342] [TDMA] RX header: slot=1 frame=2226 epoch=223626268 records=0
[2026-02-11T19:23:11.662799] BRAGE,356606,1,2226,-70,1,99,DL,
[2026-02-11T19:23:11.745427] [TDMA] RX header: slot=1 frame=2227 epoch=223726268 records=0
[2026-02-11T19:23:11.762842] BRAGE,356706,1,2227,-70,0,99,DL,
[2026-02-11T19:23:11.844817] [TDMA] RX header: slot=1 frame=2228 epoch=223826268 records=0
[2026-02-11T19:23:11.862067] BRAGE,356806,1,2228,-72,1,99,DL,
[2026-02-11T19:23:11.944156] [TDMA] RX header: slot=1 frame=2229 epoch=223926268 records=0
[2026-02-11T19:23:11.960811] BRAGE,356906,1,2229,-72,0,99,DL,
[2026-02-11T19:23:12.043577] [TDMA] RX header: slot=1 frame=2230 epoch=224026268 records=0
[2026-02-11T19:23:12.060568] BRAGE,357006,1,2230,-62,2,99,DL,
[2026-02-11T19:23:12.142731] [TDMA] RX header: slot=1 frame=2231 epoch=224126268 records=0
[2026-02-11T19:23:12.159976] BRAGE,357106,1,2231,-64,1,99,DL,
[2026-02-11T19:23:12.169436] [TDMA] TX DOWNLINK: records=1
[2026-02-11T19:23:12.242063] [TDMA] RX header: slot=1 frame=2232 epoch=224226268 records=0
[2026-02-11T19:23:12.258306] BRAGE,357206,1,2232,-69,1,99,DL,
[2026-02-11T19:23:12.341602] [TDMA] RX header: slot=1 frame=2233 epoch=224326268 records=0
[2026-02-11T19:23:12.358515] BRAGE,357307,1,2233,-64,1,99,DL,
[2026-02-11T19:23:12.440615] [TDMA] RX header: slot=1 frame=2234 epoch=224426268 records=0
[2026-02-11T19:23:12.457285] BRAGE,357407,1,2234,-67,1,99,DL,
[2026-02-11T19:23:12.540093] [TDMA] RX header: slot=1 frame=2235 epoch=224526268 records=0
[2026-02-11T19:23:12.556758] BRAGE,357507,1,2235,-51,4,99,DL,
[2026-02-11T19:23:12.639612] [TDMA] RX header: slot=1 frame=2236 epoch=224626268 records=0
[2026-02-11T19:23:12.656496] BRAGE,357607,1,2236,-67,0,99,DL,
[2026-02-11T19:23:12.738102] [TDMA] RX header: slot=1 frame=2237 epoch=224726268 records=0
[2026-02-11T19:23:12.755128] BRAGE,357707,1,2237,-72,1,99,DL,
[2026-02-11T19:23:12.837922] [TDMA] RX header: slot=1 frame=2238 epoch=224826268 records=0
[2026-02-11T19:23:12.854751] BRAGE,357807,1,2238,-73,0,99,DL,
[2026-02-11T19:23:12.937416] [TDMA] RX header: slot=1 frame=2239 epoch=224926268 records=0
[2026-02-11T19:23:12.959156] BRAGE,357907,1,2239,-70,1,99,DL,
[2026-02-11T19:23:13.036448] [TDMA] RX header: slot=1 frame=2240 epoch=225026268 records=0
[2026-02-11T19:23:13.053077] BRAGE,358007,1,2240,-72,2,100,DL,
[2026-02-11T19:23:13.136046] [TDMA] RX header: slot=1 frame=2241 epoch=225126268 records=0
[2026-02-11T19:23:13.152870] BRAGE,358107,1,2241,-70,0,100,DL,
[2026-02-11T19:23:13.162540] [TDMA] TX DOWNLINK: records=1
[2026-02-11T19:23:13.235224] [TDMA] RX header: slot=1 frame=2242 epoch=225226268 records=0
[2026-02-11T19:23:13.251847] BRAGE,358207,1,2242,-73,0,100,DL,
[2026-02-11T19:23:13.334495] [TDMA] RX header: slot=1 frame=2243 epoch=225326268 records=0
[2026-02-11T19:23:13.351375] BRAGE,358307,1,2243,-67,1,100,DL,
[2026-02-11T19:23:13.433486] [TDMA] RX header: slot=1 frame=2244 epoch=225426268 records=0
[2026-02-11T19:23:13.450747] BRAGE,358407,1,2244,-51,3,100,DL,
[2026-02-11T19:23:13.533321] [TDMA] RX header: slot=1 frame=2245 epoch=225526268 records=0
[2026-02-11T19:23:13.549612] BRAGE,358507,1,2245,-72,0,100,DL,
[2026-02-11T19:23:13.632680] [TDMA] RX header: slot=1 frame=2246 epoch=225626268 records=0
[2026-02-11T19:23:13.649508] BRAGE,358607,1,2246,-70,1,100,DL,
[2026-02-11T19:23:13.731396] [TDMA] RX header: slot=1 frame=2247 epoch=225726268 records=0
[2026-02-11T19:23:13.748881] BRAGE,358707,1,2247,-72,0,100,DL,
[2026-02-11T19:23:13.831290] [TDMA] RX header: slot=1 frame=2248 epoch=225826268 records=0
[2026-02-11T19:23:13.848042] BRAGE,358808,1,2248,-70,0,100,DL,
[2026-02-11T19:23:13.930893] [TDMA] RX header: slot=1 frame=2249 epoch=225926268 records=0
[2026-02-11T19:23:13.947596] BRAGE,358908,1,2249,-72,0,100,DL,
[2026-02-11T19:23:14.029698] [TDMA] RX header: slot=1 frame=2250 epoch=226026268 records=0
[2026-02-11T19:23:14.046725] BRAGE,359008,1,2250,-70,2,100,DL,
[2026-02-11T19:23:14.129158] [TDMA] RX header: slot=1 frame=2251 epoch=226126268 records=0
[2026-02-11T19:23:14.146023] BRAGE,359108,1,2251,-51,2,100,DL,
[2026-02-11T19:23:14.155887] [TDMA] TX DOWNLINK: records=1
[2026-02-11T19:23:14.228118] [TDMA] RX header: slot=1 frame=2252 epoch=226226268 records=0
[2026-02-11T19:23:14.245387] BRAGE,359208,1,2252,-67,1,100,DL,
[2026-02-11T19:23:14.327834] [TDMA] RX header: slot=1 frame=2253 epoch=226326268 records=0
[2026-02-11T19:23:14.344471] BRAGE,359308,1,2253,-70,0,100,DL,
[2026-02-11T19:23:14.427761] [TDMA] RX header: slot=1 frame=2254 epoch=226426268 records=0
[2026-02-11T19:23:14.444442] BRAGE,359408,1,2254,-72,1,100,DL,
[2026-02-11T19:23:14.526265] [TDMA] RX header: slot=1 frame=2255 epoch=226526268 records=0
[2026-02-11T19:23:14.543079] BRAGE,359508,1,2255,-67,1,100,DL,
[2026-02-11T19:23:14.625733] [TDMA] RX header: slot=1 frame=2256 epoch=226626268 records=0
[2026-02-11T19:23:14.642764] BRAGE,359608,1,2256,-72,1,100,DL,
[2026-02-11T19:23:14.724502] [TDMA] RX header: slot=1 frame=2257 epoch=226726268 records=0
[2026-02-11T19:23:14.743869] BRAGE,359708,1,2257,-67,1,100,DL,
[2026-02-11T19:23:14.825322] [TDMA] RX header: slot=1 frame=2258 epoch=226826268 records=0
[2026-02-11T19:23:14.840990] BRAGE,359808,1,2258,-69,0,100,DL,
[2026-02-11T19:23:14.923914] [TDMA] RX header: slot=1 frame=2259 epoch=226926268 records=0
[2026-02-11T19:23:14.940823] BRAGE,359908,1,2259,-69,2,100,DL,
[2026-02-11T19:23:15.022540] [TDMA] RX header: slot=1 frame=2260 epoch=227026268 records=0
[2026-02-11T19:23:15.039869] BRAGE,360008,1,2260,-70,0,100,DL,
[2026-02-11T19:23:15.122557] [TDMA] RX header: slot=1 frame=2261 epoch=227126268 records=0
[2026-02-11T19:23:15.138811] BRAGE,360108,1,2261,-69,1,100,DL,
[2026-02-11T19:23:15.148990] [TDMA] TX DOWNLINK: records=1
[2026-02-11T19:23:15.221689] [TDMA] RX header: slot=1 frame=2262 epoch=227226268 records=0
[2026-02-11T19:23:15.238605] BRAGE,360208,1,2262,-72,0,100,DL,
[2026-02-11T19:23:15.320552] [TDMA] RX header: slot=1 frame=2263 epoch=227326268 records=0
[2026-02-11T19:23:15.337542] BRAGE,360309,1,2263,-72,1,100,DL,
[2026-02-11T19:23:15.420325] [TDMA] RX header: slot=1 frame=2264 epoch=227426268 records=0
[2026-02-11T19:23:15.437177] BRAGE,360409,1,2264,-67,2,100,DL,
[2026-02-11T19:23:15.519461] [TDMA] RX header: slot=1 frame=2265 epoch=227526268 records=0
[2026-02-11T19:23:15.536579] BRAGE,360509,1,2265,-62,2,100,DL,
[2026-02-11T19:23:15.619241] [TDMA] RX header: slot=1 frame=2266 epoch=227626268 records=0
[2026-02-11T19:23:15.636101] BRAGE,360609,1,2266,-70,1,100,DL,
[2026-02-11T19:23:15.718569] [TDMA] RX header: slot=1 frame=2267 epoch=227726268 records=0
[2026-02-11T19:23:15.737847] BRAGE,360709,1,2267,-51,2,100,DL,
[2026-02-11T19:23:15.817807] [TDMA] RX header: slot=1 frame=2268 epoch=227826268 records=0
[2026-02-11T19:23:15.834816] BRAGE,360809,1,2268,-72,1,100,DL,
[2026-02-11T19:23:15.916938] [TDMA] RX header: slot=1 frame=2269 epoch=227926268 records=0
[2026-02-11T19:23:15.933831] BRAGE,360909,1,2269,-67,2,100,DL,
[2026-02-11T19:23:16.019908] [TDMA] RX header: slot=1 frame=2270 epoch=228026268 records=0
[2026-02-11T19:23:16.032667] BRAGE,361009,1,2270,-72,0,100,DL,
[2026-02-11T19:23:16.115110] [TDMA] RX header: slot=1 frame=2271 epoch=228126268 records=0
[2026-02-11T19:23:16.132474] BRAGE,361109,1,2271,-69,1,100,DL,
[2026-02-11T19:23:16.141861] [TDMA] TX DOWNLINK: records=1
[2026-02-11T19:23:16.214818] [TDMA] RX header: slot=1 frame=2272 epoch=228226268 records=0
[2026-02-11T19:23:16.231376] BRAGE,361209,1,2272,-72,0,100,DL,
[2026-02-11T19:23:16.314275] [TDMA] RX header: slot=1 frame=2273 epoch=228326268 records=0
[2026-02-11T19:23:16.332337] BRAGE,361309,1,2273,-72,0,100,DL,
[2026-02-11T19:23:16.413720] [TDMA] RX header: slot=1 frame=2274 epoch=228426268 records=0
[2026-02-11T19:23:16.430437] BRAGE,361409,1,2274,-51,3,100,DL,
[2026-02-11T19:23:16.512980] [TDMA] RX header: slot=1 frame=2275 epoch=228526268 records=0
[2026-02-11T19:23:16.529702] BRAGE,361509,1,2275,-72,0,100,DL,
[2026-02-11T19:23:16.611787] [TDMA] RX header: slot=1 frame=2276 epoch=228626268 records=0
[2026-02-11T19:23:16.628679] BRAGE,361609,1,2276,-67,1,100,DL,
[2026-02-11T19:23:16.711772] [TDMA] RX header: slot=1 frame=2277 epoch=228726268 records=0
[2026-02-11T19:23:16.728001] BRAGE,361710,1,2277,-72,0,100,DL,
[2026-02-11T19:23:16.810924] [TDMA] RX header: slot=1 frame=2278 epoch=228826268 records=0
[2026-02-11T19:23:16.827775] BRAGE,361810,1,2278,-67,0,100,DL,
[2026-02-11T19:23:16.909825] [TDMA] RX header: slot=1 frame=2279 epoch=228926268 records=0
[2026-02-11T19:23:16.927069] BRAGE,361910,1,2279,-72,1,100,DL,
[2026-02-11T19:23:17.009722] [TDMA] RX header: slot=1 frame=2280 epoch=229026268 records=0
[2026-02-11T19:23:17.026314] BRAGE,362010,1,2280,-67,0,100,DL,
[2026-02-11T19:23:17.108799] [TDMA] RX header: slot=1 frame=2281 epoch=229126268 records=0
[2026-02-11T19:23:17.125612] BRAGE,362110,1,2281,-72,0,100,DL,
[2026-02-11T19:23:17.135717] [TDMA] TX DOWNLINK: records=1
[2026-02-11T19:23:17.208099] [TDMA] RX header: slot=1 frame=2282 epoch=229226268 records=0
[2026-02-11T19:23:17.225035] BRAGE,362210,1,2282,-70,0,100,DL,
[2026-02-11T19:23:17.307730] [TDMA] RX header: slot=1 frame=2283 epoch=229326268 records=0
[2026-02-11T19:23:17.323939] BRAGE,362310,1,2283,-70,1,100,DL,
[2026-02-11T19:23:17.406808] [TDMA] RX header: slot=1 frame=2284 epoch=229426268 records=0
[2026-02-11T19:23:17.423776] BRAGE,362410,1,2284,-72,1,100,DL,
[2026-02-11T19:23:17.506292] [TDMA] RX header: slot=1 frame=2285 epoch=229526268 records=0
[2026-02-11T19:23:17.522996] BRAGE,362510,1,2285,-67,1,100,DL,
[2026-02-11T19:23:17.605425] [TDMA] RX header: slot=1 frame=2286 epoch=229626268 records=0
[2026-02-11T19:23:17.622509] BRAGE,362610,1,2286,-72,0,100,DL,
[2026-02-11T19:23:17.704789] [TDMA] RX header: slot=1 frame=2287 epoch=229726268 records=0
[2026-02-11T19:23:17.721147] BRAGE,362710,1,2287,-67,0,100,DL,
[2026-02-11T19:23:17.804797] [TDMA] RX header: slot=1 frame=2288 epoch=229826268 records=0
[2026-02-11T19:23:17.820890] BRAGE,362810,1,2288,-72,0,100,DL,
[2026-02-11T19:23:17.903044] [TDMA] RX header: slot=1 frame=2289 epoch=229926268 records=0
[2026-02-11T19:23:17.919894] BRAGE,362910,1,2289,-51,2,100,DL,
[2026-02-11T19:23:18.002800] [TDMA] RX header: slot=1 frame=2290 epoch=230026268 records=0
[2026-02-11T19:23:18.019229] BRAGE,363010,1,2290,-67,0,100,DL,
[2026-02-11T19:23:18.101991] [TDMA] RX header: slot=1 frame=2291 epoch=230126268 records=0
[2026-02-11T19:23:18.118900] BRAGE,363110,1,2291,-69,1,100,DL,
[2026-02-11T19:23:18.128753] [TDMA] TX DOWNLINK: records=1
[2026-02-11T19:23:18.200979] [TDMA] RX header: slot=1 frame=2292 epoch=230226268 records=0
[2026-02-11T19:23:18.218210] BRAGE,363210,1,2292,-67,2,100,DL,
[2026-02-11T19:23:18.300718] [TDMA] RX header: slot=1 frame=2293 epoch=230326268 records=0
[2026-02-11T19:23:18.317228] BRAGE,363311,1,2293,-72,0,100,DL,
[2026-02-11T19:23:18.400243] [TDMA] RX header: slot=1 frame=2294 epoch=230426268 records=0
[2026-02-11T19:23:18.416989] BRAGE,363411,1,2294,-51,2,100,DL,
[2026-02-11T19:23:18.498962] [TDMA] RX header: slot=1 frame=2295 epoch=230526268 records=0
[2026-02-11T19:23:18.516150] BRAGE,363511,1,2295,-69,1,100,DL,
[2026-02-11T19:23:18.598774] [TDMA] RX header: slot=1 frame=2296 epoch=230626268 records=0
[2026-02-11T19:23:18.615425] BRAGE,363611,1,2296,-72,1,100,DL,
[2026-02-11T19:23:18.698243] [TDMA] RX header: slot=1 frame=2297 epoch=230726268 records=0
[2026-02-11T19:23:18.714844] BRAGE,363711,1,2297,-67,2,100,DL,
[2026-02-11T19:23:18.797282] [TDMA] RX header: slot=1 frame=2298 epoch=230826268 records=0
[2026-02-11T19:23:18.814190] BRAGE,363811,1,2298,-64,1,100,DL,
[2026-02-11T19:23:18.896727] [TDMA] RX header: slot=1 frame=2299 epoch=230926268 records=0
[2026-02-11T19:23:18.913564] BRAGE,363911,1,2299,-70,0,100,DL,
[2026-02-11T19:23:18.995923] [TDMA] RX header: slot=1 frame=2300 epoch=231026268 records=0
[2026-02-11T19:23:19.013005] BRAGE,364011,1,2300,-72,1,100,DL,
[2026-02-11T19:23:19.095208] [TDMA] RX header: slot=1 frame=2301 epoch=231126268 records=0
[2026-02-11T19:23:19.112156] BRAGE,364111,1,2301,-72,1,100,DL,
[2026-02-11T19:23:19.121971] [TDMA] TX DOWNLINK: records=1
[2026-02-11T19:23:19.194224] [TDMA] RX header: slot=1 frame=2302 epoch=231226268 records=0
[2026-02-11T19:23:19.211825] BRAGE,364211,1,2302,-72,0,100,DL,
[2026-02-11T19:23:19.294017] [TDMA] RX header: slot=1 frame=2303 epoch=231326268 records=0
[2026-02-11T19:23:19.310461] BRAGE,364311,1,2303,-51,1,100,DL,
[2026-02-11T19:23:19.393260] [TDMA] RX header: slot=1 frame=2304 epoch=231426268 records=0
[2026-02-11T19:23:19.410173] BRAGE,364411,1,2304,-70,2,100,DL,
[2026-02-11T19:23:19.492272] [TDMA] RX header: slot=1 frame=2305 epoch=231526268 records=0
[2026-02-11T19:23:19.509706] BRAGE,364511,1,2305,-72,0,100,DL,
[2026-02-11T19:23:19.592191] [TDMA] RX header: slot=1 frame=2306 epoch=231626268 records=0
[2026-02-11T19:23:19.608730] BRAGE,364611,1,2306,-70,1,100,DL,
[2026-02-11T19:23:19.691005] [TDMA] RX header: slot=1 frame=2307 epoch=231726268 records=0
[2026-02-11T19:23:19.708288] BRAGE,364712,1,2307,-72,0,100,DL,
[2026-02-11T19:23:19.790406] [TDMA] RX header: slot=1 frame=2308 epoch=231826268 records=0
[2026-02-11T19:23:19.807827] BRAGE,364812,1,2308,-51,1,100,DL,
[2026-02-11T19:23:19.890074] [TDMA] RX header: slot=1 frame=2309 epoch=231926268 records=0
[2026-02-11T19:23:19.906396] BRAGE,364912,1,2309,-70,0,100,DL,
[2026-02-11T19:23:19.989233] [TDMA] RX header: slot=1 frame=2310 epoch=232026268 records=0
[2026-02-11T19:23:20.006091] BRAGE,365012,1,2310,-72,1,100,DL,
[2026-02-11T19:23:20.088184] [TDMA] RX header: slot=1 frame=2311 epoch=232126268 records=0
[2026-02-11T19:23:20.105459] BRAGE,365112,1,2311,-51,2,100,DL,
[2026-02-11T19:23:20.114998] [TDMA] TX DOWNLINK: records=1
[2026-02-11T19:23:20.187556] [TDMA] RX header: slot=1 frame=2312 epoch=232226268 records=0
[2026-02-11T19:23:20.204867] BRAGE,365212,1,2312,-70,1,100,DL,
[2026-02-11T19:23:20.287374] [TDMA] RX header: slot=1 frame=2313 epoch=232326268 records=0
[2026-02-11T19:23:20.304463] BRAGE,365312,1,2313,-70,1,100,DL,
[2026-02-11T19:23:20.385931] [TDMA] RX header: slot=1 frame=2314 epoch=232426268 records=0
[2026-02-11T19:23:20.403058] BRAGE,365412,1,2314,-70,0,100,DL,
[2026-02-11T19:23:20.485307] [TDMA] RX header: slot=1 frame=2315 epoch=232526268 records=0
[2026-02-11T19:23:20.502941] BRAGE,365512,1,2315,-51,2,100,DL,
[2026-02-11T19:23:20.584866] [TDMA] RX header: slot=1 frame=2316 epoch=232626268 records=0
[2026-02-11T19:23:20.602512] BRAGE,365612,1,2316,-51,2,100,DL,
[2026-02-11T19:23:20.684482] [TDMA] RX header: slot=1 frame=2317 epoch=232726268 records=0
[2026-02-11T19:23:20.701276] BRAGE,365712,1,2317,-70,0,100,DL,
[2026-02-11T19:23:20.783669] [TDMA] RX header: slot=1 frame=2318 epoch=232826268 records=0
[2026-02-11T19:23:20.802444] BRAGE,365812,1,2318,-67,1,100,DL,
[2026-02-11T19:23:20.882772] [TDMA] RX header: slot=1 frame=2319 epoch=232926268 records=0
[2026-02-11T19:23:20.899747] BRAGE,365912,1,2319,-70,2,100,DL,
[2026-02-11T19:23:20.982900] [TDMA] RX header: slot=1 frame=2320 epoch=233026268 records=0
[2026-02-11T19:23:20.999882] BRAGE,366012,1,2320,-51,1,100,DL,
[2026-02-11T19:23:21.081265] [TDMA] RX header: slot=1 frame=2321 epoch=233126268 records=0
[2026-02-11T19:23:21.099067] BRAGE,366112,1,2321,-51,2,100,DL,
[2026-02-11T19:23:21.109000] [TDMA] TX DOWNLINK: records=1
[2026-02-11T19:23:21.181296] [TDMA] RX header: slot=1 frame=2322 epoch=233226268 records=0
[2026-02-11T19:23:21.197908] BRAGE,366213,1,2322,-70,0,100,DL,
[2026-02-11T19:23:21.280057] [TDMA] RX header: slot=1 frame=2323 epoch=233326268 records=0
[2026-02-11T19:23:21.297294] BRAGE,366313,1,2323,-67,0,100,DL,
[2026-02-11T19:23:21.379238] [TDMA] RX header: slot=1 frame=2324 epoch=233426268 records=0
[2026-02-11T19:23:21.398232] BRAGE,366413,1,2324,-69,0,100,DL,
[2026-02-11T19:23:21.478485] [TDMA] RX header: slot=1 frame=2325 epoch=233526268 records=0
[2026-02-11T19:23:21.495834] BRAGE,366513,1,2325,-51,1,100,DL,
[2026-02-11T19:23:21.578344] [TDMA] RX header: slot=1 frame=2326 epoch=233626268 records=0
[2026-02-11T19:23:21.595217] BRAGE,366613,1,2326,-72,0,100,DL,
[2026-02-11T19:23:21.677311] [TDMA] RX header: slot=1 frame=2327 epoch=233726268 records=0
[2026-02-11T19:23:21.694701] BRAGE,366713,1,2327,-51,2,100,DL,
[2026-02-11T19:23:21.776469] [TDMA] RX header: slot=1 frame=2328 epoch=233826268 records=0
[2026-02-11T19:23:21.793509] BRAGE,366813,1,2328,-69,0,100,DL,
[2026-02-11T19:23:21.876013] [TDMA] RX header: slot=1 frame=2329 epoch=233926268 records=0
[2026-02-11T19:23:21.893129] BRAGE,366913,1,2329,-72,1,100,DL,
[2026-02-11T19:23:21.975273] [TDMA] RX header: slot=1 frame=2330 epoch=234026268 records=0
[2026-02-11T19:23:21.992204] BRAGE,367013,1,2330,-67,2,100,DL,
[2026-02-11T19:23:22.074986] [TDMA] RX header: slot=1 frame=2331 epoch=234126268 records=0
[2026-02-11T19:23:22.092057] BRAGE,367113,1,2331,-71,0,100,DL,
[2026-02-11T19:23:22.101847] [TDMA] TX DOWNLINK: records=1
[2026-02-11T19:23:22.174502] [TDMA] RX header: slot=1 frame=2332 epoch=234226268 records=0
[2026-02-11T19:23:22.190827] BRAGE,367213,1,2332,-70,0,100,DL,
[2026-02-11T19:23:22.273205] [TDMA] RX header: slot=1 frame=2333 epoch=234326268 records=0
[2026-02-11T19:23:22.290444] BRAGE,367313,1,2333,-67,2,100,DL,
[2026-02-11T19:23:22.373045] [TDMA] RX header: slot=1 frame=2334 epoch=234426268 records=0
[2026-02-11T19:23:22.389874] BRAGE,367413,1,2334,-51,2,100,DL,
[2026-02-11T19:23:22.472413] [TDMA] RX header: slot=1 frame=2335 epoch=234526268 records=0
[2026-02-11T19:23:22.488580] BRAGE,367513,1,2335,-51,1,100,DL,
[2026-02-11T19:23:22.571283] [TDMA] RX header: slot=1 frame=2336 epoch=234626268 records=0
[2026-02-11T19:23:22.588588] BRAGE,367613,1,2336,-72,1,100,DL,
[2026-02-11T19:23:22.670504] [TDMA] RX header: slot=1 frame=2337 epoch=234726268 records=0
[2026-02-11T19:23:22.687941] BRAGE,367714,1,2337,-51,3,100,DL,
[2026-02-11T19:23:22.770342] [TDMA] RX header: slot=1 frame=2338 epoch=234826268 records=0
[2026-02-11T19:23:22.786805] BRAGE,367814,1,2338,-70,1,100,DL,
[2026-02-11T19:23:22.870098] [TDMA] RX header: slot=1 frame=2339 epoch=234926268 records=0
[2026-02-11T19:23:22.886882] BRAGE,367914,1,2339,-51,1,100,DL,
[2026-02-11T19:23:22.968508] [TDMA] RX header: slot=1 frame=2340 epoch=235026268 records=0
[2026-02-11T19:23:22.986161] BRAGE,368014,1,2340,-69,1,100,DL,
[2026-02-11T19:23:23.068427] [TDMA] RX header: slot=1 frame=2341 epoch=235126268 records=0
[2026-02-11T19:23:23.085516] BRAGE,368114,1,2341,-72,1,100,DL,
[2026-02-11T19:23:23.094951] [TDMA] TX DOWNLINK: records=1
[2026-02-11T19:23:23.167621] [TDMA] RX header: slot=1 frame=2342 epoch=235226268 records=0
[2026-02-11T19:23:23.184895] BRAGE,368214,1,2342,-67,1,100,DL,
[2026-02-11T19:23:23.266480] [TDMA] RX header: slot=1 frame=2343 epoch=235326268 records=0
[2026-02-11T19:23:23.283331] BRAGE,368314,1,2343,-67,1,100,DL,
[2026-02-11T19:23:23.366564] [TDMA] RX header: slot=1 frame=2344 epoch=235426268 records=0
[2026-02-11T19:23:23.383143] BRAGE,368414,1,2344,-67,1,100,DL,
[2026-02-11T19:23:23.465233] [TDMA] RX header: slot=1 frame=2345 epoch=235526268 records=0
[2026-02-11T19:23:23.482181] BRAGE,368514,1,2345,-70,0,100,DL,
[2026-02-11T19:23:23.565171] [TDMA] RX header: slot=1 frame=2346 epoch=235626268 records=0
[2026-02-11T19:23:23.582223] BRAGE,368614,1,2346,-72,0,100,DL,
[2026-02-11T19:23:23.664224] [TDMA] RX header: slot=1 frame=2347 epoch=235726268 records=0
[2026-02-11T19:23:23.680408] BRAGE,368714,1,2347,-51,3,100,DL,
[2026-02-11T19:23:23.762964] [TDMA] RX header: slot=1 frame=2348 epoch=235826268 records=0
[2026-02-11T19:23:23.780247] BRAGE,368814,1,2348,-51,2,100,DL,
[2026-02-11T19:23:23.863039] [TDMA] RX header: slot=1 frame=2349 epoch=235926268 records=0
[2026-02-11T19:23:23.879950] BRAGE,368914,1,2349,-67,1,100,DL,
[2026-02-11T19:23:23.961593] [TDMA] RX header: slot=1 frame=2350 epoch=236026268 records=0
[2026-02-11T19:23:23.978754] BRAGE,369014,1,2350,-69,1,100,DL,
[2026-02-11T19:23:24.061739] [TDMA] RX header: slot=1 frame=2351 epoch=236126268 records=0
[2026-02-11T19:23:24.078065] BRAGE,369114,1,2351,-72,0,100,DL,
[2026-02-11T19:23:24.088098] [TDMA] TX DOWNLINK: records=1
[2026-02-11T19:23:24.160848] [TDMA] RX header: slot=1 frame=2352 epoch=236226268 records=0
[2026-02-11T19:23:24.179437] BRAGE,369215,1,2352,-72,1,100,DL,
[2026-02-11T19:23:24.262413] [TDMA] RX header: slot=1 frame=2353 epoch=236326268 records=0
[2026-02-11T19:23:24.277122] BRAGE,369315,1,2353,-73,1,100,DL,
[2026-02-11T19:23:24.359433] [TDMA] RX header: slot=1 frame=2354 epoch=236426268 records=0
[2026-02-11T19:23:24.376044] BRAGE,369415,1,2354,-70,1,100,DL,
[2026-02-11T19:23:24.458942] [TDMA] RX header: slot=1 frame=2355 epoch=236526268 records=0
[2026-02-11T19:23:24.475700] BRAGE,369515,1,2355,-72,0,100,DL,
[2026-02-11T19:23:24.557777] [TDMA] RX header: slot=1 frame=2356 epoch=236626268 records=0
[2026-02-11T19:23:24.575187] BRAGE,369615,1,2356,-67,1,100,DL,
[2026-02-11T19:23:24.657017] [TDMA] RX header: slot=1 frame=2357 epoch=236726268 records=0
[2026-02-11T19:23:24.673879] BRAGE,369715,1,2357,-67,1,100,DL,
[2026-02-11T19:23:24.756602] [TDMA] RX header: slot=1 frame=2358 epoch=236826268 records=0
[2026-02-11T19:23:24.773285] BRAGE,369815,1,2358,-51,3,100,DL,
[2026-02-11T19:23:24.856358] [TDMA] RX header: slot=1 frame=2359 epoch=236926268 records=0
[2026-02-11T19:23:24.873257] BRAGE,369915,1,2359,-51,4,100,DL,
[2026-02-11T19:23:24.955118] [TDMA] RX header: slot=1 frame=2360 epoch=237026268 records=0
[2026-02-11T19:23:24.971522] BRAGE,370015,1,2360,-72,0,100,DL,
[2026-02-11T19:23:25.054113] [TDMA] RX header: slot=1 frame=2361 epoch=237126268 records=0
[2026-02-11T19:23:25.070974] BRAGE,370115,1,2361,-51,1,100,DL,
[2026-02-11T19:23:25.081483] [TDMA] TX DOWNLINK: records=1
[2026-02-11T19:23:25.153527] [TDMA] RX header: slot=1 frame=2362 epoch=237226268 records=0
[2026-02-11T19:23:25.171467] BRAGE,370215,1,2362,-62,1,100,DL,
[2026-02-11T19:23:25.253588] [TDMA] RX header: slot=1 frame=2363 epoch=237326268 records=0
[2026-02-11T19:23:25.269972] BRAGE,370315,1,2363,-51,1,100,DL,
[2026-02-11T19:23:25.352906] [TDMA] RX header: slot=1 frame=2364 epoch=237426268 records=0
[2026-02-11T19:23:25.369870] BRAGE,370415,1,2364,-51,3,100,DL,
[2026-02-11T19:23:25.455292] [TDMA] RX header: slot=1 frame=2365 epoch=237526268 records=0
[2026-02-11T19:23:25.468370] BRAGE,370515,1,2365,-72,1,100,DL,
[2026-02-11T19:23:25.551881] [TDMA] RX header: slot=1 frame=2366 epoch=237626268 records=0
[2026-02-11T19:23:25.568502] BRAGE,370615,1,2366,-51,1,100,DL,
[2026-02-11T19:23:25.650814] [TDMA] RX header: slot=1 frame=2367 epoch=237726268 records=0
[2026-02-11T19:23:25.667253] BRAGE,370716,1,2367,-73,1,100,DL,
[2026-02-11T19:23:25.750379] [TDMA] RX header: slot=1 frame=2368 epoch=237826268 records=0
[2026-02-11T19:23:25.767244] BRAGE,370816,1,2368,-70,1,100,DL,
[2026-02-11T19:23:25.849028] [TDMA] RX header: slot=1 frame=2369 epoch=237926268 records=0
[2026-02-11T19:23:25.866532] BRAGE,370916,1,2369,-72,0,100,DL,
[2026-02-11T19:23:25.949147] [TDMA] RX header: slot=1 frame=2370 epoch=238026268 records=0
[2026-02-11T19:23:25.965069] BRAGE,371016,1,2370,-51,2,100,DL,
[2026-02-11T19:23:26.047941] [TDMA] RX header: slot=1 frame=2371 epoch=238126268 records=0
[2026-02-11T19:23:26.064538] BRAGE,371116,1,2371,-69,1,100,DL,
[2026-02-11T19:23:26.075205] [TDMA] TX DOWNLINK: records=1
[2026-02-11T19:23:26.147306] [TDMA] RX header: slot=1 frame=2372 epoch=238226268 records=0
[2026-02-11T19:23:26.164190] BRAGE,371216,1,2372,-69,0,100,DL,
[2026-02-11T19:23:26.247166] [TDMA] RX header: slot=1 frame=2373 epoch=238326268 records=0
[2026-02-11T19:23:26.263122] BRAGE,371316,1,2373,-67,0,100,DL,
[2026-02-11T19:23:26.346399] [TDMA] RX header: slot=1 frame=2374 epoch=238426268 records=0
[2026-02-11T19:23:26.363260] BRAGE,371416,1,2374,-70,0,100,DL,
[2026-02-11T19:23:26.445120] [TDMA] RX header: slot=1 frame=2375 epoch=238526268 records=0
[2026-02-11T19:23:26.462116] BRAGE,371516,1,2375,-67,1,100,DL,
[2026-02-11T19:23:26.544760] [TDMA] RX header: slot=1 frame=2376 epoch=238626268 records=0
[2026-02-11T19:23:26.561044] BRAGE,371616,1,2376,-51,2,100,DL,
[2026-02-11T19:23:26.644771] [TDMA] RX header: slot=1 frame=2377 epoch=238726268 records=0
[2026-02-11T19:23:26.660394] BRAGE,371716,1,2377,-70,0,100,DL,
[2026-02-11T19:23:26.759954] BRAGE,371816,1,2378,0,0,99,NONE,
[2026-02-11T19:23:26.842544] [TDMA] RX header: slot=1 frame=2379 epoch=238926268 records=0
[2026-02-11T19:23:26.859824] BRAGE,371916,1,2379,-72,0,99,DL,
[2026-02-11T19:23:26.942423] [TDMA] RX header: slot=1 frame=2380 epoch=239026268 records=0
[2026-02-11T19:23:26.959339] BRAGE,372016,1,2380,-51,1,99,DL,
[2026-02-11T19:23:27.041474] [TDMA] RX header: slot=1 frame=2381 epoch=239126268 records=0
[2026-02-11T19:23:27.058120] BRAGE,372116,1,2381,-70,2,99,DL,
[2026-02-11T19:23:27.069082] [TDMA] TX DOWNLINK: records=1
[2026-02-11T19:23:27.140196] [TDMA] RX header: slot=1 frame=2382 epoch=239226268 records=0
[2026-02-11T19:23:27.157816] BRAGE,372217,1,2382,-67,0,99,DL,
[2026-02-11T19:23:27.240098] [TDMA] RX header: slot=1 frame=2383 epoch=239326268 records=0
[2026-02-11T19:23:27.256810] BRAGE,372317,1,2383,-67,0,99,DL,
[2026-02-11T19:23:27.339408] [TDMA] RX header: slot=1 frame=2384 epoch=239426268 records=0
[2026-02-11T19:23:27.355896] BRAGE,372417,1,2384,-51,1,99,DL,
[2026-02-11T19:23:27.438258] [TDMA] RX header: slot=1 frame=2385 epoch=239526268 records=0
[2026-02-11T19:23:27.455540] BRAGE,372517,1,2385,-67,1,99,DL,
[2026-02-11T19:23:27.538140] [TDMA] RX header: slot=1 frame=2386 epoch=239626268 records=0
[2026-02-11T19:23:27.554910] BRAGE,372617,1,2386,-72,0,99,DL,
[2026-02-11T19:23:27.637121] [TDMA] RX header: slot=1 frame=2387 epoch=239726268 records=0
[2026-02-11T19:23:27.654333] BRAGE,372717,1,2387,-71,0,99,DL,
[2026-02-11T19:23:27.736413] [TDMA] RX header: slot=1 frame=2388 epoch=239826268 records=0
[2026-02-11T19:23:27.753377] BRAGE,372817,1,2388,-62,1,99,DL,
[2026-02-11T19:23:27.835358] [TDMA] RX header: slot=1 frame=2389 epoch=239926268 records=0
[2026-02-11T19:23:27.852998] BRAGE,372917,1,2389,-64,1,99,DL,
[2026-02-11T19:23:27.935494] [TDMA] RX header: slot=1 frame=2390 epoch=240026268 records=0
[2026-02-11T19:23:27.952598] BRAGE,373017,1,2390,-70,0,99,DL,
[2026-02-11T19:23:28.034507] [TDMA] RX header: slot=1 frame=2391 epoch=240126268 records=0
[2026-02-11T19:23:28.051716] BRAGE,373117,1,2391,-64,1,99,DL,
[2026-02-11T19:23:28.061554] [TDMA] TX DOWNLINK: records=1
[2026-02-11T19:23:28.134146] [TDMA] RX header: slot=1 frame=2392 epoch=240226268 records=0
[2026-02-11T19:23:28.151209] BRAGE,373217,1,2392,-70,2,99,DL,
[2026-02-11T19:23:28.233112] [TDMA] RX header: slot=1 frame=2393 epoch=240326268 records=0
[2026-02-11T19:23:28.250597] BRAGE,373317,1,2393,-70,1,99,DL,
[2026-02-11T19:23:28.332031] [TDMA] RX header: slot=1 frame=2394 epoch=240426268 records=0
[2026-02-11T19:23:28.349304] BRAGE,373417,1,2394,-72,0,99,DL,
[2026-02-11T19:23:28.432122] [TDMA] RX header: slot=1 frame=2395 epoch=240526268 records=0
[2026-02-11T19:23:28.449205] BRAGE,373517,1,2395,-72,0,99,DL,
[2026-02-11T19:23:28.530784] [TDMA] RX header: slot=1 frame=2396 epoch=240626268 records=0
[2026-02-11T19:23:28.548815] BRAGE,373618,1,2396,-72,1,99,DL,
[2026-02-11T19:23:28.630405] [TDMA] RX header: slot=1 frame=2397 epoch=240726268 records=0
[2026-02-11T19:23:28.647230] BRAGE,373718,1,2397,-70,1,99,DL,
[2026-02-11T19:23:28.729432] [TDMA] RX header: slot=1 frame=2398 epoch=240826268 records=0
[2026-02-11T19:23:28.747094] BRAGE,373818,1,2398,-72,1,99,DL,
[2026-02-11T19:23:28.829541] [TDMA] RX header: slot=1 frame=2399 epoch=240926268 records=0
[2026-02-11T19:23:28.845708] BRAGE,373918,1,2399,-71,0,99,DL,
[2026-02-11T19:23:28.928690] [TDMA] RX header: slot=1 frame=2400 epoch=241026268 records=0
[2026-02-11T19:23:28.945418] BRAGE,374018,1,2400,-72,0,99,DL,
[2026-02-11T19:23:29.027545] [TDMA] RX header: slot=1 frame=2401 epoch=241126268 records=0
[2026-02-11T19:23:29.044236] BRAGE,374118,1,2401,-72,1,99,DL,
[2026-02-11T19:23:29.053967] [TDMA] TX DOWNLINK: records=1
[2026-02-11T19:23:29.126731] [TDMA] RX header: slot=1 frame=2402 epoch=241226268 records=0
[2026-02-11T19:23:29.143491] BRAGE,374218,1,2402,-72,1,99,DL,
[2026-02-11T19:23:29.226098] [TDMA] RX header: slot=1 frame=2403 epoch=241326268 records=0
[2026-02-11T19:23:29.242932] BRAGE,374318,1,2403,-64,1,99,DL,
[2026-02-11T19:23:29.325438] [TDMA] RX header: slot=1 frame=2404 epoch=241426268 records=0
[2026-02-11T19:23:29.342432] BRAGE,374418,1,2404,-51,1,99,DL,
[2026-02-11T19:23:29.425561] [TDMA] RX header: slot=1 frame=2405 epoch=241526268 records=0
[2026-02-11T19:23:29.442494] BRAGE,374518,1,2405,-72,0,99,DL,
[2026-02-11T19:23:29.524784] [TDMA] RX header: slot=1 frame=2406 epoch=241626268 records=0
[2026-02-11T19:23:29.541048] BRAGE,374618,1,2406,-72,0,99,DL,
[2026-02-11T19:23:29.623348] [TDMA] RX header: slot=1 frame=2407 epoch=241726268 records=0
[2026-02-11T19:23:29.640530] BRAGE,374718,1,2407,-64,1,99,DL,
[2026-02-11T19:23:29.723596] [TDMA] RX header: slot=1 frame=2408 epoch=241826268 records=0
[2026-02-11T19:23:29.740524] BRAGE,374819,1,2408,-51,2,99,DL,
[2026-02-11T19:23:29.822583] [TDMA] RX header: slot=1 frame=2409 epoch=241926268 records=0
[2026-02-11T19:23:29.839893] BRAGE,374919,1,2409,-72,0,99,DL,
[2026-02-11T19:23:29.922052] [TDMA] RX header: slot=1 frame=2410 epoch=242026268 records=0
[2026-02-11T19:23:29.939266] BRAGE,375019,1,2410,-72,0,99,DL,
[2026-02-11T19:23:30.021939] [TDMA] RX header: slot=1 frame=2411 epoch=242126268 records=0
[2026-02-11T19:23:30.038873] BRAGE,375119,1,2411,-69,0,99,DL,
[2026-02-11T19:23:30.047658] [TDMA] TX DOWNLINK: records=1
[2026-02-11T19:23:30.120010] [TDMA] RX header: slot=1 frame=2412 epoch=242226268 records=0
[2026-02-11T19:23:30.136963] BRAGE,375219,1,2412,-51,2,99,DL,
[2026-02-11T19:23:30.236920] BRAGE,375319,1,2413,0,0,98,NONE,
[2026-02-11T19:23:30.319153] [TDMA] RX header: slot=1 frame=2414 epoch=242426268 records=0
[2026-02-11T19:23:30.336032] BRAGE,375419,1,2414,-72,0,98,DL,
[2026-02-11T19:23:30.418950] [TDMA] RX header: slot=1 frame=2415 epoch=242526268 records=0
[2026-02-11T19:23:30.435026] BRAGE,375519,1,2415,-64,0,98,DL,
[2026-02-11T19:23:30.517944] [TDMA] RX header: slot=1 frame=2416 epoch=242626268 records=0
[2026-02-11T19:23:30.534998] BRAGE,375619,1,2416,-72,1,98,DL,
[2026-02-11T19:23:30.616728] [TDMA] RX header: slot=1 frame=2417 epoch=242726268 records=0
[2026-02-11T19:23:30.633754] BRAGE,375719,1,2417,-72,0,98,DL,
[2026-02-11T19:23:30.716824] [TDMA] RX header: slot=1 frame=2418 epoch=242826268 records=0
[2026-02-11T19:23:30.733677] BRAGE,375819,1,2418,-72,0,98,DL,
[2026-02-11T19:23:30.815915] [TDMA] RX header: slot=1 frame=2419 epoch=242926268 records=0
[2026-02-11T19:23:30.832813] BRAGE,375919,1,2419,-51,2,98,DL,
[2026-02-11T19:23:30.915064] [TDMA] RX header: slot=1 frame=2420 epoch=243026268 records=0
[2026-02-11T19:23:30.932562] BRAGE,376020,1,2420,-73,0,98,DL,
[2026-02-11T19:23:31.015792] [TDMA] RX header: slot=1 frame=2421 epoch=243126268 records=0
[2026-02-11T19:23:31.031467] BRAGE,376120,1,2421,-69,0,98,DL,
[2026-02-11T19:23:31.040767] [TDMA] TX DOWNLINK: records=1
[2026-02-11T19:23:31.113759] [TDMA] RX header: slot=1 frame=2422 epoch=243226268 records=0
[2026-02-11T19:23:31.130476] BRAGE,376220,1,2422,-64,2,98,DL,
[2026-02-11T19:23:31.229835] BRAGE,376320,1,2423,0,0,97,NONE,
[2026-02-11T19:23:31.312563] [TDMA] RX header: slot=1 frame=2424 epoch=243426268 records=0
[2026-02-11T19:23:31.329511] BRAGE,376420,1,2424,-72,0,97,DL,
[2026-02-11T19:23:31.412102] [TDMA] RX header: slot=1 frame=2425 epoch=243526268 records=0
[2026-02-11T19:23:31.429211] BRAGE,376520,1,2425,-72,0,97,DL,
[2026-02-11T19:23:31.511479] [TDMA] RX header: slot=1 frame=2426 epoch=243626268 records=0
[2026-02-11T19:23:31.528370] BRAGE,376620,1,2426,-72,0,97,DL,
[2026-02-11T19:23:31.609920] [TDMA] RX header: slot=1 frame=2427 epoch=243726268 records=0
[2026-02-11T19:23:31.627752] BRAGE,376720,1,2427,-72,0,97,DL,
[2026-02-11T19:23:31.710101] [TDMA] RX header: slot=1 frame=2428 epoch=243826268 records=0
[2026-02-11T19:23:31.727558] BRAGE,376820,1,2428,-62,1,97,DL,
[2026-02-11T19:23:31.809614] [TDMA] RX header: slot=1 frame=2429 epoch=243926268 records=0
[2026-02-11T19:23:31.826589] BRAGE,376920,1,2429,-72,2,97,DL,
[2026-02-11T19:23:31.908545] [TDMA] RX header: slot=1 frame=2430 epoch=244026268 records=0
[2026-02-11T19:23:31.924895] BRAGE,377020,1,2430,-51,2,97,DL,
[2026-02-11T19:23:31.934586] [TDMA] TX DOWNLINK: records=1
[2026-02-11T19:23:32.007892] [TDMA] RX header: slot=1 frame=2431 epoch=244126268 records=0
[2026-02-11T19:23:32.024579] BRAGE,377120,1,2431,-72,0,97,DL,
[2026-02-11T19:23:32.107220] [TDMA] RX header: slot=1 frame=2432 epoch=244226268 records=0
[2026-02-11T19:23:32.123579] BRAGE,377220,1,2432,-72,0,97,DL,
[2026-02-11T19:23:32.206109] [TDMA] RX header: slot=1 frame=2433 epoch=244326268 records=0
[2026-02-11T19:23:32.223470] BRAGE,377321,1,2433,-69,0,97,DL,
[2026-02-11T19:23:32.305903] [TDMA] RX header: slot=1 frame=2434 epoch=244426268 records=0
[2026-02-11T19:23:32.322544] BRAGE,377421,1,2434,-72,1,97,DL,
[2026-02-11T19:23:32.405370] [TDMA] RX header: slot=1 frame=2435 epoch=244526268 records=0
[2026-02-11T19:23:32.421907] BRAGE,377521,1,2435,-72,0,97,DL,
[2026-02-11T19:23:32.504106] [TDMA] RX header: slot=1 frame=2436 epoch=244626268 records=0
[2026-02-11T19:23:32.521132] BRAGE,377621,1,2436,-72,0,97,DL,
[2026-02-11T19:23:32.603604] [TDMA] RX header: slot=1 frame=2437 epoch=244726268 records=0
[2026-02-11T19:23:32.620157] BRAGE,377721,1,2437,-51,2,97,DL,
[2026-02-11T19:23:32.703001] [TDMA] RX header: slot=1 frame=2438 epoch=244826268 records=0
[2026-02-11T19:23:32.720219] BRAGE,377821,1,2438,-51,1,97,DL,
[2026-02-11T19:23:32.802454] [TDMA] RX header: slot=1 frame=2439 epoch=244926268 records=0
[2026-02-11T19:23:32.819562] BRAGE,377921,1,2439,-72,1,97,DL,
[2026-02-11T19:23:32.901399] [TDMA] RX header: slot=1 frame=2440 epoch=245026268 records=0
[2026-02-11T19:23:32.918265] BRAGE,378021,1,2440,-67,1,97,DL,
[2026-02-11T19:23:32.928486] [TDMA] TX DOWNLINK: records=1
[2026-02-11T19:23:33.001123] [TDMA] RX header: slot=1 frame=2441 epoch=245126268 records=0
[2026-02-11T19:23:33.018289] BRAGE,378121,1,2441,-72,0,97,DL,
[2026-02-11T19:23:33.100666] [TDMA] RX header: slot=1 frame=2442 epoch=245226268 records=0
[2026-02-11T19:23:33.117363] BRAGE,378221,1,2442,-69,1,97,DL,
[2026-02-11T19:23:33.199784] [TDMA] RX header: slot=1 frame=2443 epoch=245326268 records=0
[2026-02-11T19:23:33.216534] BRAGE,378321,1,2443,-51,2,97,DL,
[2026-02-11T19:23:33.299108] [TDMA] RX header: slot=1 frame=2444 epoch=245426268 records=0
[2026-02-11T19:23:33.315467] BRAGE,378421,1,2444,-72,0,97,DL,
[2026-02-11T19:23:33.398374] [TDMA] RX header: slot=1 frame=2445 epoch=245526268 records=0
[2026-02-11T19:23:33.415223] BRAGE,378521,1,2445,-70,0,97,DL,
[2026-02-11T19:23:33.497247] [TDMA] RX header: slot=1 frame=2446 epoch=245626268 records=0
[2026-02-11T19:23:33.514676] BRAGE,378621,1,2446,-71,0,97,DL,
[2026-02-11T19:23:33.597086] [TDMA] RX header: slot=1 frame=2447 epoch=245726268 records=0
[2026-02-11T19:23:33.613576] BRAGE,378722,1,2447,-67,1,97,DL,
[2026-02-11T19:23:33.696448] [TDMA] RX header: slot=1 frame=2448 epoch=245826268 records=0
[2026-02-11T19:23:33.713489] BRAGE,378822,1,2448,-70,1,97,DL,
[2026-02-11T19:23:33.795199] [TDMA] RX header: slot=1 frame=2449 epoch=245926268 records=0
[2026-02-11T19:23:33.812532] BRAGE,378922,1,2449,-70,0,97,DL,
[2026-02-11T19:23:33.895035] [TDMA] RX header: slot=1 frame=2450 epoch=246026268 records=0
[2026-02-11T19:23:33.911814] BRAGE,379022,1,2450,-72,1,97,DL,
[2026-02-11T19:23:33.921707] [TDMA] TX DOWNLINK: records=1
[2026-02-11T19:23:33.994007] [TDMA] RX header: slot=1 frame=2451 epoch=246126268 records=0
[2026-02-11T19:23:34.010709] BRAGE,379122,1,2451,-72,1,97,DL,
[2026-02-11T19:23:34.093849] [TDMA] RX header: slot=1 frame=2452 epoch=246226268 records=0
[2026-02-11T19:23:34.110666] BRAGE,379222,1,2452,-67,1,97,DL,
[2026-02-11T19:23:34.193060] [TDMA] RX header: slot=1 frame=2453 epoch=246326268 records=0
[2026-02-11T19:23:34.209243] BRAGE,379322,1,2453,-72,0,97,DL,
[2026-02-11T19:23:34.309213] BRAGE,379422,1,2454,0,0,96,NONE,
[2026-02-11T19:23:34.391316] [TDMA] RX header: slot=1 frame=2455 epoch=246526268 records=0
[2026-02-11T19:23:34.407908] BRAGE,379522,1,2455,-70,1,96,DL,
[2026-02-11T19:23:34.491006] [TDMA] RX header: slot=1 frame=2456 epoch=246626268 records=0
[2026-02-11T19:23:34.507316] BRAGE,379622,1,2456,-72,0,96,DL,
[2026-02-11T19:23:34.590322] [TDMA] RX header: slot=1 frame=2457 epoch=246726268 records=0
[2026-02-11T19:23:34.607397] BRAGE,379722,1,2457,-67,0,96,DL,
[2026-02-11T19:23:34.689795] [TDMA] RX header: slot=1 frame=2458 epoch=246826268 records=0
[2026-02-11T19:23:34.706451] BRAGE,379822,1,2458,-71,0,96,DL,
[2026-02-11T19:23:34.789035] [TDMA] RX header: slot=1 frame=2459 epoch=246926268 records=0
[2026-02-11T19:23:34.806007] BRAGE,379922,1,2459,-67,1,96,DL,
[2026-02-11T19:23:34.888341] [TDMA] RX header: slot=1 frame=2460 epoch=247026268 records=0
[2026-02-11T19:23:34.905198] BRAGE,380022,1,2460,-72,2,96,DL,
[2026-02-11T19:23:34.914775] [TDMA] TX DOWNLINK: records=1
[2026-02-11T19:23:34.987242] [TDMA] RX header: slot=1 frame=2461 epoch=247126268 records=0
[2026-02-11T19:23:35.004674] BRAGE,380123,1,2461,-69,0,96,DL,
[2026-02-11T19:23:35.086495] [TDMA] RX header: slot=1 frame=2462 epoch=247226268 records=0
[2026-02-11T19:23:35.103320] BRAGE,380223,1,2462,-67,0,96,DL,
[2026-02-11T19:23:35.185946] [TDMA] RX header: slot=1 frame=2463 epoch=247326268 records=0
[2026-02-11T19:23:35.202632] BRAGE,380323,1,2463,-72,0,96,DL,
[2026-02-11T19:23:35.285853] [TDMA] RX header: slot=1 frame=2464 epoch=247426268 records=0
[2026-02-11T19:23:35.302709] BRAGE,380423,1,2464,-51,2,96,DL,
[2026-02-11T19:23:35.384459] [TDMA] RX header: slot=1 frame=2465 epoch=247526268 records=0
[2026-02-11T19:23:35.403688] BRAGE,380523,1,2465,-54,2,96,DL,
[2026-02-11T19:23:35.484151] [TDMA] RX header: slot=1 frame=2466 epoch=247626268 records=0
[2026-02-11T19:23:35.500586] BRAGE,380623,1,2466,-67,1,96,DL,
[2026-02-11T19:23:35.583984] [TDMA] RX header: slot=1 frame=2467 epoch=247726268 records=0
[2026-02-11T19:23:35.600482] BRAGE,380723,1,2467,-72,1,96,DL,
[2026-02-11T19:23:35.682364] [TDMA] RX header: slot=1 frame=2468 epoch=247826268 records=0
[2026-02-11T19:23:35.699208] BRAGE,380823,1,2468,-69,1,96,DL,
[2026-02-11T19:23:35.782227] [TDMA] RX header: slot=1 frame=2469 epoch=247926268 records=0
[2026-02-11T19:23:35.799040] BRAGE,380923,1,2469,-70,0,96,DL,
[2026-02-11T19:23:35.881822] [TDMA] RX header: slot=1 frame=2470 epoch=248026268 records=0
[2026-02-11T19:23:35.898686] BRAGE,381023,1,2470,-71,0,96,DL,
[2026-02-11T19:23:35.907864] [TDMA] TX DOWNLINK: records=1
[2026-02-11T19:23:35.980693] [TDMA] RX header: slot=1 frame=2471 epoch=248126268 records=0
[2026-02-11T19:23:35.997352] BRAGE,381123,1,2471,-67,1,96,DL,
[2026-02-11T19:23:36.081915] [TDMA] RX header: slot=1 frame=2472 epoch=248226268 records=0
[2026-02-11T19:23:36.099754] BRAGE,381223,1,2472,-69,0,96,DL,
[2026-02-11T19:23:36.179048] [TDMA] RX header: slot=1 frame=2473 epoch=248326268 records=0
[2026-02-11T19:23:36.196130] BRAGE,381323,1,2473,-51,3,96,DL,
[2026-02-11T19:23:36.278651] [TDMA] RX header: slot=1 frame=2474 epoch=248426268 records=0
[2026-02-11T19:23:36.295604] BRAGE,381423,1,2474,-62,1,96,DL,
[2026-02-11T19:23:36.377991] [TDMA] RX header: slot=1 frame=2475 epoch=248526268 records=0
[2026-02-11T19:23:36.395241] BRAGE,381523,1,2475,-71,0,96,DL,
[2026-02-11T19:23:36.477844] [TDMA] RX header: slot=1 frame=2476 epoch=248626268 records=0
[2026-02-11T19:23:36.493825] BRAGE,381623,1,2476,-67,0,96,DL,
[2026-02-11T19:23:36.577077] [TDMA] RX header: slot=1 frame=2477 epoch=248726268 records=0
[2026-02-11T19:23:36.593931] BRAGE,381724,1,2477,-72,0,96,DL,
[2026-02-11T19:23:36.679430] [TDMA] RX header: slot=1 frame=2478 epoch=248826268 records=0
[2026-02-11T19:23:36.692855] BRAGE,381824,1,2478,-69,1,97,DL,
[2026-02-11T19:23:36.775841] [TDMA] RX header: slot=1 frame=2479 epoch=248926268 records=0
[2026-02-11T19:23:36.792801] BRAGE,381924,1,2479,-70,0,97,DL,
[2026-02-11T19:23:36.875090] [TDMA] RX header: slot=1 frame=2480 epoch=249026268 records=0
[2026-02-11T19:23:36.891670] BRAGE,382024,1,2480,-70,1,97,DL,
[2026-02-11T19:23:36.901741] [TDMA] TX DOWNLINK: records=1
[2026-02-11T19:23:36.973726] [TDMA] RX header: slot=1 frame=2481 epoch=249126268 records=0
[2026-02-11T19:23:36.992107] BRAGE,382124,1,2481,-51,1,97,DL,
[2026-02-11T19:23:37.073866] [TDMA] RX header: slot=1 frame=2482 epoch=249226268 records=0
[2026-02-11T19:23:37.090225] BRAGE,382224,1,2482,-51,1,97,DL,
[2026-02-11T19:23:37.173053] [TDMA] RX header: slot=1 frame=2483 epoch=249326268 records=0
[2026-02-11T19:23:37.189820] BRAGE,382324,1,2483,-51,1,97,DL,
[2026-02-11T19:23:37.271775] [TDMA] RX header: slot=1 frame=2484 epoch=249426268 records=0
[2026-02-11T19:23:37.288881] BRAGE,382424,1,2484,-71,0,97,DL,
[2026-02-11T19:23:37.371462] [TDMA] RX header: slot=1 frame=2485 epoch=249526268 records=0
[2026-02-11T19:23:37.388209] BRAGE,382524,1,2485,-67,0,97,DL,
[2026-02-11T19:23:37.470875] [TDMA] RX header: slot=1 frame=2486 epoch=249626268 records=0
[2026-02-11T19:23:37.487206] BRAGE,382624,1,2486,-69,0,97,DL,
[2026-02-11T19:23:37.570190] [TDMA] RX header: slot=1 frame=2487 epoch=249726268 records=0
[2026-02-11T19:23:37.587133] BRAGE,382724,1,2487,-62,3,97,DL,
[2026-02-11T19:23:37.669537] [TDMA] RX header: slot=1 frame=2488 epoch=249826268 records=0
[2026-02-11T19:23:37.686092] BRAGE,382824,1,2488,-67,0,97,DL,
[2026-02-11T19:23:37.769002] [TDMA] RX header: slot=1 frame=2489 epoch=249926268 records=0
[2026-02-11T19:23:37.785925] BRAGE,382924,1,2489,-64,2,97,DL,
[2026-02-11T19:23:37.868119] [TDMA] RX header: slot=1 frame=2490 epoch=250026268 records=0
[2026-02-11T19:23:37.884975] BRAGE,383024,1,2490,-64,1,97,DL,
[2026-02-11T19:23:37.894836] [TDMA] TX DOWNLINK: records=1
[2026-02-11T19:23:37.967366] [TDMA] RX header: slot=1 frame=2491 epoch=250126268 records=0
[2026-02-11T19:23:37.984180] BRAGE,383124,1,2491,-67,0,97,DL,
[2026-02-11T19:23:38.066915] [TDMA] RX header: slot=1 frame=2492 epoch=250226268 records=0
[2026-02-11T19:23:38.083179] BRAGE,383224,1,2492,-69,0,97,DL,
[2026-02-11T19:23:38.166074] [TDMA] RX header: slot=1 frame=2493 epoch=250326268 records=0
[2026-02-11T19:23:38.182906] BRAGE,383325,1,2493,-64,1,97,DL,
[2026-02-11T19:23:38.265320] [TDMA] RX header: slot=1 frame=2494 epoch=250426268 records=0
[2026-02-11T19:23:38.282196] BRAGE,383425,1,2494,-72,0,97,DL,
[2026-02-11T19:23:38.364258] [TDMA] RX header: slot=1 frame=2495 epoch=250526268 records=0
[2026-02-11T19:23:38.381125] BRAGE,383525,1,2495,-67,1,97,DL,
[2026-02-11T19:23:38.466753] [TDMA] RX header: slot=1 frame=2496 epoch=250626268 records=0
[2026-02-11T19:23:38.480505] BRAGE,383625,1,2496,-70,0,97,DL,
[2026-02-11T19:23:38.562924] [TDMA] RX header: slot=1 frame=2497 epoch=250726268 records=0
[2026-02-11T19:23:38.580202] BRAGE,383725,1,2497,-67,2,97,DL,
[2026-02-11T19:23:38.662967] [TDMA] RX header: slot=1 frame=2498 epoch=250826268 records=0
[2026-02-11T19:23:38.679989] BRAGE,383825,1,2498,-70,0,97,DL,
[2026-02-11T19:23:38.761947] [TDMA] RX header: slot=1 frame=2499 epoch=250926268 records=0
[2026-02-11T19:23:38.778375] BRAGE,383925,1,2499,-66,0,97,DL,
[2026-02-11T19:23:38.860866] [TDMA] RX header: slot=1 frame=2500 epoch=251026268 records=0
[2026-02-11T19:23:38.878151] BRAGE,384025,1,2500,-51,1,97,DL,
[2026-02-11T19:23:38.888067] [TDMA] TX DOWNLINK: records=1
[2026-02-11T19:23:38.960619] [TDMA] RX header: slot=1 frame=2501 epoch=251126268 records=0
[2026-02-11T19:23:38.977836] BRAGE,384125,1,2501,-62,0,97,DL,
[2026-02-11T19:23:39.060380] [TDMA] RX header: slot=1 frame=2502 epoch=251226268 records=0
[2026-02-11T19:23:39.076720] BRAGE,384225,1,2502,-67,0,97,DL,
[2026-02-11T19:23:39.159256] [TDMA] RX header: slot=1 frame=2503 epoch=251326268 records=0
[2026-02-11T19:23:39.176100] BRAGE,384325,1,2503,-51,1,97,DL,
[2026-02-11T19:23:39.258731] [TDMA] RX header: slot=1 frame=2504 epoch=251426268 records=0
[2026-02-11T19:23:39.275394] BRAGE,384425,1,2504,-70,0,97,DL,
[2026-02-11T19:23:39.357967] [TDMA] RX header: slot=1 frame=2505 epoch=251526268 records=0
[2026-02-11T19:23:39.374377] BRAGE,384525,1,2505,-71,0,97,DL,
[2026-02-11T19:23:39.457271] [TDMA] RX header: slot=1 frame=2506 epoch=251626268 records=0
[2026-02-11T19:23:39.474149] BRAGE,384625,1,2506,-51,2,97,DL,
[2026-02-11T19:23:39.556559] [TDMA] RX header: slot=1 frame=2507 epoch=251726268 records=0
[2026-02-11T19:23:39.572885] BRAGE,384725,1,2507,-67,1,97,DL,
[2026-02-11T19:23:39.656066] [TDMA] RX header: slot=1 frame=2508 epoch=251826268 records=0
[2026-02-11T19:23:39.672375] BRAGE,384825,1,2508,-51,1,97,DL,
[2026-02-11T19:23:39.754968] [TDMA] RX header: slot=1 frame=2509 epoch=251926268 records=0
[2026-02-11T19:23:39.771694] BRAGE,384926,1,2509,-67,0,97,DL,
[2026-02-11T19:23:39.854194] [TDMA] RX header: slot=1 frame=2510 epoch=252026268 records=0
[2026-02-11T19:23:39.871393] BRAGE,385026,1,2510,-70,2,97,DL,
[2026-02-11T19:23:39.881247] [TDMA] TX DOWNLINK: records=1
[2026-02-11T19:23:39.953882] [TDMA] RX header: slot=1 frame=2511 epoch=252126268 records=0
[2026-02-11T19:23:39.970697] BRAGE,385126,1,2511,-72,0,97,DL,
[2026-02-11T19:23:40.053337] [TDMA] RX header: slot=1 frame=2512 epoch=252226268 records=0
[2026-02-11T19:23:40.069694] BRAGE,385226,1,2512,-68,0,97,DL,
[2026-02-11T19:23:40.152376] [TDMA] RX header: slot=1 frame=2513 epoch=252326268 records=0
[2026-02-11T19:23:40.169525] BRAGE,385326,1,2513,-72,1,98,DL,
[2026-02-11T19:23:40.251858] [TDMA] RX header: slot=1 frame=2514 epoch=252426268 records=0
[2026-02-11T19:23:40.268281] BRAGE,385426,1,2514,-67,0,98,DL,
[2026-02-11T19:23:40.351230] [TDMA] RX header: slot=1 frame=2515 epoch=252526268 records=0
[2026-02-11T19:23:40.367938] BRAGE,385526,1,2515,-51,1,98,DL,
[2026-02-11T19:23:40.450703] [TDMA] RX header: slot=1 frame=2516 epoch=252626268 records=0
[2026-02-11T19:23:40.467370] BRAGE,385626,1,2516,-69,1,98,DL,
[2026-02-11T19:23:40.549898] [TDMA] RX header: slot=1 frame=2517 epoch=252726268 records=0
[2026-02-11T19:23:40.566617] BRAGE,385726,1,2517,-70,0,98,DL,
[2026-02-11T19:23:40.649149] [TDMA] RX header: slot=1 frame=2518 epoch=252826268 records=0
[2026-02-11T19:23:40.665972] BRAGE,385826,1,2518,-51,2,98,DL,
[2026-02-11T19:23:40.748438] [TDMA] RX header: slot=1 frame=2519 epoch=252926268 records=0
[2026-02-11T19:23:40.765210] BRAGE,385926,1,2519,-66,0,98,DL,
[2026-02-11T19:23:40.847279] [TDMA] RX header: slot=1 frame=2520 epoch=253026268 records=0
[2026-02-11T19:23:40.864112] BRAGE,386026,1,2520,-70,1,98,DL,
[2026-02-11T19:23:40.874402] [TDMA] TX DOWNLINK: records=1
[2026-02-11T19:23:40.947129] [TDMA] RX header: slot=1 frame=2521 epoch=253126268 records=0
[2026-02-11T19:23:40.963601] BRAGE,386126,1,2521,-70,0,98,DL,
[2026-02-11T19:23:41.046593] [TDMA] RX header: slot=1 frame=2522 epoch=253226268 records=0
[2026-02-11T19:23:41.062891] BRAGE,386226,1,2522,-70,0,98,DL,
[2026-02-11T19:23:41.145756] [TDMA] RX header: slot=1 frame=2523 epoch=253326268 records=0
[2026-02-11T19:23:41.165070] BRAGE,386326,1,2523,-70,1,99,DL,
[2026-02-11T19:23:41.245172] [TDMA] RX header: slot=1 frame=2524 epoch=253426268 records=0
[2026-02-11T19:23:41.261742] BRAGE,386426,1,2524,-64,0,99,DL,
[2026-02-11T19:23:41.343958] [TDMA] RX header: slot=1 frame=2525 epoch=253526268 records=0
[2026-02-11T19:23:41.361276] BRAGE,386527,1,2525,-51,2,99,DL,
[2026-02-11T19:23:41.443227] [TDMA] RX header: slot=1 frame=2526 epoch=253626268 records=0
[2026-02-11T19:23:41.460522] BRAGE,386627,1,2526,-67,0,99,DL,
[2026-02-11T19:23:41.543004] [TDMA] RX header: slot=1 frame=2527 epoch=253726268 records=0
[2026-02-11T19:23:41.560049] BRAGE,386727,1,2527,-69,0,99,DL,
[2026-02-11T19:23:41.642269] [TDMA] RX header: slot=1 frame=2528 epoch=253826268 records=0
[2026-02-11T19:23:41.658954] BRAGE,386827,1,2528,-64,2,99,DL,
[2026-02-11T19:23:41.741380] [TDMA] RX header: slot=1 frame=2529 epoch=253926268 records=0
[2026-02-11T19:23:41.758631] BRAGE,386927,1,2529,-72,0,99,DL,
[2026-02-11T19:23:41.841315] [TDMA] RX header: slot=1 frame=2530 epoch=254026268 records=0
[2026-02-11T19:23:41.857887] BRAGE,387027,1,2530,-72,1,99,DL,
[2026-02-11T19:23:41.867532] [TDMA] TX DOWNLINK: records=1
[2026-02-11T19:23:41.940330] [TDMA] RX header: slot=1 frame=2531 epoch=254126268 records=0
[2026-02-11T19:23:41.957356] BRAGE,387127,1,2531,-72,0,99,DL,
[2026-02-11T19:23:42.039590] [TDMA] RX header: slot=1 frame=2532 epoch=254226268 records=0
[2026-02-11T19:23:42.056531] BRAGE,387227,1,2532,-72,0,99,DL,
[2026-02-11T19:23:42.138545] [TDMA] RX header: slot=1 frame=2533 epoch=254326268 records=0
[2026-02-11T19:23:42.155297] BRAGE,387327,1,2533,-70,0,99,DL,
[2026-02-11T19:23:42.237833] [TDMA] RX header: slot=1 frame=2534 epoch=254426268 records=0
[2026-02-11T19:23:42.256586] BRAGE,387427,1,2534,-67,0,99,DL,
[2026-02-11T19:23:42.337214] [TDMA] RX header: slot=1 frame=2535 epoch=254526268 records=0
[2026-02-11T19:23:42.354582] BRAGE,387527,1,2535,-70,0,99,DL,
[2026-02-11T19:23:42.437161] [TDMA] RX header: slot=1 frame=2536 epoch=254626268 records=0
[2026-02-11T19:23:42.453992] BRAGE,387627,1,2536,-70,1,99,DL,
[2026-02-11T19:23:42.536317] [TDMA] RX header: slot=1 frame=2537 epoch=254726268 records=0
[2026-02-11T19:23:42.552969] BRAGE,387727,1,2537,-71,0,99,DL,
[2026-02-11T19:23:42.635269] [TDMA] RX header: slot=1 frame=2538 epoch=254826268 records=0
[2026-02-11T19:23:42.652064] BRAGE,387827,1,2538,-67,0,99,DL,
[2026-02-11T19:23:42.734441] [TDMA] RX header: slot=1 frame=2539 epoch=254926268 records=0
[2026-02-11T19:23:42.751898] BRAGE,387927,1,2539,-70,0,99,DL,
[2026-02-11T19:23:42.834132] [TDMA] RX header: slot=1 frame=2540 epoch=255026268 records=0
[2026-02-11T19:23:42.851065] BRAGE,388027,1,2540,-67,0,99,DL,
[2026-02-11T19:23:42.860627] [TDMA] TX DOWNLINK: records=1
[2026-02-11T19:23:42.933803] [TDMA] RX header: slot=1 frame=2541 epoch=255126268 records=0
[2026-02-11T19:23:42.950692] BRAGE,388128,1,2541,-51,2,99,DL,
[2026-02-11T19:23:43.032394] [TDMA] RX header: slot=1 frame=2542 epoch=255226268 records=0
[2026-02-11T19:23:43.049362] BRAGE,388228,1,2542,-72,1,99,DL,
[2026-02-11T19:23:43.132112] [TDMA] RX header: slot=1 frame=2543 epoch=255326268 records=0
[2026-02-11T19:23:43.149532] BRAGE,388328,1,2543,-67,0,99,DL,
[2026-02-11T19:23:43.231799] [TDMA] RX header: slot=1 frame=2544 epoch=255426268 records=0
[2026-02-11T19:23:43.248859] BRAGE,388428,1,2544,-71,0,99,DL,
[2026-02-11T19:23:43.331010] [TDMA] RX header: slot=1 frame=2545 epoch=255526268 records=0
[2026-02-11T19:23:43.347929] BRAGE,388528,1,2545,-67,2,99,DL,
[2026-02-11T19:23:43.430371] [TDMA] RX header: slot=1 frame=2546 epoch=255626268 records=0
[2026-02-11T19:23:43.447295] BRAGE,388628,1,2546,-69,1,99,DL,
[2026-02-11T19:23:43.529411] [TDMA] RX header: slot=1 frame=2547 epoch=255726268 records=0
[2026-02-11T19:23:43.547014] BRAGE,388728,1,2547,-70,1,99,DL,
[2026-02-11T19:23:43.628896] [TDMA] RX header: slot=1 frame=2548 epoch=255826268 records=0
[2026-02-11T19:23:43.645255] BRAGE,388828,1,2548,-68,0,99,DL,
[2026-02-11T19:23:43.728883] [TDMA] RX header: slot=1 frame=2549 epoch=255926268 records=0
[2026-02-11T19:23:43.745872] BRAGE,388928,1,2549,-72,0,99,DL,
[2026-02-11T19:23:43.827605] [TDMA] RX header: slot=1 frame=2550 epoch=256026268 records=0
[2026-02-11T19:23:43.843979] BRAGE,389028,1,2550,-67,1,99,DL,
[2026-02-11T19:23:43.853866] [TDMA] TX DOWNLINK: records=1
[2026-02-11T19:23:43.927155] [TDMA] RX header: slot=1 frame=2551 epoch=256126268 records=0
[2026-02-11T19:23:43.943506] BRAGE,389128,1,2551,-67,0,99,DL,
[2026-02-11T19:23:44.026321] [TDMA] RX header: slot=1 frame=2552 epoch=256226268 records=0
[2026-02-11T19:23:44.043624] BRAGE,389228,1,2552,-69,0,99,DL,
[2026-02-11T19:23:44.125610] [TDMA] RX header: slot=1 frame=2553 epoch=256326268 records=0
[2026-02-11T19:23:44.141841] BRAGE,389328,1,2553,-66,0,99,DL,
[2026-02-11T19:23:44.224905] [TDMA] RX header: slot=1 frame=2554 epoch=256426268 records=0
[2026-02-11T19:23:44.242007] BRAGE,389428,1,2554,-67,0,100,DL,
[2026-02-11T19:23:44.324062] [TDMA] RX header: slot=1 frame=2555 epoch=256526268 records=0
[2026-02-11T19:23:44.340687] BRAGE,389528,1,2555,-64,1,100,DL,
[2026-02-11T19:23:44.423305] [TDMA] RX header: slot=1 frame=2556 epoch=256626268 records=0
[2026-02-11T19:23:44.439863] BRAGE,389628,1,2556,-72,0,100,DL,
[2026-02-11T19:23:44.522335] [TDMA] RX header: slot=1 frame=2557 epoch=256726268 records=0
[2026-02-11T19:23:44.540080] BRAGE,389729,1,2557,-67,0,100,DL,
[2026-02-11T19:23:44.621816] [TDMA] RX header: slot=1 frame=2558 epoch=256826268 records=0
[2026-02-11T19:23:44.639428] BRAGE,389829,1,2558,-64,2,100,DL,
[2026-02-11T19:23:44.721596] [TDMA] RX header: slot=1 frame=2559 epoch=256926268 records=0
[2026-02-11T19:23:44.737845] BRAGE,389929,1,2559,-67,2,100,DL,
[2026-02-11T19:23:44.820419] [TDMA] RX header: slot=1 frame=2560 epoch=257026268 records=0
[2026-02-11T19:23:44.842508] BRAGE,390029,1,2560,-66,0,100,DL,
[2026-02-11T19:23:44.847264] [TDMA] TX DOWNLINK: records=1
[2026-02-11T19:23:44.920307] [TDMA] RX header: slot=1 frame=2561 epoch=257126268 records=0
[2026-02-11T19:23:44.936810] BRAGE,390129,1,2561,-70,0,100,DL,
[2026-02-11T19:23:45.019802] [TDMA] RX header: slot=1 frame=2562 epoch=257226268 records=0
[2026-02-11T19:23:45.036432] BRAGE,390229,1,2562,-67,1,100,DL,
[2026-02-11T19:23:45.118740] [TDMA] RX header: slot=1 frame=2563 epoch=257326268 records=0
[2026-02-11T19:23:45.135584] BRAGE,390329,1,2563,-70,0,100,DL,
[2026-02-11T19:23:45.218203] [TDMA] RX header: slot=1 frame=2564 epoch=257426268 records=0
[2026-02-11T19:23:45.234749] BRAGE,390429,1,2564,-63,0,100,DL,
[2026-02-11T19:23:45.317511] [TDMA] RX header: slot=1 frame=2565 epoch=257526268 records=0
[2026-02-11T19:23:45.333767] BRAGE,390529,1,2565,-70,1,100,DL,
[2026-02-11T19:23:45.416664] [TDMA] RX header: slot=1 frame=2566 epoch=257626268 records=0
[2026-02-11T19:23:45.434178] BRAGE,390629,1,2566,-50,1,100,DL,
[2026-02-11T19:23:45.516384] [TDMA] RX header: slot=1 frame=2567 epoch=257726268 records=0
[2026-02-11T19:23:45.532525] BRAGE,390729,1,2567,-50,1,100,DL,
[2026-02-11T19:23:45.615319] [TDMA] RX header: slot=1 frame=2568 epoch=257826268 records=0
[2026-02-11T19:23:45.631769] BRAGE,390829,1,2568,-72,0,100,DL,
[2026-02-11T19:23:45.714794] [TDMA] RX header: slot=1 frame=2569 epoch=257926268 records=0
[2026-02-11T19:23:45.731220] BRAGE,390929,1,2569,-51,1,100,DL,
[2026-02-11T19:23:45.814094] [TDMA] RX header: slot=1 frame=2570 epoch=258026268 records=0
[2026-02-11T19:23:45.830958] BRAGE,391029,1,2570,-51,1,100,DL,
[2026-02-11T19:23:45.840819] [TDMA] TX DOWNLINK: records=1
[2026-02-11T19:23:45.913035] [TDMA] RX header: slot=1 frame=2571 epoch=258126268 records=0
[2026-02-11T19:23:45.930204] BRAGE,391129,1,2571,-66,0,100,DL,
[2026-02-11T19:23:46.012767] [TDMA] RX header: slot=1 frame=2572 epoch=258226268 records=0
[2026-02-11T19:23:46.029456] BRAGE,391229,1,2572,-67,1,100,DL,
[2026-02-11T19:23:46.111671] [TDMA] RX header: slot=1 frame=2573 epoch=258326268 records=0
[2026-02-11T19:23:46.129132] BRAGE,391329,1,2573,-51,2,100,DL,
[2026-02-11T19:23:46.210921] [TDMA] RX header: slot=1 frame=2574 epoch=258426268 records=0
[2026-02-11T19:23:46.230251] BRAGE,391430,1,2574,-66,0,100,DL,
[2026-02-11T19:23:46.311068] [TDMA] RX header: slot=1 frame=2575 epoch=258526268 records=0
[2026-02-11T19:23:46.327372] BRAGE,391530,1,2575,-62,2,100,DL,
[2026-02-11T19:23:46.409259] [TDMA] RX header: slot=1 frame=2576 epoch=258626268 records=0
[2026-02-11T19:23:46.426877] BRAGE,391630,1,2576,-64,0,100,DL,
[2026-02-11T19:23:46.509731] [TDMA] RX header: slot=1 frame=2577 epoch=258726268 records=0
[2026-02-11T19:23:46.525668] BRAGE,391730,1,2577,-67,1,100,DL,
[2026-02-11T19:23:46.608708] [TDMA] RX header: slot=1 frame=2578 epoch=258826268 records=0
[2026-02-11T19:23:46.628163] BRAGE,391830,1,2578,-67,2,100,DL,
[2026-02-11T19:23:46.708086] [TDMA] RX header: slot=1 frame=2579 epoch=258926268 records=0
[2026-02-11T19:23:46.724710] BRAGE,391930,1,2579,-69,0,100,DL,
[2026-02-11T19:23:46.807063] [TDMA] RX header: slot=1 frame=2580 epoch=259026268 records=0
[2026-02-11T19:23:46.824218] BRAGE,392030,1,2580,-50,2,100,DL,
[2026-02-11T19:23:46.834156] [TDMA] TX DOWNLINK: records=1
[2026-02-11T19:23:46.906620] [TDMA] RX header: slot=1 frame=2581 epoch=259126268 records=0
[2026-02-11T19:23:46.923528] BRAGE,392130,1,2581,-67,0,100,DL,
[2026-02-11T19:23:47.005994] [TDMA] RX header: slot=1 frame=2582 epoch=259226268 records=0
[2026-02-11T19:23:47.022512] BRAGE,392230,1,2582,-50,3,100,DL,
[2026-02-11T19:23:47.105689] [TDMA] RX header: slot=1 frame=2583 epoch=259326268 records=0
[2026-02-11T19:23:47.122465] BRAGE,392330,1,2583,-67,0,100,DL,
[2026-02-11T19:23:47.204257] [TDMA] RX header: slot=1 frame=2584 epoch=259426268 records=0
[2026-02-11T19:23:47.220830] BRAGE,392430,1,2584,-67,1,100,DL,
[2026-02-11T19:23:47.304371] [TDMA] RX header: slot=1 frame=2585 epoch=259526268 records=0
[2026-02-11T19:23:47.320617] BRAGE,392530,1,2585,-72,0,100,DL,
[2026-02-11T19:23:47.402623] [TDMA] RX header: slot=1 frame=2586 epoch=259626268 records=0
[2026-02-11T19:23:47.420925] BRAGE,392630,1,2586,-50,0,100,DL,
[2026-02-11T19:23:47.502141] [TDMA] RX header: slot=1 frame=2587 epoch=259726268 records=0
[2026-02-11T19:23:47.519993] BRAGE,392730,1,2587,-72,1,100,DL,
[2026-02-11T19:23:47.602127] [TDMA] RX header: slot=1 frame=2588 epoch=259826268 records=0
[2026-02-11T19:23:47.618294] BRAGE,392830,1,2588,-51,2,100,DL,
[2026-02-11T19:23:47.701606] [TDMA] RX header: slot=1 frame=2589 epoch=259926268 records=0
[2026-02-11T19:23:47.718260] BRAGE,392930,1,2589,-69,0,100,DL,
[2026-02-11T19:23:47.800350] [TDMA] RX header: slot=1 frame=2590 epoch=260026268 records=0
[2026-02-11T19:23:47.817876] BRAGE,393030,1,2590,-67,0,100,DL,
[2026-02-11T19:23:47.827526] [TDMA] TX DOWNLINK: records=1
[2026-02-11T19:23:47.903415] [TDMA] RX header: slot=1 frame=2591 epoch=260126268 records=0
[2026-02-11T19:23:47.916888] BRAGE,393131,1,2591,-69,1,100,DL,
[2026-02-11T19:23:47.999430] [TDMA] RX header: slot=1 frame=2592 epoch=260226268 records=0
[2026-02-11T19:23:48.016162] BRAGE,393231,1,2592,-69,0,100,DL,
[2026-02-11T19:23:48.115069] BRAGE,393331,1,2593,0,0,99,NONE,
[2026-02-11T19:23:48.197930] [TDMA] RX header: slot=1 frame=2594 epoch=260426268 records=0
[2026-02-11T19:23:48.215035] BRAGE,393431,1,2594,-66,0,99,DL,
[2026-02-11T19:23:48.297466] [TDMA] RX header: slot=1 frame=2595 epoch=260526268 records=0
[2026-02-11T19:23:48.314461] BRAGE,393531,1,2595,-67,2,99,DL,
[2026-02-11T19:23:48.396570] [TDMA] RX header: slot=1 frame=2596 epoch=260626268 records=0
[2026-02-11T19:23:48.413357] BRAGE,393631,1,2596,-67,1,99,DL,
[2026-02-11T19:23:48.496335] [TDMA] RX header: slot=1 frame=2597 epoch=260726268 records=0
[2026-02-11T19:23:48.512677] BRAGE,393731,1,2597,-67,0,99,DL,
[2026-02-11T19:23:48.595497] [TDMA] RX header: slot=1 frame=2598 epoch=260826268 records=0
[2026-02-11T19:23:48.612198] BRAGE,393831,1,2598,-66,0,99,DL,
[2026-02-11T19:23:48.694164] [TDMA] RX header: slot=1 frame=2599 epoch=260926268 records=0
[2026-02-11T19:23:48.711378] BRAGE,393931,1,2599,-67,1,99,DL,
[2026-02-11T19:23:48.793462] [TDMA] RX header: slot=1 frame=2600 epoch=261026268 records=0
[2026-02-11T19:23:48.810753] BRAGE,394031,1,2600,-64,0,99,DL,
[2026-02-11T19:23:48.820249] [TDMA] TX DOWNLINK: records=1
[2026-02-11T19:23:48.893221] [TDMA] RX header: slot=1 frame=2601 epoch=261126268 records=0
[2026-02-11T19:23:48.909683] BRAGE,394131,1,2601,-70,1,99,DL,
[2026-02-11T19:23:48.992445] [TDMA] RX header: slot=1 frame=2602 epoch=261226268 records=0
[2026-02-11T19:23:49.009605] BRAGE,394231,1,2602,-69,0,99,DL,
[2026-02-11T19:23:49.091415] [TDMA] RX header: slot=1 frame=2603 epoch=261326268 records=0
[2026-02-11T19:23:49.108685] BRAGE,394331,1,2603,-67,0,99,DL,
[2026-02-11T19:23:49.191457] [TDMA] RX header: slot=1 frame=2604 epoch=261426268 records=0
[2026-02-11T19:23:49.207670] BRAGE,394431,1,2604,-71,0,99,DL,
[2026-02-11T19:23:49.290105] [TDMA] RX header: slot=1 frame=2605 epoch=261526268 records=0
[2026-02-11T19:23:49.307589] BRAGE,394531,1,2605,-72,0,99,DL,
[2026-02-11T19:23:49.389865] [TDMA] RX header: slot=1 frame=2606 epoch=261626268 records=0
[2026-02-11T19:23:49.406631] BRAGE,394631,1,2606,-69,0,99,DL,
[2026-02-11T19:23:49.488738] [TDMA] RX header: slot=1 frame=2607 epoch=261726268 records=0
[2026-02-11T19:23:49.505888] BRAGE,394731,1,2607,-67,0,99,DL,
[2026-02-11T19:23:49.588540] [TDMA] RX header: slot=1 frame=2608 epoch=261826268 records=0
[2026-02-11T19:23:49.605563] BRAGE,394832,1,2608,-51,0,99,DL,
[2026-02-11T19:23:49.688142] [TDMA] RX header: slot=1 frame=2609 epoch=261926268 records=0
[2026-02-11T19:23:49.704535] BRAGE,394932,1,2609,-51,1,99,DL,
[2026-02-11T19:23:49.787004] [TDMA] RX header: slot=1 frame=2610 epoch=262026268 records=0
[2026-02-11T19:23:49.803905] BRAGE,395032,1,2610,-51,3,99,DL,
[2026-02-11T19:23:49.813804] [TDMA] TX DOWNLINK: records=1
[2026-02-11T19:23:49.886542] [TDMA] RX header: slot=1 frame=2611 epoch=262126268 records=0
[2026-02-11T19:23:49.903123] BRAGE,395132,1,2611,-68,-1,99,DL,
[2026-02-11T19:23:49.985691] [TDMA] RX header: slot=1 frame=2612 epoch=262226268 records=0
[2026-02-11T19:23:50.002842] BRAGE,395232,1,2612,-67,1,99,DL,
[2026-02-11T19:23:50.085039] [TDMA] RX header: slot=1 frame=2613 epoch=262326268 records=0
[2026-02-11T19:23:50.101945] BRAGE,395332,1,2613,-66,-1,99,DL,
[2026-02-11T19:23:50.184489] [TDMA] RX header: slot=1 frame=2614 epoch=262426268 records=0
[2026-02-11T19:23:50.200828] BRAGE,395432,1,2614,-51,0,99,DL,
[2026-02-11T19:23:50.283794] [TDMA] RX header: slot=1 frame=2615 epoch=262526268 records=0
[2026-02-11T19:23:50.300750] BRAGE,395532,1,2615,-70,0,99,DL,
[2026-02-11T19:23:50.382724] [TDMA] RX header: slot=1 frame=2616 epoch=262626268 records=0
[2026-02-11T19:23:50.400081] BRAGE,395632,1,2616,-70,1,99,DL,
[2026-02-11T19:23:50.482677] [TDMA] RX header: slot=1 frame=2617 epoch=262726268 records=0
[2026-02-11T19:23:50.499064] BRAGE,395732,1,2617,-67,2,99,DL,
[2026-02-11T19:23:50.581806] [TDMA] RX header: slot=1 frame=2618 epoch=262826268 records=0
[2026-02-11T19:23:50.598729] BRAGE,395832,1,2618,-67,0,99,DL,
[2026-02-11T19:23:50.680405] [TDMA] RX header: slot=1 frame=2619 epoch=262926268 records=0
[2026-02-11T19:23:50.698340] BRAGE,395932,1,2619,-51,2,99,DL,
[2026-02-11T19:23:50.779881] [TDMA] RX header: slot=1 frame=2620 epoch=263026268 records=0
[2026-02-11T19:23:50.797715] BRAGE,396032,1,2620,-50,1,99,DL,
[2026-02-11T19:23:50.807456] [TDMA] TX DOWNLINK: records=1
[2026-02-11T19:23:50.879238] [TDMA] RX header: slot=1 frame=2621 epoch=263126268 records=0
[2026-02-11T19:23:50.896469] BRAGE,396132,1,2621,-72,0,99,DL,
[2026-02-11T19:23:50.978767] [TDMA] RX header: slot=1 frame=2622 epoch=263226268 records=0
[2026-02-11T19:23:50.995374] BRAGE,396232,1,2622,-67,0,99,DL,
[2026-02-11T19:23:51.077859] [TDMA] RX header: slot=1 frame=2623 epoch=263326268 records=0
[2026-02-11T19:23:51.095181] BRAGE,396332,1,2623,-50,1,99,DL,
[2026-02-11T19:23:51.177541] [TDMA] RX header: slot=1 frame=2624 epoch=263426268 records=0
[2026-02-11T19:23:51.194048] BRAGE,396432,1,2624,-66,0,99,DL,
[2026-02-11T19:23:51.276485] [TDMA] RX header: slot=1 frame=2625 epoch=263526268 records=0
[2026-02-11T19:23:51.293837] BRAGE,396533,1,2625,-73,0,99,DL,
[2026-02-11T19:23:51.376217] [TDMA] RX header: slot=1 frame=2626 epoch=263626268 records=0
[2026-02-11T19:23:51.393425] BRAGE,396633,1,2626,-50,2,99,DL,
[2026-02-11T19:23:51.476259] [TDMA] RX header: slot=1 frame=2627 epoch=263726268 records=0
[2026-02-11T19:23:51.492621] BRAGE,396733,1,2627,-72,0,99,DL,
[2026-02-11T19:23:51.574905] [TDMA] RX header: slot=1 frame=2628 epoch=263826268 records=0
[2026-02-11T19:23:51.591937] BRAGE,396833,1,2628,-51,2,99,DL,
[2026-02-11T19:23:51.674069] [TDMA] RX header: slot=1 frame=2629 epoch=263926268 records=0
[2026-02-11T19:23:51.691077] BRAGE,396933,1,2629,-62,0,99,DL,
[2026-02-11T19:23:51.773470] [TDMA] RX header: slot=1 frame=2630 epoch=264026268 records=0
[2026-02-11T19:23:51.790019] BRAGE,397033,1,2630,-71,0,99,DL,
[2026-02-11T19:23:51.800473] [TDMA] TX DOWNLINK: records=1
[2026-02-11T19:23:51.873009] [TDMA] RX header: slot=1 frame=2631 epoch=264126268 records=0
[2026-02-11T19:23:51.889333] BRAGE,397133,1,2631,-51,0,99,DL,
[2026-02-11T19:23:51.971801] [TDMA] RX header: slot=1 frame=2632 epoch=264226268 records=0
[2026-02-11T19:23:51.989026] BRAGE,397233,1,2632,-70,-1,99,DL,
[2026-02-11T19:23:52.071131] [TDMA] RX header: slot=1 frame=2633 epoch=264326268 records=0
[2026-02-11T19:23:52.087939] BRAGE,397333,1,2633,-70,1,99,DL,
[2026-02-11T19:23:52.170285] [TDMA] RX header: slot=1 frame=2634 epoch=264426268 records=0
[2026-02-11T19:23:52.187791] BRAGE,397433,1,2634,-72,0,99,DL,
[2026-02-11T19:23:52.270030] [TDMA] RX header: slot=1 frame=2635 epoch=264526268 records=0
[2026-02-11T19:23:52.287043] BRAGE,397533,1,2635,-51,3,99,DL,
[2026-02-11T19:23:52.369864] [TDMA] RX header: slot=1 frame=2636 epoch=264626268 records=0
[2026-02-11T19:23:52.386603] BRAGE,397633,1,2636,-71,-1,99,DL,
[2026-02-11T19:23:52.468843] [TDMA] RX header: slot=1 frame=2637 epoch=264726268 records=0
[2026-02-11T19:23:52.485766] BRAGE,397733,1,2637,-63,0,99,DL,
[2026-02-11T19:23:52.568080] [TDMA] RX header: slot=1 frame=2638 epoch=264826268 records=0
[2026-02-11T19:23:52.584936] BRAGE,397833,1,2638,-72,1,99,DL,
[2026-02-11T19:23:52.667438] [TDMA] RX header: slot=1 frame=2639 epoch=264926268 records=0
[2026-02-11T19:23:52.685591] BRAGE,397934,1,2639,-51,0,99,DL,
[2026-02-11T19:23:52.766882] [TDMA] RX header: slot=1 frame=2640 epoch=265026268 records=0
[2026-02-11T19:23:52.783343] BRAGE,398034,1,2640,-72,0,99,DL,
[2026-02-11T19:23:52.793622] [TDMA] TX DOWNLINK: records=1
[2026-02-11T19:23:52.866041] [TDMA] RX header: slot=1 frame=2641 epoch=265126268 records=0
[2026-02-11T19:23:52.882818] BRAGE,398134,1,2641,-69,0,99,DL,
[2026-02-11T19:23:52.965837] [TDMA] RX header: slot=1 frame=2642 epoch=265226268 records=0
[2026-02-11T19:23:52.982911] BRAGE,398234,1,2642,-71,0,99,DL,
[2026-02-11T19:23:53.064718] [TDMA] RX header: slot=1 frame=2643 epoch=265326268 records=0
[2026-02-11T19:23:53.081245] BRAGE,398334,1,2643,-67,2,99,DL,
[2026-02-11T19:23:53.164208] [TDMA] RX header: slot=1 frame=2644 epoch=265426268 records=0
[2026-02-11T19:23:53.181159] BRAGE,398434,1,2644,-51,1,99,DL,
[2026-02-11T19:23:53.262732] [TDMA] RX header: slot=1 frame=2645 epoch=265526268 records=0
[2026-02-11T19:23:53.280039] BRAGE,398534,1,2645,-66,0,99,DL,
[2026-02-11T19:23:53.362499] [TDMA] RX header: slot=1 frame=2646 epoch=265626268 records=0
[2026-02-11T19:23:53.379066] BRAGE,398634,1,2646,-69,-1,99,DL,
[2026-02-11T19:23:53.462221] [TDMA] RX header: slot=1 frame=2647 epoch=265726268 records=0
[2026-02-11T19:23:53.479122] BRAGE,398734,1,2647,-71,0,99,DL,
[2026-02-11T19:23:53.561214] [TDMA] RX header: slot=1 frame=2648 epoch=265826268 records=0
[2026-02-11T19:23:53.578613] BRAGE,398834,1,2648,-67,1,99,DL,
[2026-02-11T19:23:53.660961] [TDMA] RX header: slot=1 frame=2649 epoch=265926268 records=0
[2026-02-11T19:23:53.677725] BRAGE,398934,1,2649,-71,0,99,DL,
[2026-02-11T19:23:53.760220] [TDMA] RX header: slot=1 frame=2650 epoch=266026268 records=0
[2026-02-11T19:23:53.776618] BRAGE,399034,1,2650,-51,0,99,DL,
[2026-02-11T19:23:53.786833] [TDMA] TX DOWNLINK: records=1
[2026-02-11T19:23:53.859406] [TDMA] RX header: slot=1 frame=2651 epoch=266126268 records=0
[2026-02-11T19:23:53.876621] BRAGE,399134,1,2651,-71,0,99,DL,
[2026-02-11T19:23:53.958979] [TDMA] RX header: slot=1 frame=2652 epoch=266226268 records=0
[2026-02-11T19:23:53.975846] BRAGE,399234,1,2652,-71,0,99,DL,
[2026-02-11T19:23:54.057744] [TDMA] RX header: slot=1 frame=2653 epoch=266326268 records=0
[2026-02-11T19:23:54.075072] BRAGE,399335,1,2653,-66,0,99,DL,
[2026-02-11T19:23:54.157335] [TDMA] RX header: slot=1 frame=2654 epoch=266426268 records=0
[2026-02-11T19:23:54.174900] BRAGE,399435,1,2654,-51,0,99,DL,
[2026-02-11T19:23:54.256610] [TDMA] RX header: slot=1 frame=2655 epoch=266526268 records=0
[2026-02-11T19:23:54.274044] BRAGE,399535,1,2655,-68,0,99,DL,
[2026-02-11T19:23:54.356182] [TDMA] RX header: slot=1 frame=2656 epoch=266626268 records=0
[2026-02-11T19:23:54.372918] BRAGE,399635,1,2656,-72,1,99,DL,
[2026-02-11T19:23:54.455768] [TDMA] RX header: slot=1 frame=2657 epoch=266726268 records=0
[2026-02-11T19:23:54.472766] BRAGE,399735,1,2657,-51,0,99,DL,
[2026-02-11T19:23:54.554619] [TDMA] RX header: slot=1 frame=2658 epoch=266826268 records=0
[2026-02-11T19:23:54.571394] BRAGE,399835,1,2658,-72,1,99,DL,
[2026-02-11T19:23:54.653814] [TDMA] RX header: slot=1 frame=2659 epoch=266926268 records=0
[2026-02-11T19:23:54.671146] BRAGE,399935,1,2659,-72,0,99,DL,
[2026-02-11T19:23:54.753813] [TDMA] RX header: slot=1 frame=2660 epoch=267026268 records=0
[2026-02-11T19:23:54.770852] BRAGE,400035,1,2660,-72,1,99,DL,
[2026-02-11T19:23:54.780090] [TDMA] TX DOWNLINK: records=1
[2026-02-11T19:23:54.852424] [TDMA] RX header: slot=1 frame=2661 epoch=267126268 records=0
[2026-02-11T19:23:54.869033] BRAGE,400135,1,2661,-64,2,99,DL,
[2026-02-11T19:23:54.952221] [TDMA] RX header: slot=1 frame=2662 epoch=267226268 records=0
[2026-02-11T19:23:54.969470] BRAGE,400235,1,2662,-67,1,99,DL,
[2026-02-11T19:23:55.051448] [TDMA] RX header: slot=1 frame=2663 epoch=267326268 records=0
[2026-02-11T19:23:55.068622] BRAGE,400335,1,2663,-51,2,99,DL,
[2026-02-11T19:23:55.150227] [TDMA] RX header: slot=1 frame=2664 epoch=267426268 records=0
[2026-02-11T19:23:55.167962] BRAGE,400435,1,2664,-69,0,99,DL,
[2026-02-11T19:23:55.250421] [TDMA] RX header: slot=1 frame=2665 epoch=267526268 records=0
[2026-02-11T19:23:55.266334] BRAGE,400535,1,2665,-71,0,99,DL,
[2026-02-11T19:23:55.349850] [TDMA] RX header: slot=1 frame=2666 epoch=267626268 records=0
[2026-02-11T19:23:55.366278] BRAGE,400635,1,2666,-64,0,99,DL,
[2026-02-11T19:23:55.448172] [TDMA] RX header: slot=1 frame=2667 epoch=267726268 records=0
[2026-02-11T19:23:55.465147] BRAGE,400736,1,2667,-50,2,99,DL,
[2026-02-11T19:23:55.547817] [TDMA] RX header: slot=1 frame=2668 epoch=267826268 records=0
[2026-02-11T19:23:55.564896] BRAGE,400836,1,2668,-72,0,99,DL,
[2026-02-11T19:23:55.647325] [TDMA] RX header: slot=1 frame=2669 epoch=267926268 records=0
[2026-02-11T19:23:55.663849] BRAGE,400936,1,2669,-50,2,99,DL,
[2026-02-11T19:23:55.746346] [TDMA] RX header: slot=1 frame=2670 epoch=268026268 records=0
[2026-02-11T19:23:55.763611] BRAGE,401036,1,2670,-50,2,99,DL,
[2026-02-11T19:23:55.773423] [TDMA] TX DOWNLINK: records=1
[2026-02-11T19:23:55.846073] [TDMA] RX header: slot=1 frame=2671 epoch=268126268 records=0
[2026-02-11T19:23:55.862513] BRAGE,401136,1,2671,-72,0,99,DL,
[2026-02-11T19:23:55.945102] [TDMA] RX header: slot=1 frame=2672 epoch=268226268 records=0
[2026-02-11T19:23:55.961837] BRAGE,401236,1,2672,-71,0,99,DL,
[2026-02-11T19:23:56.045075] [TDMA] RX header: slot=1 frame=2673 epoch=268326268 records=0
[2026-02-11T19:23:56.066373] BRAGE,401336,1,2673,-50,1,99,DL,
[2026-02-11T19:23:56.144545] [TDMA] RX header: slot=1 frame=2674 epoch=268426268 records=0
[2026-02-11T19:23:56.161082] BRAGE,401436,1,2674,-64,1,99,DL,
[2026-02-11T19:23:56.243506] [TDMA] RX header: slot=1 frame=2675 epoch=268526268 records=0
[2026-02-11T19:23:56.259976] BRAGE,401536,1,2675,-71,0,99,DL,
[2026-02-11T19:23:56.342547] [TDMA] RX header: slot=1 frame=2676 epoch=268626268 records=0
[2026-02-11T19:23:56.359001] BRAGE,401636,1,2676,-68,0,99,DL,
[2026-02-11T19:23:56.442088] [TDMA] RX header: slot=1 frame=2677 epoch=268726268 records=0
[2026-02-11T19:23:56.459229] BRAGE,401736,1,2677,-50,1,99,DL,
[2026-02-11T19:23:56.540823] [TDMA] RX header: slot=1 frame=2678 epoch=268826268 records=0
[2026-02-11T19:23:56.557808] BRAGE,401836,1,2678,-71,0,99,DL,
[2026-02-11T19:23:56.640969] [TDMA] RX header: slot=1 frame=2679 epoch=268926268 records=0
[2026-02-11T19:23:56.657554] BRAGE,401936,1,2679,-72,0,99,DL,
[2026-02-11T19:23:56.739422] [TDMA] RX header: slot=1 frame=2680 epoch=269026268 records=0
[2026-02-11T19:23:56.756918] BRAGE,402036,1,2680,-50,3,99,DL,
[2026-02-11T19:23:56.766822] [TDMA] TX DOWNLINK: records=1
[2026-02-11T19:23:56.839311] [TDMA] RX header: slot=1 frame=2681 epoch=269126268 records=0
[2026-02-11T19:23:56.856129] BRAGE,402136,1,2681,-50,2,99,DL,
[2026-02-11T19:23:56.938604] [TDMA] RX header: slot=1 frame=2682 epoch=269226268 records=0
[2026-02-11T19:23:56.955466] BRAGE,402237,1,2682,-50,2,99,DL,
[2026-02-11T19:23:57.037671] [TDMA] RX header: slot=1 frame=2683 epoch=269326268 records=0
[2026-02-11T19:23:57.054976] BRAGE,402337,1,2683,-72,0,99,DL,
[2026-02-11T19:23:57.138980] [TDMA] RX header: slot=1 frame=2684 epoch=269426268 records=0
[2026-02-11T19:23:57.153747] BRAGE,402437,1,2684,-50,0,99,DL,
[2026-02-11T19:23:57.236622] [TDMA] RX header: slot=1 frame=2685 epoch=269526268 records=0
[2026-02-11T19:23:57.253432] BRAGE,402537,1,2685,-50,2,99,DL,
[2026-02-11T19:23:57.336178] [TDMA] RX header: slot=1 frame=2686 epoch=269626268 records=0
[2026-02-11T19:23:57.353491] BRAGE,402637,1,2686,-50,1,99,DL,
[2026-02-11T19:23:57.435461] [TDMA] RX header: slot=1 frame=2687 epoch=269726268 records=0
[2026-02-11T19:23:57.451949] BRAGE,402737,1,2687,-50,1,99,DL,
[2026-02-11T19:23:57.534500] [TDMA] RX header: slot=1 frame=2688 epoch=269826268 records=0
[2026-02-11T19:23:57.551082] BRAGE,402837,1,2688,-50,0,99,DL,
[2026-02-11T19:23:57.633454] [TDMA] RX header: slot=1 frame=2689 epoch=269926268 records=0
[2026-02-11T19:23:57.650409] BRAGE,402937,1,2689,-72,1,99,DL,
[2026-02-11T19:23:57.732856] [TDMA] RX header: slot=1 frame=2690 epoch=270026268 records=0
[2026-02-11T19:23:57.749892] BRAGE,403037,1,2690,-68,0,99,DL,
[2026-02-11T19:23:57.759947] [TDMA] TX DOWNLINK: records=1
[2026-02-11T19:23:57.832475] [TDMA] RX header: slot=1 frame=2691 epoch=270126268 records=0
[2026-02-11T19:23:57.853578] BRAGE,403137,1,2691,-50,0,99,DL,
[2026-02-11T19:23:57.931552] [TDMA] RX header: slot=1 frame=2692 epoch=270226268 records=0
[2026-02-11T19:23:57.949017] BRAGE,403237,1,2692,-50,2,99,DL,
[2026-02-11T19:23:58.030854] [TDMA] RX header: slot=1 frame=2693 epoch=270326268 records=0
[2026-02-11T19:23:58.048081] BRAGE,403337,1,2693,-64,1,100,DL,
[2026-02-11T19:23:58.130199] [TDMA] RX header: slot=1 frame=2694 epoch=270426268 records=0
[2026-02-11T19:23:58.147342] BRAGE,403437,1,2694,-50,1,100,DL,
[2026-02-11T19:23:58.230061] [TDMA] RX header: slot=1 frame=2695 epoch=270526268 records=0
[2026-02-11T19:23:58.246884] BRAGE,403537,1,2695,-50,1,100,DL,
[2026-02-11T19:23:58.329274] [TDMA] RX header: slot=1 frame=2696 epoch=270626268 records=0
[2026-02-11T19:23:58.346234] BRAGE,403637,1,2696,-50,1,100,DL,
[2026-02-11T19:23:58.428426] [TDMA] RX header: slot=1 frame=2697 epoch=270726268 records=0
[2026-02-11T19:23:58.444716] BRAGE,403738,1,2697,-50,0,100,DL,
[2026-02-11T19:23:58.528130] [TDMA] RX header: slot=1 frame=2698 epoch=270826268 records=0
[2026-02-11T19:23:58.544535] BRAGE,403838,1,2698,-66,0,100,DL,
[2026-02-11T19:23:58.627122] [TDMA] RX header: slot=1 frame=2699 epoch=270926268 records=0
[2026-02-11T19:23:58.643463] BRAGE,403938,1,2699,-69,0,100,DL,
[2026-02-11T19:23:58.726544] [TDMA] RX header: slot=1 frame=2700 epoch=271026268 records=0
[2026-02-11T19:23:58.743393] BRAGE,404038,1,2700,-67,1,100,DL,
[2026-02-11T19:23:58.753272] [TDMA] TX DOWNLINK: records=1
[2026-02-11T19:23:58.825743] [TDMA] RX header: slot=1 frame=2701 epoch=271126268 records=0
[2026-02-11T19:23:58.843096] BRAGE,404138,1,2701,-50,2,100,DL,
[2026-02-11T19:23:58.925099] [TDMA] RX header: slot=1 frame=2702 epoch=271226268 records=0
[2026-02-11T19:23:58.941501] BRAGE,404238,1,2702,-69,0,100,DL,
[2026-02-11T19:23:59.024405] [TDMA] RX header: slot=1 frame=2703 epoch=271326268 records=0
[2026-02-11T19:23:59.040988] BRAGE,404338,1,2703,-50,0,100,DL,
[2026-02-11T19:23:59.123760] [TDMA] RX header: slot=1 frame=2704 epoch=271426268 records=0
[2026-02-11T19:23:59.140791] BRAGE,404438,1,2704,-70,0,100,DL,
[2026-02-11T19:23:59.223242] [TDMA] RX header: slot=1 frame=2705 epoch=271526268 records=0
[2026-02-11T19:23:59.239387] BRAGE,404538,1,2705,-50,1,100,DL,
[2026-02-11T19:23:59.322041] [TDMA] RX header: slot=1 frame=2706 epoch=271626268 records=0
[2026-02-11T19:23:59.339241] BRAGE,404638,1,2706,-50,1,100,DL,
[2026-02-11T19:23:59.421731] [TDMA] RX header: slot=1 frame=2707 epoch=271726268 records=0
[2026-02-11T19:23:59.438398] BRAGE,404738,1,2707,-67,0,100,DL,
[2026-02-11T19:23:59.521088] [TDMA] RX header: slot=1 frame=2708 epoch=271826268 records=0
[2026-02-11T19:23:59.537945] BRAGE,404838,1,2708,-51,2,100,DL,
[2026-02-11T19:23:59.619982] [TDMA] RX header: slot=1 frame=2709 epoch=271926268 records=0
[2026-02-11T19:23:59.639557] BRAGE,404938,1,2709,-70,1,100,DL,
[2026-02-11T19:23:59.720195] [TDMA] RX header: slot=1 frame=2710 epoch=272026268 records=0
[2026-02-11T19:23:59.736148] BRAGE,405038,1,2710,-50,1,100,DL,
[2026-02-11T19:23:59.746572] [TDMA] TX DOWNLINK: records=1
[2026-02-11T19:23:59.819367] [TDMA] RX header: slot=1 frame=2711 epoch=272126268 records=0
[2026-02-11T19:23:59.835916] BRAGE,405138,1,2711,-69,0,100,DL,
[2026-02-11T19:23:59.918103] [TDMA] RX header: slot=1 frame=2712 epoch=272226268 records=0
[2026-02-11T19:23:59.935202] BRAGE,405238,1,2712,-50,3,100,DL,
[2026-02-11T19:24:00.017688] [TDMA] RX header: slot=1 frame=2713 epoch=272326268 records=0
[2026-02-11T19:24:00.034663] BRAGE,405338,1,2713,-50,0,100,DL,
[2026-02-11T19:24:00.117201] [TDMA] RX header: slot=1 frame=2714 epoch=272426268 records=0
[2026-02-11T19:24:00.133938] BRAGE,405439,1,2714,-68,0,100,DL,
[2026-02-11T19:24:00.216198] [TDMA] RX header: slot=1 frame=2715 epoch=272526268 records=0
[2026-02-11T19:24:00.233582] BRAGE,405539,1,2715,-67,1,100,DL,
[2026-02-11T19:24:00.315740] [TDMA] RX header: slot=1 frame=2716 epoch=272626268 records=0
[2026-02-11T19:24:00.332553] BRAGE,405639,1,2716,-72,0,100,DL,
[2026-02-11T19:24:00.414606] [TDMA] RX header: slot=1 frame=2717 epoch=272726268 records=0
[2026-02-11T19:24:00.432147] BRAGE,405739,1,2717,-67,0,100,DL,
[2026-02-11T19:24:00.514339] [TDMA] RX header: slot=1 frame=2718 epoch=272826268 records=0
[2026-02-11T19:24:00.531605] BRAGE,405839,1,2718,-50,1,100,DL,
[2026-02-11T19:24:00.614155] [TDMA] RX header: slot=1 frame=2719 epoch=272926268 records=0
[2026-02-11T19:24:00.630633] BRAGE,405939,1,2719,-49,0,100,DL,
[2026-02-11T19:24:00.713321] [TDMA] RX header: slot=1 frame=2720 epoch=273026268 records=0
[2026-02-11T19:24:00.729346] BRAGE,406039,1,2720,-49,1,100,DL,
[2026-02-11T19:24:00.739247] [TDMA] TX DOWNLINK: records=1
[2026-02-11T19:24:00.812461] [TDMA] RX header: slot=1 frame=2721 epoch=273126268 records=0
[2026-02-11T19:24:00.829570] BRAGE,406139,1,2721,-49,1,100,DL,
[2026-02-11T19:24:00.913840] [TDMA] RX header: slot=1 frame=2722 epoch=273226268 records=0
[2026-02-11T19:24:00.928385] BRAGE,406239,1,2722,-67,1,100,DL,
[2026-02-11T19:24:01.011111] [TDMA] RX header: slot=1 frame=2723 epoch=273326268 records=0
[2026-02-11T19:24:01.027400] BRAGE,406339,1,2723,-50,1,100,DL,
[2026-02-11T19:24:01.110209] [TDMA] RX header: slot=1 frame=2724 epoch=273426268 records=0
[2026-02-11T19:24:01.127175] BRAGE,406439,1,2724,-50,2,100,DL,
[2026-02-11T19:24:01.209078] [TDMA] RX header: slot=1 frame=2725 epoch=273526268 records=0
[2026-02-11T19:24:01.226436] BRAGE,406539,1,2725,-50,1,100,DL,
[2026-02-11T19:24:01.308922] [TDMA] RX header: slot=1 frame=2726 epoch=273626268 records=0
[2026-02-11T19:24:01.325420] BRAGE,406639,1,2726,-50,1,100,DL,
[2026-02-11T19:24:01.408235] [TDMA] RX header: slot=1 frame=2727 epoch=273726268 records=0
[2026-02-11T19:24:01.425348] BRAGE,406739,1,2727,-67,0,100,DL,
[2026-02-11T19:24:01.507236] [TDMA] RX header: slot=1 frame=2728 epoch=273826268 records=0
[2026-02-11T19:24:01.524348] BRAGE,406839,1,2728,-50,1,100,DL,
[2026-02-11T19:24:01.606975] [TDMA] RX header: slot=1 frame=2729 epoch=273926268 records=0
[2026-02-11T19:24:01.623849] BRAGE,406939,1,2729,-50,0,100,DL,
[2026-02-11T19:24:01.706442] [TDMA] RX header: slot=1 frame=2730 epoch=274026268 records=0
[2026-02-11T19:24:01.722630] BRAGE,407039,1,2730,-67,1,100,DL,
[2026-02-11T19:24:01.733133] [TDMA] TX DOWNLINK: records=1
[2026-02-11T19:24:01.805624] [TDMA] RX header: slot=1 frame=2731 epoch=274126268 records=0
[2026-02-11T19:24:01.822956] BRAGE,407140,1,2731,-67,0,100,DL,
[2026-02-11T19:24:01.904912] [TDMA] RX header: slot=1 frame=2732 epoch=274226268 records=0
[2026-02-11T19:24:01.922054] BRAGE,407240,1,2732,-70,1,100,DL,
[2026-02-11T19:24:02.004227] [TDMA] RX header: slot=1 frame=2733 epoch=274326268 records=0
[2026-02-11T19:24:02.021242] BRAGE,407340,1,2733,-68,-1,100,DL,
[2026-02-11T19:24:02.103235] [TDMA] RX header: slot=1 frame=2734 epoch=274426268 records=0
[2026-02-11T19:24:02.120047] BRAGE,407440,1,2734,-67,0,100,DL,
[2026-02-11T19:24:02.203856] [TDMA] RX header: slot=1 frame=2735 epoch=274526268 records=0
[2026-02-11T19:24:02.219579] BRAGE,407540,1,2735,-67,0,100,DL,
[2026-02-11T19:24:02.302249] [TDMA] RX header: slot=1 frame=2736 epoch=274626268 records=0
[2026-02-11T19:24:02.318713] BRAGE,407640,1,2736,-67,0,100,DL,
[2026-02-11T19:24:02.401149] [TDMA] RX header: slot=1 frame=2737 epoch=274726268 records=0
[2026-02-11T19:24:02.418535] BRAGE,407740,1,2737,-50,2,100,DL,
[2026-02-11T19:24:02.500776] [TDMA] RX header: slot=1 frame=2738 epoch=274826268 records=0
[2026-02-11T19:24:02.517270] BRAGE,407840,1,2738,-67,1,100,DL,
[2026-02-11T19:24:02.600211] [TDMA] RX header: slot=1 frame=2739 epoch=274926268 records=0
[2026-02-11T19:24:02.616524] BRAGE,407940,1,2739,-67,1,100,DL,
[2026-02-11T19:24:02.699374] [TDMA] RX header: slot=1 frame=2740 epoch=275026268 records=0
[2026-02-11T19:24:02.715714] BRAGE,408040,1,2740,-70,0,100,DL,
[2026-02-11T19:24:02.726144] [TDMA] TX DOWNLINK: records=1
[2026-02-11T19:24:02.798313] [TDMA] RX header: slot=1 frame=2741 epoch=275126268 records=0
[2026-02-11T19:24:02.815669] BRAGE,408140,1,2741,-64,1,100,DL,
[2026-02-11T19:24:02.898216] [TDMA] RX header: slot=1 frame=2742 epoch=275226268 records=0
[2026-02-11T19:24:02.914609] BRAGE,408240,1,2742,-50,4,100,DL,
[2026-02-11T19:24:02.997073] [TDMA] RX header: slot=1 frame=2743 epoch=275326268 records=0
[2026-02-11T19:24:03.014311] BRAGE,408340,1,2743,-69,0,100,DL,
[2026-02-11T19:24:03.096702] [TDMA] RX header: slot=1 frame=2744 epoch=275426268 records=0
[2026-02-11T19:24:03.114333] BRAGE,408440,1,2744,-69,0,100,DL,
[2026-02-11T19:24:03.196465] [TDMA] RX header: slot=1 frame=2745 epoch=275526268 records=0
[2026-02-11T19:24:03.212884] BRAGE,408540,1,2745,-50,2,100,DL,
[2026-02-11T19:24:03.295274] [TDMA] RX header: slot=1 frame=2746 epoch=275626268 records=0
[2026-02-11T19:24:03.312075] BRAGE,408640,1,2746,-66,0,100,DL,
[2026-02-11T19:24:03.394863] [TDMA] RX header: slot=1 frame=2747 epoch=275726268 records=0
[2026-02-11T19:24:03.411831] BRAGE,408740,1,2747,-72,0,100,DL,
[2026-02-11T19:24:03.493593] [TDMA] RX header: slot=1 frame=2748 epoch=275826268 records=0
[2026-02-11T19:24:03.511332] BRAGE,408840,1,2748,-47,3,100,DL,
[2026-02-11T19:24:03.593592] [TDMA] RX header: slot=1 frame=2749 epoch=275926268 records=0
[2026-02-11T19:24:03.610825] BRAGE,408941,1,2749,-47,2,100,DL,
[2026-02-11T19:24:03.692944] [TDMA] RX header: slot=1 frame=2750 epoch=276026268 records=0
[2026-02-11T19:24:03.709561] BRAGE,409041,1,2750,-47,1,100,DL,
[2026-02-11T19:24:03.719510] [TDMA] TX DOWNLINK: records=1
[2026-02-11T19:24:03.792216] [TDMA] RX header: slot=1 frame=2751 epoch=276126268 records=0
[2026-02-11T19:24:03.809128] BRAGE,409141,1,2751,-47,3,100,DL,
[2026-02-11T19:24:03.891546] [TDMA] RX header: slot=1 frame=2752 epoch=276226268 records=0
[2026-02-11T19:24:03.908329] BRAGE,409241,1,2752,-48,0,100,DL,
[2026-02-11T19:24:03.990359] [TDMA] RX header: slot=1 frame=2753 epoch=276326268 records=0
[2026-02-11T19:24:04.007762] BRAGE,409341,1,2753,-49,0,100,DL,
[2026-02-11T19:24:04.089696] [TDMA] RX header: slot=1 frame=2754 epoch=276426268 records=0
[2026-02-11T19:24:04.107004] BRAGE,409441,1,2754,-69,-2,100,DL,
[2026-02-11T19:24:04.189425] [TDMA] RX header: slot=1 frame=2755 epoch=276526268 records=0
[2026-02-11T19:24:04.205845] BRAGE,409541,1,2755,-67,0,100,DL,
[2026-02-11T19:24:04.288801] [TDMA] RX header: slot=1 frame=2756 epoch=276626268 records=0
[2026-02-11T19:24:04.305761] BRAGE,409641,1,2756,-45,-1,100,DL,
[2026-02-11T19:24:04.387696] [TDMA] RX header: slot=1 frame=2757 epoch=276726268 records=0
[2026-02-11T19:24:04.404725] BRAGE,409741,1,2757,-45,12,100,DL,
[2026-02-11T19:24:04.487333] [TDMA] RX header: slot=1 frame=2758 epoch=276826268 records=0
[2026-02-11T19:24:04.504255] BRAGE,409841,1,2758,-41,12,100,DL,
[2026-02-11T19:24:04.586257] [TDMA] RX header: slot=1 frame=2759 epoch=276926268 records=0
[2026-02-11T19:24:04.603200] BRAGE,409941,1,2759,-72,6,100,DL,
[2026-02-11T19:24:04.686096] [TDMA] RX header: slot=1 frame=2760 epoch=277026268 records=0
[2026-02-11T19:24:04.703238] BRAGE,410041,1,2760,-72,6,100,DL,
[2026-02-11T19:24:04.712787] [TDMA] TX DOWNLINK: records=1
[2026-02-11T19:24:04.785423] [TDMA] RX header: slot=1 frame=2761 epoch=277126268 records=0
[2026-02-11T19:24:04.802301] BRAGE,410141,1,2761,-72,6,100,DL,
[2026-02-11T19:24:04.884552] [TDMA] RX header: slot=1 frame=2762 epoch=277226268 records=0
[2026-02-11T19:24:04.901846] BRAGE,410241,1,2762,-70,7,100,DL,
[2026-02-11T19:24:05.001022] BRAGE,410341,1,2763,0,0,99,NONE,
[2026-02-11T19:24:05.083378] [TDMA] RX header: slot=1 frame=2764 epoch=277426268 records=0
[2026-02-11T19:24:05.099861] BRAGE,410442,1,2764,-70,6,99,DL,
[2026-02-11T19:24:05.182808] [TDMA] RX header: slot=1 frame=2765 epoch=277526268 records=0
[2026-02-11T19:24:05.199893] BRAGE,410542,1,2765,-72,6,99,DL,
[2026-02-11T19:24:05.299081] BRAGE,410642,1,2766,0,0,98,NONE,
[2026-02-11T19:24:05.398106] BRAGE,410742,1,2767,0,0,97,NONE,
[2026-02-11T19:24:05.480795] [TDMA] RX header: slot=1 frame=2768 epoch=277826268 records=0
[2026-02-11T19:24:05.497185] BRAGE,410842,1,2768,-73,6,97,DL,
[2026-02-11T19:24:05.580242] [TDMA] RX header: slot=1 frame=2769 epoch=277926268 records=0
[2026-02-11T19:24:05.596577] BRAGE,410942,1,2769,-72,6,97,DL,
[2026-02-11T19:24:05.679346] [TDMA] RX header: slot=1 frame=2770 epoch=278026268 records=0
[2026-02-11T19:24:05.696222] BRAGE,411042,1,2770,-64,9,97,DL,
[2026-02-11T19:24:05.706248] [TDMA] TX DOWNLINK: records=1
[2026-02-11T19:24:05.778388] [TDMA] RX header: slot=1 frame=2771 epoch=278126268 records=0
[2026-02-11T19:24:05.795065] BRAGE,411142,1,2771,-72,7,97,DL,
[2026-02-11T19:24:05.877999] [TDMA] RX header: slot=1 frame=2772 epoch=278226268 records=0
[2026-02-11T19:24:05.897904] BRAGE,411242,1,2772,-67,12,97,DL,
[2026-02-11T19:24:05.977097] [TDMA] RX header: slot=1 frame=2773 epoch=278326268 records=0
[2026-02-11T19:24:05.994615] BRAGE,411342,1,2773,-74,11,97,DL,
[2026-02-11T19:24:06.076790] [TDMA] RX header: slot=1 frame=2774 epoch=278426268 records=0
[2026-02-11T19:24:06.093265] BRAGE,411442,1,2774,-73,10,97,DL,
[2026-02-11T19:24:06.175550] [TDMA] RX header: slot=1 frame=2775 epoch=278526268 records=0
[2026-02-11T19:24:06.192392] BRAGE,411542,1,2775,-74,12,97,DL,
[2026-02-11T19:24:06.291730] BRAGE,411642,1,2776,0,0,96,NONE,
[2026-02-11T19:24:06.374433] [TDMA] RX header: slot=1 frame=2777 epoch=278726268 records=0
[2026-02-11T19:24:06.391499] BRAGE,411742,1,2777,-67,10,96,DL,
[2026-02-11T19:24:06.473739] [TDMA] RX header: slot=1 frame=2778 epoch=278826268 records=0
[2026-02-11T19:24:06.490958] BRAGE,411842,1,2778,-70,8,96,DL,
[2026-02-11T19:24:06.573034] [TDMA] RX header: slot=1 frame=2779 epoch=278926268 records=0
[2026-02-11T19:24:06.590139] BRAGE,411943,1,2779,-73,7,96,DL,
[2026-02-11T19:24:06.672836] [TDMA] RX header: slot=1 frame=2780 epoch=279026268 records=0
[2026-02-11T19:24:06.689504] BRAGE,412043,1,2780,-73,8,96,DL,
[2026-02-11T19:24:06.699466] [TDMA] TX DOWNLINK: records=1
[2026-02-11T19:24:06.772206] [TDMA] RX header: slot=1 frame=2781 epoch=279126268 records=0
[2026-02-11T19:24:06.788825] BRAGE,412143,1,2781,-74,10,96,DL,
[2026-02-11T19:24:06.871534] [TDMA] RX header: slot=1 frame=2782 epoch=279226268 records=0
[2026-02-11T19:24:06.888141] BRAGE,412243,1,2782,-73,8,96,DL,
[2026-02-11T19:24:06.970840] [TDMA] RX header: slot=1 frame=2783 epoch=279326268 records=0
[2026-02-11T19:24:06.987141] BRAGE,412343,1,2783,-73,8,96,DL,
[2026-02-11T19:24:07.069981] [TDMA] RX header: slot=1 frame=2784 epoch=279426268 records=0
[2026-02-11T19:24:07.086475] BRAGE,412443,1,2784,-73,8,96,DL,
[2026-02-11T19:24:07.169521] [TDMA] RX header: slot=1 frame=2785 epoch=279526268 records=0
[2026-02-11T19:24:07.185850] BRAGE,412543,1,2785,-73,8,96,DL,
[2026-02-11T19:24:07.268610] [TDMA] RX header: slot=1 frame=2786 epoch=279626268 records=0
[2026-02-11T19:24:07.290097] BRAGE,412643,1,2786,-70,9,96,DL,
[2026-02-11T19:24:07.367566] [TDMA] RX header: slot=1 frame=2787 epoch=279726268 records=0
[2026-02-11T19:24:07.384339] BRAGE,412743,1,2787,-73,7,96,DL,
[2026-02-11T19:24:07.467095] [TDMA] RX header: slot=1 frame=2788 epoch=279826268 records=0
[2026-02-11T19:24:07.484384] BRAGE,412843,1,2788,-73,8,96,DL,
[2026-02-11T19:24:07.566478] [TDMA] RX header: slot=1 frame=2789 epoch=279926268 records=0
[2026-02-11T19:24:07.583090] BRAGE,412943,1,2789,-73,8,96,DL,
[2026-02-11T19:24:07.666055] [TDMA] RX header: slot=1 frame=2790 epoch=280026268 records=0
[2026-02-11T19:24:07.682178] BRAGE,413043,1,2790,-73,8,96,DL,
[2026-02-11T19:24:07.692808] [TDMA] TX DOWNLINK: records=1
[2026-02-11T19:24:07.765312] [TDMA] RX header: slot=1 frame=2791 epoch=280126268 records=0
[2026-02-11T19:24:07.782597] BRAGE,413143,1,2791,-67,12,96,DL,
[2026-02-11T19:24:07.863904] [TDMA] RX header: slot=1 frame=2792 epoch=280226268 records=0
[2026-02-11T19:24:07.880765] BRAGE,413243,1,2792,-73,8,96,DL,
[2026-02-11T19:24:07.963222] [TDMA] RX header: slot=1 frame=2793 epoch=280326268 records=0
[2026-02-11T19:24:07.980415] BRAGE,413343,1,2793,-71,12,96,DL,
