[2026-02-15T14:44:06.826784] BRAGE,5326,1,42,0,0,2,NONE,
[2026-02-15T14:44:06.906916] [TDMA] TX UPLINK: frame=43 records=0
[2026-02-15T14:44:06.926876] BRAGE,5426,1,43,0,0,2,NONE,
[2026-02-15T14:44:07.005759] [TDMA] TX UPLINK: frame=44 records=0
[2026-02-15T14:44:07.026052] BRAGE,5526,1,44,0,0,2,NONE,
[2026-02-15T14:44:07.105463] [TDMA] TX UPLINK: frame=45 records=0
[2026-02-15T14:44:07.125938] BRAGE,5626,1,45,0,0,2,NONE,
[2026-02-15T14:44:07.205709] [TDMA] TX UPLINK: frame=46 records=0
[2026-02-15T14:44:07.225017] BRAGE,5726,1,46,0,0,2,NONE,
[2026-02-15T14:44:07.304300] [TDMA] TX UPLINK: frame=47 records=0
[2026-02-15T14:44:07.324150] BRAGE,5826,1,47,0,0,2,NONE,
[2026-02-15T14:44:07.404168] [TDMA] TX UPLINK: frame=48 records=0
[2026-02-15T14:44:07.423238] BRAGE,5926,1,48,0,0,2,NONE,
[2026-02-15T14:44:07.503131] [TDMA] TX UPLINK: frame=49 records=0
[2026-02-15T14:44:07.523360] BRAGE,6026,1,49,0,0,2,NONE,
[2026-02-15T14:44:07.602322] [TDMA] TX UPLINK: frame=50 records=0
[2026-02-15T14:44:07.622379] BRAGE,6126,1,50,0,0,2,NONE,
[2026-02-15T14:44:07.702222] [TDMA] TX UPLINK: frame=51 records=0
[2026-02-15T14:44:07.722252] BRAGE,6226,1,51,0,0,2,NONE,
[2026-02-15T14:44:07.800790] [TDMA] TX UPLINK: frame=52 records=0
[2026-02-15T14:44:07.821410] BRAGE,6326,1,52,0,0,2,NONE,
[2026-02-15T14:44:07.900906] [TDMA] TX UPLINK: frame=53 records=0
[2026-02-15T14:44:07.920748] BRAGE,6426,1,53,0,0,2,NONE,
[2026-02-15T14:44:08.000437] [TDMA] TX UPLINK: frame=54 records=0
[2026-02-15T14:44:08.020223] BRAGE,6526,1,54,0,0,2,NONE,
[2026-02-15T14:44:08.103124] [TDMA] TX UPLINK: frame=55 records=0
[2026-02-15T14:44:08.119199] BRAGE,6626,1,55,0,0,2,NONE,
[2026-02-15T14:44:08.199226] [TDMA] TX UPLINK: frame=56 records=0
[2026-02-15T14:44:08.219008] BRAGE,6726,1,56,0,0,2,NONE,
[2026-02-15T14:44:08.256209] RX CAN id=0x67f dlc=4
[2026-02-15T14:44:08.256430] RX CAN id=0x67f dlc=4
[2026-02-15T14:44:08.256541] RX CAN id=0x67f dlc=4
[2026-02-15T14:44:08.256652] RX CAN id=0x67f dlc=4
[2026-02-15T14:44:08.256754] RX CAN id=0x67f dlc=4
[2026-02-15T14:44:08.256909] RX CAN id=0x67f dlc=4
[2026-02-15T14:44:08.257055] RX CAN id=0x67f dlc=4
[2026-02-15T14:44:08.257199] RX CAN id=0x67f dlc=4
[2026-02-15T14:44:08.257343] RX CAN id=0x67f dlc=4
[2026-02-15T14:44:08.257486] RX CAN id=0x67f dlc=4
[2026-02-15T14:44:08.257590] [CAN] Frame sent (ID:0x67f, DLC:4)
[2026-02-15T14:44:08.257696] [CAN] Frame sent (ID:0x67f, DLC:4)
[2026-02-15T14:44:08.257800] [CAN] Frame sent (ID:0x67f, DLC:4)
[2026-02-15T14:44:08.257919] [CAN] Frame sent (ID:0x67f, DLC:4)
[2026-02-15T14:44:08.258023] [CAN] Frame sent (ID:0x67f, DLC:4)
[2026-02-15T14:44:08.258127] [CAN] Frame sent (ID:0x67f, DLC:4)
[2026-02-15T14:44:08.258232] [CAN] Frame sent (ID:0x67f, DLC:4)
[2026-02-15T14:44:08.258336] [CAN] Frame sent (ID:0x67f, DLC:4)
[2026-02-15T14:44:08.258440] [CAN] Frame sent (ID:0x67f, DLC:4)
[2026-02-15T14:44:08.258549] [CAN] Frame sent (ID:0x67f, DLC:4)
[2026-02-15T14:44:08.298472] [TDMA] TX UPLINK: frame=57 records=0
[2026-02-15T14:44:08.318414] BRAGE,6826,1,57,-62,13,3,UL,
[2026-02-15T14:44:08.397749] [TDMA] TX UPLINK: frame=58 records=0
[2026-02-15T14:44:08.417650] BRAGE,6926,1,58,0,0,3,NONE,
[2026-02-15T14:44:08.456544] RX CAN id=0x67f dlc=4
[2026-02-15T14:44:08.456815] RX CAN id=0x67f dlc=4
[2026-02-15T14:44:08.456925] RX CAN id=0x67f dlc=4
[2026-02-15T14:44:08.457000] RX CAN id=0x67f dlc=4
[2026-02-15T14:44:08.457075] RX CAN id=0x67f dlc=4
[2026-02-15T14:44:08.457149] RX CAN id=0x123 dlc=3
[2026-02-15T14:44:08.457222] RX CAN id=0x67f dlc=4
[2026-02-15T14:44:08.457298] RX CAN id=0x67f dlc=4
[2026-02-15T14:44:08.457377] RX CAN id=0x67f dlc=4
[2026-02-15T14:44:08.457450] RX CAN id=0x67f dlc=4
[2026-02-15T14:44:08.457521] RX CAN id=0x67f dlc=4
[2026-02-15T14:44:08.457626] [CAN] Frame sent (ID:0x67f, DLC:4)
[2026-02-15T14:44:08.457741] [CAN] Frame sent (ID:0x67f, DLC:4)
[2026-02-15T14:44:08.457851] [CAN] Frame sent (ID:0x67f, DLC:4)
[2026-02-15T14:44:08.457957] [CAN] Frame sent (ID:0x67f, DLC:4)
[2026-02-15T14:44:08.458061] [CAN] Frame sent (ID:0x67f, DLC:4)
[2026-02-15T14:44:08.458165] [CAN] Frame sent (ID:0x123, DLC:3)
[2026-02-15T14:44:08.458311] [CAN] Frame sent (ID:0x67f, DLC:4)
[2026-02-15T14:44:08.458421] [CAN] Frame sent (ID:0x67f, DLC:4)
[2026-02-15T14:44:08.458525] [CAN] Frame sent (ID:0x67f, DLC:4)
[2026-02-15T14:44:08.458629] [CAN] Frame sent (ID:0x67f, DLC:4)
[2026-02-15T14:44:08.458734] [CAN] Frame sent (ID:0x67f, DLC:4)
[2026-02-15T14:44:08.497278] [TDMA] TX UPLINK: frame=59 records=0
[2026-02-15T14:44:08.516737] BRAGE,7026,1,59,-63,12,4,UL,
[2026-02-15T14:44:08.553708] RX CAN id=0x67f dlc=4
[2026-02-15T14:44:08.553974] RX CAN id=0x67f dlc=4
[2026-02-15T14:44:08.554084] RX CAN id=0x67f dlc=4
[2026-02-15T14:44:08.554185] RX CAN id=0x67f dlc=4
[2026-02-15T14:44:08.554287] RX CAN id=0x67f dlc=4
[2026-02-15T14:44:08.554401] RX CAN id=0x67f dlc=4
[2026-02-15T14:44:08.554501] RX CAN id=0x67f dlc=4
[2026-02-15T14:44:08.554601] RX CAN id=0x67f dlc=4
[2026-02-15T14:44:08.554703] RX CAN id=0x67f dlc=4
[2026-02-15T14:44:08.554801] RX CAN id=0x67f dlc=4
[2026-02-15T14:44:08.554920] [CAN] Frame sent (ID:0x67f, DLC:4)
[2026-02-15T14:44:08.555030] [CAN] Frame sent (ID:0x67f, DLC:4)
[2026-02-15T14:44:08.555134] [CAN] Frame sent (ID:0x67f, DLC:4)
[2026-02-15T14:44:08.555237] [CAN] Frame sent (ID:0x67f, DLC:4)
[2026-02-15T14:44:08.555339] [CAN] Frame sent (ID:0x67f, DLC:4)
[2026-02-15T14:44:08.555442] [CAN] Frame sent (ID:0x67f, DLC:4)
[2026-02-15T14:44:08.555545] [CAN] Frame sent (ID:0x67f, DLC:4)
[2026-02-15T14:44:08.555649] [CAN] Frame sent (ID:0x67f, DLC:4)
[2026-02-15T14:44:08.555752] [CAN] Frame sent (ID:0x67f, DLC:4)
[2026-02-15T14:44:08.555861] [CAN] Frame sent (ID:0x67f, DLC:4)
[2026-02-15T14:44:08.596524] [TDMA] TX UPLINK: frame=60 records=0
[2026-02-15T14:44:08.616201] BRAGE,7126,1,60,-63,12,5,UL,
[2026-02-15T14:44:08.695977] [TDMA] TX UPLINK: frame=61 records=0
[2026-02-15T14:44:08.715793] BRAGE,7226,1,61,0,0,5,NONE,
[2026-02-15T14:44:08.795470] [TDMA] TX UPLINK: frame=62 records=0
[2026-02-15T14:44:08.815457] BRAGE,7326,1,62,0,0,5,NONE,
[2026-02-15T14:44:08.894668] [TDMA] TX UPLINK: frame=63 records=0
[2026-02-15T14:44:08.913906] BRAGE,7426,1,63,0,0,5,NONE,
[2026-02-15T14:44:08.994279] [TDMA] TX UPLINK: frame=64 records=0
[2026-02-15T14:44:09.014226] BRAGE,7526,1,64,0,0,5,NONE,
[2026-02-15T14:44:09.093172] [TDMA] TX UPLINK: frame=65 records=0
[2026-02-15T14:44:09.113465] BRAGE,7626,1,65,0,0,5,NONE,
[2026-02-15T14:44:09.192887] [TDMA] TX UPLINK: frame=66 records=0
[2026-02-15T14:44:09.212709] BRAGE,7726,1,66,0,0,5,NONE,
[2026-02-15T14:44:09.292581] [TDMA] TX UPLINK: frame=67 records=0
[2026-02-15T14:44:09.312256] BRAGE,7826,1,67,0,0,5,NONE,
[2026-02-15T14:44:09.391567] [TDMA] TX UPLINK: frame=68 records=0
[2026-02-15T14:44:09.411467] BRAGE,7926,1,68,0,0,5,NONE,
[2026-02-15T14:44:09.491256] [TDMA] TX UPLINK: frame=69 records=0
[2026-02-15T14:44:09.510917] BRAGE,8026,1,69,0,0,5,NONE,
[2026-02-15T14:44:09.590491] [TDMA] TX UPLINK: frame=70 records=0
[2026-02-15T14:44:09.610476] BRAGE,8126,1,70,0,0,5,NONE,
[2026-02-15T14:44:09.689741] [TDMA] TX UPLINK: frame=71 records=0
[2026-02-15T14:44:09.709612] BRAGE,8226,1,71,0,0,5,NONE,
[2026-02-15T14:44:09.789284] [TDMA] TX UPLINK: frame=72 records=0
[2026-02-15T14:44:09.809252] BRAGE,8326,1,72,0,0,5,NONE,
[2026-02-15T14:44:09.888545] [TDMA] TX UPLINK: frame=73 records=0
[2026-02-15T14:44:09.908464] BRAGE,8426,1,73,0,0,5,NONE,
[2026-02-15T14:44:09.945228] RX CAN id=0x67f dlc=4
[2026-02-15T14:44:09.945451] RX CAN id=0x67f dlc=4
[2026-02-15T14:44:09.945559] RX CAN id=0x67f dlc=4
[2026-02-15T14:44:09.945661] RX CAN id=0x67f dlc=4
[2026-02-15T14:44:09.945769] RX CAN id=0x67f dlc=4
[2026-02-15T14:44:09.946257] RX CAN id=0x67f dlc=4
[2026-02-15T14:44:09.946539] RX CAN id=0x67f dlc=4
[2026-02-15T14:44:09.946693] RX CAN id=0x67f dlc=4
[2026-02-15T14:44:09.946869] RX CAN id=0x67f dlc=4
[2026-02-15T14:44:09.946981] RX CAN id=0x67f dlc=4
[2026-02-15T14:44:09.947138] [CAN] Frame sent (ID:0x67f, DLC:4)
[2026-02-15T14:44:09.947297] [CAN] Frame sent (ID:0x67f, DLC:4)
[2026-02-15T14:44:09.947453] [CAN] Frame sent (ID:0x67f, DLC:4)
[2026-02-15T14:44:09.947610] [CAN] Frame sent (ID:0x67f, DLC:4)
[2026-02-15T14:44:09.947813] [CAN] Frame sent (ID:0x67f, DLC:4)
[2026-02-15T14:44:09.947977] [CAN] Frame sent (ID:0x67f, DLC:4)
[2026-02-15T14:44:09.948135] [CAN] Frame sent (ID:0x67f, DLC:4)
[2026-02-15T14:44:09.948293] [CAN] Frame sent (ID:0x67f, DLC:4)
[2026-02-15T14:44:09.948452] [CAN] Frame sent (ID:0x67f, DLC:4)
[2026-02-15T14:44:09.948609] [CAN] Frame sent (ID:0x67f, DLC:4)
[2026-02-15T14:44:09.987668] [TDMA] TX UPLINK: frame=74 records=0
[2026-02-15T14:44:10.007555] BRAGE,8526,1,74,-63,13,6,UL,
[2026-02-15T14:44:10.087596] [TDMA] TX UPLINK: frame=75 records=0
[2026-02-15T14:44:10.106989] BRAGE,8626,1,75,0,0,6,NONE,
[2026-02-15T14:44:10.186594] [TDMA] TX UPLINK: frame=76 records=0
[2026-02-15T14:44:10.206516] BRAGE,8726,1,76,0,0,6,NONE,
[2026-02-15T14:44:10.286290] [TDMA] TX UPLINK: frame=77 records=0
[2026-02-15T14:44:10.306061] BRAGE,8826,1,77,0,0,6,NONE,
[2026-02-15T14:44:10.385586] [TDMA] TX UPLINK: frame=78 records=0
[2026-02-15T14:44:10.405587] BRAGE,8926,1,78,0,0,6,NONE,
[2026-02-15T14:44:10.484789] [TDMA] TX UPLINK: frame=79 records=0
[2026-02-15T14:44:10.504702] BRAGE,9026,1,79,0,0,6,NONE,
[2026-02-15T14:44:10.584617] [TDMA] TX UPLINK: frame=80 records=0
[2026-02-15T14:44:10.604274] BRAGE,9126,1,80,0,0,6,NONE,
[2026-02-15T14:44:10.683703] [TDMA] TX UPLINK: frame=81 records=0
[2026-02-15T14:44:10.703506] BRAGE,9226,1,81,0,0,6,NONE,
[2026-02-15T14:44:10.783456] [TDMA] TX UPLINK: frame=82 records=0
[2026-02-15T14:44:10.802814] BRAGE,9326,1,82,0,0,6,NONE,
[2026-02-15T14:44:10.882631] [TDMA] TX UPLINK: frame=83 records=0
[2026-02-15T14:44:10.902341] BRAGE,9426,1,83,0,0,6,NONE,
[2026-02-15T14:44:10.981806] [TDMA] TX UPLINK: frame=84 records=0
[2026-02-15T14:44:11.001611] BRAGE,9526,1,84,0,0,6,NONE,
[2026-02-15T14:44:11.081336] [TDMA] TX UPLINK: frame=85 records=0
[2026-02-15T14:44:11.100998] BRAGE,9626,1,85,0,0,6,NONE,
[2026-02-15T14:44:11.180218] [TDMA] TX UPLINK: frame=86 records=0
[2026-02-15T14:44:11.200506] BRAGE,9726,1,86,0,0,6,NONE,
[2026-02-15T14:44:11.279451] [TDMA] TX UPLINK: frame=87 records=0
[2026-02-15T14:44:11.299436] BRAGE,9826,1,87,0,0,6,NONE,
[2026-02-15T14:44:11.379401] [TDMA] TX UPLINK: frame=88 records=0
[2026-02-15T14:44:11.399314] BRAGE,9926,1,88,0,0,6,NONE,
[2026-02-15T14:44:11.478572] [TDMA] TX UPLINK: frame=89 records=0
[2026-02-15T14:44:11.498579] BRAGE,10026,1,89,0,0,6,NONE,
[2026-02-15T14:44:11.578324] [TDMA] TX UPLINK: frame=90 records=0
[2026-02-15T14:44:11.597820] BRAGE,10126,1,90,0,0,6,NONE,
[2026-02-15T14:44:11.677547] [TDMA] TX UPLINK: frame=91 records=0
[2026-02-15T14:44:11.696984] BRAGE,10226,1,91,0,0,6,NONE,
[2026-02-15T14:44:11.776691] [TDMA] TX UPLINK: frame=92 records=0
[2026-02-15T14:44:11.796595] BRAGE,10326,1,92,0,0,6,NONE,
[2026-02-15T14:44:11.876088] [TDMA] TX UPLINK: frame=93 records=0
[2026-02-15T14:44:11.895983] BRAGE,10426,1,93,0,0,6,NONE,
[2026-02-15T14:44:11.975498] [TDMA] TX UPLINK: frame=94 records=0
[2026-02-15T14:44:11.995475] BRAGE,10526,1,94,0,0,6,NONE,
[2026-02-15T14:44:12.032015] RX CAN id=0x67f dlc=4
[2026-02-15T14:44:12.032238] RX CAN id=0x67f dlc=4
[2026-02-15T14:44:12.032343] RX CAN id=0x67f dlc=4
[2026-02-15T14:44:12.032445] RX CAN id=0x67f dlc=4
[2026-02-15T14:44:12.032550] RX CAN id=0x67f dlc=4
[2026-02-15T14:44:12.032660] RX CAN id=0x67f dlc=4
[2026-02-15T14:44:12.032765] RX CAN id=0x67f dlc=4
[2026-02-15T14:44:12.032874] RX CAN id=0x67f dlc=4
[2026-02-15T14:44:12.032981] RX CAN id=0x67f dlc=4
[2026-02-15T14:44:12.033083] RX CAN id=0x67f dlc=4
[2026-02-15T14:44:12.033188] [CAN] Frame sent (ID:0x67f, DLC:4)
[2026-02-15T14:44:12.033300] [CAN] Frame sent (ID:0x67f, DLC:4)
[2026-02-15T14:44:12.033403] [CAN] Frame sent (ID:0x67f, DLC:4)
[2026-02-15T14:44:12.033507] [CAN] Frame sent (ID:0x67f, DLC:4)
[2026-02-15T14:44:12.033610] [CAN] Frame sent (ID:0x67f, DLC:4)
[2026-02-15T14:44:12.033713] [CAN] Frame sent (ID:0x67f, DLC:4)
[2026-02-15T14:44:12.033817] [CAN] Frame sent (ID:0x67f, DLC:4)
[2026-02-15T14:44:12.033926] [CAN] Frame sent (ID:0x67f, DLC:4)
[2026-02-15T14:44:12.034030] [CAN] Frame sent (ID:0x67f, DLC:4)
[2026-02-15T14:44:12.034135] [CAN] Frame sent (ID:0x67f, DLC:4)
[2026-02-15T14:44:12.074802] [TDMA] TX UPLINK: frame=95 records=0
[2026-02-15T14:44:12.094698] BRAGE,10626,1,95,-63,13,7,UL,
[2026-02-15T14:44:12.174381] [TDMA] TX UPLINK: frame=96 records=0
[2026-02-15T14:44:12.193802] BRAGE,10726,1,96,0,0,7,NONE,
[2026-02-15T14:44:12.273445] [TDMA] TX UPLINK: frame=97 records=0
[2026-02-15T14:44:12.293391] BRAGE,10826,1,97,0,0,7,NONE,
[2026-02-15T14:44:12.329910] RX CAN id=0x67f dlc=4
[2026-02-15T14:44:12.330198] RX CAN id=0x67f dlc=4
[2026-02-15T14:44:12.330567] RX CAN id=0x67f dlc=4
[2026-02-15T14:44:12.330769] RX CAN id=0x67f dlc=4
[2026-02-15T14:44:12.330878] RX CAN id=0x67f dlc=4
[2026-02-15T14:44:12.330970] RX CAN id=0x67f dlc=4
[2026-02-15T14:44:12.331043] RX CAN id=0x67f dlc=4
[2026-02-15T14:44:12.331115] RX CAN id=0x67f dlc=4
[2026-02-15T14:44:12.331196] RX CAN id=0x67f dlc=4
[2026-02-15T14:44:12.331268] RX CAN id=0x67f dlc=4
[2026-02-15T14:44:12.331375] [CAN] Frame sent (ID:0x67f, DLC:4)
[2026-02-15T14:44:12.331481] [CAN] Frame sent (ID:0x67f, DLC:4)
[2026-02-15T14:44:12.331586] [CAN] Frame sent (ID:0x67f, DLC:4)
[2026-02-15T14:44:12.331688] [CAN] Frame sent (ID:0x67f, DLC:4)
[2026-02-15T14:44:12.331792] [CAN] Frame sent (ID:0x67f, DLC:4)
[2026-02-15T14:44:12.331914] [CAN] Frame sent (ID:0x67f, DLC:4)
[2026-02-15T14:44:12.332019] [CAN] Frame sent (ID:0x67f, DLC:4)
[2026-02-15T14:44:12.332124] [CAN] Frame sent (ID:0x67f, DLC:4)
[2026-02-15T14:44:12.332228] [CAN] Frame sent (ID:0x67f, DLC:4)
[2026-02-15T14:44:12.332332] [CAN] Frame sent (ID:0x67f, DLC:4)
[2026-02-15T14:44:12.373087] [TDMA] TX UPLINK: frame=98 records=0
[2026-02-15T14:44:12.392863] BRAGE,10926,1,98,-62,12,8,UL,
[2026-02-15T14:44:12.472435] [TDMA] TX UPLINK: frame=99 records=0
[2026-02-15T14:44:12.492408] BRAGE,11026,1,99,0,0,8,NONE,
[2026-02-15T14:44:12.528897] RX CAN id=0x67f dlc=4
[2026-02-15T14:44:12.529289] RX CAN id=0x67f dlc=4
[2026-02-15T14:44:12.529399] RX CAN id=0x67f dlc=4
[2026-02-15T14:44:12.529509] RX CAN id=0x67f dlc=4
[2026-02-15T14:44:12.529615] RX CAN id=0x67f dlc=4
[2026-02-15T14:44:12.529714] RX CAN id=0x67f dlc=4
[2026-02-15T14:44:12.529816] RX CAN id=0x67f dlc=4
[2026-02-15T14:44:12.529946] RX CAN id=0x67f dlc=4
[2026-02-15T14:44:12.530027] RX CAN id=0x67f dlc=4
[2026-02-15T14:44:12.530099] RX CAN id=0x67f dlc=4
[2026-02-15T14:44:12.530207] [CAN] Frame sent (ID:0x67f, DLC:4)
[2026-02-15T14:44:12.530315] [CAN] Frame sent (ID:0x67f, DLC:4)
[2026-02-15T14:44:12.530418] [CAN] Frame sent (ID:0x67f, DLC:4)
[2026-02-15T14:44:12.530522] [CAN] Frame sent (ID:0x67f, DLC:4)
[2026-02-15T14:44:12.530625] [CAN] Frame sent (ID:0x67f, DLC:4)
[2026-02-15T14:44:12.530729] [CAN] Frame sent (ID:0x67f, DLC:4)
[2026-02-15T14:44:12.530842] [CAN] Frame sent (ID:0x67f, DLC:4)
[2026-02-15T14:44:12.530946] [CAN] Frame sent (ID:0x67f, DLC:4)
[2026-02-15T14:44:12.531050] [CAN] Frame sent (ID:0x67f, DLC:4)
[2026-02-15T14:44:12.531154] [CAN] Frame sent (ID:0x67f, DLC:4)
[2026-02-15T14:44:12.571694] [TDMA] TX UPLINK: frame=100 records=0
[2026-02-15T14:44:12.591615] BRAGE,11126,1,100,-64,13,9,UL,
[2026-02-15T14:44:12.671119] [TDMA] TX UPLINK: frame=101 records=0
[2026-02-15T14:44:12.694278] BRAGE,11226,1,101,0,0,9,NONE,
[2026-02-15T14:44:12.727568] RX CAN id=0x67f dlc=4
[2026-02-15T14:44:12.727794] RX CAN id=0x67f dlc=4
[2026-02-15T14:44:12.727944] RX CAN id=0x67f dlc=4
[2026-02-15T14:44:12.728057] RX CAN id=0x67f dlc=4
[2026-02-15T14:44:12.728162] RX CAN id=0x67f dlc=4
[2026-02-15T14:44:12.728267] RX CAN id=0x67f dlc=4
[2026-02-15T14:44:12.728372] RX CAN id=0x67f dlc=4
[2026-02-15T14:44:12.728473] RX CAN id=0x67f dlc=4
[2026-02-15T14:44:12.728578] RX CAN id=0x67f dlc=4
[2026-02-15T14:44:12.728678] RX CAN id=0x67f dlc=4
[2026-02-15T14:44:12.728838] [CAN] Frame sent (ID:0x67f, DLC:4)
[2026-02-15T14:44:12.728988] [CAN] Frame sent (ID:0x67f, DLC:4)
[2026-02-15T14:44:12.729133] [CAN] Frame sent (ID:0x67f, DLC:4)
[2026-02-15T14:44:12.729257] [CAN] Frame sent (ID:0x67f, DLC:4)
[2026-02-15T14:44:12.729361] [CAN] Frame sent (ID:0x67f, DLC:4)
[2026-02-15T14:44:12.729464] [CAN] Frame sent (ID:0x67f, DLC:4)
[2026-02-15T14:44:12.729635] [CAN] Frame sent (ID:0x67f, DLC:4)
[2026-02-15T14:44:12.729739] [CAN] Frame sent (ID:0x67f, DLC:4)
[2026-02-15T14:44:12.729846] [CAN] Frame sent (ID:0x67f, DLC:4)
[2026-02-15T14:44:12.729951] [CAN] Frame sent (ID:0x67f, DLC:4)
[2026-02-15T14:44:12.770655] [TDMA] TX UPLINK: frame=102 records=0
[2026-02-15T14:44:12.790449] BRAGE,11326,1,102,-64,11,10,UL,
[2026-02-15T14:44:12.869885] [TDMA] TX UPLINK: frame=103 records=0
[2026-02-15T14:44:12.889736] BRAGE,11426,1,103,0,0,10,NONE,
[2026-02-15T14:44:12.968969] [TDMA] TX UPLINK: frame=104 records=0
[2026-02-15T14:44:12.988937] BRAGE,11526,1,104,0,0,10,NONE,
[2026-02-15T14:44:13.068678] [TDMA] TX UPLINK: frame=105 records=0
[2026-02-15T14:44:13.088635] BRAGE,11626,1,105,0,0,10,NONE,
[2026-02-15T14:44:13.125379] RX CAN id=0x67f dlc=4
[2026-02-15T14:44:13.125601] RX CAN id=0x67f dlc=4
[2026-02-15T14:44:13.125716] RX CAN id=0x67f dlc=4
[2026-02-15T14:44:13.125818] RX CAN id=0x67f dlc=4
[2026-02-15T14:44:13.125968] RX CAN id=0x67f dlc=4
[2026-02-15T14:44:13.126073] RX CAN id=0x67f dlc=4
[2026-02-15T14:44:13.126167] RX CAN id=0x67f dlc=4
[2026-02-15T14:44:13.126240] RX CAN id=0x67f dlc=4
[2026-02-15T14:44:13.126311] RX CAN id=0x67f dlc=4
[2026-02-15T14:44:13.126383] RX CAN id=0x67f dlc=4
[2026-02-15T14:44:13.126488] [CAN] Frame sent (ID:0x67f, DLC:4)
[2026-02-15T14:44:13.126596] [CAN] Frame sent (ID:0x67f, DLC:4)
[2026-02-15T14:44:13.126706] [CAN] Frame sent (ID:0x67f, DLC:4)
[2026-02-15T14:44:13.126810] [CAN] Frame sent (ID:0x67f, DLC:4)
[2026-02-15T14:44:13.126922] [CAN] Frame sent (ID:0x67f, DLC:4)
[2026-02-15T14:44:13.127027] [CAN] Frame sent (ID:0x67f, DLC:4)
[2026-02-15T14:44:13.127132] [CAN] Frame sent (ID:0x67f, DLC:4)
[2026-02-15T14:44:13.127236] [CAN] Frame sent (ID:0x67f, DLC:4)
[2026-02-15T14:44:13.127341] [CAN] Frame sent (ID:0x67f, DLC:4)
[2026-02-15T14:44:13.127447] [CAN] Frame sent (ID:0x67f, DLC:4)
[2026-02-15T14:44:13.167955] [TDMA] TX UPLINK: frame=106 records=0
[2026-02-15T14:44:13.187901] BRAGE,11726,1,106,-63,13,11,UL,
[2026-02-15T14:44:13.267492] [TDMA] TX UPLINK: frame=107 records=0
[2026-02-15T14:44:13.287438] BRAGE,11826,1,107,0,0,11,NONE,
[2026-02-15T14:44:13.366695] [TDMA] TX UPLINK: frame=108 records=0
[2026-02-15T14:44:13.386672] BRAGE,11926,1,108,0,0,11,NONE,
[2026-02-15T14:44:13.465462] [TDMA] TX UPLINK: frame=109 records=0
[2026-02-15T14:44:13.485630] BRAGE,12026,1,109,0,0,11,NONE,
[2026-02-15T14:44:13.565647] [TDMA] TX UPLINK: frame=110 records=0
[2026-02-15T14:44:13.585458] BRAGE,12126,1,110,0,0,11,NONE,
[2026-02-15T14:44:13.664886] [TDMA] TX UPLINK: frame=111 records=0
[2026-02-15T14:44:13.684770] BRAGE,12226,1,111,0,0,11,NONE,
[2026-02-15T14:44:13.764458] [TDMA] TX UPLINK: frame=112 records=0
[2026-02-15T14:44:13.784162] BRAGE,12326,1,112,0,0,11,NONE,
[2026-02-15T14:44:13.863694] [TDMA] TX UPLINK: frame=113 records=0
[2026-02-15T14:44:13.883823] BRAGE,12426,1,113,0,0,11,NONE,
[2026-02-15T14:44:13.963036] [TDMA] TX UPLINK: frame=114 records=0
[2026-02-15T14:44:13.982247] BRAGE,12526,1,114,0,0,11,NONE,
[2026-02-15T14:44:14.062495] [TDMA] TX UPLINK: frame=115 records=0
[2026-02-15T14:44:14.082486] BRAGE,12626,1,115,0,0,11,NONE,
[2026-02-15T14:44:14.161715] [TDMA] TX UPLINK: frame=116 records=0
[2026-02-15T14:44:14.181718] BRAGE,12726,1,116,0,0,11,NONE,
[2026-02-15T14:44:14.261129] [TDMA] TX UPLINK: frame=117 records=0
[2026-02-15T14:44:14.280747] BRAGE,12826,1,117,0,0,10,NONE,
[2026-02-15T14:44:14.360770] [TDMA] TX UPLINK: frame=118 records=0
[2026-02-15T14:44:14.380499] BRAGE,12926,1,118,0,0,10,NONE,
[2026-02-15T14:44:14.459922] [TDMA] TX UPLINK: frame=119 records=0
[2026-02-15T14:44:14.480623] BRAGE,13026,1,119,0,0,10,NONE,
[2026-02-15T14:44:14.559096] [TDMA] TX UPLINK: frame=120 records=0
[2026-02-15T14:44:14.578961] BRAGE,13126,1,120,0,0,10,NONE,
[2026-02-15T14:44:14.658530] [TDMA] TX UPLINK: frame=121 records=0
[2026-02-15T14:44:14.678558] BRAGE,13226,1,121,0,0,10,NONE,
[2026-02-15T14:44:14.757768] [TDMA] TX UPLINK: frame=122 records=0
[2026-02-15T14:44:14.777650] BRAGE,13326,1,122,0,0,10,NONE,
[2026-02-15T14:44:14.857225] [TDMA] TX UPLINK: frame=123 records=0
[2026-02-15T14:44:14.877469] BRAGE,13426,1,123,0,0,10,NONE,
[2026-02-15T14:44:14.956761] [TDMA] TX UPLINK: frame=124 records=0
[2026-02-15T14:44:14.976685] BRAGE,13526,1,124,0,0,10,NONE,
[2026-02-15T14:44:15.056282] [TDMA] TX UPLINK: frame=125 records=0
[2026-02-15T14:44:15.076108] BRAGE,13626,1,125,0,0,10,NONE,
[2026-02-15T14:44:15.155731] [TDMA] TX UPLINK: frame=126 records=0
[2026-02-15T14:44:15.175737] BRAGE,13726,1,126,0,0,10,NONE,
[2026-02-15T14:44:15.254344] [TDMA] TX UPLINK: frame=127 records=0
[2026-02-15T14:44:15.275084] BRAGE,13826,1,127,0,0,10,NONE,
[2026-02-15T14:44:15.354563] [TDMA] TX UPLINK: frame=128 records=0
[2026-02-15T14:44:15.374468] BRAGE,13926,1,128,0,0,10,NONE,
[2026-02-15T14:44:15.453794] [TDMA] TX UPLINK: frame=129 records=0
[2026-02-15T14:44:15.473746] BRAGE,14026,1,129,0,0,10,NONE,
[2026-02-15T14:44:15.507412] RX CAN id=0x67f dlc=4
[2026-02-15T14:44:15.507587] RX CAN id=0x67f dlc=4
[2026-02-15T14:44:15.507662] RX CAN id=0x67f dlc=4
[2026-02-15T14:44:15.507737] RX CAN id=0x67f dlc=4
[2026-02-15T14:44:15.507810] RX CAN id=0x67f dlc=4
[2026-02-15T14:44:15.507893] RX CAN id=0x67f dlc=4
[2026-02-15T14:44:15.507967] RX CAN id=0x67f dlc=4
[2026-02-15T14:44:15.508040] RX CAN id=0x67f dlc=4
[2026-02-15T14:44:15.508114] RX CAN id=0x67f dlc=4
[2026-02-15T14:44:15.508800] [CAN] Frame sent (ID:0x67f, DLC:4)
[2026-02-15T14:44:15.509121] [CAN] Frame sent (ID:0x67f, DLC:4)
[2026-02-15T14:44:15.509324] [CAN] Frame sent (ID:0x67f, DLC:4)
[2026-02-15T14:44:15.509473] [CAN] Frame sent (ID:0x67f, DLC:4)
[2026-02-15T14:44:15.509624] [CAN] Frame sent (ID:0x67f, DLC:4)
[2026-02-15T14:44:15.509769] [CAN] Frame sent (ID:0x67f, DLC:4)
[2026-02-15T14:44:15.509926] [CAN] Frame sent (ID:0x67f, DLC:4)
[2026-02-15T14:44:15.510072] [CAN] Frame sent (ID:0x67f, DLC:4)
[2026-02-15T14:44:15.510192] [CAN] Frame sent (ID:0x67f, DLC:4)
[2026-02-15T14:44:15.553259] [TDMA] TX UPLINK: frame=130 records=0
[2026-02-15T14:44:15.573069] BRAGE,14126,1,130,-63,13,10,UL,
[2026-02-15T14:44:15.609618] RX CAN id=0x67f dlc=4
[2026-02-15T14:44:15.609810] RX CAN id=0x67f dlc=4
[2026-02-15T14:44:15.609932] RX CAN id=0x67f dlc=4
[2026-02-15T14:44:15.610008] RX CAN id=0x67f dlc=4
[2026-02-15T14:44:15.610084] RX CAN id=0x67f dlc=4
[2026-02-15T14:44:15.610157] RX CAN id=0x67f dlc=4
[2026-02-15T14:44:15.610234] RX CAN id=0x67f dlc=4
[2026-02-15T14:44:15.610305] RX CAN id=0x67f dlc=4
[2026-02-15T14:44:15.610380] RX CAN id=0x67f dlc=4
[2026-02-15T14:44:15.610451] RX CAN id=0x67f dlc=4
[2026-02-15T14:44:15.610560] [CAN] Frame sent (ID:0x67f, DLC:4)
[2026-02-15T14:44:15.610666] [CAN] Frame sent (ID:0x67f, DLC:4)
[2026-02-15T14:44:15.610772] [CAN] Frame sent (ID:0x67f, DLC:4)
[2026-02-15T14:44:15.610890] [CAN] Frame sent (ID:0x67f, DLC:4)
[2026-02-15T14:44:15.610994] [CAN] Frame sent (ID:0x67f, DLC:4)
[2026-02-15T14:44:15.611097] [CAN] Frame sent (ID:0x67f, DLC:4)
[2026-02-15T14:44:15.611204] [CAN] Frame sent (ID:0x67f, DLC:4)
[2026-02-15T14:44:15.611308] [CAN] Frame sent (ID:0x67f, DLC:4)
[2026-02-15T14:44:15.611412] [CAN] Frame sent (ID:0x67f, DLC:4)
[2026-02-15T14:44:15.611515] [CAN] Frame sent (ID:0x67f, DLC:4)
[2026-02-15T14:44:15.652782] [TDMA] TX UPLINK: frame=131 records=0
[2026-02-15T14:44:15.672546] BRAGE,14226,1,131,-87,11,11,UL,
[2026-02-15T14:44:15.709126] RX CAN id=0x67f dlc=4
[2026-02-15T14:44:15.709351] RX CAN id=0x67f dlc=4
[2026-02-15T14:44:15.709456] RX CAN id=0x67f dlc=4
[2026-02-15T14:44:15.709559] RX CAN id=0x67f dlc=4
[2026-02-15T14:44:15.709668] RX CAN id=0x67f dlc=4
[2026-02-15T14:44:15.709776] RX CAN id=0x67f dlc=4
[2026-02-15T14:44:15.709884] RX CAN id=0x67f dlc=4
[2026-02-15T14:44:15.709988] RX CAN id=0x67f dlc=4
[2026-02-15T14:44:15.710093] RX CAN id=0x67f dlc=4
[2026-02-15T14:44:15.710194] RX CAN id=0x67f dlc=4
[2026-02-15T14:44:15.710340] [CAN] Frame sent (ID:0x67f, DLC:4)
[2026-02-15T14:44:15.710451] [CAN] Frame sent (ID:0x67f, DLC:4)
[2026-02-15T14:44:15.710555] [CAN] Frame sent (ID:0x67f, DLC:4)
[2026-02-15T14:44:15.710658] [CAN] Frame sent (ID:0x67f, DLC:4)
[2026-02-15T14:44:15.710761] [CAN] Frame sent (ID:0x67f, DLC:4)
[2026-02-15T14:44:15.710906] [CAN] Frame sent (ID:0x67f, DLC:4)
[2026-02-15T14:44:15.711010] [CAN] Frame sent (ID:0x67f, DLC:4)
[2026-02-15T14:44:15.711113] [CAN] Frame sent (ID:0x67f, DLC:4)
[2026-02-15T14:44:15.711218] [CAN] Frame sent (ID:0x67f, DLC:4)
[2026-02-15T14:44:15.711322] [CAN] Frame sent (ID:0x67f, DLC:4)
[2026-02-15T14:44:15.755887] [TDMA] TX UPLINK: frame=132 records=0
[2026-02-15T14:44:15.771541] BRAGE,14326,1,132,-71,12,12,UL,
[2026-02-15T14:44:15.851527] [TDMA] TX UPLINK: frame=133 records=0
[2026-02-15T14:44:15.871207] BRAGE,14426,1,133,0,0,12,NONE,
[2026-02-15T14:44:15.950781] [TDMA] TX UPLINK: frame=134 records=0
[2026-02-15T14:44:15.970748] BRAGE,14526,1,134,0,0,12,NONE,
[2026-02-15T14:44:16.050047] [TDMA] TX UPLINK: frame=135 records=0
[2026-02-15T14:44:16.069952] BRAGE,14626,1,135,0,0,12,NONE,
[2026-02-15T14:44:16.106749] RX CAN id=0x67f dlc=4
[2026-02-15T14:44:16.107029] RX CAN id=0x67f dlc=4
[2026-02-15T14:44:16.107138] RX CAN id=0x67f dlc=4
[2026-02-15T14:44:16.107244] RX CAN id=0x67f dlc=4
[2026-02-15T14:44:16.107345] RX CAN id=0x67f dlc=4
[2026-02-15T14:44:16.107445] RX CAN id=0x67f dlc=4
[2026-02-15T14:44:16.107552] RX CAN id=0x67f dlc=4
[2026-02-15T14:44:16.107660] RX CAN id=0x67f dlc=4
[2026-02-15T14:44:16.107759] RX CAN id=0x67f dlc=4
[2026-02-15T14:44:16.107874] RX CAN id=0x67f dlc=4
[2026-02-15T14:44:16.108020] [CAN] Frame sent (ID:0x67f, DLC:4)
[2026-02-15T14:44:16.108160] [CAN] Frame sent (ID:0x67f, DLC:4)
[2026-02-15T14:44:16.108263] [CAN] Frame sent (ID:0x67f, DLC:4)
[2026-02-15T14:44:16.108366] [CAN] Frame sent (ID:0x67f, DLC:4)
[2026-02-15T14:44:16.108469] [CAN] Frame sent (ID:0x67f, DLC:4)
[2026-02-15T14:44:16.108571] [CAN] Frame sent (ID:0x67f, DLC:4)
[2026-02-15T14:44:16.108675] [CAN] Frame sent (ID:0x67f, DLC:4)
[2026-02-15T14:44:16.108778] [CAN] Frame sent (ID:0x67f, DLC:4)
[2026-02-15T14:44:16.108886] [CAN] Frame sent (ID:0x67f, DLC:4)
[2026-02-15T14:44:16.108989] [CAN] Frame sent (ID:0x67f, DLC:4)
[2026-02-15T14:44:16.149562] [TDMA] TX UPLINK: frame=136 records=0
[2026-02-15T14:44:16.169529] BRAGE,14726,1,136,-55,13,13,UL,
[2026-02-15T14:44:16.248517] [TDMA] TX UPLINK: frame=137 records=0
[2026-02-15T14:44:16.268539] BRAGE,14826,1,137,0,0,13,NONE,
[2026-02-15T14:44:16.348202] [TDMA] TX UPLINK: frame=138 records=0
[2026-02-15T14:44:16.368092] BRAGE,14926,1,138,0,0,13,NONE,
[2026-02-15T14:44:16.447820] [TDMA] TX UPLINK: frame=139 records=0
[2026-02-15T14:44:16.467569] BRAGE,15026,1,139,0,0,13,NONE,
[2026-02-15T14:44:16.546460] [TDMA] TX UPLINK: frame=140 records=0
[2026-02-15T14:44:16.566796] BRAGE,15126,1,140,0,0,13,NONE,
[2026-02-15T14:44:16.601753] RX CAN id=0x67f dlc=4
[2026-02-15T14:44:16.602021] RX CAN id=0x67f dlc=4
[2026-02-15T14:44:16.602130] RX CAN id=0x67f dlc=4
[2026-02-15T14:44:16.602233] RX CAN id=0x67f dlc=4
[2026-02-15T14:44:16.602337] RX CAN id=0x67f dlc=4
[2026-02-15T14:44:16.602442] RX CAN id=0x67f dlc=4
[2026-02-15T14:44:16.602544] RX CAN id=0x67f dlc=4
[2026-02-15T14:44:16.602652] RX CAN id=0x67f dlc=4
[2026-02-15T14:44:16.602753] RX CAN id=0x67f dlc=4
[2026-02-15T14:44:16.602908] [CAN] Frame sent (ID:0x67f, DLC:4)
[2026-02-15T14:44:16.603018] [CAN] Frame sent (ID:0x67f, DLC:4)
[2026-02-15T14:44:16.603122] [CAN] Frame sent (ID:0x67f, DLC:4)
[2026-02-15T14:44:16.603228] [CAN] Frame sent (ID:0x67f, DLC:4)
[2026-02-15T14:44:16.603333] [CAN] Frame sent (ID:0x67f, DLC:4)
[2026-02-15T14:44:16.603438] [CAN] Frame sent (ID:0x67f, DLC:4)
[2026-02-15T14:44:16.603542] [CAN] Frame sent (ID:0x67f, DLC:4)
[2026-02-15T14:44:16.603645] [CAN] Frame sent (ID:0x67f, DLC:4)
[2026-02-15T14:44:16.603749] [CAN] Frame sent (ID:0x67f, DLC:4)
[2026-02-15T14:44:16.646589] [TDMA] TX UPLINK: frame=141 records=0
[2026-02-15T14:44:16.666192] BRAGE,15226,1,141,-64,8,14,UL,
[2026-02-15T14:44:16.702760] RX CAN id=0x67f dlc=4
[2026-02-15T14:44:16.703046] RX CAN id=0x67f dlc=4
[2026-02-15T14:44:16.703154] RX CAN id=0x67f dlc=4
[2026-02-15T14:44:16.703256] RX CAN id=0x67f dlc=4
[2026-02-15T14:44:16.703359] RX CAN id=0x67f dlc=4
[2026-02-15T14:44:16.703467] RX CAN id=0x67f dlc=4
[2026-02-15T14:44:16.703608] RX CAN id=0x67f dlc=4
[2026-02-15T14:44:16.703709] RX CAN id=0x67f dlc=4
[2026-02-15T14:44:16.703819] RX CAN id=0x67f dlc=4
[2026-02-15T14:44:16.703928] RX CAN id=0x67f dlc=4
[2026-02-15T14:44:16.704074] [CAN] Frame sent (ID:0x67f, DLC:4)
[2026-02-15T14:44:16.704197] [CAN] Frame sent (ID:0x67f, DLC:4)
[2026-02-15T14:44:16.704300] [CAN] Frame sent (ID:0x67f, DLC:4)
[2026-02-15T14:44:16.704403] [CAN] Frame sent (ID:0x67f, DLC:4)
[2026-02-15T14:44:16.704512] [CAN] Frame sent (ID:0x67f, DLC:4)
[2026-02-15T14:44:16.704616] [CAN] Frame sent (ID:0x67f, DLC:4)
[2026-02-15T14:44:16.704719] [CAN] Frame sent (ID:0x67f, DLC:4)
[2026-02-15T14:44:16.704823] [CAN] Frame sent (ID:0x67f, DLC:4)
[2026-02-15T14:44:16.704931] [CAN] Frame sent (ID:0x67f, DLC:4)
[2026-02-15T14:44:16.705035] [CAN] Frame sent (ID:0x67f, DLC:4)
[2026-02-15T14:44:16.745628] [TDMA] TX UPLINK: frame=142 records=0
[2026-02-15T14:44:16.765798] BRAGE,15326,1,142,-64,8,15,UL,
[2026-02-15T14:44:16.845072] [TDMA] TX UPLINK: frame=143 records=0
[2026-02-15T14:44:16.864445] BRAGE,15426,1,143,0,0,15,NONE,
[2026-02-15T14:44:16.944608] [TDMA] TX UPLINK: frame=144 records=0
[2026-02-15T14:44:16.964565] BRAGE,15526,1,144,0,0,15,NONE,
[2026-02-15T14:44:16.999109] RX CAN id=0x67f dlc=4
[2026-02-15T14:44:16.999330] RX CAN id=0x67f dlc=4
[2026-02-15T14:44:16.999435] RX CAN id=0x67f dlc=4
[2026-02-15T14:44:16.999537] RX CAN id=0x67f dlc=4
[2026-02-15T14:44:16.999639] RX CAN id=0x67f dlc=4
[2026-02-15T14:44:16.999747] RX CAN id=0x67f dlc=4
[2026-02-15T14:44:16.999881] RX CAN id=0x67f dlc=4
[2026-02-15T14:44:16.999981] RX CAN id=0x67f dlc=4
[2026-02-15T14:44:17.000081] RX CAN id=0x67f dlc=4
[2026-02-15T14:44:17.000216] [CAN] Frame sent (ID:0x67f, DLC:4)
[2026-02-15T14:44:17.000321] [CAN] Frame sent (ID:0x67f, DLC:4)
[2026-02-15T14:44:17.000425] [CAN] Frame sent (ID:0x67f, DLC:4)
[2026-02-15T14:44:17.000528] [CAN] Frame sent (ID:0x67f, DLC:4)
[2026-02-15T14:44:17.000632] [CAN] Frame sent (ID:0x67f, DLC:4)
[2026-02-15T14:44:17.000738] [CAN] Frame sent (ID:0x67f, DLC:4)
[2026-02-15T14:44:17.000847] [CAN] Frame sent (ID:0x67f, DLC:4)
[2026-02-15T14:44:17.000951] [CAN] Frame sent (ID:0x67f, DLC:4)
[2026-02-15T14:44:17.001055] [CAN] Frame sent (ID:0x67f, DLC:4)
[2026-02-15T14:44:17.043312] [TDMA] TX UPLINK: frame=145 records=0
[2026-02-15T14:44:17.063779] BRAGE,15626,1,145,-54,13,16,UL,
[2026-02-15T14:44:17.143224] [TDMA] TX UPLINK: frame=146 records=0
[2026-02-15T14:44:17.163100] BRAGE,15726,1,146,0,0,16,NONE,
[2026-02-15T14:44:17.242615] [TDMA] TX UPLINK: frame=147 records=0
[2026-02-15T14:44:17.262598] BRAGE,15826,1,147,0,0,16,NONE,
[2026-02-15T14:44:17.298663] RX CAN id=0x67f dlc=4
[2026-02-15T14:44:17.298938] RX CAN id=0x67f dlc=4
[2026-02-15T14:44:17.299051] RX CAN id=0x67f dlc=4
[2026-02-15T14:44:17.299152] RX CAN id=0x67f dlc=4
[2026-02-15T14:44:17.299248] RX CAN id=0x67f dlc=4
[2026-02-15T14:44:17.299319] RX CAN id=0x67f dlc=4
[2026-02-15T14:44:17.299391] RX CAN id=0x67f dlc=4
[2026-02-15T14:44:17.299462] RX CAN id=0x67f dlc=4
[2026-02-15T14:44:17.299534] RX CAN id=0x67f dlc=4
[2026-02-15T14:44:17.299605] RX CAN id=0x67f dlc=4
[2026-02-15T14:44:17.300112] [CAN] Frame sent (ID:0x67f, DLC:4)
[2026-02-15T14:44:17.300287] [CAN] Frame sent (ID:0x67f, DLC:4)
[2026-02-15T14:44:17.300391] [CAN] Frame sent (ID:0x67f, DLC:4)
[2026-02-15T14:44:17.300493] [CAN] Frame sent (ID:0x67f, DLC:4)
[2026-02-15T14:44:17.300595] [CAN] Frame sent (ID:0x67f, DLC:4)
[2026-02-15T14:44:17.300698] [CAN] Frame sent (ID:0x67f, DLC:4)
[2026-02-15T14:44:17.300801] [CAN] Frame sent (ID:0x67f, DLC:4)
[2026-02-15T14:44:17.300921] [CAN] Frame sent (ID:0x67f, DLC:4)
[2026-02-15T14:44:17.301024] [CAN] Frame sent (ID:0x67f, DLC:4)
[2026-02-15T14:44:17.301127] [CAN] Frame sent (ID:0x67f, DLC:4)
[2026-02-15T14:44:17.341982] [TDMA] TX UPLINK: frame=148 records=0
[2026-02-15T14:44:17.361801] BRAGE,15926,1,148,-64,8,17,UL,
[2026-02-15T14:44:17.441591] [TDMA] TX UPLINK: frame=149 records=0
[2026-02-15T14:44:17.461207] BRAGE,16026,1,149,0,0,17,NONE,
[2026-02-15T14:44:17.541035] [TDMA] TX UPLINK: frame=150 records=0
[2026-02-15T14:44:17.560160] BRAGE,16126,1,150,0,0,17,NONE,
[2026-02-15T14:44:17.597203] RX CAN id=0x67f dlc=4
[2026-02-15T14:44:17.597426] RX CAN id=0x67f dlc=4
[2026-02-15T14:44:17.597532] RX CAN id=0x67f dlc=4
[2026-02-15T14:44:17.597635] RX CAN id=0x67f dlc=4
[2026-02-15T14:44:17.597738] RX CAN id=0x67f dlc=4
[2026-02-15T14:44:17.598003] RX CAN id=0x67f dlc=4
[2026-02-15T14:44:17.598154] RX CAN id=0x67f dlc=4
[2026-02-15T14:44:17.598259] RX CAN id=0x67f dlc=4
[2026-02-15T14:44:17.598394] RX CAN id=0x67f dlc=4
[2026-02-15T14:44:17.598537] RX CAN id=0x67f dlc=4
[2026-02-15T14:44:17.598743] [CAN] Frame sent (ID:0x67f, DLC:4)
[2026-02-15T14:44:17.598979] [CAN] Frame sent (ID:0x67f, DLC:4)
[2026-02-15T14:44:17.599185] [CAN] Frame sent (ID:0x67f, DLC:4)
[2026-02-15T14:44:17.599386] [CAN] Frame sent (ID:0x67f, DLC:4)
[2026-02-15T14:44:17.599489] [CAN] Frame sent (ID:0x67f, DLC:4)
[2026-02-15T14:44:17.599592] [CAN] Frame sent (ID:0x67f, DLC:4)
[2026-02-15T14:44:17.599696] [CAN] Frame sent (ID:0x67f, DLC:4)
[2026-02-15T14:44:17.599800] [CAN] Frame sent (ID:0x67f, DLC:4)
[2026-02-15T14:44:17.599906] [CAN] Frame sent (ID:0x67f, DLC:4)
[2026-02-15T14:44:17.600009] [CAN] Frame sent (ID:0x67f, DLC:4)
[2026-02-15T14:44:17.640094] [TDMA] TX UPLINK: frame=151 records=0
[2026-02-15T14:44:17.660004] BRAGE,16226,1,151,-54,12,18,UL,
[2026-02-15T14:44:17.739644] [TDMA] TX UPLINK: frame=152 records=0
[2026-02-15T14:44:17.759564] BRAGE,16326,1,152,0,0,18,NONE,
[2026-02-15T14:44:17.795901] RX CAN id=0x67f dlc=4
[2026-02-15T14:44:17.796116] RX CAN id=0x67f dlc=4
[2026-02-15T14:44:17.796192] RX CAN id=0x67f dlc=4
[2026-02-15T14:44:17.796265] RX CAN id=0x67f dlc=4
[2026-02-15T14:44:17.796338] RX CAN id=0x67f dlc=4
[2026-02-15T14:44:17.796411] RX CAN id=0x67f dlc=4
[2026-02-15T14:44:17.796483] RX CAN id=0x67f dlc=4
[2026-02-15T14:44:17.796555] RX CAN id=0x67f dlc=4
[2026-02-15T14:44:17.796626] RX CAN id=0x67f dlc=4
[2026-02-15T14:44:17.796730] [CAN] Frame sent (ID:0x67f, DLC:4)
[2026-02-15T14:44:17.796841] [CAN] Frame sent (ID:0x67f, DLC:4)
[2026-02-15T14:44:17.796945] [CAN] Frame sent (ID:0x67f, DLC:4)
[2026-02-15T14:44:17.797048] [CAN] Frame sent (ID:0x67f, DLC:4)
[2026-02-15T14:44:17.797152] [CAN] Frame sent (ID:0x67f, DLC:4)
[2026-02-15T14:44:17.797256] [CAN] Frame sent (ID:0x67f, DLC:4)
[2026-02-15T14:44:17.797360] [CAN] Frame sent (ID:0x67f, DLC:4)
[2026-02-15T14:44:17.797465] [CAN] Frame sent (ID:0x67f, DLC:4)
[2026-02-15T14:44:17.797569] [CAN] Frame sent (ID:0x67f, DLC:4)
[2026-02-15T14:44:17.838875] [TDMA] TX UPLINK: frame=153 records=0
[2026-02-15T14:44:17.859351] BRAGE,16426,1,153,-64,9,19,UL,
[2026-02-15T14:44:17.938293] [TDMA] TX UPLINK: frame=154 records=0
[2026-02-15T14:44:17.958168] BRAGE,16526,1,154,0,0,19,NONE,
[2026-02-15T14:44:18.037931] [TDMA] TX UPLINK: frame=155 records=0
[2026-02-15T14:44:18.056761] BRAGE,16626,1,155,0,0,19,NONE,
[2026-02-15T14:44:18.137082] [TDMA] TX UPLINK: frame=156 records=0
[2026-02-15T14:44:18.156934] BRAGE,16726,1,156,0,0,19,NONE,
[2026-02-15T14:44:18.191799] RX CAN id=0x67f dlc=4
[2026-02-15T14:44:18.192066] RX CAN id=0x67f dlc=4
[2026-02-15T14:44:18.192186] RX CAN id=0x67f dlc=4
[2026-02-15T14:44:18.192288] RX CAN id=0x67f dlc=4
[2026-02-15T14:44:18.192389] RX CAN id=0x67f dlc=4
[2026-02-15T14:44:18.192490] RX CAN id=0x67f dlc=4
[2026-02-15T14:44:18.192591] RX CAN id=0x67f dlc=4
[2026-02-15T14:44:18.192692] RX CAN id=0x67f dlc=4
[2026-02-15T14:44:18.192802] RX CAN id=0x67f dlc=4
[2026-02-15T14:44:18.192958] [CAN] Frame sent (ID:0x67f, DLC:4)
[2026-02-15T14:44:18.193109] [CAN] Frame sent (ID:0x67f, DLC:4)
[2026-02-15T14:44:18.193255] [CAN] Frame sent (ID:0x67f, DLC:4)
[2026-02-15T14:44:18.193400] [CAN] Frame sent (ID:0x67f, DLC:4)
[2026-02-15T14:44:18.193521] [CAN] Frame sent (ID:0x67f, DLC:4)
[2026-02-15T14:44:18.193626] [CAN] Frame sent (ID:0x67f, DLC:4)
[2026-02-15T14:44:18.193733] [CAN] Frame sent (ID:0x67f, DLC:4)
[2026-02-15T14:44:18.193841] [CAN] Frame sent (ID:0x67f, DLC:4)
[2026-02-15T14:44:18.193947] [CAN] Frame sent (ID:0x67f, DLC:4)
[2026-02-15T14:44:18.236629] [TDMA] TX UPLINK: frame=157 records=0
[2026-02-15T14:44:18.256291] BRAGE,16826,1,157,-54,13,19,UL,
[2026-02-15T14:44:18.292991] RX CAN id=0x67f dlc=4
[2026-02-15T14:44:18.293213] RX CAN id=0x67f dlc=4
[2026-02-15T14:44:18.293320] RX CAN id=0x67f dlc=4
[2026-02-15T14:44:18.293423] RX CAN id=0x67f dlc=4
[2026-02-15T14:44:18.293528] RX CAN id=0x67f dlc=4
[2026-02-15T14:44:18.293636] RX CAN id=0x67f dlc=4
[2026-02-15T14:44:18.293737] RX CAN id=0x67f dlc=4
[2026-02-15T14:44:18.293848] RX CAN id=0x67f dlc=4
[2026-02-15T14:44:18.293949] RX CAN id=0x67f dlc=4
[2026-02-15T14:44:18.294049] RX CAN id=0x67f dlc=4
[2026-02-15T14:44:18.294194] [CAN] Frame sent (ID:0x67f, DLC:4)
[2026-02-15T14:44:18.294351] [CAN] Frame sent (ID:0x67f, DLC:4)
[2026-02-15T14:44:18.294495] [CAN] Frame sent (ID:0x67f, DLC:4)
[2026-02-15T14:44:18.294606] [CAN] Frame sent (ID:0x67f, DLC:4)
[2026-02-15T14:44:18.294709] [CAN] Frame sent (ID:0x67f, DLC:4)
[2026-02-15T14:44:18.294812] [CAN] Frame sent (ID:0x67f, DLC:4)
[2026-02-15T14:44:18.294920] [CAN] Frame sent (ID:0x67f, DLC:4)
[2026-02-15T14:44:18.295025] [CAN] Frame sent (ID:0x67f, DLC:4)
[2026-02-15T14:44:18.295128] [CAN] Frame sent (ID:0x67f, DLC:4)
[2026-02-15T14:44:18.295231] [CAN] Frame sent (ID:0x67f, DLC:4)
[2026-02-15T14:44:18.335903] [TDMA] TX UPLINK: frame=158 records=0
[2026-02-15T14:44:18.355824] BRAGE,16926,1,158,-64,9,20,UL,
[2026-02-15T14:44:18.435204] [TDMA] TX UPLINK: frame=159 records=0
[2026-02-15T14:44:18.455117] BRAGE,17026,1,159,0,0,19,NONE,
[2026-02-15T14:44:18.534690] [TDMA] TX UPLINK: frame=160 records=0
[2026-02-15T14:44:18.554656] BRAGE,17126,1,160,0,0,18,NONE,
[2026-02-15T14:44:18.590941] RX CAN id=0x67f dlc=4
[2026-02-15T14:44:18.591183] RX CAN id=0x67f dlc=4
[2026-02-15T14:44:18.591289] RX CAN id=0x67f dlc=4
[2026-02-15T14:44:18.591391] RX CAN id=0x67f dlc=4
[2026-02-15T14:44:18.591502] RX CAN id=0x67f dlc=4
[2026-02-15T14:44:18.591603] RX CAN id=0x67f dlc=4
[2026-02-15T14:44:18.591703] RX CAN id=0x67f dlc=4
[2026-02-15T14:44:18.591804] RX CAN id=0x67f dlc=4
[2026-02-15T14:44:18.591921] RX CAN id=0x67f dlc=4
[2026-02-15T14:44:18.592023] RX CAN id=0x67f dlc=4
[2026-02-15T14:44:18.592157] [CAN] Frame sent (ID:0x67f, DLC:4)
[2026-02-15T14:44:18.592269] [CAN] Frame sent (ID:0x67f, DLC:4)
[2026-02-15T14:44:18.592376] [CAN] Frame sent (ID:0x67f, DLC:4)
[2026-02-15T14:44:18.592480] [CAN] Frame sent (ID:0x67f, DLC:4)
[2026-02-15T14:44:18.592583] [CAN] Frame sent (ID:0x67f, DLC:4)
[2026-02-15T14:44:18.592689] [CAN] Frame sent (ID:0x67f, DLC:4)
[2026-02-15T14:44:18.592793] [CAN] Frame sent (ID:0x67f, DLC:4)
[2026-02-15T14:44:18.592903] [CAN] Frame sent (ID:0x67f, DLC:4)
[2026-02-15T14:44:18.593007] [CAN] Frame sent (ID:0x67f, DLC:4)
[2026-02-15T14:44:18.593112] [CAN] Frame sent (ID:0x67f, DLC:4)
[2026-02-15T14:44:18.634210] [TDMA] TX UPLINK: frame=161 records=0
[2026-02-15T14:44:18.653902] BRAGE,17226,1,161,-64,9,19,UL,
[2026-02-15T14:44:18.690218] RX CAN id=0x67f dlc=4
[2026-02-15T14:44:18.690439] RX CAN id=0x67f dlc=4
[2026-02-15T14:44:18.690544] RX CAN id=0x67f dlc=4
[2026-02-15T14:44:18.690646] RX CAN id=0x67f dlc=4
[2026-02-15T14:44:18.690749] RX CAN id=0x67f dlc=4
[2026-02-15T14:44:18.690873] RX CAN id=0x67f dlc=4
[2026-02-15T14:44:18.690947] RX CAN id=0x67f dlc=4
[2026-02-15T14:44:18.691019] RX CAN id=0x67f dlc=4
[2026-02-15T14:44:18.691091] RX CAN id=0x67f dlc=4
[2026-02-15T14:44:18.691164] RX CAN id=0x67f dlc=4
[2026-02-15T14:44:18.691468] [CAN] Frame sent (ID:0x67f, DLC:4)
[2026-02-15T14:44:18.691581] [CAN] Frame sent (ID:0x67f, DLC:4)
[2026-02-15T14:44:18.691693] [CAN] Frame sent (ID:0x67f, DLC:4)
[2026-02-15T14:44:18.691798] [CAN] Frame sent (ID:0x67f, DLC:4)
[2026-02-15T14:44:18.691926] [CAN] Frame sent (ID:0x67f, DLC:4)
[2026-02-15T14:44:18.692083] [CAN] Frame sent (ID:0x67f, DLC:4)
[2026-02-15T14:44:18.692228] [CAN] Frame sent (ID:0x67f, DLC:4)
[2026-02-15T14:44:18.692373] [CAN] Frame sent (ID:0x67f, DLC:4)
[2026-02-15T14:44:18.692519] [CAN] Frame sent (ID:0x67f, DLC:4)
[2026-02-15T14:44:18.692666] [CAN] Frame sent (ID:0x67f, DLC:4)
[2026-02-15T14:44:18.733466] [TDMA] TX UPLINK: frame=162 records=0
[2026-02-15T14:44:18.753288] BRAGE,17326,1,162,-64,8,20,UL,
[2026-02-15T14:44:18.832365] [TDMA] TX UPLINK: frame=163 records=0
[2026-02-15T14:44:18.852927] BRAGE,17426,1,163,0,0,20,NONE,
[2026-02-15T14:44:18.887581] RX CAN id=0x67f dlc=4
[2026-02-15T14:44:18.887803] RX CAN id=0x67f dlc=4
[2026-02-15T14:44:18.887957] RX CAN id=0x67f dlc=4
[2026-02-15T14:44:18.888063] RX CAN id=0x67f dlc=4
[2026-02-15T14:44:18.888168] RX CAN id=0x67f dlc=4
[2026-02-15T14:44:18.888273] RX CAN id=0x67f dlc=4
[2026-02-15T14:44:18.888361] RX CAN id=0x67f dlc=4
[2026-02-15T14:44:18.888439] RX CAN id=0x67f dlc=4
[2026-02-15T14:44:18.888510] RX CAN id=0x67f dlc=4
[2026-02-15T14:44:18.888615] [CAN] Frame sent (ID:0x67f, DLC:4)
[2026-02-15T14:44:18.888721] [CAN] Frame sent (ID:0x67f, DLC:4)
[2026-02-15T14:44:18.888824] [CAN] Frame sent (ID:0x67f, DLC:4)
[2026-02-15T14:44:18.888937] [CAN] Frame sent (ID:0x67f, DLC:4)
[2026-02-15T14:44:18.889041] [CAN] Frame sent (ID:0x67f, DLC:4)
[2026-02-15T14:44:18.889145] [CAN] Frame sent (ID:0x67f, DLC:4)
[2026-02-15T14:44:18.889248] [CAN] Frame sent (ID:0x67f, DLC:4)
[2026-02-15T14:44:18.889352] [CAN] Frame sent (ID:0x67f, DLC:4)
[2026-02-15T14:44:18.889456] [CAN] Frame sent (ID:0x67f, DLC:4)
[2026-02-15T14:44:18.932168] [TDMA] TX UPLINK: frame=164 records=0
[2026-02-15T14:44:18.952084] BRAGE,17526,1,164,-64,9,21,UL,
[2026-02-15T14:44:18.989099] RX CAN id=0x67f dlc=4
[2026-02-15T14:44:18.989325] RX CAN id=0x67f dlc=4
[2026-02-15T14:44:18.989422] RX CAN id=0x67f dlc=4
[2026-02-15T14:44:18.989498] RX CAN id=0x67f dlc=4
[2026-02-15T14:44:18.989572] RX CAN id=0x67f dlc=4
[2026-02-15T14:44:18.989653] RX CAN id=0x67f dlc=4
[2026-02-15T14:44:18.989726] RX CAN id=0x67f dlc=4
[2026-02-15T14:44:18.989801] RX CAN id=0x67f dlc=4
[2026-02-15T14:44:18.989883] RX CAN id=0x67f dlc=4
[2026-02-15T14:44:18.989963] RX CAN id=0x67f dlc=4
[2026-02-15T14:44:18.990068] [CAN] Frame sent (ID:0x67f, DLC:4)
[2026-02-15T14:44:18.990174] [CAN] Frame sent (ID:0x67f, DLC:4)
[2026-02-15T14:44:18.990278] [CAN] Frame sent (ID:0x67f, DLC:4)
[2026-02-15T14:44:18.990381] [CAN] Frame sent (ID:0x67f, DLC:4)
[2026-02-15T14:44:18.990487] [CAN] Frame sent (ID:0x67f, DLC:4)
[2026-02-15T14:44:18.990590] [CAN] Frame sent (ID:0x67f, DLC:4)
[2026-02-15T14:44:18.990694] [CAN] Frame sent (ID:0x67f, DLC:4)
[2026-02-15T14:44:18.990797] [CAN] Frame sent (ID:0x67f, DLC:4)
[2026-02-15T14:44:18.990906] [CAN] Frame sent (ID:0x67f, DLC:4)
[2026-02-15T14:44:18.991010] [CAN] Frame sent (ID:0x67f, DLC:4)
[2026-02-15T14:44:19.031350] [TDMA] TX UPLINK: frame=165 records=0
[2026-02-15T14:44:19.051616] BRAGE,17626,1,165,-54,13,22,UL,
[2026-02-15T14:44:19.087765] RX CAN id=0x67f dlc=4
[2026-02-15T14:44:19.088011] RX CAN id=0x67f dlc=4
[2026-02-15T14:44:19.088117] RX CAN id=0x67f dlc=4
[2026-02-15T14:44:19.088218] RX CAN id=0x67f dlc=4
[2026-02-15T14:44:19.088329] RX CAN id=0x67f dlc=4
[2026-02-15T14:44:19.088430] RX CAN id=0x67f dlc=4
[2026-02-15T14:44:19.088537] RX CAN id=0x67f dlc=4
[2026-02-15T14:44:19.088643] RX CAN id=0x67f dlc=4
[2026-02-15T14:44:19.088743] RX CAN id=0x67f dlc=4
[2026-02-15T14:44:19.088867] RX CAN id=0x67f dlc=4
[2026-02-15T14:44:19.088982] [CAN] Frame sent (ID:0x67f, DLC:4)
[2026-02-15T14:44:19.089087] [CAN] Frame sent (ID:0x67f, DLC:4)
[2026-02-15T14:44:19.089197] [CAN] Frame sent (ID:0x67f, DLC:4)
[2026-02-15T14:44:19.089308] [CAN] Frame sent (ID:0x67f, DLC:4)
[2026-02-15T14:44:19.089411] [CAN] Frame sent (ID:0x67f, DLC:4)
[2026-02-15T14:44:19.089515] [CAN] Frame sent (ID:0x67f, DLC:4)
[2026-02-15T14:44:19.089619] [CAN] Frame sent (ID:0x67f, DLC:4)
[2026-02-15T14:44:19.089722] [CAN] Frame sent (ID:0x67f, DLC:4)
[2026-02-15T14:44:19.089834] [CAN] Frame sent (ID:0x67f, DLC:4)
[2026-02-15T14:44:19.089939] [CAN] Frame sent (ID:0x67f, DLC:4)
[2026-02-15T14:44:19.130968] [TDMA] TX UPLINK: frame=166 records=0
[2026-02-15T14:44:19.150928] BRAGE,17726,1,166,-64,8,23,UL,
[2026-02-15T14:44:19.187658] RX CAN id=0x67f dlc=4
[2026-02-15T14:44:19.187968] RX CAN id=0x67f dlc=4
[2026-02-15T14:44:19.188082] RX CAN id=0x67f dlc=4
[2026-02-15T14:44:19.188220] RX CAN id=0x67f dlc=4
[2026-02-15T14:44:19.188320] RX CAN id=0x67f dlc=4
[2026-02-15T14:44:19.188422] RX CAN id=0x67f dlc=4
[2026-02-15T14:44:19.188500] RX CAN id=0x67f dlc=4
[2026-02-15T14:44:19.188573] RX CAN id=0x67f dlc=4
[2026-02-15T14:44:19.188645] RX CAN id=0x67f dlc=4
[2026-02-15T14:44:19.188716] RX CAN id=0x67f dlc=4
[2026-02-15T14:44:19.188820] [CAN] Frame sent (ID:0x67f, DLC:4)
[2026-02-15T14:44:19.188946] [CAN] Frame sent (ID:0x67f, DLC:4)
[2026-02-15T14:44:19.189049] [CAN] Frame sent (ID:0x67f, DLC:4)
[2026-02-15T14:44:19.189152] [CAN] Frame sent (ID:0x67f, DLC:4)
[2026-02-15T14:44:19.189254] [CAN] Frame sent (ID:0x67f, DLC:4)
[2026-02-15T14:44:19.189356] [CAN] Frame sent (ID:0x67f, DLC:4)
[2026-02-15T14:44:19.189460] [CAN] Frame sent (ID:0x67f, DLC:4)
[2026-02-15T14:44:19.189564] [CAN] Frame sent (ID:0x67f, DLC:4)
[2026-02-15T14:44:19.189667] [CAN] Frame sent (ID:0x67f, DLC:4)
[2026-02-15T14:44:19.189770] [CAN] Frame sent (ID:0x67f, DLC:4)
[2026-02-15T14:44:19.230328] [TDMA] TX UPLINK: frame=167 records=0
[2026-02-15T14:44:19.250457] BRAGE,17826,1,167,-64,8,24,UL,
[2026-02-15T14:44:19.329366] [TDMA] TX UPLINK: frame=168 records=0
[2026-02-15T14:44:19.349246] BRAGE,17926,1,168,0,0,24,NONE,
[2026-02-15T14:44:19.386025] RX CAN id=0x67f dlc=4
[2026-02-15T14:44:19.386247] RX CAN id=0x67f dlc=4
[2026-02-15T14:44:19.386352] RX CAN id=0x67f dlc=4
[2026-02-15T14:44:19.386453] RX CAN id=0x67f dlc=4
[2026-02-15T14:44:19.386564] RX CAN id=0x67f dlc=4
[2026-02-15T14:44:19.386669] RX CAN id=0x67f dlc=4
[2026-02-15T14:44:19.386769] RX CAN id=0x67f dlc=4
[2026-02-15T14:44:19.386880] RX CAN id=0x67f dlc=4
[2026-02-15T14:44:19.386993] RX CAN id=0x67f dlc=4
[2026-02-15T14:44:19.387092] RX CAN id=0x67f dlc=4
[2026-02-15T14:44:19.387238] [CAN] Frame sent (ID:0x67f, DLC:4)
[2026-02-15T14:44:19.387349] [CAN] Frame sent (ID:0x67f, DLC:4)
[2026-02-15T14:44:19.387453] [CAN] Frame sent (ID:0x67f, DLC:4)
[2026-02-15T14:44:19.387557] [CAN] Frame sent (ID:0x67f, DLC:4)
[2026-02-15T14:44:19.387664] [CAN] Frame sent (ID:0x67f, DLC:4)
[2026-02-15T14:44:19.387772] [CAN] Frame sent (ID:0x67f, DLC:4)
[2026-02-15T14:44:19.387882] [CAN] Frame sent (ID:0x67f, DLC:4)
[2026-02-15T14:44:19.387988] [CAN] Frame sent (ID:0x67f, DLC:4)
[2026-02-15T14:44:19.388092] [CAN] Frame sent (ID:0x67f, DLC:4)
[2026-02-15T14:44:19.388196] [CAN] Frame sent (ID:0x67f, DLC:4)
[2026-02-15T14:44:19.429147] [TDMA] TX UPLINK: frame=169 records=0
[2026-02-15T14:44:19.449043] BRAGE,18026,1,169,-69,6,25,UL,
[2026-02-15T14:44:19.487917] RX CAN id=0x67f dlc=4
[2026-02-15T14:44:19.488144] RX CAN id=0x67f dlc=4
[2026-02-15T14:44:19.488250] RX CAN id=0x123 dlc=3
[2026-02-15T14:44:19.488354] RX CAN id=0x67f dlc=4
[2026-02-15T14:44:19.488456] RX CAN id=0x67f dlc=4
[2026-02-15T14:44:19.488563] RX CAN id=0x67f dlc=4
[2026-02-15T14:44:19.488667] RX CAN id=0x67f dlc=4
[2026-02-15T14:44:19.488769] RX CAN id=0x67f dlc=4
[2026-02-15T14:44:19.488881] RX CAN id=0x67f dlc=4
[2026-02-15T14:44:19.488987] RX CAN id=0x67f dlc=4
[2026-02-15T14:44:19.489087] RX CAN id=0x67f dlc=4
[2026-02-15T14:44:19.489231] [CAN] Frame sent (ID:0x67f, DLC:4)
[2026-02-15T14:44:19.489337] [CAN] Frame sent (ID:0x67f, DLC:4)
[2026-02-15T14:44:19.489440] [CAN] Frame sent (ID:0x123, DLC:3)
[2026-02-15T14:44:19.489550] [CAN] Frame sent (ID:0x67f, DLC:4)
[2026-02-15T14:44:19.489653] [CAN] Frame sent (ID:0x67f, DLC:4)
[2026-02-15T14:44:19.489756] [CAN] Frame sent (ID:0x67f, DLC:4)
[2026-02-15T14:44:19.489865] [CAN] Frame sent (ID:0x67f, DLC:4)
[2026-02-15T14:44:19.489969] [CAN] Frame sent (ID:0x67f, DLC:4)
[2026-02-15T14:44:19.490073] [CAN] Frame sent (ID:0x67f, DLC:4)
[2026-02-15T14:44:19.490176] [CAN] Frame sent (ID:0x67f, DLC:4)
[2026-02-15T14:44:19.490280] [CAN] Frame sent (ID:0x67f, DLC:4)
[2026-02-15T14:44:19.528664] [TDMA] TX UPLINK: frame=170 records=0
[2026-02-15T14:44:19.548657] BRAGE,18126,1,170,-64,8,26,UL,
[2026-02-15T14:44:19.627952] [TDMA] TX UPLINK: frame=171 records=0
[2026-02-15T14:44:19.647941] BRAGE,18226,1,171,0,0,26,NONE,
[2026-02-15T14:44:19.727321] [TDMA] TX UPLINK: frame=172 records=0
[2026-02-15T14:44:19.747206] BRAGE,18326,1,172,0,0,26,NONE,
[2026-02-15T14:44:19.826739] [TDMA] TX UPLINK: frame=173 records=0
[2026-02-15T14:44:19.846208] BRAGE,18426,1,173,0,0,26,NONE,
[2026-02-15T14:44:19.926102] [TDMA] TX UPLINK: frame=174 records=0
[2026-02-15T14:44:19.945978] BRAGE,18526,1,174,0,0,25,NONE,
[2026-02-15T14:44:20.024778] [TDMA] TX UPLINK: frame=175 records=0
[2026-02-15T14:44:20.045303] BRAGE,18626,1,175,0,0,25,NONE,
[2026-02-15T14:44:20.124928] [TDMA] TX UPLINK: frame=176 records=0
[2026-02-15T14:44:20.144941] BRAGE,18726,1,176,0,0,25,NONE,
[2026-02-15T14:44:20.181332] RX CAN id=0x67f dlc=4
[2026-02-15T14:44:20.181553] RX CAN id=0x67f dlc=4
[2026-02-15T14:44:20.181658] RX CAN id=0x67f dlc=4
[2026-02-15T14:44:20.181759] RX CAN id=0x67f dlc=4
[2026-02-15T14:44:20.181911] RX CAN id=0x67f dlc=4
[2026-02-15T14:44:20.182015] RX CAN id=0x67f dlc=4
[2026-02-15T14:44:20.182127] RX CAN id=0x67f dlc=4
[2026-02-15T14:44:20.182227] RX CAN id=0x67f dlc=4
[2026-02-15T14:44:20.182333] RX CAN id=0x67f dlc=4
[2026-02-15T14:44:20.182422] RX CAN id=0x67f dlc=4
[2026-02-15T14:44:20.182530] [CAN] Frame sent (ID:0x67f, DLC:4)
[2026-02-15T14:44:20.182642] [CAN] Frame sent (ID:0x67f, DLC:4)
[2026-02-15T14:44:20.182746] [CAN] Frame sent (ID:0x67f, DLC:4)
[2026-02-15T14:44:20.182859] [CAN] Frame sent (ID:0x67f, DLC:4)
[2026-02-15T14:44:20.182963] [CAN] Frame sent (ID:0x67f, DLC:4)
[2026-02-15T14:44:20.183066] [CAN] Frame sent (ID:0x67f, DLC:4)
[2026-02-15T14:44:20.183169] [CAN] Frame sent (ID:0x67f, DLC:4)
[2026-02-15T14:44:20.183272] [CAN] Frame sent (ID:0x67f, DLC:4)
[2026-02-15T14:44:20.183375] [CAN] Frame sent (ID:0x67f, DLC:4)
[2026-02-15T14:44:20.183479] [CAN] Frame sent (ID:0x67f, DLC:4)
[2026-02-15T14:44:20.224020] [TDMA] TX UPLINK: frame=177 records=0
[2026-02-15T14:44:20.244130] BRAGE,18826,1,177,-55,13,26,UL,
[2026-02-15T14:44:20.323739] [TDMA] TX UPLINK: frame=178 records=0
[2026-02-15T14:44:20.347330] BRAGE,18926,1,178,0,0,26,NONE,
[2026-02-15T14:44:20.423021] [TDMA] TX UPLINK: frame=179 records=0
[2026-02-15T14:44:20.442970] BRAGE,19026,1,179,0,0,26,NONE,
[2026-02-15T14:44:20.522653] [TDMA] TX UPLINK: frame=180 records=0
[2026-02-15T14:44:20.542362] BRAGE,19126,1,180,0,0,26,NONE,
[2026-02-15T14:44:20.578918] RX CAN id=0x67f dlc=4
[2026-02-15T14:44:20.579141] RX CAN id=0x67f dlc=4
[2026-02-15T14:44:20.579246] RX CAN id=0x67f dlc=4
[2026-02-15T14:44:20.579359] RX CAN id=0x67f dlc=4
[2026-02-15T14:44:20.579463] RX CAN id=0x67f dlc=4
[2026-02-15T14:44:20.579564] RX CAN id=0x67f dlc=4
[2026-02-15T14:44:20.579665] RX CAN id=0x67f dlc=4
[2026-02-15T14:44:20.579766] RX CAN id=0x67f dlc=4
[2026-02-15T14:44:20.579879] RX CAN id=0x67f dlc=4
[2026-02-15T14:44:20.579987] RX CAN id=0x67f dlc=4
[2026-02-15T14:44:20.580133] [CAN] Frame sent (ID:0x67f, DLC:4)
[2026-02-15T14:44:20.580282] [CAN] Frame sent (ID:0x67f, DLC:4)
[2026-02-15T14:44:20.580427] [CAN] Frame sent (ID:0x67f, DLC:4)
[2026-02-15T14:44:20.580573] [CAN] Frame sent (ID:0x67f, DLC:4)
[2026-02-15T14:44:20.580723] [CAN] Frame sent (ID:0x67f, DLC:4)
[2026-02-15T14:44:20.580873] [CAN] Frame sent (ID:0x67f, DLC:4)
[2026-02-15T14:44:20.580988] [CAN] Frame sent (ID:0x67f, DLC:4)
[2026-02-15T14:44:20.581093] [CAN] Frame sent (ID:0x67f, DLC:4)
[2026-02-15T14:44:20.581197] [CAN] Frame sent (ID:0x67f, DLC:4)
[2026-02-15T14:44:20.581301] [CAN] Frame sent (ID:0x67f, DLC:4)
[2026-02-15T14:44:20.621434] [TDMA] TX UPLINK: frame=181 records=0
[2026-02-15T14:44:20.641934] BRAGE,19226,1,181,-56,13,27,UL,
[2026-02-15T14:44:20.678060] RX CAN id=0x67f dlc=4
[2026-02-15T14:44:20.678283] RX CAN id=0x67f dlc=4
[2026-02-15T14:44:20.678387] RX CAN id=0x67f dlc=4
[2026-02-15T14:44:20.678487] RX CAN id=0x67f dlc=4
[2026-02-15T14:44:20.678590] RX CAN id=0x67f dlc=4
[2026-02-15T14:44:20.678703] RX CAN id=0x67f dlc=4
[2026-02-15T14:44:20.678802] RX CAN id=0x67f dlc=4
[2026-02-15T14:44:20.678912] RX CAN id=0x67f dlc=4
[2026-02-15T14:44:20.679013] RX CAN id=0x67f dlc=4
[2026-02-15T14:44:20.679112] RX CAN id=0x67f dlc=4
[2026-02-15T14:44:20.679230] [CAN] Frame sent (ID:0x67f, DLC:4)
[2026-02-15T14:44:20.679368] [CAN] Frame sent (ID:0x67f, DLC:4)
[2026-02-15T14:44:20.679471] [CAN] Frame sent (ID:0x67f, DLC:4)
[2026-02-15T14:44:20.679574] [CAN] Frame sent (ID:0x67f, DLC:4)
[2026-02-15T14:44:20.679684] [CAN] Frame sent (ID:0x67f, DLC:4)
[2026-02-15T14:44:20.679786] [CAN] Frame sent (ID:0x67f, DLC:4)
[2026-02-15T14:44:20.679895] [CAN] Frame sent (ID:0x67f, DLC:4)
[2026-02-15T14:44:20.679999] [CAN] Frame sent (ID:0x67f, DLC:4)
[2026-02-15T14:44:20.680102] [CAN] Frame sent (ID:0x67f, DLC:4)
[2026-02-15T14:44:20.680205] [CAN] Frame sent (ID:0x67f, DLC:4)
[2026-02-15T14:44:20.721260] [TDMA] TX UPLINK: frame=182 records=0
[2026-02-15T14:44:20.741205] BRAGE,19326,1,182,-61,10,28,UL,
[2026-02-15T14:44:20.820704] [TDMA] TX UPLINK: frame=183 records=0
[2026-02-15T14:44:20.840388] BRAGE,19426,1,183,0,0,28,NONE,
[2026-02-15T14:44:20.919663] [TDMA] TX UPLINK: frame=184 records=0
[2026-02-15T14:44:20.939958] BRAGE,19526,1,184,0,0,28,NONE,
[2026-02-15T14:44:21.019316] [TDMA] TX UPLINK: frame=185 records=0
[2026-02-15T14:44:21.039194] BRAGE,19626,1,185,0,0,28,NONE,
[2026-02-15T14:44:21.118347] [TDMA] TX UPLINK: frame=186 records=0
[2026-02-15T14:44:21.138474] BRAGE,19726,1,186,0,0,28,NONE,
[2026-02-15T14:44:21.172989] RX CAN id=0x67f dlc=4
[2026-02-15T14:44:21.173250] RX CAN id=0x67f dlc=4
[2026-02-15T14:44:21.173362] RX CAN id=0x67f dlc=4
[2026-02-15T14:44:21.173467] RX CAN id=0x67f dlc=4
[2026-02-15T14:44:21.173570] RX CAN id=0x67f dlc=4
[2026-02-15T14:44:21.173675] RX CAN id=0x67f dlc=4
[2026-02-15T14:44:21.173779] RX CAN id=0x67f dlc=4
[2026-02-15T14:44:21.173893] RX CAN id=0x67f dlc=4
[2026-02-15T14:44:21.173992] RX CAN id=0x67f dlc=4
[2026-02-15T14:44:21.174100] [CAN] Frame sent (ID:0x67f, DLC:4)
[2026-02-15T14:44:21.174207] [CAN] Frame sent (ID:0x67f, DLC:4)
[2026-02-15T14:44:21.174311] [CAN] Frame sent (ID:0x67f, DLC:4)
[2026-02-15T14:44:21.174415] [CAN] Frame sent (ID:0x67f, DLC:4)
[2026-02-15T14:44:21.174518] [CAN] Frame sent (ID:0x67f, DLC:4)
[2026-02-15T14:44:21.174623] [CAN] Frame sent (ID:0x67f, DLC:4)
[2026-02-15T14:44:21.174727] [CAN] Frame sent (ID:0x67f, DLC:4)
[2026-02-15T14:44:21.174837] [CAN] Frame sent (ID:0x67f, DLC:4)
[2026-02-15T14:44:21.174942] [CAN] Frame sent (ID:0x67f, DLC:4)
[2026-02-15T14:44:21.218072] [TDMA] TX UPLINK: frame=187 records=0
[2026-02-15T14:44:21.238020] BRAGE,19826,1,187,-64,9,29,UL,
[2026-02-15T14:44:21.317418] [TDMA] TX UPLINK: frame=188 records=0
[2026-02-15T14:44:21.337296] BRAGE,19926,1,188,0,0,29,NONE,
[2026-02-15T14:44:21.373586] RX CAN id=0x67f dlc=4
[2026-02-15T14:44:21.373873] RX CAN id=0x67f dlc=4
[2026-02-15T14:44:21.374028] RX CAN id=0x67f dlc=4
[2026-02-15T14:44:21.374175] RX CAN id=0x67f dlc=4
[2026-02-15T14:44:21.374324] RX CAN id=0x67f dlc=4
[2026-02-15T14:44:21.374471] RX CAN id=0x67f dlc=4
[2026-02-15T14:44:21.374617] RX CAN id=0x67f dlc=4
[2026-02-15T14:44:21.374763] RX CAN id=0x67f dlc=4
[2026-02-15T14:44:21.374920] RX CAN id=0x67f dlc=4
[2026-02-15T14:44:21.375067] RX CAN id=0x67f dlc=4
[2026-02-15T14:44:21.375187] [CAN] Frame sent (ID:0x67f, DLC:4)
[2026-02-15T14:44:21.375292] [CAN] Frame sent (ID:0x67f, DLC:4)
[2026-02-15T14:44:21.375395] [CAN] Frame sent (ID:0x67f, DLC:4)
[2026-02-15T14:44:21.375497] [CAN] Frame sent (ID:0x67f, DLC:4)
[2026-02-15T14:44:21.375600] [CAN] Frame sent (ID:0x67f, DLC:4)
[2026-02-15T14:44:21.375703] [CAN] Frame sent (ID:0x67f, DLC:4)
[2026-02-15T14:44:21.375851] [CAN] Frame sent (ID:0x67f, DLC:4)
[2026-02-15T14:44:21.375997] [CAN] Frame sent (ID:0x67f, DLC:4)
[2026-02-15T14:44:21.376137] [CAN] Frame sent (ID:0x67f, DLC:4)
[2026-02-15T14:44:21.376278] [CAN] Frame sent (ID:0x67f, DLC:4)
[2026-02-15T14:44:21.417036] [TDMA] TX UPLINK: frame=189 records=0
[2026-02-15T14:44:21.436770] BRAGE,20026,1,189,-64,9,30,UL,
[2026-02-15T14:44:21.516220] [TDMA] TX UPLINK: frame=190 records=0
[2026-02-15T14:44:21.536118] BRAGE,20126,1,190,0,0,30,NONE,
[2026-02-15T14:44:21.570719] RX CAN id=0x67f dlc=4
[2026-02-15T14:44:21.570990] RX CAN id=0x67f dlc=4
[2026-02-15T14:44:21.571102] RX CAN id=0x67f dlc=4
[2026-02-15T14:44:21.571215] RX CAN id=0x67f dlc=4
[2026-02-15T14:44:21.571353] RX CAN id=0x67f dlc=4
[2026-02-15T14:44:21.571454] RX CAN id=0x67f dlc=4
[2026-02-15T14:44:21.571531] RX CAN id=0x67f dlc=4
[2026-02-15T14:44:21.571603] RX CAN id=0x67f dlc=4
[2026-02-15T14:44:21.571675] RX CAN id=0x67f dlc=4
[2026-02-15T14:44:21.571780] [CAN] Frame sent (ID:0x67f, DLC:4)
[2026-02-15T14:44:21.571893] [CAN] Frame sent (ID:0x67f, DLC:4)
[2026-02-15T14:44:21.572002] [CAN] Frame sent (ID:0x67f, DLC:4)
[2026-02-15T14:44:21.572105] [CAN] Frame sent (ID:0x67f, DLC:4)
[2026-02-15T14:44:21.572208] [CAN] Frame sent (ID:0x67f, DLC:4)
[2026-02-15T14:44:21.572313] [CAN] Frame sent (ID:0x67f, DLC:4)
[2026-02-15T14:44:21.572416] [CAN] Frame sent (ID:0x67f, DLC:4)
[2026-02-15T14:44:21.572520] [CAN] Frame sent (ID:0x67f, DLC:4)
[2026-02-15T14:44:21.572624] [CAN] Frame sent (ID:0x67f, DLC:4)
[2026-02-15T14:44:21.615782] [TDMA] TX UPLINK: frame=191 records=0
[2026-02-15T14:44:21.635100] BRAGE,20226,1,191,-57,13,31,UL,
[2026-02-15T14:44:21.715047] [TDMA] TX UPLINK: frame=192 records=0
[2026-02-15T14:44:21.735017] BRAGE,20326,1,192,0,0,31,NONE,
[2026-02-15T14:44:21.814318] [TDMA] TX UPLINK: frame=193 records=0
[2026-02-15T14:44:21.834288] BRAGE,20426,1,193,0,0,31,NONE,
[2026-02-15T14:44:21.913825] [TDMA] TX UPLINK: frame=194 records=0
[2026-02-15T14:44:21.933747] BRAGE,20526,1,194,0,0,31,NONE,
[2026-02-15T14:44:22.013992] [TDMA] TX UPLINK: frame=195 records=0
[2026-02-15T14:44:22.032748] BRAGE,20626,1,195,0,0,30,NONE,
[2026-02-15T14:44:22.069369] RX CAN id=0x67f dlc=4
[2026-02-15T14:44:22.069648] RX CAN id=0x67f dlc=4
[2026-02-15T14:44:22.069799] RX CAN id=0x67f dlc=4
[2026-02-15T14:44:22.069967] RX CAN id=0x67f dlc=4
[2026-02-15T14:44:22.070078] RX CAN id=0x67f dlc=4
[2026-02-15T14:44:22.070186] RX CAN id=0x67f dlc=4
[2026-02-15T14:44:22.070293] RX CAN id=0x67f dlc=4
[2026-02-15T14:44:22.070402] RX CAN id=0x67f dlc=4
[2026-02-15T14:44:22.070509] RX CAN id=0x67f dlc=4
[2026-02-15T14:44:22.070617] RX CAN id=0x67f dlc=4
[2026-02-15T14:44:22.070773] [CAN] Frame sent (ID:0x67f, DLC:4)
[2026-02-15T14:44:22.070940] [CAN] Frame sent (ID:0x67f, DLC:4)
[2026-02-15T14:44:22.071096] [CAN] Frame sent (ID:0x67f, DLC:4)
[2026-02-15T14:44:22.071251] [CAN] Frame sent (ID:0x67f, DLC:4)
[2026-02-15T14:44:22.071407] [CAN] Frame sent (ID:0x67f, DLC:4)
[2026-02-15T14:44:22.071562] [CAN] Frame sent (ID:0x67f, DLC:4)
[2026-02-15T14:44:22.071717] [CAN] Frame sent (ID:0x67f, DLC:4)
[2026-02-15T14:44:22.071924] [CAN] Frame sent (ID:0x67f, DLC:4)
[2026-02-15T14:44:22.072081] [CAN] Frame sent (ID:0x67f, DLC:4)
[2026-02-15T14:44:22.072236] [CAN] Frame sent (ID:0x67f, DLC:4)
[2026-02-15T14:44:22.111942] [TDMA] TX UPLINK: frame=196 records=0
[2026-02-15T14:44:22.133361] BRAGE,20726,1,196,-67,13,31,UL,
[2026-02-15T14:44:22.168731] RX CAN id=0x67f dlc=4
[2026-02-15T14:44:22.169060] RX CAN id=0x67f dlc=4
[2026-02-15T14:44:22.169214] RX CAN id=0x67f dlc=4
[2026-02-15T14:44:22.169359] RX CAN id=0x67f dlc=4
[2026-02-15T14:44:22.169504] RX CAN id=0x67f dlc=4
[2026-02-15T14:44:22.169647] RX CAN id=0x67f dlc=4
[2026-02-15T14:44:22.169789] RX CAN id=0x67f dlc=4
[2026-02-15T14:44:22.169944] RX CAN id=0x67f dlc=4
[2026-02-15T14:44:22.170062] RX CAN id=0x67f dlc=4
[2026-02-15T14:44:22.170170] RX CAN id=0x67f dlc=4
[2026-02-15T14:44:22.170325] [CAN] Frame sent (ID:0x67f, DLC:4)
[2026-02-15T14:44:22.170483] [CAN] Frame sent (ID:0x67f, DLC:4)
[2026-02-15T14:44:22.170637] [CAN] Frame sent (ID:0x67f, DLC:4)
[2026-02-15T14:44:22.170793] [CAN] Frame sent (ID:0x67f, DLC:4)
[2026-02-15T14:44:22.170951] [CAN] Frame sent (ID:0x67f, DLC:4)
[2026-02-15T14:44:22.171105] [CAN] Frame sent (ID:0x67f, DLC:4)
[2026-02-15T14:44:22.171260] [CAN] Frame sent (ID:0x67f, DLC:4)
[2026-02-15T14:44:22.171414] [CAN] Frame sent (ID:0x67f, DLC:4)
[2026-02-15T14:44:22.171568] [CAN] Frame sent (ID:0x67f, DLC:4)
[2026-02-15T14:44:22.171723] [CAN] Frame sent (ID:0x67f, DLC:4)
[2026-02-15T14:44:22.211884] [TDMA] TX UPLINK: frame=197 records=0
[2026-02-15T14:44:22.231815] BRAGE,20826,1,197,-68,12,32,UL,
[2026-02-15T14:44:22.266349] RX CAN id=0x67f dlc=4
[2026-02-15T14:44:22.266613] RX CAN id=0x67f dlc=4
[2026-02-15T14:44:22.266754] RX CAN id=0x67f dlc=4
[2026-02-15T14:44:22.266934] RX CAN id=0x67f dlc=4
[2026-02-15T14:44:22.267079] RX CAN id=0x67f dlc=4
[2026-02-15T14:44:22.267223] RX CAN id=0x67f dlc=4
[2026-02-15T14:44:22.267343] RX CAN id=0x67f dlc=4
[2026-02-15T14:44:22.267450] RX CAN id=0x67f dlc=4
[2026-02-15T14:44:22.267557] RX CAN id=0x67f dlc=4
[2026-02-15T14:44:22.267711] [CAN] Frame sent (ID:0x67f, DLC:4)
[2026-02-15T14:44:22.267877] [CAN] Frame sent (ID:0x67f, DLC:4)
[2026-02-15T14:44:22.268032] [CAN] Frame sent (ID:0x67f, DLC:4)
[2026-02-15T14:44:22.268186] [CAN] Frame sent (ID:0x67f, DLC:4)
[2026-02-15T14:44:22.268340] [CAN] Frame sent (ID:0x67f, DLC:4)
[2026-02-15T14:44:22.268498] [CAN] Frame sent (ID:0x67f, DLC:4)
[2026-02-15T14:44:22.268654] [CAN] Frame sent (ID:0x67f, DLC:4)
[2026-02-15T14:44:22.268810] [CAN] Frame sent (ID:0x67f, DLC:4)
[2026-02-15T14:44:22.268976] [CAN] Frame sent (ID:0x67f, DLC:4)
[2026-02-15T14:44:22.311155] [TDMA] TX UPLINK: frame=198 records=0
[2026-02-15T14:44:22.330959] BRAGE,20926,1,198,-73,8,32,UL,
[2026-02-15T14:44:22.410401] [TDMA] TX UPLINK: frame=199 records=0
[2026-02-15T14:44:22.430275] BRAGE,21026,1,199,0,0,32,NONE,
[2026-02-15T14:44:22.509812] [TDMA] TX UPLINK: frame=200 records=0
[2026-02-15T14:44:22.529787] BRAGE,21126,1,200,0,0,31,NONE,
[2026-02-15T14:44:22.609288] [TDMA] TX UPLINK: frame=201 records=0
[2026-02-15T14:44:22.629094] BRAGE,21226,1,201,0,0,31,NONE,
[2026-02-15T14:44:22.708906] [TDMA] TX UPLINK: frame=202 records=0
[2026-02-15T14:44:22.728447] BRAGE,21326,1,202,0,0,30,NONE,
[2026-02-15T14:44:22.808094] [TDMA] TX UPLINK: frame=203 records=0
[2026-02-15T14:44:22.827876] BRAGE,21426,1,203,0,0,30,NONE,
[2026-02-15T14:44:22.864883] RX CAN id=0x67f dlc=4
[2026-02-15T14:44:22.865168] RX CAN id=0x67f dlc=4
[2026-02-15T14:44:22.865317] RX CAN id=0x67f dlc=4
[2026-02-15T14:44:22.865463] RX CAN id=0x67f dlc=4
[2026-02-15T14:44:22.865607] RX CAN id=0x67f dlc=4
[2026-02-15T14:44:22.865751] RX CAN id=0x67f dlc=4
[2026-02-15T14:44:22.865906] RX CAN id=0x67f dlc=4
[2026-02-15T14:44:22.866021] RX CAN id=0x67f dlc=4
[2026-02-15T14:44:22.866128] RX CAN id=0x67f dlc=4
[2026-02-15T14:44:22.866234] RX CAN id=0x67f dlc=4
[2026-02-15T14:44:22.866390] [CAN] Frame sent (ID:0x67f, DLC:4)
[2026-02-15T14:44:22.866547] [CAN] Frame sent (ID:0x67f, DLC:4)
[2026-02-15T14:44:22.866701] [CAN] Frame sent (ID:0x67f, DLC:4)
[2026-02-15T14:44:22.866859] [CAN] Frame sent (ID:0x67f, DLC:4)
[2026-02-15T14:44:22.867012] [CAN] Frame sent (ID:0x67f, DLC:4)
[2026-02-15T14:44:22.867165] [CAN] Frame sent (ID:0x67f, DLC:4)
[2026-02-15T14:44:22.867319] [CAN] Frame sent (ID:0x67f, DLC:4)
[2026-02-15T14:44:22.867472] [CAN] Frame sent (ID:0x67f, DLC:4)
[2026-02-15T14:44:22.867626] [CAN] Frame sent (ID:0x67f, DLC:4)
[2026-02-15T14:44:22.867780] [CAN] Frame sent (ID:0x67f, DLC:4)
[2026-02-15T14:44:22.906964] [TDMA] TX UPLINK: frame=204 records=0
[2026-02-15T14:44:22.927247] BRAGE,21526,1,204,-64,8,31,UL,
[2026-02-15T14:44:23.006897] [TDMA] TX UPLINK: frame=205 records=0
[2026-02-15T14:44:23.027023] BRAGE,21626,1,205,0,0,31,NONE,
[2026-02-15T14:44:23.106199] [TDMA] TX UPLINK: frame=206 records=0
[2026-02-15T14:44:23.126093] BRAGE,21726,1,206,0,0,30,NONE,
[2026-02-15T14:44:23.205541] [TDMA] TX UPLINK: frame=207 records=0
[2026-02-15T14:44:23.225110] BRAGE,21826,1,207,0,0,30,NONE,
[2026-02-15T14:44:23.262284] RX CAN id=0x67f dlc=4
[2026-02-15T14:44:23.262507] RX CAN id=0x67f dlc=4
[2026-02-15T14:44:23.262613] RX CAN id=0x67f dlc=4
[2026-02-15T14:44:23.262714] RX CAN id=0x67f dlc=4
[2026-02-15T14:44:23.262817] RX CAN id=0x67f dlc=4
[2026-02-15T14:44:23.263080] RX CAN id=0x67f dlc=4
[2026-02-15T14:44:23.263218] RX CAN id=0x67f dlc=4
[2026-02-15T14:44:23.263333] RX CAN id=0x67f dlc=4
[2026-02-15T14:44:23.263434] RX CAN id=0x67f dlc=4
[2026-02-15T14:44:23.263535] RX CAN id=0x67f dlc=4
[2026-02-15T14:44:23.263745] [CAN] Frame sent (ID:0x67f, DLC:4)
[2026-02-15T14:44:23.263971] [CAN] Frame sent (ID:0x67f, DLC:4)
[2026-02-15T14:44:23.264187] [CAN] Frame sent (ID:0x67f, DLC:4)
[2026-02-15T14:44:23.264440] [CAN] Frame sent (ID:0x67f, DLC:4)
[2026-02-15T14:44:23.264557] [CAN] Frame sent (ID:0x67f, DLC:4)
[2026-02-15T14:44:23.264660] [CAN] Frame sent (ID:0x67f, DLC:4)
[2026-02-15T14:44:23.264763] [CAN] Frame sent (ID:0x67f, DLC:4)
[2026-02-15T14:44:23.264871] [CAN] Frame sent (ID:0x67f, DLC:4)
[2026-02-15T14:44:23.264975] [CAN] Frame sent (ID:0x67f, DLC:4)
[2026-02-15T14:44:23.265079] [CAN] Frame sent (ID:0x67f, DLC:4)
[2026-02-15T14:44:23.305265] [TDMA] TX UPLINK: frame=208 records=0
[2026-02-15T14:44:23.325082] BRAGE,21926,1,208,-68,12,31,UL,
[2026-02-15T14:44:23.361871] RX CAN id=0x67f dlc=4
[2026-02-15T14:44:23.362093] RX CAN id=0x67f dlc=4
[2026-02-15T14:44:23.362214] RX CAN id=0x67f dlc=4
[2026-02-15T14:44:23.362315] RX CAN id=0x67f dlc=4
[2026-02-15T14:44:23.362416] RX CAN id=0x67f dlc=4
[2026-02-15T14:44:23.362517] RX CAN id=0x67f dlc=4
[2026-02-15T14:44:23.362613] RX CAN id=0x67f dlc=4
[2026-02-15T14:44:23.362685] RX CAN id=0x67f dlc=4
[2026-02-15T14:44:23.362757] RX CAN id=0x67f dlc=4
[2026-02-15T14:44:23.362837] RX CAN id=0x67f dlc=4
[2026-02-15T14:44:23.362943] [CAN] Frame sent (ID:0x67f, DLC:4)
[2026-02-15T14:44:23.363050] [CAN] Frame sent (ID:0x67f, DLC:4)
[2026-02-15T14:44:23.363162] [CAN] Frame sent (ID:0x67f, DLC:4)
[2026-02-15T14:44:23.363265] [CAN] Frame sent (ID:0x67f, DLC:4)
[2026-02-15T14:44:23.363369] [CAN] Frame sent (ID:0x67f, DLC:4)
[2026-02-15T14:44:23.363472] [CAN] Frame sent (ID:0x67f, DLC:4)
[2026-02-15T14:44:23.363576] [CAN] Frame sent (ID:0x67f, DLC:4)
[2026-02-15T14:44:23.363680] [CAN] Frame sent (ID:0x67f, DLC:4)
[2026-02-15T14:44:23.363784] [CAN] Frame sent (ID:0x67f, DLC:4)
[2026-02-15T14:44:23.363893] [CAN] Frame sent (ID:0x67f, DLC:4)
[2026-02-15T14:44:23.408257] [TDMA] TX UPLINK: frame=209 records=0
[2026-02-15T14:44:23.424133] BRAGE,22026,1,209,-70,13,32,UL,
[2026-02-15T14:44:23.504127] [TDMA] TX UPLINK: frame=210 records=0
[2026-02-15T14:44:23.524086] BRAGE,22126,1,210,0,0,32,NONE,
[2026-02-15T14:44:23.603384] [TDMA] TX UPLINK: frame=211 records=0
[2026-02-15T14:44:23.623272] BRAGE,22226,1,211,0,0,32,NONE,
[2026-02-15T14:44:23.663705] RX CAN id=0x67f dlc=4
[2026-02-15T14:44:23.663886] RX CAN id=0x67f dlc=4
[2026-02-15T14:44:23.663961] RX CAN id=0x67f dlc=4
[2026-02-15T14:44:23.664034] RX CAN id=0x67f dlc=4
[2026-02-15T14:44:23.664105] RX CAN id=0x67f dlc=4
[2026-02-15T14:44:23.664178] RX CAN id=0x67f dlc=4
[2026-02-15T14:44:23.664249] RX CAN id=0x67f dlc=4
[2026-02-15T14:44:23.664320] RX CAN id=0x67f dlc=4
[2026-02-15T14:44:23.664391] RX CAN id=0x67f dlc=4
[2026-02-15T14:44:23.664463] RX CAN id=0x67f dlc=4
[2026-02-15T14:44:23.664566] [CAN] Frame sent (ID:0x67f, DLC:4)
[2026-02-15T14:44:23.664669] [CAN] Frame sent (ID:0x67f, DLC:4)
[2026-02-15T14:44:23.664772] [CAN] Frame sent (ID:0x67f, DLC:4)
[2026-02-15T14:44:23.664880] [CAN] Frame sent (ID:0x67f, DLC:4)
[2026-02-15T14:44:23.664983] [CAN] Frame sent (ID:0x67f, DLC:4)
[2026-02-15T14:44:23.665086] [CAN] Frame sent (ID:0x67f, DLC:4)
[2026-02-15T14:44:23.665190] [CAN] Frame sent (ID:0x67f, DLC:4)
[2026-02-15T14:44:23.665294] [CAN] Frame sent (ID:0x67f, DLC:4)
[2026-02-15T14:44:23.665398] [CAN] Frame sent (ID:0x67f, DLC:4)
[2026-02-15T14:44:23.665501] [CAN] Frame sent (ID:0x67f, DLC:4)
[2026-02-15T14:44:23.702908] [TDMA] TX UPLINK: frame=212 records=0
[2026-02-15T14:44:23.722876] BRAGE,22326,1,212,-65,13,33,UL,
[2026-02-15T14:44:23.802240] [TDMA] TX UPLINK: frame=213 records=0
[2026-02-15T14:44:23.822076] BRAGE,22426,1,213,0,0,33,NONE,
[2026-02-15T14:44:23.901532] [TDMA] TX UPLINK: frame=214 records=0
[2026-02-15T14:44:23.921446] BRAGE,22526,1,214,0,0,33,NONE,
[2026-02-15T14:44:24.001138] [TDMA] TX UPLINK: frame=215 records=0
[2026-02-15T14:44:24.021129] BRAGE,22626,1,215,0,0,33,NONE,
[2026-02-15T14:44:24.100329] [TDMA] TX UPLINK: frame=216 records=0
[2026-02-15T14:44:24.120273] BRAGE,22726,1,216,0,0,33,NONE,
[2026-02-15T14:44:24.199097] [TDMA] TX UPLINK: frame=217 records=0
[2026-02-15T14:44:24.219877] BRAGE,22826,1,217,0,0,33,NONE,
[2026-02-15T14:44:24.299176] [TDMA] TX UPLINK: frame=218 records=0
[2026-02-15T14:44:24.319139] BRAGE,22926,1,218,0,0,33,NONE,
[2026-02-15T14:44:24.355385] RX CAN id=0x67f dlc=4
[2026-02-15T14:44:24.355606] RX CAN id=0x67f dlc=4
[2026-02-15T14:44:24.355710] RX CAN id=0x67f dlc=4
[2026-02-15T14:44:24.355810] RX CAN id=0x67f dlc=4
[2026-02-15T14:44:24.355961] RX CAN id=0x67f dlc=4
[2026-02-15T14:44:24.356069] RX CAN id=0x67f dlc=4
[2026-02-15T14:44:24.356172] RX CAN id=0x67f dlc=4
[2026-02-15T14:44:24.356277] RX CAN id=0x67f dlc=4
[2026-02-15T14:44:24.356378] RX CAN id=0x67f dlc=4
[2026-02-15T14:44:24.356485] RX CAN id=0x67f dlc=4
[2026-02-15T14:44:24.356623] [CAN] Frame sent (ID:0x67f, DLC:4)
[2026-02-15T14:44:24.356730] [CAN] Frame sent (ID:0x67f, DLC:4)
[2026-02-15T14:44:24.356846] [CAN] Frame sent (ID:0x67f, DLC:4)
[2026-02-15T14:44:24.356956] [CAN] Frame sent (ID:0x67f, DLC:4)
[2026-02-15T14:44:24.357059] [CAN] Frame sent (ID:0x67f, DLC:4)
[2026-02-15T14:44:24.357163] [CAN] Frame sent (ID:0x67f, DLC:4)
[2026-02-15T14:44:24.357266] [CAN] Frame sent (ID:0x67f, DLC:4)
[2026-02-15T14:44:24.357372] [CAN] Frame sent (ID:0x67f, DLC:4)
[2026-02-15T14:44:24.357477] [CAN] Frame sent (ID:0x67f, DLC:4)
[2026-02-15T14:44:24.357581] [CAN] Frame sent (ID:0x67f, DLC:4)
[2026-02-15T14:44:24.398485] [TDMA] TX UPLINK: frame=219 records=0
[2026-02-15T14:44:24.418378] BRAGE,23026,1,219,-65,13,34,UL,
[2026-02-15T14:44:24.457225] RX CAN id=0x67f dlc=4
[2026-02-15T14:44:24.457491] RX CAN id=0x67f dlc=4
[2026-02-15T14:44:24.457597] RX CAN id=0x67f dlc=4
[2026-02-15T14:44:24.457699] RX CAN id=0x67f dlc=4
[2026-02-15T14:44:24.457775] RX CAN id=0x67f dlc=4
[2026-02-15T14:44:24.457889] RX CAN id=0x123 dlc=3
[2026-02-15T14:44:24.457965] RX CAN id=0x67f dlc=4
[2026-02-15T14:44:24.458037] RX CAN id=0x67f dlc=4
[2026-02-15T14:44:24.458110] RX CAN id=0x67f dlc=4
[2026-02-15T14:44:24.458186] RX CAN id=0x67f dlc=4
[2026-02-15T14:44:24.458264] RX CAN id=0x67f dlc=4
[2026-02-15T14:44:24.458368] [CAN] Frame sent (ID:0x67f, DLC:4)
[2026-02-15T14:44:24.458480] [CAN] Frame sent (ID:0x67f, DLC:4)
[2026-02-15T14:44:24.458584] [CAN] Frame sent (ID:0x67f, DLC:4)
[2026-02-15T14:44:24.458691] [CAN] Frame sent (ID:0x67f, DLC:4)
[2026-02-15T14:44:24.458800] [CAN] Frame sent (ID:0x67f, DLC:4)
[2026-02-15T14:44:24.458910] [CAN] Frame sent (ID:0x123, DLC:3)
[2026-02-15T14:44:24.459013] [CAN] Frame sent (ID:0x67f, DLC:4)
[2026-02-15T14:44:24.459116] [CAN] Frame sent (ID:0x67f, DLC:4)
[2026-02-15T14:44:24.459219] [CAN] Frame sent (ID:0x67f, DLC:4)
[2026-02-15T14:44:24.459323] [CAN] Frame sent (ID:0x67f, DLC:4)
[2026-02-15T14:44:24.459426] [CAN] Frame sent (ID:0x67f, DLC:4)
[2026-02-15T14:44:24.498153] [TDMA] TX UPLINK: frame=220 records=0
[2026-02-15T14:44:24.517934] BRAGE,23126,1,220,-68,12,35,UL,
[2026-02-15T14:44:24.552487] RX CAN id=0x67f dlc=4
[2026-02-15T14:44:24.552710] RX CAN id=0x67f dlc=4
[2026-02-15T14:44:24.552815] RX CAN id=0x67f dlc=4
[2026-02-15T14:44:24.552959] RX CAN id=0x67f dlc=4
[2026-02-15T14:44:24.553066] RX CAN id=0x67f dlc=4
[2026-02-15T14:44:24.553174] RX CAN id=0x67f dlc=4
[2026-02-15T14:44:24.553273] RX CAN id=0x67f dlc=4
[2026-02-15T14:44:24.553372] RX CAN id=0x67f dlc=4
[2026-02-15T14:44:24.553472] RX CAN id=0x67f dlc=4
[2026-02-15T14:44:24.553615] [CAN] Frame sent (ID:0x67f, DLC:4)
[2026-02-15T14:44:24.553762] [CAN] Frame sent (ID:0x67f, DLC:4)
[2026-02-15T14:44:24.553920] [CAN] Frame sent (ID:0x67f, DLC:4)
[2026-02-15T14:44:24.554052] [CAN] Frame sent (ID:0x67f, DLC:4)
[2026-02-15T14:44:24.554154] [CAN] Frame sent (ID:0x67f, DLC:4)
[2026-02-15T14:44:24.554257] [CAN] Frame sent (ID:0x67f, DLC:4)
[2026-02-15T14:44:24.554360] [CAN] Frame sent (ID:0x67f, DLC:4)
[2026-02-15T14:44:24.554463] [CAN] Frame sent (ID:0x67f, DLC:4)
[2026-02-15T14:44:24.554566] [CAN] Frame sent (ID:0x67f, DLC:4)
[2026-02-15T14:44:24.597494] [TDMA] TX UPLINK: frame=221 records=0
[2026-02-15T14:44:24.617192] BRAGE,23226,1,221,-70,13,36,UL,
[2026-02-15T14:44:24.654104] RX CAN id=0x67f dlc=4
[2026-02-15T14:44:24.654328] RX CAN id=0x67f dlc=4
[2026-02-15T14:44:24.654439] RX CAN id=0x67f dlc=4
[2026-02-15T14:44:24.654542] RX CAN id=0x67f dlc=4
[2026-02-15T14:44:24.654683] RX CAN id=0x67f dlc=4
[2026-02-15T14:44:24.654784] RX CAN id=0x67f dlc=4
[2026-02-15T14:44:24.654896] RX CAN id=0x67f dlc=4
[2026-02-15T14:44:24.655000] RX CAN id=0x67f dlc=4
[2026-02-15T14:44:24.655111] RX CAN id=0x67f dlc=4
[2026-02-15T14:44:24.655211] RX CAN id=0x67f dlc=4
[2026-02-15T14:44:24.655357] [CAN] Frame sent (ID:0x67f, DLC:4)
[2026-02-15T14:44:24.655504] [CAN] Frame sent (ID:0x67f, DLC:4)
[2026-02-15T14:44:24.655649] [CAN] Frame sent (ID:0x67f, DLC:4)
[2026-02-15T14:44:24.655773] [CAN] Frame sent (ID:0x67f, DLC:4)
[2026-02-15T14:44:24.655880] [CAN] Frame sent (ID:0x67f, DLC:4)
[2026-02-15T14:44:24.655983] [CAN] Frame sent (ID:0x67f, DLC:4)
[2026-02-15T14:44:24.656087] [CAN] Frame sent (ID:0x67f, DLC:4)
[2026-02-15T14:44:24.656190] [CAN] Frame sent (ID:0x67f, DLC:4)
[2026-02-15T14:44:24.656293] [CAN] Frame sent (ID:0x67f, DLC:4)
[2026-02-15T14:44:24.656398] [CAN] Frame sent (ID:0x67f, DLC:4)
[2026-02-15T14:44:24.696603] [TDMA] TX UPLINK: frame=222 records=0
[2026-02-15T14:44:24.716910] BRAGE,23326,1,222,-71,13,37,UL,
[2026-02-15T14:44:24.753247] RX CAN id=0x67f dlc=4
[2026-02-15T14:44:24.753469] RX CAN id=0x67f dlc=4
[2026-02-15T14:44:24.753575] RX CAN id=0x67f dlc=4
[2026-02-15T14:44:24.753676] RX CAN id=0x67f dlc=4
[2026-02-15T14:44:24.753779] RX CAN id=0x67f dlc=4
[2026-02-15T14:44:24.753932] RX CAN id=0x67f dlc=4
[2026-02-15T14:44:24.754072] RX CAN id=0x67f dlc=4
[2026-02-15T14:44:24.754172] RX CAN id=0x67f dlc=4
[2026-02-15T14:44:24.754270] RX CAN id=0x67f dlc=4
[2026-02-15T14:44:24.754367] RX CAN id=0x67f dlc=4
[2026-02-15T14:44:24.754471] [CAN] Frame sent (ID:0x67f, DLC:4)
[2026-02-15T14:44:24.754576] [CAN] Frame sent (ID:0x67f, DLC:4)
[2026-02-15T14:44:24.754679] [CAN] Frame sent (ID:0x67f, DLC:4)
[2026-02-15T14:44:24.754783] [CAN] Frame sent (ID:0x67f, DLC:4)
[2026-02-15T14:44:24.754902] [CAN] Frame sent (ID:0x67f, DLC:4)
[2026-02-15T14:44:24.755005] [CAN] Frame sent (ID:0x67f, DLC:4)
[2026-02-15T14:44:24.755107] [CAN] Frame sent (ID:0x67f, DLC:4)
[2026-02-15T14:44:24.755211] [CAN] Frame sent (ID:0x67f, DLC:4)
[2026-02-15T14:44:24.755314] [CAN] Frame sent (ID:0x67f, DLC:4)
[2026-02-15T14:44:24.755416] [CAN] Frame sent (ID:0x67f, DLC:4)
[2026-02-15T14:44:24.796166] [TDMA] TX UPLINK: frame=223 records=0
[2026-02-15T14:44:24.816161] BRAGE,23426,1,223,-70,13,38,UL,
[2026-02-15T14:44:24.852813] RX CAN id=0x67f dlc=4
[2026-02-15T14:44:24.853087] RX CAN id=0x67f dlc=4
[2026-02-15T14:44:24.853199] RX CAN id=0x67f dlc=4
[2026-02-15T14:44:24.853301] RX CAN id=0x67f dlc=4
[2026-02-15T14:44:24.853402] RX CAN id=0x67f dlc=4
[2026-02-15T14:44:24.853503] RX CAN id=0x67f dlc=4
[2026-02-15T14:44:24.853603] RX CAN id=0x67f dlc=4
[2026-02-15T14:44:24.853703] RX CAN id=0x67f dlc=4
[2026-02-15T14:44:24.853810] RX CAN id=0x67f dlc=4
[2026-02-15T14:44:24.853926] RX CAN id=0x67f dlc=4
[2026-02-15T14:44:24.854064] [CAN] Frame sent (ID:0x67f, DLC:4)
[2026-02-15T14:44:24.854170] [CAN] Frame sent (ID:0x67f, DLC:4)
[2026-02-15T14:44:24.854274] [CAN] Frame sent (ID:0x67f, DLC:4)
[2026-02-15T14:44:24.854376] [CAN] Frame sent (ID:0x67f, DLC:4)
[2026-02-15T14:44:24.854480] [CAN] Frame sent (ID:0x67f, DLC:4)
[2026-02-15T14:44:24.854583] [CAN] Frame sent (ID:0x67f, DLC:4)
[2026-02-15T14:44:24.854687] [CAN] Frame sent (ID:0x67f, DLC:4)
[2026-02-15T14:44:24.854790] [CAN] Frame sent (ID:0x67f, DLC:4)
[2026-02-15T14:44:24.854898] [CAN] Frame sent (ID:0x67f, DLC:4)
[2026-02-15T14:44:24.855001] [CAN] Frame sent (ID:0x67f, DLC:4)
[2026-02-15T14:44:24.895476] [TDMA] TX UPLINK: frame=224 records=0
[2026-02-15T14:44:24.915052] BRAGE,23526,1,224,-74,13,39,UL,
[2026-02-15T14:44:24.950607] RX CAN id=0x67f dlc=4
[2026-02-15T14:44:24.950858] RX CAN id=0x67f dlc=4
[2026-02-15T14:44:24.950936] RX CAN id=0x67f dlc=4
[2026-02-15T14:44:24.951010] RX CAN id=0x67f dlc=4
[2026-02-15T14:44:24.951093] RX CAN id=0x67f dlc=4
[2026-02-15T14:44:24.951165] RX CAN id=0x67f dlc=4
[2026-02-15T14:44:24.951237] RX CAN id=0x67f dlc=4
[2026-02-15T14:44:24.951310] RX CAN id=0x67f dlc=4
[2026-02-15T14:44:24.951382] RX CAN id=0x67f dlc=4
[2026-02-15T14:44:24.951506] [CAN] Frame sent (ID:0x67f, DLC:4)
[2026-02-15T14:44:24.951618] [CAN] Frame sent (ID:0x67f, DLC:4)
[2026-02-15T14:44:24.951723] [CAN] Frame sent (ID:0x67f, DLC:4)
[2026-02-15T14:44:24.951831] [CAN] Frame sent (ID:0x67f, DLC:4)
[2026-02-15T14:44:24.951936] [CAN] Frame sent (ID:0x67f, DLC:4)
[2026-02-15T14:44:24.952041] [CAN] Frame sent (ID:0x67f, DLC:4)
[2026-02-15T14:44:24.952146] [CAN] Frame sent (ID:0x67f, DLC:4)
[2026-02-15T14:44:24.952250] [CAN] Frame sent (ID:0x67f, DLC:4)
[2026-02-15T14:44:24.952355] [CAN] Frame sent (ID:0x67f, DLC:4)
[2026-02-15T14:44:24.994999] [TDMA] TX UPLINK: frame=225 records=0
[2026-02-15T14:44:25.014959] BRAGE,23626,1,225,-77,13,40,UL,
[2026-02-15T14:44:25.051920] RX CAN id=0x67f dlc=4
[2026-02-15T14:44:25.052120] RX CAN id=0x67f dlc=4
[2026-02-15T14:44:25.052226] RX CAN id=0x67f dlc=4
[2026-02-15T14:44:25.052331] RX CAN id=0x67f dlc=4
[2026-02-15T14:44:25.052432] RX CAN id=0x67f dlc=4
[2026-02-15T14:44:25.052505] RX CAN id=0x67f dlc=4
[2026-02-15T14:44:25.052577] RX CAN id=0x67f dlc=4
[2026-02-15T14:44:25.052648] RX CAN id=0x67f dlc=4
[2026-02-15T14:44:25.052719] RX CAN id=0x67f dlc=4
[2026-02-15T14:44:25.052791] RX CAN id=0x67f dlc=4
[2026-02-15T14:44:25.052899] [CAN] Frame sent (ID:0x67f, DLC:4)
[2026-02-15T14:44:25.053004] [CAN] Frame sent (ID:0x67f, DLC:4)
[2026-02-15T14:44:25.053108] [CAN] Frame sent (ID:0x67f, DLC:4)
[2026-02-15T14:44:25.053211] [CAN] Frame sent (ID:0x67f, DLC:4)
[2026-02-15T14:44:25.053315] [CAN] Frame sent (ID:0x67f, DLC:4)
[2026-02-15T14:44:25.053418] [CAN] Frame sent (ID:0x67f, DLC:4)
[2026-02-15T14:44:25.053522] [CAN] Frame sent (ID:0x67f, DLC:4)
[2026-02-15T14:44:25.053626] [CAN] Frame sent (ID:0x67f, DLC:4)
[2026-02-15T14:44:25.053730] [CAN] Frame sent (ID:0x67f, DLC:4)
[2026-02-15T14:44:25.053834] [CAN] Frame sent (ID:0x67f, DLC:4)
[2026-02-15T14:44:25.094313] [TDMA] TX UPLINK: frame=226 records=0
[2026-02-15T14:44:25.114169] BRAGE,23726,1,226,-75,13,41,UL,
[2026-02-15T14:44:25.150238] RX CAN id=0x67f dlc=4
[2026-02-15T14:44:25.150462] RX CAN id=0x67f dlc=4
[2026-02-15T14:44:25.150566] RX CAN id=0x67f dlc=4
[2026-02-15T14:44:25.150667] RX CAN id=0x67f dlc=4
[2026-02-15T14:44:25.150769] RX CAN id=0x67f dlc=4
[2026-02-15T14:44:25.150914] RX CAN id=0x67f dlc=4
[2026-02-15T14:44:25.151017] RX CAN id=0x67f dlc=4
[2026-02-15T14:44:25.151117] RX CAN id=0x67f dlc=4
[2026-02-15T14:44:25.151217] RX CAN id=0x67f dlc=4
[2026-02-15T14:44:25.151317] RX CAN id=0x67f dlc=4
[2026-02-15T14:44:25.151432] [CAN] Frame sent (ID:0x67f, DLC:4)
[2026-02-15T14:44:25.151538] [CAN] Frame sent (ID:0x67f, DLC:4)
[2026-02-15T14:44:25.151642] [CAN] Frame sent (ID:0x67f, DLC:4)
[2026-02-15T14:44:25.152622] [CAN] Frame sent (ID:0x67f, DLC:4)
[2026-02-15T14:44:25.152737] [CAN] Frame sent (ID:0x67f, DLC:4)
[2026-02-15T14:44:25.152851] [CAN] Frame sent (ID:0x67f, DLC:4)
[2026-02-15T14:44:25.152956] [CAN] Frame sent (ID:0x67f, DLC:4)
[2026-02-15T14:44:25.153127] [CAN] Frame sent (ID:0x67f, DLC:4)
[2026-02-15T14:44:25.153335] [CAN] Frame sent (ID:0x67f, DLC:4)
[2026-02-15T14:44:25.153543] [CAN] Frame sent (ID:0x67f, DLC:4)
[2026-02-15T14:44:25.195435] [TDMA] TX UPLINK: frame=227 records=0
[2026-02-15T14:44:25.213365] BRAGE,23826,1,227,-75,13,42,UL,
[2026-02-15T14:44:25.249094] RX CAN id=0x67f dlc=4
[2026-02-15T14:44:25.249376] RX CAN id=0x67f dlc=4
[2026-02-15T14:44:25.249532] RX CAN id=0x67f dlc=4
[2026-02-15T14:44:25.249677] RX CAN id=0x67f dlc=4
[2026-02-15T14:44:25.249824] RX CAN id=0x67f dlc=4
[2026-02-15T14:44:25.249982] RX CAN id=0x67f dlc=4
[2026-02-15T14:44:25.250127] RX CAN id=0x67f dlc=4
[2026-02-15T14:44:25.250235] RX CAN id=0x67f dlc=4
[2026-02-15T14:44:25.250344] RX CAN id=0x67f dlc=4
[2026-02-15T14:44:25.250451] RX CAN id=0x67f dlc=4
[2026-02-15T14:44:25.250607] [CAN] Frame sent (ID:0x67f, DLC:4)
[2026-02-15T14:44:25.250764] [CAN] Frame sent (ID:0x67f, DLC:4)
[2026-02-15T14:44:25.250927] [CAN] Frame sent (ID:0x67f, DLC:4)
[2026-02-15T14:44:25.251082] [CAN] Frame sent (ID:0x67f, DLC:4)
[2026-02-15T14:44:25.251236] [CAN] Frame sent (ID:0x67f, DLC:4)
[2026-02-15T14:44:25.251424] [CAN] Frame sent (ID:0x67f, DLC:4)
[2026-02-15T14:44:25.251579] [CAN] Frame sent (ID:0x67f, DLC:4)
[2026-02-15T14:44:25.251735] [CAN] Frame sent (ID:0x67f, DLC:4)
[2026-02-15T14:44:25.251897] [CAN] Frame sent (ID:0x67f, DLC:4)
[2026-02-15T14:44:25.252053] [CAN] Frame sent (ID:0x67f, DLC:4)
[2026-02-15T14:44:25.292990] [TDMA] TX UPLINK: frame=228 records=0
[2026-02-15T14:44:25.312977] BRAGE,23926,1,228,-75,13,43,UL,
[2026-02-15T14:44:25.346323] RX CAN id=0x67f dlc=4
[2026-02-15T14:44:25.346601] RX CAN id=0x67f dlc=4
[2026-02-15T14:44:25.346749] RX CAN id=0x67f dlc=4
[2026-02-15T14:44:25.346930] RX CAN id=0x67f dlc=4
[2026-02-15T14:44:25.347041] RX CAN id=0x67f dlc=4
[2026-02-15T14:44:25.347149] RX CAN id=0x67f dlc=4
[2026-02-15T14:44:25.347256] RX CAN id=0x67f dlc=4
[2026-02-15T14:44:25.347608] RX CAN id=0x67f dlc=4
[2026-02-15T14:44:25.347814] RX CAN id=0x67f dlc=4
[2026-02-15T14:44:25.347998] [CAN] Frame sent (ID:0x67f, DLC:4)
[2026-02-15T14:44:25.348123] [CAN] Frame sent (ID:0x67f, DLC:4)
[2026-02-15T14:44:25.348228] [CAN] Frame sent (ID:0x67f, DLC:4)
[2026-02-15T14:44:25.348333] [CAN] Frame sent (ID:0x67f, DLC:4)
[2026-02-15T14:44:25.348437] [CAN] Frame sent (ID:0x67f, DLC:4)
[2026-02-15T14:44:25.348541] [CAN] Frame sent (ID:0x67f, DLC:4)
[2026-02-15T14:44:25.348645] [CAN] Frame sent (ID:0x67f, DLC:4)
[2026-02-15T14:44:25.348750] [CAN] Frame sent (ID:0x67f, DLC:4)
[2026-02-15T14:44:25.348874] [CAN] Frame sent (ID:0x67f, DLC:4)
[2026-02-15T14:44:25.392422] [TDMA] TX UPLINK: frame=229 records=0
[2026-02-15T14:44:25.412313] BRAGE,24026,1,229,-79,12,44,UL,
[2026-02-15T14:44:25.451219] RX CAN id=0x67f dlc=4
[2026-02-15T14:44:25.451493] RX CAN id=0x67f dlc=4
[2026-02-15T14:44:25.451578] RX CAN id=0x67f dlc=4
[2026-02-15T14:44:25.451651] RX CAN id=0x67f dlc=4
[2026-02-15T14:44:25.451724] RX CAN id=0x67f dlc=4
[2026-02-15T14:44:25.451797] RX CAN id=0x67f dlc=4
[2026-02-15T14:44:25.452072] RX CAN id=0x123 dlc=3
[2026-02-15T14:44:25.452263] RX CAN id=0x67f dlc=4
[2026-02-15T14:44:25.452418] RX CAN id=0x67f dlc=4
[2026-02-15T14:44:25.452570] RX CAN id=0x67f dlc=4
[2026-02-15T14:44:25.452716] RX CAN id=0x67f dlc=4
[2026-02-15T14:44:25.452940] [CAN] Frame sent (ID:0x67f, DLC:4)
[2026-02-15T14:44:25.453150] [CAN] Frame sent (ID:0x67f, DLC:4)
[2026-02-15T14:44:25.453320] [CAN] Frame sent (ID:0x67f, DLC:4)
[2026-02-15T14:44:25.453424] [CAN] Frame sent (ID:0x67f, DLC:4)
[2026-02-15T14:44:25.453526] [CAN] Frame sent (ID:0x67f, DLC:4)
[2026-02-15T14:44:25.453629] [CAN] Frame sent (ID:0x67f, DLC:4)
[2026-02-15T14:44:25.453732] [CAN] Frame sent (ID:0x123, DLC:3)
[2026-02-15T14:44:25.453842] [CAN] Frame sent (ID:0x67f, DLC:4)
[2026-02-15T14:44:25.453945] [CAN] Frame sent (ID:0x67f, DLC:4)
[2026-02-15T14:44:25.454049] [CAN] Frame sent (ID:0x67f, DLC:4)
[2026-02-15T14:44:25.454152] [CAN] Frame sent (ID:0x67f, DLC:4)
[2026-02-15T14:44:25.492101] [TDMA] TX UPLINK: frame=230 records=0
[2026-02-15T14:44:25.511934] BRAGE,24126,1,230,-87,12,44,UL,
[2026-02-15T14:44:25.548342] RX CAN id=0x67f dlc=4
[2026-02-15T14:44:25.548567] RX CAN id=0x67f dlc=4
[2026-02-15T14:44:25.548670] RX CAN id=0x67f dlc=4
[2026-02-15T14:44:25.548772] RX CAN id=0x67f dlc=4
[2026-02-15T14:44:25.548913] RX CAN id=0x67f dlc=4
[2026-02-15T14:44:25.549028] RX CAN id=0x67f dlc=4
[2026-02-15T14:44:25.549129] RX CAN id=0x67f dlc=4
[2026-02-15T14:44:25.549236] RX CAN id=0x67f dlc=4
[2026-02-15T14:44:25.549335] RX CAN id=0x67f dlc=4
[2026-02-15T14:44:25.549434] RX CAN id=0x67f dlc=4
[2026-02-15T14:44:25.549553] [CAN] Frame sent (ID:0x67f, DLC:4)
[2026-02-15T14:44:25.549657] [CAN] Frame sent (ID:0x67f, DLC:4)
[2026-02-15T14:44:25.549761] [CAN] Frame sent (ID:0x67f, DLC:4)
[2026-02-15T14:44:25.549877] [CAN] Frame sent (ID:0x67f, DLC:4)
[2026-02-15T14:44:25.549981] [CAN] Frame sent (ID:0x67f, DLC:4)
[2026-02-15T14:44:25.550083] [CAN] Frame sent (ID:0x67f, DLC:4)
[2026-02-15T14:44:25.550187] [CAN] Frame sent (ID:0x67f, DLC:4)
[2026-02-15T14:44:25.550291] [CAN] Frame sent (ID:0x67f, DLC:4)
[2026-02-15T14:44:25.550394] [CAN] Frame sent (ID:0x67f, DLC:4)
[2026-02-15T14:44:25.550525] [CAN] Frame sent (ID:0x67f, DLC:4)
[2026-02-15T14:44:25.591235] [TDMA] TX UPLINK: frame=231 records=0
[2026-02-15T14:44:25.611180] BRAGE,24226,1,231,-81,13,44,UL,
[2026-02-15T14:44:25.647481] RX CAN id=0x67f dlc=4
[2026-02-15T14:44:25.647745] RX CAN id=0x67f dlc=4
[2026-02-15T14:44:25.647895] RX CAN id=0x67f dlc=4
[2026-02-15T14:44:25.648002] RX CAN id=0x67f dlc=4
[2026-02-15T14:44:25.648111] RX CAN id=0x67f dlc=4
[2026-02-15T14:44:25.648212] RX CAN id=0x67f dlc=4
[2026-02-15T14:44:25.648322] RX CAN id=0x67f dlc=4
[2026-02-15T14:44:25.648428] RX CAN id=0x67f dlc=4
[2026-02-15T14:44:25.648529] RX CAN id=0x67f dlc=4
[2026-02-15T14:44:25.648614] RX CAN id=0x67f dlc=4
[2026-02-15T14:44:25.648725] [CAN] Frame sent (ID:0x67f, DLC:4)
[2026-02-15T14:44:25.648842] [CAN] Frame sent (ID:0x67f, DLC:4)
[2026-02-15T14:44:25.648947] [CAN] Frame sent (ID:0x67f, DLC:4)
[2026-02-15T14:44:25.649050] [CAN] Frame sent (ID:0x67f, DLC:4)
[2026-02-15T14:44:25.649153] [CAN] Frame sent (ID:0x67f, DLC:4)
[2026-02-15T14:44:25.649257] [CAN] Frame sent (ID:0x67f, DLC:4)
[2026-02-15T14:44:25.649361] [CAN] Frame sent (ID:0x67f, DLC:4)
[2026-02-15T14:44:25.649464] [CAN] Frame sent (ID:0x67f, DLC:4)
[2026-02-15T14:44:25.649568] [CAN] Frame sent (ID:0x67f, DLC:4)
[2026-02-15T14:44:25.649673] [CAN] Frame sent (ID:0x67f, DLC:4)
[2026-02-15T14:44:25.690626] [TDMA] TX UPLINK: frame=232 records=0
[2026-02-15T14:44:25.710336] BRAGE,24326,1,232,-77,13,44,UL,
[2026-02-15T14:44:25.745213] RX CAN id=0x67f dlc=4
[2026-02-15T14:44:25.745437] RX CAN id=0x67f dlc=4
[2026-02-15T14:44:25.745540] RX CAN id=0x67f dlc=4
[2026-02-15T14:44:25.745643] RX CAN id=0x67f dlc=4
[2026-02-15T14:44:25.745744] RX CAN id=0x67f dlc=4
[2026-02-15T14:44:25.746017] RX CAN id=0x67f dlc=4
[2026-02-15T14:44:25.746171] RX CAN id=0x67f dlc=4
[2026-02-15T14:44:25.746281] RX CAN id=0x67f dlc=4
[2026-02-15T14:44:25.746382] RX CAN id=0x67f dlc=4
[2026-02-15T14:44:25.746579] [CAN] Frame sent (ID:0x67f, DLC:4)
[2026-02-15T14:44:25.746787] [CAN] Frame sent (ID:0x67f, DLC:4)
[2026-02-15T14:44:25.747010] [CAN] Frame sent (ID:0x67f, DLC:4)
[2026-02-15T14:44:25.747216] [CAN] Frame sent (ID:0x67f, DLC:4)
[2026-02-15T14:44:25.747417] [CAN] Frame sent (ID:0x67f, DLC:4)
[2026-02-15T14:44:25.747520] [CAN] Frame sent (ID:0x67f, DLC:4)
[2026-02-15T14:44:25.747623] [CAN] Frame sent (ID:0x67f, DLC:4)
[2026-02-15T14:44:25.747726] [CAN] Frame sent (ID:0x67f, DLC:4)
[2026-02-15T14:44:25.747832] [CAN] Frame sent (ID:0x67f, DLC:4)
[2026-02-15T14:44:25.790272] [TDMA] TX UPLINK: frame=233 records=0
[2026-02-15T14:44:25.810168] BRAGE,24426,1,233,-75,13,45,UL,
[2026-02-15T14:44:25.846262] RX CAN id=0x67f dlc=4
[2026-02-15T14:44:25.846483] RX CAN id=0x67f dlc=4
[2026-02-15T14:44:25.846592] RX CAN id=0x67f dlc=4
[2026-02-15T14:44:25.846693] RX CAN id=0x67f dlc=4
[2026-02-15T14:44:25.846797] RX CAN id=0x67f dlc=4
[2026-02-15T14:44:25.846949] RX CAN id=0x67f dlc=4
[2026-02-15T14:44:25.847056] RX CAN id=0x67f dlc=4
[2026-02-15T14:44:25.847156] RX CAN id=0x67f dlc=4
[2026-02-15T14:44:25.847256] RX CAN id=0x67f dlc=4
[2026-02-15T14:44:25.847355] RX CAN id=0x67f dlc=4
[2026-02-15T14:44:25.847467] [CAN] Frame sent (ID:0x67f, DLC:4)
[2026-02-15T14:44:25.847572] [CAN] Frame sent (ID:0x67f, DLC:4)
[2026-02-15T14:44:25.847675] [CAN] Frame sent (ID:0x67f, DLC:4)
[2026-02-15T14:44:25.847779] [CAN] Frame sent (ID:0x67f, DLC:4)
[2026-02-15T14:44:25.847951] [CAN] Frame sent (ID:0x67f, DLC:4)
[2026-02-15T14:44:25.848060] [CAN] Frame sent (ID:0x67f, DLC:4)
[2026-02-15T14:44:25.848163] [CAN] Frame sent (ID:0x67f, DLC:4)
[2026-02-15T14:44:25.848266] [CAN] Frame sent (ID:0x67f, DLC:4)
[2026-02-15T14:44:25.848370] [CAN] Frame sent (ID:0x67f, DLC:4)
[2026-02-15T14:44:25.848473] [CAN] Frame sent (ID:0x67f, DLC:4)
[2026-02-15T14:44:25.889285] [TDMA] TX UPLINK: frame=234 records=0
[2026-02-15T14:44:25.909308] BRAGE,24526,1,234,-74,13,46,UL,
[2026-02-15T14:44:25.946154] RX CAN id=0x67f dlc=4
[2026-02-15T14:44:25.946384] RX CAN id=0x67f dlc=4
[2026-02-15T14:44:25.946496] RX CAN id=0x67f dlc=4
[2026-02-15T14:44:25.946597] RX CAN id=0x67f dlc=4
[2026-02-15T14:44:25.946734] RX CAN id=0x67f dlc=4
[2026-02-15T14:44:25.946846] RX CAN id=0x67f dlc=4
[2026-02-15T14:44:25.946947] RX CAN id=0x67f dlc=4
[2026-02-15T14:44:25.947047] RX CAN id=0x67f dlc=4
[2026-02-15T14:44:25.947155] RX CAN id=0x67f dlc=4
[2026-02-15T14:44:25.947254] RX CAN id=0x67f dlc=4
[2026-02-15T14:44:25.947400] [CAN] Frame sent (ID:0x67f, DLC:4)
[2026-02-15T14:44:25.947549] [CAN] Frame sent (ID:0x67f, DLC:4)
[2026-02-15T14:44:25.947693] [CAN] Frame sent (ID:0x67f, DLC:4)
[2026-02-15T14:44:25.947843] [CAN] Frame sent (ID:0x67f, DLC:4)
[2026-02-15T14:44:25.947948] [CAN] Frame sent (ID:0x67f, DLC:4)
[2026-02-15T14:44:25.948050] [CAN] Frame sent (ID:0x67f, DLC:4)
[2026-02-15T14:44:25.948154] [CAN] Frame sent (ID:0x67f, DLC:4)
[2026-02-15T14:44:25.948257] [CAN] Frame sent (ID:0x67f, DLC:4)
[2026-02-15T14:44:25.948360] [CAN] Frame sent (ID:0x67f, DLC:4)
[2026-02-15T14:44:25.948463] [CAN] Frame sent (ID:0x67f, DLC:4)
[2026-02-15T14:44:25.988282] [TDMA] TX UPLINK: frame=235 records=0
[2026-02-15T14:44:26.008946] BRAGE,24626,1,235,-74,13,47,UL,
[2026-02-15T14:44:26.045339] RX CAN id=0x67f dlc=4
[2026-02-15T14:44:26.045563] RX CAN id=0x67f dlc=4
[2026-02-15T14:44:26.045668] RX CAN id=0x67f dlc=4
[2026-02-15T14:44:26.045769] RX CAN id=0x67f dlc=4
[2026-02-15T14:44:26.045916] RX CAN id=0x67f dlc=4
[2026-02-15T14:44:26.046025] RX CAN id=0x67f dlc=4
[2026-02-15T14:44:26.046127] RX CAN id=0x67f dlc=4
[2026-02-15T14:44:26.046227] RX CAN id=0x67f dlc=4
[2026-02-15T14:44:26.046326] RX CAN id=0x67f dlc=4
[2026-02-15T14:44:26.046431] RX CAN id=0x67f dlc=4
[2026-02-15T14:44:26.046582] [CAN] Frame sent (ID:0x67f, DLC:4)
[2026-02-15T14:44:26.046705] [CAN] Frame sent (ID:0x67f, DLC:4)
[2026-02-15T14:44:26.046809] [CAN] Frame sent (ID:0x67f, DLC:4)
[2026-02-15T14:44:26.046922] [CAN] Frame sent (ID:0x67f, DLC:4)
[2026-02-15T14:44:26.047025] [CAN] Frame sent (ID:0x67f, DLC:4)
[2026-02-15T14:44:26.047128] [CAN] Frame sent (ID:0x67f, DLC:4)
[2026-02-15T14:44:26.047231] [CAN] Frame sent (ID:0x67f, DLC:4)
[2026-02-15T14:44:26.047334] [CAN] Frame sent (ID:0x67f, DLC:4)
[2026-02-15T14:44:26.047437] [CAN] Frame sent (ID:0x67f, DLC:4)
[2026-02-15T14:44:26.047541] [CAN] Frame sent (ID:0x67f, DLC:4)
[2026-02-15T14:44:26.088232] [TDMA] TX UPLINK: frame=236 records=0
[2026-02-15T14:44:26.108227] BRAGE,24726,1,236,-75,13,47,UL,
[2026-02-15T14:44:26.142971] RX CAN id=0x67f dlc=4
[2026-02-15T14:44:26.143202] RX CAN id=0x67f dlc=4
[2026-02-15T14:44:26.143320] RX CAN id=0x67f dlc=4
[2026-02-15T14:44:26.143423] RX CAN id=0x67f dlc=4
[2026-02-15T14:44:26.143533] RX CAN id=0x67f dlc=4
[2026-02-15T14:44:26.143636] RX CAN id=0x67f dlc=4
[2026-02-15T14:44:26.143725] RX CAN id=0x67f dlc=4
[2026-02-15T14:44:26.143797] RX CAN id=0x67f dlc=4
[2026-02-15T14:44:26.143881] RX CAN id=0x67f dlc=4
[2026-02-15T14:44:26.143989] [CAN] Frame sent (ID:0x67f, DLC:4)
[2026-02-15T14:44:26.144096] [CAN] Frame sent (ID:0x67f, DLC:4)
[2026-02-15T14:44:26.144200] [CAN] Frame sent (ID:0x67f, DLC:4)
[2026-02-15T14:44:26.144305] [CAN] Frame sent (ID:0x67f, DLC:4)
[2026-02-15T14:44:26.144409] [CAN] Frame sent (ID:0x67f, DLC:4)
[2026-02-15T14:44:26.144514] [CAN] Frame sent (ID:0x67f, DLC:4)
[2026-02-15T14:44:26.144618] [CAN] Frame sent (ID:0x67f, DLC:4)
[2026-02-15T14:44:26.144722] [CAN] Frame sent (ID:0x67f, DLC:4)
[2026-02-15T14:44:26.144828] [CAN] Frame sent (ID:0x67f, DLC:4)
[2026-02-15T14:44:26.187607] [TDMA] TX UPLINK: frame=237 records=0
[2026-02-15T14:44:26.207509] BRAGE,24826,1,237,-75,14,48,UL,
[2026-02-15T14:44:26.244184] RX CAN id=0x67f dlc=4
[2026-02-15T14:44:26.244401] RX CAN id=0x67f dlc=4
[2026-02-15T14:44:26.244505] RX CAN id=0x67f dlc=4
[2026-02-15T14:44:26.244607] RX CAN id=0x67f dlc=4
[2026-02-15T14:44:26.244708] RX CAN id=0x67f dlc=4
[2026-02-15T14:44:26.244813] RX CAN id=0x67f dlc=4
[2026-02-15T14:44:26.244959] RX CAN id=0x67f dlc=4
[2026-02-15T14:44:26.245065] RX CAN id=0x67f dlc=4
[2026-02-15T14:44:26.245165] RX CAN id=0x67f dlc=4
[2026-02-15T14:44:26.245265] RX CAN id=0x67f dlc=4
[2026-02-15T14:44:26.245408] [CAN] Frame sent (ID:0x67f, DLC:4)
[2026-02-15T14:44:26.245547] [CAN] Frame sent (ID:0x67f, DLC:4)
[2026-02-15T14:44:26.245650] [CAN] Frame sent (ID:0x67f, DLC:4)
[2026-02-15T14:44:26.245758] [CAN] Frame sent (ID:0x67f, DLC:4)
[2026-02-15T14:44:26.245869] [CAN] Frame sent (ID:0x67f, DLC:4)
[2026-02-15T14:44:26.245975] [CAN] Frame sent (ID:0x67f, DLC:4)
[2026-02-15T14:44:26.246078] [CAN] Frame sent (ID:0x67f, DLC:4)
[2026-02-15T14:44:26.246181] [CAN] Frame sent (ID:0x67f, DLC:4)
[2026-02-15T14:44:26.246284] [CAN] Frame sent (ID:0x67f, DLC:4)
[2026-02-15T14:44:26.246387] [CAN] Frame sent (ID:0x67f, DLC:4)
[2026-02-15T14:44:26.287208] [TDMA] TX UPLINK: frame=238 records=0
[2026-02-15T14:44:26.307160] BRAGE,24926,1,238,-73,13,49,UL,
[2026-02-15T14:44:26.343550] RX CAN id=0x67f dlc=4
[2026-02-15T14:44:26.343779] RX CAN id=0x67f dlc=4
[2026-02-15T14:44:26.343936] RX CAN id=0x67f dlc=4
[2026-02-15T14:44:26.344042] RX CAN id=0x67f dlc=4
[2026-02-15T14:44:26.344144] RX CAN id=0x67f dlc=4
[2026-02-15T14:44:26.344251] RX CAN id=0x67f dlc=4
[2026-02-15T14:44:26.344353] RX CAN id=0x67f dlc=4
[2026-02-15T14:44:26.344453] RX CAN id=0x67f dlc=4
[2026-02-15T14:44:26.344547] RX CAN id=0x67f dlc=4
[2026-02-15T14:44:26.344619] RX CAN id=0x67f dlc=4
[2026-02-15T14:44:26.344724] [CAN] Frame sent (ID:0x67f, DLC:4)
[2026-02-15T14:44:26.344837] [CAN] Frame sent (ID:0x67f, DLC:4)
[2026-02-15T14:44:26.344942] [CAN] Frame sent (ID:0x67f, DLC:4)
[2026-02-15T14:44:26.345052] [CAN] Frame sent (ID:0x67f, DLC:4)
[2026-02-15T14:44:26.345156] [CAN] Frame sent (ID:0x67f, DLC:4)
[2026-02-15T14:44:26.345260] [CAN] Frame sent (ID:0x67f, DLC:4)
[2026-02-15T14:44:26.345365] [CAN] Frame sent (ID:0x67f, DLC:4)
[2026-02-15T14:44:26.345469] [CAN] Frame sent (ID:0x67f, DLC:4)
[2026-02-15T14:44:26.345574] [CAN] Frame sent (ID:0x67f, DLC:4)
[2026-02-15T14:44:26.345679] [CAN] Frame sent (ID:0x67f, DLC:4)
[2026-02-15T14:44:26.386417] [TDMA] TX UPLINK: frame=239 records=0
[2026-02-15T14:44:26.406303] BRAGE,25026,1,239,-70,13,50,UL,
[2026-02-15T14:44:26.443224] RX CAN id=0x67f dlc=4
[2026-02-15T14:44:26.443445] RX CAN id=0x67f dlc=4
[2026-02-15T14:44:26.443554] RX CAN id=0x67f dlc=4
[2026-02-15T14:44:26.443655] RX CAN id=0x67f dlc=4
[2026-02-15T14:44:26.443758] RX CAN id=0x67f dlc=4
[2026-02-15T14:44:26.443909] RX CAN id=0x67f dlc=4
[2026-02-15T14:44:26.444014] RX CAN id=0x123 dlc=3
[2026-02-15T14:44:26.444120] RX CAN id=0x67f dlc=4
[2026-02-15T14:44:26.444221] RX CAN id=0x67f dlc=4
[2026-02-15T14:44:26.444322] RX CAN id=0x67f dlc=4
[2026-02-15T14:44:26.444459] [CAN] Frame sent (ID:0x67f, DLC:4)
[2026-02-15T14:44:26.444565] [CAN] Frame sent (ID:0x67f, DLC:4)
[2026-02-15T14:44:26.444669] [CAN] Frame sent (ID:0x67f, DLC:4)
[2026-02-15T14:44:26.444773] [CAN] Frame sent (ID:0x67f, DLC:4)
[2026-02-15T14:44:26.444884] [CAN] Frame sent (ID:0x67f, DLC:4)
[2026-02-15T14:44:26.444989] [CAN] Frame sent (ID:0x67f, DLC:4)
[2026-02-15T14:44:26.445093] [CAN] Frame sent (ID:0x123, DLC:3)
[2026-02-15T14:44:26.445197] [CAN] Frame sent (ID:0x67f, DLC:4)
[2026-02-15T14:44:26.445302] [CAN] Frame sent (ID:0x67f, DLC:4)
[2026-02-15T14:44:26.445407] [CAN] Frame sent (ID:0x67f, DLC:4)
[2026-02-15T14:44:26.485660] [TDMA] TX UPLINK: frame=240 records=0
[2026-02-15T14:44:26.505285] BRAGE,25126,1,240,-71,12,51,UL,
[2026-02-15T14:44:26.542341] RX CAN id=0x67f dlc=4
[2026-02-15T14:44:26.542561] RX CAN id=0x67f dlc=4
[2026-02-15T14:44:26.542665] RX CAN id=0x67f dlc=4
[2026-02-15T14:44:26.542766] RX CAN id=0x67f dlc=4
[2026-02-15T14:44:26.542914] RX CAN id=0x67f dlc=4
[2026-02-15T14:44:26.543025] RX CAN id=0x67f dlc=4
[2026-02-15T14:44:26.543125] RX CAN id=0x67f dlc=4
[2026-02-15T14:44:26.543225] RX CAN id=0x67f dlc=4
[2026-02-15T14:44:26.543325] RX CAN id=0x67f dlc=4
[2026-02-15T14:44:26.543425] RX CAN id=0x67f dlc=4
[2026-02-15T14:44:26.543571] [CAN] Frame sent (ID:0x67f, DLC:4)
[2026-02-15T14:44:26.543728] [CAN] Frame sent (ID:0x67f, DLC:4)
[2026-02-15T14:44:26.543880] [CAN] Frame sent (ID:0x67f, DLC:4)
[2026-02-15T14:44:26.543985] [CAN] Frame sent (ID:0x67f, DLC:4)
[2026-02-15T14:44:26.544088] [CAN] Frame sent (ID:0x67f, DLC:4)
[2026-02-15T14:44:26.544226] [CAN] Frame sent (ID:0x67f, DLC:4)
[2026-02-15T14:44:26.544331] [CAN] Frame sent (ID:0x67f, DLC:4)
[2026-02-15T14:44:26.544435] [CAN] Frame sent (ID:0x67f, DLC:4)
[2026-02-15T14:44:26.544538] [CAN] Frame sent (ID:0x67f, DLC:4)
[2026-02-15T14:44:26.544642] [CAN] Frame sent (ID:0x67f, DLC:4)
[2026-02-15T14:44:26.585214] [TDMA] TX UPLINK: frame=241 records=0
[2026-02-15T14:44:26.605207] BRAGE,25226,1,241,-71,13,51,UL,
[2026-02-15T14:44:26.641973] RX CAN id=0x67f dlc=4
[2026-02-15T14:44:26.642197] RX CAN id=0x67f dlc=4
[2026-02-15T14:44:26.642309] RX CAN id=0x67f dlc=4
[2026-02-15T14:44:26.642411] RX CAN id=0x67f dlc=4
[2026-02-15T14:44:26.642512] RX CAN id=0x67f dlc=4
[2026-02-15T14:44:26.642614] RX CAN id=0x67f dlc=4
[2026-02-15T14:44:26.642712] RX CAN id=0x67f dlc=4
[2026-02-15T14:44:26.642785] RX CAN id=0x67f dlc=4
[2026-02-15T14:44:26.642864] RX CAN id=0x67f dlc=4
[2026-02-15T14:44:26.642937] RX CAN id=0x67f dlc=4
[2026-02-15T14:44:26.643042] [CAN] Frame sent (ID:0x67f, DLC:4)
[2026-02-15T14:44:26.643149] [CAN] Frame sent (ID:0x67f, DLC:4)
[2026-02-15T14:44:26.643262] [CAN] Frame sent (ID:0x67f, DLC:4)
[2026-02-15T14:44:26.643365] [CAN] Frame sent (ID:0x67f, DLC:4)
[2026-02-15T14:44:26.643469] [CAN] Frame sent (ID:0x67f, DLC:4)
[2026-02-15T14:44:26.643572] [CAN] Frame sent (ID:0x67f, DLC:4)
[2026-02-15T14:44:26.643676] [CAN] Frame sent (ID:0x67f, DLC:4)
[2026-02-15T14:44:26.643780] [CAN] Frame sent (ID:0x67f, DLC:4)
[2026-02-15T14:44:26.643888] [CAN] Frame sent (ID:0x67f, DLC:4)
[2026-02-15T14:44:26.643992] [CAN] Frame sent (ID:0x67f, DLC:4)
[2026-02-15T14:44:26.684585] [TDMA] TX UPLINK: frame=242 records=0
[2026-02-15T14:44:26.704472] BRAGE,25326,1,242,-71,13,51,UL,
[2026-02-15T14:44:26.741428] RX CAN id=0x67f dlc=4
[2026-02-15T14:44:26.741659] RX CAN id=0x67f dlc=4
[2026-02-15T14:44:26.741764] RX CAN id=0x67f dlc=4
[2026-02-15T14:44:26.741917] RX CAN id=0x67f dlc=4
[2026-02-15T14:44:26.742000] RX CAN id=0x67f dlc=4
[2026-02-15T14:44:26.742073] RX CAN id=0x67f dlc=4
[2026-02-15T14:44:26.742146] RX CAN id=0x67f dlc=4
[2026-02-15T14:44:26.742220] RX CAN id=0x67f dlc=4
[2026-02-15T14:44:26.742292] RX CAN id=0x67f dlc=4
[2026-02-15T14:44:26.742371] RX CAN id=0x67f dlc=4
[2026-02-15T14:44:26.742476] [CAN] Frame sent (ID:0x67f, DLC:4)
[2026-02-15T14:44:26.742581] [CAN] Frame sent (ID:0x67f, DLC:4)
[2026-02-15T14:44:26.742684] [CAN] Frame sent (ID:0x67f, DLC:4)
[2026-02-15T14:44:26.742788] [CAN] Frame sent (ID:0x67f, DLC:4)
[2026-02-15T14:44:26.742901] [CAN] Frame sent (ID:0x67f, DLC:4)
[2026-02-15T14:44:26.743005] [CAN] Frame sent (ID:0x67f, DLC:4)
[2026-02-15T14:44:26.743110] [CAN] Frame sent (ID:0x67f, DLC:4)
[2026-02-15T14:44:26.743214] [CAN] Frame sent (ID:0x67f, DLC:4)
[2026-02-15T14:44:26.743317] [CAN] Frame sent (ID:0x67f, DLC:4)
[2026-02-15T14:44:26.743421] [CAN] Frame sent (ID:0x67f, DLC:4)
[2026-02-15T14:44:26.783771] [TDMA] TX UPLINK: frame=243 records=0
[2026-02-15T14:44:26.804212] BRAGE,25426,1,243,-76,13,52,UL,
[2026-02-15T14:44:26.838286] RX CAN id=0x67f dlc=4
[2026-02-15T14:44:26.838508] RX CAN id=0x67f dlc=4
[2026-02-15T14:44:26.838614] RX CAN id=0x67f dlc=4
[2026-02-15T14:44:26.838717] RX CAN id=0x67f dlc=4
[2026-02-15T14:44:26.838822] RX CAN id=0x67f dlc=4
[2026-02-15T14:44:26.838974] RX CAN id=0x67f dlc=4
[2026-02-15T14:44:26.839078] RX CAN id=0x67f dlc=4
[2026-02-15T14:44:26.839179] RX CAN id=0x67f dlc=4
[2026-02-15T14:44:26.839287] RX CAN id=0x67f dlc=4
[2026-02-15T14:44:26.839432] [CAN] Frame sent (ID:0x67f, DLC:4)
[2026-02-15T14:44:26.839576] [CAN] Frame sent (ID:0x67f, DLC:4)
[2026-02-15T14:44:26.839680] [CAN] Frame sent (ID:0x67f, DLC:4)
[2026-02-15T14:44:26.839783] [CAN] Frame sent (ID:0x67f, DLC:4)
[2026-02-15T14:44:26.839894] [CAN] Frame sent (ID:0x67f, DLC:4)
[2026-02-15T14:44:26.839999] [CAN] Frame sent (ID:0x67f, DLC:4)
[2026-02-15T14:44:26.840103] [CAN] Frame sent (ID:0x67f, DLC:4)
[2026-02-15T14:44:26.840206] [CAN] Frame sent (ID:0x67f, DLC:4)
[2026-02-15T14:44:26.840311] [CAN] Frame sent (ID:0x67f, DLC:4)
[2026-02-15T14:44:26.883079] [TDMA] TX UPLINK: frame=244 records=0
[2026-02-15T14:44:26.903245] BRAGE,25526,1,244,-73,11,53,UL,
[2026-02-15T14:44:26.940370] RX CAN id=0x67f dlc=4
[2026-02-15T14:44:26.940651] RX CAN id=0x67f dlc=4
[2026-02-15T14:44:26.940800] RX CAN id=0x67f dlc=4
[2026-02-15T14:44:26.940998] RX CAN id=0x67f dlc=4
[2026-02-15T14:44:26.941138] RX CAN id=0x67f dlc=4
[2026-02-15T14:44:26.941246] RX CAN id=0x67f dlc=4
[2026-02-15T14:44:26.941353] RX CAN id=0x67f dlc=4
[2026-02-15T14:44:26.941460] RX CAN id=0x67f dlc=4
[2026-02-15T14:44:26.941567] RX CAN id=0x67f dlc=4
[2026-02-15T14:44:26.941673] RX CAN id=0x67f dlc=4
[2026-02-15T14:44:26.941856] [CAN] Frame sent (ID:0x67f, DLC:4)
[2026-02-15T14:44:26.942015] [CAN] Frame sent (ID:0x67f, DLC:4)
[2026-02-15T14:44:26.942169] [CAN] Frame sent (ID:0x67f, DLC:4)
[2026-02-15T14:44:26.942324] [CAN] Frame sent (ID:0x67f, DLC:4)
[2026-02-15T14:44:26.942477] [CAN] Frame sent (ID:0x67f, DLC:4)
[2026-02-15T14:44:26.942630] [CAN] Frame sent (ID:0x67f, DLC:4)
[2026-02-15T14:44:26.942785] [CAN] Frame sent (ID:0x67f, DLC:4)
[2026-02-15T14:44:26.942949] [CAN] Frame sent (ID:0x67f, DLC:4)
[2026-02-15T14:44:26.943103] [CAN] Frame sent (ID:0x67f, DLC:4)
[2026-02-15T14:44:26.943257] [CAN] Frame sent (ID:0x67f, DLC:4)
[2026-02-15T14:44:26.982455] [TDMA] TX UPLINK: frame=245 records=0
[2026-02-15T14:44:27.002395] BRAGE,25626,1,245,-71,13,53,UL,
[2026-02-15T14:44:27.039096] RX CAN id=0x67f dlc=4
[2026-02-15T14:44:27.039395] RX CAN id=0x67f dlc=4
[2026-02-15T14:44:27.039547] RX CAN id=0x67f dlc=4
[2026-02-15T14:44:27.039936] RX CAN id=0x67f dlc=4
[2026-02-15T14:44:27.043176] RX CAN id=0x67f dlc=4
[2026-02-15T14:44:27.043359] RX CAN id=0x67f dlc=4
[2026-02-15T14:44:27.043507] RX CAN id=0x67f dlc=4
[2026-02-15T14:44:27.043652] RX CAN id=0x67f dlc=4
[2026-02-15T14:44:27.043797] RX CAN id=0x67f dlc=4
[2026-02-15T14:44:27.043957] RX CAN id=0x67f dlc=4
[2026-02-15T14:44:27.044158] [CAN] Frame sent (ID:0x67f, DLC:4)
[2026-02-15T14:44:27.044263] [CAN] Frame sent (ID:0x67f, DLC:4)
[2026-02-15T14:44:27.044367] [CAN] Frame sent (ID:0x67f, DLC:4)
[2026-02-15T14:44:27.044471] [CAN] Frame sent (ID:0x67f, DLC:4)
[2026-02-15T14:44:27.044574] [CAN] Frame sent (ID:0x67f, DLC:4)
[2026-02-15T14:44:27.044676] [CAN] Frame sent (ID:0x67f, DLC:4)
[2026-02-15T14:44:27.044781] [CAN] Frame sent (ID:0x67f, DLC:4)
[2026-02-15T14:44:27.045045] [CAN] Frame sent (ID:0x67f, DLC:4)
[2026-02-15T14:44:27.045293] [CAN] Frame sent (ID:0x67f, DLC:4)
[2026-02-15T14:44:27.045502] [CAN] Frame sent (ID:0x67f, DLC:4)
[2026-02-15T14:44:27.082264] [TDMA] TX UPLINK: frame=246 records=0
[2026-02-15T14:44:27.102215] BRAGE,25726,1,246,-72,13,54,UL,
[2026-02-15T14:44:27.138952] RX CAN id=0x67f dlc=4
[2026-02-15T14:44:27.139178] RX CAN id=0x67f dlc=4
[2026-02-15T14:44:27.139286] RX CAN id=0x67f dlc=4
[2026-02-15T14:44:27.139387] RX CAN id=0x67f dlc=4
[2026-02-15T14:44:27.139489] RX CAN id=0x67f dlc=4
[2026-02-15T14:44:27.139590] RX CAN id=0x67f dlc=4
[2026-02-15T14:44:27.139688] RX CAN id=0x67f dlc=4
[2026-02-15T14:44:27.139760] RX CAN id=0x67f dlc=4
[2026-02-15T14:44:27.139840] RX CAN id=0x67f dlc=4
[2026-02-15T14:44:27.139913] RX CAN id=0x67f dlc=4
[2026-02-15T14:44:27.140017] [CAN] Frame sent (ID:0x67f, DLC:4)
[2026-02-15T14:44:27.140123] [CAN] Frame sent (ID:0x67f, DLC:4)
[2026-02-15T14:44:27.140234] [CAN] Frame sent (ID:0x67f, DLC:4)
[2026-02-15T14:44:27.140337] [CAN] Frame sent (ID:0x67f, DLC:4)
[2026-02-15T14:44:27.140440] [CAN] Frame sent (ID:0x67f, DLC:4)
[2026-02-15T14:44:27.140544] [CAN] Frame sent (ID:0x67f, DLC:4)
[2026-02-15T14:44:27.140648] [CAN] Frame sent (ID:0x67f, DLC:4)
[2026-02-15T14:44:27.140752] [CAN] Frame sent (ID:0x67f, DLC:4)
[2026-02-15T14:44:27.140861] [CAN] Frame sent (ID:0x67f, DLC:4)
[2026-02-15T14:44:27.140964] [CAN] Frame sent (ID:0x67f, DLC:4)
[2026-02-15T14:44:27.181585] [TDMA] TX UPLINK: frame=247 records=0
[2026-02-15T14:44:27.201426] BRAGE,25826,1,247,-72,13,55,UL,
[2026-02-15T14:44:27.237444] RX CAN id=0x67f dlc=4
[2026-02-15T14:44:27.237685] RX CAN id=0x67f dlc=4
[2026-02-15T14:44:27.237845] RX CAN id=0x67f dlc=4
[2026-02-15T14:44:27.237984] RX CAN id=0x67f dlc=4
[2026-02-15T14:44:27.238088] RX CAN id=0x67f dlc=4
[2026-02-15T14:44:27.238160] RX CAN id=0x67f dlc=4
[2026-02-15T14:44:27.238231] RX CAN id=0x67f dlc=4
[2026-02-15T14:44:27.238302] RX CAN id=0x67f dlc=4
[2026-02-15T14:44:27.238374] RX CAN id=0x67f dlc=4
[2026-02-15T14:44:27.238477] [CAN] Frame sent (ID:0x67f, DLC:4)
[2026-02-15T14:44:27.238582] [CAN] Frame sent (ID:0x67f, DLC:4)
[2026-02-15T14:44:27.238685] [CAN] Frame sent (ID:0x67f, DLC:4)
[2026-02-15T14:44:27.238788] [CAN] Frame sent (ID:0x67f, DLC:4)
[2026-02-15T14:44:27.238900] [CAN] Frame sent (ID:0x67f, DLC:4)
[2026-02-15T14:44:27.239004] [CAN] Frame sent (ID:0x67f, DLC:4)
[2026-02-15T14:44:27.239106] [CAN] Frame sent (ID:0x67f, DLC:4)
[2026-02-15T14:44:27.239209] [CAN] Frame sent (ID:0x67f, DLC:4)
[2026-02-15T14:44:27.239312] [CAN] Frame sent (ID:0x67f, DLC:4)
[2026-02-15T14:44:27.281465] [TDMA] TX UPLINK: frame=248 records=0
[2026-02-15T14:44:27.301036] BRAGE,25926,1,248,-72,13,55,UL,
[2026-02-15T14:44:27.337442] RX CAN id=0x67f dlc=4
[2026-02-15T14:44:27.337666] RX CAN id=0x67f dlc=4
[2026-02-15T14:44:27.337775] RX CAN id=0x67f dlc=4
[2026-02-15T14:44:27.337918] RX CAN id=0x67f dlc=4
[2026-02-15T14:44:27.338026] RX CAN id=0x67f dlc=4
[2026-02-15T14:44:27.338133] RX CAN id=0x67f dlc=4
[2026-02-15T14:44:27.338240] RX CAN id=0x67f dlc=4
[2026-02-15T14:44:27.338340] RX CAN id=0x67f dlc=4
[2026-02-15T14:44:27.338440] RX CAN id=0x67f dlc=4
[2026-02-15T14:44:27.338540] RX CAN id=0x67f dlc=4
[2026-02-15T14:44:27.338653] [CAN] Frame sent (ID:0x67f, DLC:4)
[2026-02-15T14:44:27.338760] [CAN] Frame sent (ID:0x67f, DLC:4)
[2026-02-15T14:44:27.338877] [CAN] Frame sent (ID:0x67f, DLC:4)
[2026-02-15T14:44:27.338985] [CAN] Frame sent (ID:0x67f, DLC:4)
[2026-02-15T14:44:27.339089] [CAN] Frame sent (ID:0x67f, DLC:4)
[2026-02-15T14:44:27.339192] [CAN] Frame sent (ID:0x67f, DLC:4)
[2026-02-15T14:44:27.339296] [CAN] Frame sent (ID:0x67f, DLC:4)
[2026-02-15T14:44:27.339399] [CAN] Frame sent (ID:0x67f, DLC:4)
[2026-02-15T14:44:27.339502] [CAN] Frame sent (ID:0x67f, DLC:4)
[2026-02-15T14:44:27.339605] [CAN] Frame sent (ID:0x67f, DLC:4)
[2026-02-15T14:44:27.380278] [TDMA] TX UPLINK: frame=249 records=0
[2026-02-15T14:44:27.400268] BRAGE,26026,1,249,-73,13,56,UL,
[2026-02-15T14:44:27.439164] RX CAN id=0x67f dlc=4
[2026-02-15T14:44:27.439387] RX CAN id=0x67f dlc=4
[2026-02-15T14:44:27.439492] RX CAN id=0x67f dlc=4
[2026-02-15T14:44:27.439596] RX CAN id=0x67f dlc=4
[2026-02-15T14:44:27.439703] RX CAN id=0x67f dlc=4
[2026-02-15T14:44:27.439804] RX CAN id=0x67f dlc=4
[2026-02-15T14:44:27.439950] RX CAN id=0x67f dlc=4
[2026-02-15T14:44:27.440054] RX CAN id=0x123 dlc=3
[2026-02-15T14:44:27.440157] RX CAN id=0x67f dlc=4
[2026-02-15T14:44:27.440267] RX CAN id=0x67f dlc=4
[2026-02-15T14:44:27.440367] RX CAN id=0x67f dlc=4
[2026-02-15T14:44:27.440512] [CAN] Frame sent (ID:0x67f, DLC:4)
[2026-02-15T14:44:27.440659] [CAN] Frame sent (ID:0x67f, DLC:4)
[2026-02-15T14:44:27.440805] [CAN] Frame sent (ID:0x67f, DLC:4)
[2026-02-15T14:44:27.440961] [CAN] Frame sent (ID:0x67f, DLC:4)
[2026-02-15T14:44:27.441107] [CAN] Frame sent (ID:0x67f, DLC:4)
[2026-02-15T14:44:27.441221] [CAN] Frame sent (ID:0x67f, DLC:4)
[2026-02-15T14:44:27.441324] [CAN] Frame sent (ID:0x67f, DLC:4)
[2026-02-15T14:44:27.441428] [CAN] Frame sent (ID:0x123, DLC:3)
[2026-02-15T14:44:27.441531] [CAN] Frame sent (ID:0x67f, DLC:4)
[2026-02-15T14:44:27.441634] [CAN] Frame sent (ID:0x67f, DLC:4)
[2026-02-15T14:44:27.441738] [CAN] Frame sent (ID:0x67f, DLC:4)
[2026-02-15T14:44:27.479676] [TDMA] TX UPLINK: frame=250 records=0
[2026-02-15T14:44:27.498840] BRAGE,26126,1,250,-73,12,57,UL,
[2026-02-15T14:44:27.579243] [TDMA] TX UPLINK: frame=251 records=0
[2026-02-15T14:44:27.599220] BRAGE,26226,1,251,0,0,56,NONE,
[2026-02-15T14:44:27.633994] RX CAN id=0x67f dlc=4
[2026-02-15T14:44:27.634222] RX CAN id=0x67f dlc=4
[2026-02-15T14:44:27.634327] RX CAN id=0x67f dlc=4
[2026-02-15T14:44:27.634433] RX CAN id=0x67f dlc=4
[2026-02-15T14:44:27.634527] RX CAN id=0x67f dlc=4
[2026-02-15T14:44:27.634605] RX CAN id=0x67f dlc=4
[2026-02-15T14:44:27.634676] RX CAN id=0x67f dlc=4
[2026-02-15T14:44:27.634782] RX CAN id=0x67f dlc=4
[2026-02-15T14:44:27.634867] RX CAN id=0x67f dlc=4
[2026-02-15T14:44:27.634972] [CAN] Frame sent (ID:0x67f, DLC:4)
[2026-02-15T14:44:27.635078] [CAN] Frame sent (ID:0x67f, DLC:4)
[2026-02-15T14:44:27.635182] [CAN] Frame sent (ID:0x67f, DLC:4)
[2026-02-15T14:44:27.635285] [CAN] Frame sent (ID:0x67f, DLC:4)
[2026-02-15T14:44:27.635389] [CAN] Frame sent (ID:0x67f, DLC:4)
[2026-02-15T14:44:27.635493] [CAN] Frame sent (ID:0x67f, DLC:4)
[2026-02-15T14:44:27.635597] [CAN] Frame sent (ID:0x67f, DLC:4)
[2026-02-15T14:44:27.635701] [CAN] Frame sent (ID:0x67f, DLC:4)
[2026-02-15T14:44:27.635805] [CAN] Frame sent (ID:0x67f, DLC:4)
[2026-02-15T14:44:27.678436] [TDMA] TX UPLINK: frame=252 records=0
[2026-02-15T14:44:27.698363] BRAGE,26326,1,252,-72,13,57,UL,
[2026-02-15T14:44:27.735181] RX CAN id=0x67f dlc=4
[2026-02-15T14:44:27.735406] RX CAN id=0x67f dlc=4
[2026-02-15T14:44:27.735520] RX CAN id=0x67f dlc=4
[2026-02-15T14:44:27.735625] RX CAN id=0x67f dlc=4
[2026-02-15T14:44:27.735728] RX CAN id=0x67f dlc=4
[2026-02-15T14:44:27.735868] RX CAN id=0x67f dlc=4
[2026-02-15T14:44:27.735971] RX CAN id=0x67f dlc=4
[2026-02-15T14:44:27.736072] RX CAN id=0x67f dlc=4
[2026-02-15T14:44:27.736177] RX CAN id=0x67f dlc=4
[2026-02-15T14:44:27.736280] RX CAN id=0x67f dlc=4
[2026-02-15T14:44:27.736424] [CAN] Frame sent (ID:0x67f, DLC:4)
[2026-02-15T14:44:27.736572] [CAN] Frame sent (ID:0x67f, DLC:4)
[2026-02-15T14:44:27.736716] [CAN] Frame sent (ID:0x67f, DLC:4)
[2026-02-15T14:44:27.736867] [CAN] Frame sent (ID:0x67f, DLC:4)
[2026-02-15T14:44:27.736970] [CAN] Frame sent (ID:0x67f, DLC:4)
[2026-02-15T14:44:27.737073] [CAN] Frame sent (ID:0x67f, DLC:4)
[2026-02-15T14:44:27.737177] [CAN] Frame sent (ID:0x67f, DLC:4)
[2026-02-15T14:44:27.737280] [CAN] Frame sent (ID:0x67f, DLC:4)
[2026-02-15T14:44:27.737384] [CAN] Frame sent (ID:0x67f, DLC:4)
[2026-02-15T14:44:27.737488] [CAN] Frame sent (ID:0x67f, DLC:4)
[2026-02-15T14:44:27.778061] [TDMA] TX UPLINK: frame=253 records=0
[2026-02-15T14:44:27.798047] BRAGE,26426,1,253,-71,13,57,UL,
[2026-02-15T14:44:27.834571] RX CAN id=0x67f dlc=4
[2026-02-15T14:44:27.834795] RX CAN id=0x67f dlc=4
[2026-02-15T14:44:27.834941] RX CAN id=0x67f dlc=4
[2026-02-15T14:44:27.835045] RX CAN id=0x67f dlc=4
[2026-02-15T14:44:27.835146] RX CAN id=0x67f dlc=4
[2026-02-15T14:44:27.835246] RX CAN id=0x67f dlc=4
[2026-02-15T14:44:27.835344] RX CAN id=0x67f dlc=4
[2026-02-15T14:44:27.835415] RX CAN id=0x67f dlc=4
[2026-02-15T14:44:27.835486] RX CAN id=0x67f dlc=4
[2026-02-15T14:44:27.835557] RX CAN id=0x67f dlc=4
[2026-02-15T14:44:27.835662] [CAN] Frame sent (ID:0x67f, DLC:4)
[2026-02-15T14:44:27.835767] [CAN] Frame sent (ID:0x67f, DLC:4)
[2026-02-15T14:44:27.835894] [CAN] Frame sent (ID:0x67f, DLC:4)
[2026-02-15T14:44:27.835998] [CAN] Frame sent (ID:0x67f, DLC:4)
[2026-02-15T14:44:27.836100] [CAN] Frame sent (ID:0x67f, DLC:4)
[2026-02-15T14:44:27.836203] [CAN] Frame sent (ID:0x67f, DLC:4)
[2026-02-15T14:44:27.836306] [CAN] Frame sent (ID:0x67f, DLC:4)
[2026-02-15T14:44:27.836409] [CAN] Frame sent (ID:0x67f, DLC:4)
[2026-02-15T14:44:27.836512] [CAN] Frame sent (ID:0x67f, DLC:4)
[2026-02-15T14:44:27.836615] [CAN] Frame sent (ID:0x67f, DLC:4)
[2026-02-15T14:44:27.877294] [TDMA] TX UPLINK: frame=254 records=0
[2026-02-15T14:44:27.897051] BRAGE,26526,1,254,-72,13,58,UL,
[2026-02-15T14:44:27.933458] RX CAN id=0x67f dlc=4
[2026-02-15T14:44:27.933682] RX CAN id=0x67f dlc=4
[2026-02-15T14:44:27.933789] RX CAN id=0x67f dlc=4
[2026-02-15T14:44:27.933929] RX CAN id=0x67f dlc=4
[2026-02-15T14:44:27.934035] RX CAN id=0x67f dlc=4
[2026-02-15T14:44:27.934138] RX CAN id=0x67f dlc=4
[2026-02-15T14:44:27.934245] RX CAN id=0x67f dlc=4
[2026-02-15T14:44:27.934350] RX CAN id=0x67f dlc=4
[2026-02-15T14:44:27.934450] RX CAN id=0x67f dlc=4
[2026-02-15T14:44:27.934543] RX CAN id=0x67f dlc=4
[2026-02-15T14:44:27.934648] [CAN] Frame sent (ID:0x67f, DLC:4)
[2026-02-15T14:44:27.934753] [CAN] Frame sent (ID:0x67f, DLC:4)
[2026-02-15T14:44:27.934874] [CAN] Frame sent (ID:0x67f, DLC:4)
[2026-02-15T14:44:27.935013] [CAN] Frame sent (ID:0x67f, DLC:4)
[2026-02-15T14:44:27.935123] [CAN] Frame sent (ID:0x67f, DLC:4)
[2026-02-15T14:44:27.935227] [CAN] Frame sent (ID:0x67f, DLC:4)
[2026-02-15T14:44:27.935332] [CAN] Frame sent (ID:0x67f, DLC:4)
[2026-02-15T14:44:27.935436] [CAN] Frame sent (ID:0x67f, DLC:4)
[2026-02-15T14:44:27.935540] [CAN] Frame sent (ID:0x67f, DLC:4)
[2026-02-15T14:44:27.935644] [CAN] Frame sent (ID:0x67f, DLC:4)
[2026-02-15T14:44:27.976625] [TDMA] TX UPLINK: frame=255 records=0
[2026-02-15T14:44:27.996515] BRAGE,26626,1,255,-72,13,59,UL,
[2026-02-15T14:44:28.076292] [TDMA] TX UPLINK: frame=256 records=0
[2026-02-15T14:44:28.096091] BRAGE,26726,1,256,0,0,59,NONE,
[2026-02-15T14:44:28.132523] RX CAN id=0x67f dlc=4
[2026-02-15T14:44:28.132748] RX CAN id=0x67f dlc=4
[2026-02-15T14:44:28.132900] RX CAN id=0x67f dlc=4
[2026-02-15T14:44:28.133004] RX CAN id=0x67f dlc=4
[2026-02-15T14:44:28.133107] RX CAN id=0x67f dlc=4
[2026-02-15T14:44:28.133211] RX CAN id=0x67f dlc=4
[2026-02-15T14:44:28.133317] RX CAN id=0x67f dlc=4
[2026-02-15T14:44:28.133416] RX CAN id=0x67f dlc=4
[2026-02-15T14:44:28.133516] RX CAN id=0x67f dlc=4
[2026-02-15T14:44:28.133616] RX CAN id=0x67f dlc=4
[2026-02-15T14:44:28.133739] [CAN] Frame sent (ID:0x67f, DLC:4)
[2026-02-15T14:44:28.133853] [CAN] Frame sent (ID:0x67f, DLC:4)
[2026-02-15T14:44:28.133959] [CAN] Frame sent (ID:0x67f, DLC:4)
[2026-02-15T14:44:28.134067] [CAN] Frame sent (ID:0x67f, DLC:4)
[2026-02-15T14:44:28.134170] [CAN] Frame sent (ID:0x67f, DLC:4)
[2026-02-15T14:44:28.134274] [CAN] Frame sent (ID:0x67f, DLC:4)
[2026-02-15T14:44:28.134378] [CAN] Frame sent (ID:0x67f, DLC:4)
[2026-02-15T14:44:28.134480] [CAN] Frame sent (ID:0x67f, DLC:4)
[2026-02-15T14:44:28.134583] [CAN] Frame sent (ID:0x67f, DLC:4)
[2026-02-15T14:44:28.134687] [CAN] Frame sent (ID:0x67f, DLC:4)
[2026-02-15T14:44:28.175385] [TDMA] TX UPLINK: frame=257 records=0
[2026-02-15T14:44:28.195279] BRAGE,26826,1,257,-74,13,59,UL,
[2026-02-15T14:44:28.232232] RX CAN id=0x67f dlc=4
[2026-02-15T14:44:28.232458] RX CAN id=0x67f dlc=4
[2026-02-15T14:44:28.232561] RX CAN id=0x67f dlc=4
[2026-02-15T14:44:28.232662] RX CAN id=0x67f dlc=4
[2026-02-15T14:44:28.232763] RX CAN id=0x67f dlc=4
[2026-02-15T14:44:28.232917] RX CAN id=0x67f dlc=4
[2026-02-15T14:44:28.233028] RX CAN id=0x67f dlc=4
[2026-02-15T14:44:28.233128] RX CAN id=0x67f dlc=4
[2026-02-15T14:44:28.233232] RX CAN id=0x67f dlc=4
[2026-02-15T14:44:28.233332] RX CAN id=0x67f dlc=4
[2026-02-15T14:44:28.233465] [CAN] Frame sent (ID:0x67f, DLC:4)
[2026-02-15T14:44:28.233570] [CAN] Frame sent (ID:0x67f, DLC:4)
[2026-02-15T14:44:28.233672] [CAN] Frame sent (ID:0x67f, DLC:4)
[2026-02-15T14:44:28.233776] [CAN] Frame sent (ID:0x67f, DLC:4)
[2026-02-15T14:44:28.233886] [CAN] Frame sent (ID:0x67f, DLC:4)
[2026-02-15T14:44:28.233990] [CAN] Frame sent (ID:0x67f, DLC:4)
[2026-02-15T14:44:28.234094] [CAN] Frame sent (ID:0x67f, DLC:4)
[2026-02-15T14:44:28.234196] [CAN] Frame sent (ID:0x67f, DLC:4)
[2026-02-15T14:44:28.234299] [CAN] Frame sent (ID:0x67f, DLC:4)
[2026-02-15T14:44:28.234403] [CAN] Frame sent (ID:0x67f, DLC:4)
[2026-02-15T14:44:28.274427] [TDMA] TX UPLINK: frame=258 records=0
[2026-02-15T14:44:28.294171] BRAGE,26926,1,258,-72,13,59,UL,
[2026-02-15T14:44:28.329378] RX CAN id=0x67f dlc=4
[2026-02-15T14:44:28.329603] RX CAN id=0x67f dlc=4
[2026-02-15T14:44:28.329708] RX CAN id=0x67f dlc=4
[2026-02-15T14:44:28.329811] RX CAN id=0x67f dlc=4
[2026-02-15T14:44:28.329957] RX CAN id=0x67f dlc=4
[2026-02-15T14:44:28.330064] RX CAN id=0x67f dlc=4
[2026-02-15T14:44:28.330172] RX CAN id=0x67f dlc=4
[2026-02-15T14:44:28.330276] RX CAN id=0x67f dlc=4
[2026-02-15T14:44:28.330376] RX CAN id=0x67f dlc=4
[2026-02-15T14:44:28.330515] [CAN] Frame sent (ID:0x67f, DLC:4)
[2026-02-15T14:44:28.330621] [CAN] Frame sent (ID:0x67f, DLC:4)
[2026-02-15T14:44:28.330725] [CAN] Frame sent (ID:0x67f, DLC:4)
[2026-02-15T14:44:28.330841] [CAN] Frame sent (ID:0x67f, DLC:4)
[2026-02-15T14:44:28.330945] [CAN] Frame sent (ID:0x67f, DLC:4)
[2026-02-15T14:44:28.331049] [CAN] Frame sent (ID:0x67f, DLC:4)
[2026-02-15T14:44:28.331186] [CAN] Frame sent (ID:0x67f, DLC:4)
[2026-02-15T14:44:28.331289] [CAN] Frame sent (ID:0x67f, DLC:4)
[2026-02-15T14:44:28.331393] [CAN] Frame sent (ID:0x67f, DLC:4)
[2026-02-15T14:44:28.374258] [TDMA] TX UPLINK: frame=259 records=0
[2026-02-15T14:44:28.395080] BRAGE,27026,1,259,-69,13,60,UL,
[2026-02-15T14:44:28.433206] RX CAN id=0x67f dlc=4
[2026-02-15T14:44:28.433426] RX CAN id=0x67f dlc=4
[2026-02-15T14:44:28.433537] RX CAN id=0x67f dlc=4
[2026-02-15T14:44:28.433644] RX CAN id=0x67f dlc=4
[2026-02-15T14:44:28.433746] RX CAN id=0x67f dlc=4
[2026-02-15T14:44:28.433889] RX CAN id=0x67f dlc=4
[2026-02-15T14:44:28.433999] RX CAN id=0x67f dlc=4
[2026-02-15T14:44:28.434103] RX CAN id=0x67f dlc=4
[2026-02-15T14:44:28.434205] RX CAN id=0x123 dlc=3
[2026-02-15T14:44:28.434311] RX CAN id=0x67f dlc=4
[2026-02-15T14:44:28.434411] RX CAN id=0x67f dlc=4
[2026-02-15T14:44:28.434556] [CAN] Frame sent (ID:0x67f, DLC:4)
[2026-02-15T14:44:28.434705] [CAN] Frame sent (ID:0x67f, DLC:4)
[2026-02-15T14:44:28.434858] [CAN] Frame sent (ID:0x67f, DLC:4)
[2026-02-15T14:44:28.434966] [CAN] Frame sent (ID:0x67f, DLC:4)
[2026-02-15T14:44:28.435069] [CAN] Frame sent (ID:0x67f, DLC:4)
[2026-02-15T14:44:28.435172] [CAN] Frame sent (ID:0x67f, DLC:4)
[2026-02-15T14:44:28.435276] [CAN] Frame sent (ID:0x67f, DLC:4)
[2026-02-15T14:44:28.435380] [CAN] Frame sent (ID:0x67f, DLC:4)
[2026-02-15T14:44:28.435484] [CAN] Frame sent (ID:0x123, DLC:3)
[2026-02-15T14:44:28.435588] [CAN] Frame sent (ID:0x67f, DLC:4)
[2026-02-15T14:44:28.435691] [CAN] Frame sent (ID:0x67f, DLC:4)
[2026-02-15T14:44:28.473654] [TDMA] TX UPLINK: frame=260 records=0
[2026-02-15T14:44:28.493445] BRAGE,27126,1,260,-71,13,61,UL,
[2026-02-15T14:44:28.573087] [TDMA] TX UPLINK: frame=261 records=0
[2026-02-15T14:44:28.593046] BRAGE,27226,1,261,0,0,60,NONE,
[2026-02-15T14:44:28.629435] RX CAN id=0x67f dlc=4
[2026-02-15T14:44:28.629698] RX CAN id=0x67f dlc=4
[2026-02-15T14:44:28.629803] RX CAN id=0x67f dlc=4
[2026-02-15T14:44:28.629949] RX CAN id=0x67f dlc=4
[2026-02-15T14:44:28.630058] RX CAN id=0x67f dlc=4
[2026-02-15T14:44:28.630168] RX CAN id=0x67f dlc=4
[2026-02-15T14:44:28.630268] RX CAN id=0x67f dlc=4
[2026-02-15T14:44:28.630368] RX CAN id=0x67f dlc=4
[2026-02-15T14:44:28.630467] RX CAN id=0x67f dlc=4
[2026-02-15T14:44:28.630568] RX CAN id=0x67f dlc=4
[2026-02-15T14:44:28.630682] [CAN] Frame sent (ID:0x67f, DLC:4)
[2026-02-15T14:44:28.630788] [CAN] Frame sent (ID:0x67f, DLC:4)
[2026-02-15T14:44:28.630902] [CAN] Frame sent (ID:0x67f, DLC:4)
[2026-02-15T14:44:28.631014] [CAN] Frame sent (ID:0x67f, DLC:4)
[2026-02-15T14:44:28.631117] [CAN] Frame sent (ID:0x67f, DLC:4)
[2026-02-15T14:44:28.631221] [CAN] Frame sent (ID:0x67f, DLC:4)
[2026-02-15T14:44:28.631325] [CAN] Frame sent (ID:0x67f, DLC:4)
[2026-02-15T14:44:28.631429] [CAN] Frame sent (ID:0x67f, DLC:4)
[2026-02-15T14:44:28.631533] [CAN] Frame sent (ID:0x67f, DLC:4)
[2026-02-15T14:44:28.631637] [CAN] Frame sent (ID:0x67f, DLC:4)
[2026-02-15T14:44:28.672309] [TDMA] TX UPLINK: frame=262 records=0
[2026-02-15T14:44:28.692268] BRAGE,27326,1,262,-69,13,60,UL,
[2026-02-15T14:44:28.727096] RX CAN id=0x67f dlc=4
[2026-02-15T14:44:28.727317] RX CAN id=0x67f dlc=4
[2026-02-15T14:44:28.727424] RX CAN id=0x67f dlc=4
[2026-02-15T14:44:28.727528] RX CAN id=0x67f dlc=4
[2026-02-15T14:44:28.727632] RX CAN id=0x67f dlc=4
[2026-02-15T14:44:28.727733] RX CAN id=0x67f dlc=4
[2026-02-15T14:44:28.727822] RX CAN id=0x67f dlc=4
[2026-02-15T14:44:28.727902] RX CAN id=0x67f dlc=4
[2026-02-15T14:44:28.727979] RX CAN id=0x67f dlc=4
[2026-02-15T14:44:28.728083] [CAN] Frame sent (ID:0x67f, DLC:4)
[2026-02-15T14:44:28.728187] [CAN] Frame sent (ID:0x67f, DLC:4)
[2026-02-15T14:44:28.728290] [CAN] Frame sent (ID:0x67f, DLC:4)
[2026-02-15T14:44:28.728393] [CAN] Frame sent (ID:0x67f, DLC:4)
[2026-02-15T14:44:28.728495] [CAN] Frame sent (ID:0x67f, DLC:4)
[2026-02-15T14:44:28.728598] [CAN] Frame sent (ID:0x67f, DLC:4)
[2026-02-15T14:44:28.728701] [CAN] Frame sent (ID:0x67f, DLC:4)
[2026-02-15T14:44:28.728804] [CAN] Frame sent (ID:0x67f, DLC:4)
[2026-02-15T14:44:28.728945] [CAN] Frame sent (ID:0x67f, DLC:4)
[2026-02-15T14:44:28.771331] [TDMA] TX UPLINK: frame=263 records=0
[2026-02-15T14:44:28.791519] BRAGE,27426,1,263,-66,13,61,UL,
[2026-02-15T14:44:28.828206] RX CAN id=0x67f dlc=4
[2026-02-15T14:44:28.828431] RX CAN id=0x67f dlc=4
[2026-02-15T14:44:28.828535] RX CAN id=0x67f dlc=4
[2026-02-15T14:44:28.828639] RX CAN id=0x67f dlc=4
[2026-02-15T14:44:28.828747] RX CAN id=0x67f dlc=4
[2026-02-15T14:44:28.828895] RX CAN id=0x67f dlc=4
[2026-02-15T14:44:28.828998] RX CAN id=0x67f dlc=4
[2026-02-15T14:44:28.829097] RX CAN id=0x67f dlc=4
[2026-02-15T14:44:28.829205] RX CAN id=0x67f dlc=4
[2026-02-15T14:44:28.829307] RX CAN id=0x67f dlc=4
[2026-02-15T14:44:28.829452] [CAN] Frame sent (ID:0x67f, DLC:4)
[2026-02-15T14:44:28.829598] [CAN] Frame sent (ID:0x67f, DLC:4)
[2026-02-15T14:44:28.829741] [CAN] Frame sent (ID:0x67f, DLC:4)
[2026-02-15T14:44:28.829899] [CAN] Frame sent (ID:0x67f, DLC:4)
[2026-02-15T14:44:28.830044] [CAN] Frame sent (ID:0x67f, DLC:4)
[2026-02-15T14:44:28.830186] [CAN] Frame sent (ID:0x67f, DLC:4)
[2026-02-15T14:44:28.830289] [CAN] Frame sent (ID:0x67f, DLC:4)
[2026-02-15T14:44:28.830391] [CAN] Frame sent (ID:0x67f, DLC:4)
[2026-02-15T14:44:28.830495] [CAN] Frame sent (ID:0x67f, DLC:4)
[2026-02-15T14:44:28.830599] [CAN] Frame sent (ID:0x67f, DLC:4)
[2026-02-15T14:44:28.871144] [TDMA] TX UPLINK: frame=264 records=0
[2026-02-15T14:44:28.891100] BRAGE,27526,1,264,-65,13,61,UL,
[2026-02-15T14:44:28.927598] RX CAN id=0x67f dlc=4
[2026-02-15T14:44:28.927823] RX CAN id=0x67f dlc=4
[2026-02-15T14:44:28.927977] RX CAN id=0x67f dlc=4
[2026-02-15T14:44:28.928081] RX CAN id=0x67f dlc=4
[2026-02-15T14:44:28.928186] RX CAN id=0x67f dlc=4
[2026-02-15T14:44:28.928299] RX CAN id=0x67f dlc=4
[2026-02-15T14:44:28.928400] RX CAN id=0x67f dlc=4
[2026-02-15T14:44:28.928501] RX CAN id=0x67f dlc=4
[2026-02-15T14:44:28.928602] RX CAN id=0x67f dlc=4
[2026-02-15T14:44:28.928703] RX CAN id=0x67f dlc=4
[2026-02-15T14:44:28.928859] [CAN] Frame sent (ID:0x67f, DLC:4)
[2026-02-15T14:44:28.929014] [CAN] Frame sent (ID:0x67f, DLC:4)
[2026-02-15T14:44:28.929160] [CAN] Frame sent (ID:0x67f, DLC:4)
[2026-02-15T14:44:28.929270] [CAN] Frame sent (ID:0x67f, DLC:4)
[2026-02-15T14:44:28.929375] [CAN] Frame sent (ID:0x67f, DLC:4)
[2026-02-15T14:44:28.929479] [CAN] Frame sent (ID:0x67f, DLC:4)
[2026-02-15T14:44:28.929583] [CAN] Frame sent (ID:0x67f, DLC:4)
[2026-02-15T14:44:28.929688] [CAN] Frame sent (ID:0x67f, DLC:4)
[2026-02-15T14:44:28.929792] [CAN] Frame sent (ID:0x67f, DLC:4)
[2026-02-15T14:44:28.929902] [CAN] Frame sent (ID:0x67f, DLC:4)
[2026-02-15T14:44:28.970421] [TDMA] TX UPLINK: frame=265 records=0
[2026-02-15T14:44:28.990297] BRAGE,27626,1,265,-67,10,61,UL,
[2026-02-15T14:44:29.026878] RX CAN id=0x67f dlc=4
[2026-02-15T14:44:29.027056] RX CAN id=0x67f dlc=4
[2026-02-15T14:44:29.027132] RX CAN id=0x67f dlc=4
[2026-02-15T14:44:29.027212] RX CAN id=0x67f dlc=4
[2026-02-15T14:44:29.027294] RX CAN id=0x67f dlc=4
[2026-02-15T14:44:29.027373] RX CAN id=0x67f dlc=4
[2026-02-15T14:44:29.027446] RX CAN id=0x67f dlc=4
[2026-02-15T14:44:29.027522] RX CAN id=0x67f dlc=4
[2026-02-15T14:44:29.027594] RX CAN id=0x67f dlc=4
[2026-02-15T14:44:29.027671] RX CAN id=0x67f dlc=4
[2026-02-15T14:44:29.027779] [CAN] Frame sent (ID:0x67f, DLC:4)
[2026-02-15T14:44:29.027896] [CAN] Frame sent (ID:0x67f, DLC:4)
[2026-02-15T14:44:29.028008] [CAN] Frame sent (ID:0x67f, DLC:4)
[2026-02-15T14:44:29.028114] [CAN] Frame sent (ID:0x67f, DLC:4)
[2026-02-15T14:44:29.028217] [CAN] Frame sent (ID:0x67f, DLC:4)
[2026-02-15T14:44:29.028319] [CAN] Frame sent (ID:0x67f, DLC:4)
[2026-02-15T14:44:29.028422] [CAN] Frame sent (ID:0x67f, DLC:4)
[2026-02-15T14:44:29.028525] [CAN] Frame sent (ID:0x67f, DLC:4)
[2026-02-15T14:44:29.028629] [CAN] Frame sent (ID:0x67f, DLC:4)
[2026-02-15T14:44:29.028732] [CAN] Frame sent (ID:0x67f, DLC:4)
[2026-02-15T14:44:29.070093] [TDMA] TX UPLINK: frame=266 records=0
[2026-02-15T14:44:29.089694] BRAGE,27726,1,266,-66,13,61,UL,
[2026-02-15T14:44:29.124428] RX CAN id=0x67f dlc=4
[2026-02-15T14:44:29.124653] RX CAN id=0x67f dlc=4
[2026-02-15T14:44:29.124795] RX CAN id=0x67f dlc=4
[2026-02-15T14:44:29.124950] RX CAN id=0x67f dlc=4
[2026-02-15T14:44:29.125061] RX CAN id=0x67f dlc=4
[2026-02-15T14:44:29.125166] RX CAN id=0x67f dlc=4
[2026-02-15T14:44:29.125267] RX CAN id=0x67f dlc=4
[2026-02-15T14:44:29.125370] RX CAN id=0x67f dlc=4
[2026-02-15T14:44:29.125475] RX CAN id=0x67f dlc=4
[2026-02-15T14:44:29.125622] [CAN] Frame sent (ID:0x67f, DLC:4)
[2026-02-15T14:44:29.125753] [CAN] Frame sent (ID:0x67f, DLC:4)
[2026-02-15T14:44:29.125865] [CAN] Frame sent (ID:0x67f, DLC:4)
[2026-02-15T14:44:29.125969] [CAN] Frame sent (ID:0x67f, DLC:4)
[2026-02-15T14:44:29.126073] [CAN] Frame sent (ID:0x67f, DLC:4)
[2026-02-15T14:44:29.126177] [CAN] Frame sent (ID:0x67f, DLC:4)
[2026-02-15T14:44:29.126283] [CAN] Frame sent (ID:0x67f, DLC:4)
[2026-02-15T14:44:29.126387] [CAN] Frame sent (ID:0x67f, DLC:4)
[2026-02-15T14:44:29.126492] [CAN] Frame sent (ID:0x67f, DLC:4)
[2026-02-15T14:44:29.169294] [TDMA] TX UPLINK: frame=267 records=0
[2026-02-15T14:44:29.189255] BRAGE,27826,1,267,-65,13,61,UL,
[2026-02-15T14:44:29.225683] RX CAN id=0x67f dlc=4
[2026-02-15T14:44:29.225966] RX CAN id=0x67f dlc=4
[2026-02-15T14:44:29.226077] RX CAN id=0x67f dlc=4
[2026-02-15T14:44:29.226181] RX CAN id=0x67f dlc=4
[2026-02-15T14:44:29.226291] RX CAN id=0x67f dlc=4
[2026-02-15T14:44:29.226392] RX CAN id=0x67f dlc=4
[2026-02-15T14:44:29.226493] RX CAN id=0x67f dlc=4
[2026-02-15T14:44:29.226594] RX CAN id=0x67f dlc=4
[2026-02-15T14:44:29.226702] RX CAN id=0x67f dlc=4
[2026-02-15T14:44:29.226803] RX CAN id=0x67f dlc=4
[2026-02-15T14:44:29.226952] [CAN] Frame sent (ID:0x67f, DLC:4)
[2026-02-15T14:44:29.227062] [CAN] Frame sent (ID:0x67f, DLC:4)
[2026-02-15T14:44:29.227166] [CAN] Frame sent (ID:0x67f, DLC:4)
[2026-02-15T14:44:29.227270] [CAN] Frame sent (ID:0x67f, DLC:4)
[2026-02-15T14:44:29.227373] [CAN] Frame sent (ID:0x67f, DLC:4)
[2026-02-15T14:44:29.227475] [CAN] Frame sent (ID:0x67f, DLC:4)
[2026-02-15T14:44:29.227580] [CAN] Frame sent (ID:0x67f, DLC:4)
[2026-02-15T14:44:29.227683] [CAN] Frame sent (ID:0x67f, DLC:4)
[2026-02-15T14:44:29.227786] [CAN] Frame sent (ID:0x67f, DLC:4)
[2026-02-15T14:44:29.227895] [CAN] Frame sent (ID:0x67f, DLC:4)
[2026-02-15T14:44:29.268541] [TDMA] TX UPLINK: frame=268 records=0
[2026-02-15T14:44:29.288275] BRAGE,27926,1,268,-65,13,62,UL,
[2026-02-15T14:44:29.325229] RX CAN id=0x67f dlc=4
[2026-02-15T14:44:29.325453] RX CAN id=0x67f dlc=4
[2026-02-15T14:44:29.325568] RX CAN id=0x67f dlc=4
[2026-02-15T14:44:29.325673] RX CAN id=0x67f dlc=4
[2026-02-15T14:44:29.325774] RX CAN id=0x67f dlc=4
[2026-02-15T14:44:29.326026] RX CAN id=0x67f dlc=4
[2026-02-15T14:44:29.326170] RX CAN id=0x67f dlc=4
[2026-02-15T14:44:29.326285] RX CAN id=0x67f dlc=4
[2026-02-15T14:44:29.326387] RX CAN id=0x67f dlc=4
[2026-02-15T14:44:29.326488] RX CAN id=0x67f dlc=4
[2026-02-15T14:44:29.326634] [CAN] Frame sent (ID:0x67f, DLC:4)
[2026-02-15T14:44:29.326783] [CAN] Frame sent (ID:0x67f, DLC:4)
[2026-02-15T14:44:29.326934] [CAN] Frame sent (ID:0x67f, DLC:4)
[2026-02-15T14:44:29.327038] [CAN] Frame sent (ID:0x67f, DLC:4)
[2026-02-15T14:44:29.327144] [CAN] Frame sent (ID:0x67f, DLC:4)
[2026-02-15T14:44:29.327248] [CAN] Frame sent (ID:0x67f, DLC:4)
[2026-02-15T14:44:29.327351] [CAN] Frame sent (ID:0x67f, DLC:4)
[2026-02-15T14:44:29.327455] [CAN] Frame sent (ID:0x67f, DLC:4)
[2026-02-15T14:44:29.327560] [CAN] Frame sent (ID:0x67f, DLC:4)
[2026-02-15T14:44:29.327664] [CAN] Frame sent (ID:0x67f, DLC:4)
[2026-02-15T14:44:29.368130] [TDMA] TX UPLINK: frame=269 records=0
[2026-02-15T14:44:29.388067] BRAGE,28026,1,269,-67,12,62,UL,
[2026-02-15T14:44:29.427039] RX CAN id=0x67f dlc=4
[2026-02-15T14:44:29.427265] RX CAN id=0x67f dlc=4
[2026-02-15T14:44:29.427374] RX CAN id=0x67f dlc=4
[2026-02-15T14:44:29.427475] RX CAN id=0x67f dlc=4
[2026-02-15T14:44:29.427576] RX CAN id=0x67f dlc=4
[2026-02-15T14:44:29.427677] RX CAN id=0x67f dlc=4
[2026-02-15T14:44:29.427776] RX CAN id=0x67f dlc=4
[2026-02-15T14:44:29.427858] RX CAN id=0x67f dlc=4
[2026-02-15T14:44:29.427930] RX CAN id=0x123 dlc=3
[2026-02-15T14:44:29.428035] RX CAN id=0x67f dlc=4
[2026-02-15T14:44:29.428107] RX CAN id=0x67f dlc=4
[2026-02-15T14:44:29.428214] [CAN] Frame sent (ID:0x67f, DLC:4)
[2026-02-15T14:44:29.428323] [CAN] Frame sent (ID:0x67f, DLC:4)
[2026-02-15T14:44:29.428427] [CAN] Frame sent (ID:0x67f, DLC:4)
[2026-02-15T14:44:29.428531] [CAN] Frame sent (ID:0x67f, DLC:4)
[2026-02-15T14:44:29.428635] [CAN] Frame sent (ID:0x67f, DLC:4)
[2026-02-15T14:44:29.428738] [CAN] Frame sent (ID:0x67f, DLC:4)
[2026-02-15T14:44:29.428845] [CAN] Frame sent (ID:0x67f, DLC:4)
[2026-02-15T14:44:29.428951] [CAN] Frame sent (ID:0x67f, DLC:4)
[2026-02-15T14:44:29.429056] [CAN] Frame sent (ID:0x123, DLC:3)
[2026-02-15T14:44:29.429161] [CAN] Frame sent (ID:0x67f, DLC:4)
[2026-02-15T14:44:29.429265] [CAN] Frame sent (ID:0x67f, DLC:4)
[2026-02-15T14:44:29.467513] [TDMA] TX UPLINK: frame=270 records=0
[2026-02-15T14:44:29.487287] BRAGE,28126,1,270,-67,10,62,UL,
[2026-02-15T14:44:29.522094] RX CAN id=0x67f dlc=4
[2026-02-15T14:44:29.522313] RX CAN id=0x67f dlc=4
[2026-02-15T14:44:29.522431] RX CAN id=0x67f dlc=4
[2026-02-15T14:44:29.522532] RX CAN id=0x67f dlc=4
[2026-02-15T14:44:29.522633] RX CAN id=0x67f dlc=4
[2026-02-15T14:44:29.522733] RX CAN id=0x67f dlc=4
[2026-02-15T14:44:29.522843] RX CAN id=0x67f dlc=4
[2026-02-15T14:44:29.522916] RX CAN id=0x67f dlc=4
[2026-02-15T14:44:29.522987] RX CAN id=0x67f dlc=4
[2026-02-15T14:44:29.523091] [CAN] Frame sent (ID:0x67f, DLC:4)
[2026-02-15T14:44:29.523197] [CAN] Frame sent (ID:0x67f, DLC:4)
[2026-02-15T14:44:29.523303] [CAN] Frame sent (ID:0x67f, DLC:4)
[2026-02-15T14:44:29.523413] [CAN] Frame sent (ID:0x67f, DLC:4)
[2026-02-15T14:44:29.523516] [CAN] Frame sent (ID:0x67f, DLC:4)
[2026-02-15T14:44:29.523620] [CAN] Frame sent (ID:0x67f, DLC:4)
[2026-02-15T14:44:29.523725] [CAN] Frame sent (ID:0x67f, DLC:4)
[2026-02-15T14:44:29.523830] [CAN] Frame sent (ID:0x67f, DLC:4)
[2026-02-15T14:44:29.523938] [CAN] Frame sent (ID:0x67f, DLC:4)
[2026-02-15T14:44:29.566644] [TDMA] TX UPLINK: frame=271 records=0
[2026-02-15T14:44:29.586557] BRAGE,28226,1,271,-74,13,63,UL,
[2026-02-15T14:44:29.623242] RX CAN id=0x67f dlc=4
[2026-02-15T14:44:29.623464] RX CAN id=0x67f dlc=4
[2026-02-15T14:44:29.623571] RX CAN id=0x67f dlc=4
[2026-02-15T14:44:29.623679] RX CAN id=0x67f dlc=4
[2026-02-15T14:44:29.623784] RX CAN id=0x67f dlc=4
[2026-02-15T14:44:29.623939] RX CAN id=0x67f dlc=4
[2026-02-15T14:44:29.624044] RX CAN id=0x67f dlc=4
[2026-02-15T14:44:29.624155] RX CAN id=0x67f dlc=4
[2026-02-15T14:44:29.624257] RX CAN id=0x67f dlc=4
[2026-02-15T14:44:29.624362] RX CAN id=0x67f dlc=4
[2026-02-15T14:44:29.624513] [CAN] Frame sent (ID:0x67f, DLC:4)
[2026-02-15T14:44:29.624661] [CAN] Frame sent (ID:0x67f, DLC:4)
[2026-02-15T14:44:29.624771] [CAN] Frame sent (ID:0x67f, DLC:4)
[2026-02-15T14:44:29.624882] [CAN] Frame sent (ID:0x67f, DLC:4)
[2026-02-15T14:44:29.624987] [CAN] Frame sent (ID:0x67f, DLC:4)
[2026-02-15T14:44:29.625090] [CAN] Frame sent (ID:0x67f, DLC:4)
[2026-02-15T14:44:29.625198] [CAN] Frame sent (ID:0x67f, DLC:4)
[2026-02-15T14:44:29.625302] [CAN] Frame sent (ID:0x67f, DLC:4)
[2026-02-15T14:44:29.625407] [CAN] Frame sent (ID:0x67f, DLC:4)
[2026-02-15T14:44:29.625511] [CAN] Frame sent (ID:0x67f, DLC:4)
[2026-02-15T14:44:29.666333] [TDMA] TX UPLINK: frame=272 records=0
[2026-02-15T14:44:29.686139] BRAGE,28326,1,272,-90,11,64,UL,
[2026-02-15T14:44:29.722608] RX CAN id=0x67f dlc=4
[2026-02-15T14:44:29.722889] RX CAN id=0x67f dlc=4
[2026-02-15T14:44:29.723001] RX CAN id=0x67f dlc=4
[2026-02-15T14:44:29.723105] RX CAN id=0x67f dlc=4
[2026-02-15T14:44:29.723218] RX CAN id=0x67f dlc=4
[2026-02-15T14:44:29.723329] RX CAN id=0x67f dlc=4
[2026-02-15T14:44:29.723431] RX CAN id=0x67f dlc=4
[2026-02-15T14:44:29.723539] RX CAN id=0x67f dlc=4
[2026-02-15T14:44:29.723640] RX CAN id=0x67f dlc=4
[2026-02-15T14:44:29.723736] RX CAN id=0x67f dlc=4
[2026-02-15T14:44:29.723851] [CAN] Frame sent (ID:0x67f, DLC:4)
[2026-02-15T14:44:29.723967] [CAN] Frame sent (ID:0x67f, DLC:4)
[2026-02-15T14:44:29.724072] [CAN] Frame sent (ID:0x67f, DLC:4)
[2026-02-15T14:44:29.724176] [CAN] Frame sent (ID:0x67f, DLC:4)
[2026-02-15T14:44:29.724313] [CAN] Frame sent (ID:0x67f, DLC:4)
[2026-02-15T14:44:29.724417] [CAN] Frame sent (ID:0x67f, DLC:4)
[2026-02-15T14:44:29.724521] [CAN] Frame sent (ID:0x67f, DLC:4)
[2026-02-15T14:44:29.724625] [CAN] Frame sent (ID:0x67f, DLC:4)
[2026-02-15T14:44:29.724729] [CAN] Frame sent (ID:0x67f, DLC:4)
[2026-02-15T14:44:29.724836] [CAN] Frame sent (ID:0x67f, DLC:4)
[2026-02-15T14:44:29.765437] [TDMA] TX UPLINK: frame=273 records=0
[2026-02-15T14:44:29.787625] BRAGE,28426,1,273,-67,8,65,UL,
[2026-02-15T14:44:29.821414] RX CAN id=0x67f dlc=4
[2026-02-15T14:44:29.821637] RX CAN id=0x67f dlc=4
[2026-02-15T14:44:29.821751] RX CAN id=0x67f dlc=4
[2026-02-15T14:44:29.821890] RX CAN id=0x67f dlc=4
[2026-02-15T14:44:29.821992] RX CAN id=0x67f dlc=4
[2026-02-15T14:44:29.822095] RX CAN id=0x67f dlc=4
[2026-02-15T14:44:29.822196] RX CAN id=0x67f dlc=4
[2026-02-15T14:44:29.822298] RX CAN id=0x67f dlc=4
[2026-02-15T14:44:29.822403] RX CAN id=0x67f dlc=4
[2026-02-15T14:44:29.822474] RX CAN id=0x67f dlc=4
[2026-02-15T14:44:29.822581] [CAN] Frame sent (ID:0x67f, DLC:4)
[2026-02-15T14:44:29.822686] [CAN] Frame sent (ID:0x67f, DLC:4)
[2026-02-15T14:44:29.822792] [CAN] Frame sent (ID:0x67f, DLC:4)
[2026-02-15T14:44:29.822908] [CAN] Frame sent (ID:0x67f, DLC:4)
[2026-02-15T14:44:29.823013] [CAN] Frame sent (ID:0x67f, DLC:4)
[2026-02-15T14:44:29.823115] [CAN] Frame sent (ID:0x67f, DLC:4)
[2026-02-15T14:44:29.823218] [CAN] Frame sent (ID:0x67f, DLC:4)
[2026-02-15T14:44:29.823321] [CAN] Frame sent (ID:0x67f, DLC:4)
[2026-02-15T14:44:29.823424] [CAN] Frame sent (ID:0x67f, DLC:4)
[2026-02-15T14:44:29.823527] [CAN] Frame sent (ID:0x67f, DLC:4)
[2026-02-15T14:44:29.864784] [TDMA] TX UPLINK: frame=274 records=0
[2026-02-15T14:44:29.884678] BRAGE,28526,1,274,-66,13,66,UL,
[2026-02-15T14:44:29.964317] [TDMA] TX UPLINK: frame=275 records=0
[2026-02-15T14:44:29.984304] BRAGE,28626,1,275,0,0,66,NONE,
[2026-02-15T14:44:30.062704] [TDMA] TX UPLINK: frame=276 records=0
[2026-02-15T14:44:30.083418] BRAGE,28726,1,276,0,0,66,NONE,
[2026-02-15T14:44:30.163150] [TDMA] TX UPLINK: frame=277 records=0
[2026-02-15T14:44:30.183112] BRAGE,28826,1,277,0,0,65,NONE,
[2026-02-15T14:44:30.262350] [TDMA] TX UPLINK: frame=278 records=0
[2026-02-15T14:44:30.282444] BRAGE,28926,1,278,0,0,65,NONE,
[2026-02-15T14:44:30.361675] [TDMA] TX UPLINK: frame=279 records=0
[2026-02-15T14:44:30.381308] BRAGE,29026,1,279,0,0,65,NONE,
[2026-02-15T14:44:30.461340] [TDMA] TX UPLINK: frame=280 records=0
[2026-02-15T14:44:30.480692] BRAGE,29126,1,280,0,0,65,NONE,
[2026-02-15T14:44:30.560597] [TDMA] TX UPLINK: frame=281 records=0
[2026-02-15T14:44:30.580339] BRAGE,29226,1,281,0,0,64,NONE,
[2026-02-15T14:44:30.659793] [TDMA] TX UPLINK: frame=282 records=0
[2026-02-15T14:44:30.679690] BRAGE,29326,1,282,0,0,63,NONE,
[2026-02-15T14:44:30.759399] [TDMA] TX UPLINK: frame=283 records=0
[2026-02-15T14:44:30.779273] BRAGE,29426,1,283,0,0,63,NONE,
[2026-02-15T14:44:30.858529] [TDMA] TX UPLINK: frame=284 records=0
[2026-02-15T14:44:30.878458] BRAGE,29526,1,284,0,0,63,NONE,
[2026-02-15T14:44:30.958165] [TDMA] TX UPLINK: frame=285 records=0
[2026-02-15T14:44:30.977665] BRAGE,29626,1,285,0,0,63,NONE,
[2026-02-15T14:44:31.057375] [TDMA] TX UPLINK: frame=286 records=0
[2026-02-15T14:44:31.076930] BRAGE,29726,1,286,0,0,63,NONE,
[2026-02-15T14:44:31.156678] [TDMA] TX UPLINK: frame=287 records=0
[2026-02-15T14:44:31.176555] BRAGE,29826,1,287,0,0,62,NONE,
[2026-02-15T14:44:31.256248] [TDMA] TX UPLINK: frame=288 records=0
[2026-02-15T14:44:31.276157] BRAGE,29926,1,288,0,0,62,NONE,
[2026-02-15T14:44:31.354788] [TDMA] TX UPLINK: frame=289 records=0
[2026-02-15T14:44:31.375356] BRAGE,30026,1,289,0,0,61,NONE,
[2026-02-15T14:44:31.454881] [TDMA] TX UPLINK: frame=290 records=0
[2026-02-15T14:44:31.474671] BRAGE,30126,1,290,0,0,61,NONE,
[2026-02-15T14:44:31.554468] [TDMA] TX UPLINK: frame=291 records=0
[2026-02-15T14:44:31.573518] BRAGE,30226,1,291,0,0,60,NONE,
[2026-02-15T14:44:31.653538] [TDMA] TX UPLINK: frame=292 records=0
[2026-02-15T14:44:31.673391] BRAGE,30326,1,292,0,0,60,NONE,
[2026-02-15T14:44:31.752687] [TDMA] TX UPLINK: frame=293 records=0
[2026-02-15T14:44:31.771980] BRAGE,30426,1,293,0,0,60,NONE,
[2026-02-15T14:44:31.806459] RX CAN id=0x67f dlc=4
[2026-02-15T14:44:31.806685] RX CAN id=0x67f dlc=4
[2026-02-15T14:44:31.806789] RX CAN id=0x67f dlc=4
[2026-02-15T14:44:31.806933] RX CAN id=0x67f dlc=4
[2026-02-15T14:44:31.807043] RX CAN id=0x67f dlc=4
[2026-02-15T14:44:31.807150] RX CAN id=0x67f dlc=4
[2026-02-15T14:44:31.807251] RX CAN id=0x67f dlc=4
[2026-02-15T14:44:31.807354] RX CAN id=0x67f dlc=4
[2026-02-15T14:44:31.807437] RX CAN id=0x67f dlc=4
[2026-02-15T14:44:31.807546] [CAN] Frame sent (ID:0x67f, DLC:4)
[2026-02-15T14:44:31.807655] [CAN] Frame sent (ID:0x67f, DLC:4)
[2026-02-15T14:44:31.807760] [CAN] Frame sent (ID:0x67f, DLC:4)
[2026-02-15T14:44:31.807876] [CAN] Frame sent (ID:0x67f, DLC:4)
[2026-02-15T14:44:31.807987] [CAN] Frame sent (ID:0x67f, DLC:4)
[2026-02-15T14:44:31.808091] [CAN] Frame sent (ID:0x67f, DLC:4)
[2026-02-15T14:44:31.808194] [CAN] Frame sent (ID:0x67f, DLC:4)
[2026-02-15T14:44:31.808298] [CAN] Frame sent (ID:0x67f, DLC:4)
[2026-02-15T14:44:31.808402] [CAN] Frame sent (ID:0x67f, DLC:4)
[2026-02-15T14:44:31.852071] [TDMA] TX UPLINK: frame=294 records=0
[2026-02-15T14:44:31.871578] BRAGE,30526,1,294,-63,13,61,UL,
[2026-02-15T14:44:31.907711] RX CAN id=0x67f dlc=4
[2026-02-15T14:44:31.908057] RX CAN id=0x67f dlc=4
[2026-02-15T14:44:31.908217] RX CAN id=0x67f dlc=4
[2026-02-15T14:44:31.908594] RX CAN id=0x67f dlc=4
[2026-02-15T14:44:31.908793] RX CAN id=0x67f dlc=4
[2026-02-15T14:44:31.908929] RX CAN id=0x67f dlc=4
[2026-02-15T14:44:31.909048] RX CAN id=0x67f dlc=4
[2026-02-15T14:44:31.909159] RX CAN id=0x67f dlc=4
[2026-02-15T14:44:31.909259] RX CAN id=0x67f dlc=4
[2026-02-15T14:44:31.909359] RX CAN id=0x67f dlc=4
[2026-02-15T14:44:31.909504] [CAN] Frame sent (ID:0x67f, DLC:4)
[2026-02-15T14:44:31.909638] [CAN] Frame sent (ID:0x67f, DLC:4)
[2026-02-15T14:44:31.909742] [CAN] Frame sent (ID:0x67f, DLC:4)
[2026-02-15T14:44:31.909866] [CAN] Frame sent (ID:0x67f, DLC:4)
[2026-02-15T14:44:31.909976] [CAN] Frame sent (ID:0x67f, DLC:4)
[2026-02-15T14:44:31.910081] [CAN] Frame sent (ID:0x67f, DLC:4)
[2026-02-15T14:44:31.910185] [CAN] Frame sent (ID:0x67f, DLC:4)
[2026-02-15T14:44:31.910290] [CAN] Frame sent (ID:0x67f, DLC:4)
[2026-02-15T14:44:31.910394] [CAN] Frame sent (ID:0x67f, DLC:4)
[2026-02-15T14:44:31.910498] [CAN] Frame sent (ID:0x67f, DLC:4)
[2026-02-15T14:44:31.951656] [TDMA] TX UPLINK: frame=295 records=0
[2026-02-15T14:44:31.971596] BRAGE,30626,1,295,-63,13,62,UL,
[2026-02-15T14:44:32.051216] [TDMA] TX UPLINK: frame=296 records=0
[2026-02-15T14:44:32.071181] BRAGE,30726,1,296,0,0,61,NONE,
[2026-02-15T14:44:32.150415] [TDMA] TX UPLINK: frame=297 records=0
[2026-02-15T14:44:32.170379] BRAGE,30826,1,297,0,0,60,NONE,
[2026-02-15T14:44:32.249721] [TDMA] TX UPLINK: frame=298 records=0
[2026-02-15T14:44:32.269687] BRAGE,30926,1,298,0,0,59,NONE,
[2026-02-15T14:44:32.348391] [TDMA] TX UPLINK: frame=299 records=0
[2026-02-15T14:44:32.369203] BRAGE,31026,1,299,0,0,59,NONE,
[2026-02-15T14:44:32.448650] [TDMA] TX UPLINK: frame=300 records=0
[2026-02-15T14:44:32.468414] BRAGE,31126,1,300,0,0,59,NONE,
[2026-02-15T14:44:32.548272] [TDMA] TX UPLINK: frame=301 records=0
[2026-02-15T14:44:32.567823] BRAGE,31226,1,301,0,0,59,NONE,
[2026-02-15T14:44:32.647440] [TDMA] TX UPLINK: frame=302 records=0
[2026-02-15T14:44:32.667420] BRAGE,31326,1,302,0,0,59,NONE,
[2026-02-15T14:44:32.746694] [TDMA] TX UPLINK: frame=303 records=0
[2026-02-15T14:44:32.766568] BRAGE,31426,1,303,0,0,59,NONE,
[2026-02-15T14:44:32.802733] RX CAN id=0x67f dlc=4
[2026-02-15T14:44:32.802988] RX CAN id=0x67f dlc=4
[2026-02-15T14:44:32.803098] RX CAN id=0x67f dlc=4
[2026-02-15T14:44:32.803204] RX CAN id=0x67f dlc=4
[2026-02-15T14:44:32.803305] RX CAN id=0x67f dlc=4
[2026-02-15T14:44:32.803405] RX CAN id=0x67f dlc=4
[2026-02-15T14:44:32.803505] RX CAN id=0x67f dlc=4
[2026-02-15T14:44:32.803610] RX CAN id=0x67f dlc=4
[2026-02-15T14:44:32.803716] RX CAN id=0x67f dlc=4
[2026-02-15T14:44:32.803815] RX CAN id=0x67f dlc=4
[2026-02-15T14:44:32.804033] [CAN] Frame sent (ID:0x67f, DLC:4)
[2026-02-15T14:44:32.804164] [CAN] Frame sent (ID:0x67f, DLC:4)
[2026-02-15T14:44:32.804267] [CAN] Frame sent (ID:0x67f, DLC:4)
[2026-02-15T14:44:32.804370] [CAN] Frame sent (ID:0x67f, DLC:4)
[2026-02-15T14:44:32.804473] [CAN] Frame sent (ID:0x67f, DLC:4)
[2026-02-15T14:44:32.804576] [CAN] Frame sent (ID:0x67f, DLC:4)
[2026-02-15T14:44:32.804680] [CAN] Frame sent (ID:0x67f, DLC:4)
[2026-02-15T14:44:32.804783] [CAN] Frame sent (ID:0x67f, DLC:4)
[2026-02-15T14:44:32.804900] [CAN] Frame sent (ID:0x67f, DLC:4)
[2026-02-15T14:44:32.805004] [CAN] Frame sent (ID:0x67f, DLC:4)
[2026-02-15T14:44:32.848752] [TDMA] TX UPLINK: frame=304 records=0
[2026-02-15T14:44:32.865631] BRAGE,31526,1,304,-63,13,59,UL,
[2026-02-15T14:44:32.945450] [TDMA] TX UPLINK: frame=305 records=0
[2026-02-15T14:44:32.965401] BRAGE,31626,1,305,0,0,59,NONE,
[2026-02-15T14:44:33.044813] [TDMA] TX UPLINK: frame=306 records=0
[2026-02-15T14:44:33.064709] BRAGE,31726,1,306,0,0,59,NONE,
[2026-02-15T14:44:33.144269] [TDMA] TX UPLINK: frame=307 records=0
[2026-02-15T14:44:33.164244] BRAGE,31826,1,307,0,0,59,NONE,
[2026-02-15T14:44:33.243546] [TDMA] TX UPLINK: frame=308 records=0
[2026-02-15T14:44:33.263443] BRAGE,31926,1,308,0,0,58,NONE,
[2026-02-15T14:44:33.342969] [TDMA] TX UPLINK: frame=309 records=0
[2026-02-15T14:44:33.362792] BRAGE,32026,1,309,0,0,57,NONE,
[2026-02-15T14:44:33.442497] [TDMA] TX UPLINK: frame=310 records=0
[2026-02-15T14:44:33.462476] BRAGE,32126,1,310,0,0,57,NONE,
[2026-02-15T14:44:33.541662] [TDMA] TX UPLINK: frame=311 records=0
[2026-02-15T14:44:33.562209] BRAGE,32226,1,311,0,0,57,NONE,
[2026-02-15T14:44:33.641229] [TDMA] TX UPLINK: frame=312 records=0
[2026-02-15T14:44:33.661212] BRAGE,32326,1,312,0,0,56,NONE,
[2026-02-15T14:44:33.740494] [TDMA] TX UPLINK: frame=313 records=0
[2026-02-15T14:44:33.760437] BRAGE,32426,1,313,0,0,56,NONE,
[2026-02-15T14:44:33.796949] RX CAN id=0x67f dlc=4
[2026-02-15T14:44:33.797190] RX CAN id=0x67f dlc=4
[2026-02-15T14:44:33.797339] RX CAN id=0x67f dlc=4
[2026-02-15T14:44:33.797484] RX CAN id=0x67f dlc=4
[2026-02-15T14:44:33.797631] RX CAN id=0x67f dlc=4
[2026-02-15T14:44:33.797784] RX CAN id=0x67f dlc=4
[2026-02-15T14:44:33.797944] RX CAN id=0x67f dlc=4
[2026-02-15T14:44:33.798074] RX CAN id=0x67f dlc=4
[2026-02-15T14:44:33.798148] RX CAN id=0x67f dlc=4
[2026-02-15T14:44:33.798227] RX CAN id=0x67f dlc=4
[2026-02-15T14:44:33.798331] [CAN] Frame sent (ID:0x67f, DLC:4)
[2026-02-15T14:44:33.798436] [CAN] Frame sent (ID:0x67f, DLC:4)
[2026-02-15T14:44:33.798540] [CAN] Frame sent (ID:0x67f, DLC:4)
[2026-02-15T14:44:33.798643] [CAN] Frame sent (ID:0x67f, DLC:4)
[2026-02-15T14:44:33.798747] [CAN] Frame sent (ID:0x67f, DLC:4)
[2026-02-15T14:44:33.798855] [CAN] Frame sent (ID:0x67f, DLC:4)
[2026-02-15T14:44:33.798960] [CAN] Frame sent (ID:0x67f, DLC:4)
[2026-02-15T14:44:33.799063] [CAN] Frame sent (ID:0x67f, DLC:4)
[2026-02-15T14:44:33.799167] [CAN] Frame sent (ID:0x67f, DLC:4)
[2026-02-15T14:44:33.799271] [CAN] Frame sent (ID:0x67f, DLC:4)
[2026-02-15T14:44:33.839808] [TDMA] TX UPLINK: frame=314 records=0
[2026-02-15T14:44:33.859883] BRAGE,32526,1,314,-64,12,57,UL,
[2026-02-15T14:44:33.939283] [TDMA] TX UPLINK: frame=315 records=0
[2026-02-15T14:44:33.959248] BRAGE,32626,1,315,0,0,57,NONE,
[2026-02-15T14:44:33.995660] RX CAN id=0x67f dlc=4
[2026-02-15T14:44:33.995937] RX CAN id=0x67f dlc=4
[2026-02-15T14:44:33.996047] RX CAN id=0x67f dlc=4
[2026-02-15T14:44:33.996149] RX CAN id=0x67f dlc=4
[2026-02-15T14:44:33.996254] RX CAN id=0x67f dlc=4
[2026-02-15T14:44:33.996360] RX CAN id=0x67f dlc=4
[2026-02-15T14:44:33.996464] RX CAN id=0x67f dlc=4
[2026-02-15T14:44:33.996566] RX CAN id=0x67f dlc=4
[2026-02-15T14:44:33.996669] RX CAN id=0x67f dlc=4
[2026-02-15T14:44:33.996771] RX CAN id=0x67f dlc=4
[2026-02-15T14:44:33.996899] [CAN] Frame sent (ID:0x67f, DLC:4)
[2026-02-15T14:44:33.997012] [CAN] Frame sent (ID:0x67f, DLC:4)
[2026-02-15T14:44:33.997115] [CAN] Frame sent (ID:0x67f, DLC:4)
[2026-02-15T14:44:33.997219] [CAN] Frame sent (ID:0x67f, DLC:4)
[2026-02-15T14:44:33.997361] [CAN] Frame sent (ID:0x67f, DLC:4)
[2026-02-15T14:44:33.997464] [CAN] Frame sent (ID:0x67f, DLC:4)
[2026-02-15T14:44:33.997567] [CAN] Frame sent (ID:0x67f, DLC:4)
[2026-02-15T14:44:33.997671] [CAN] Frame sent (ID:0x67f, DLC:4)
[2026-02-15T14:44:33.997774] [CAN] Frame sent (ID:0x67f, DLC:4)
[2026-02-15T14:44:33.997884] [CAN] Frame sent (ID:0x67f, DLC:4)
[2026-02-15T14:44:34.038501] [TDMA] TX UPLINK: frame=316 records=0
[2026-02-15T14:44:34.058495] BRAGE,32726,1,316,-66,13,58,UL,
[2026-02-15T14:44:34.093414] RX CAN id=0x67f dlc=4
[2026-02-15T14:44:34.093648] RX CAN id=0x67f dlc=4
[2026-02-15T14:44:34.093758] RX CAN id=0x67f dlc=4
[2026-02-15T14:44:34.093905] RX CAN id=0x67f dlc=4
[2026-02-15T14:44:34.094015] RX CAN id=0x67f dlc=4
[2026-02-15T14:44:34.094117] RX CAN id=0x67f dlc=4
[2026-02-15T14:44:34.094223] RX CAN id=0x67f dlc=4
[2026-02-15T14:44:34.094324] RX CAN id=0x67f dlc=4
[2026-02-15T14:44:34.094425] RX CAN id=0x67f dlc=4
[2026-02-15T14:44:34.094557] [CAN] Frame sent (ID:0x67f, DLC:4)
[2026-02-15T14:44:34.094665] [CAN] Frame sent (ID:0x67f, DLC:4)
[2026-02-15T14:44:34.094770] [CAN] Frame sent (ID:0x67f, DLC:4)
[2026-02-15T14:44:34.094880] [CAN] Frame sent (ID:0x67f, DLC:4)
[2026-02-15T14:44:34.094985] [CAN] Frame sent (ID:0x67f, DLC:4)
[2026-02-15T14:44:34.095090] [CAN] Frame sent (ID:0x67f, DLC:4)
[2026-02-15T14:44:34.095194] [CAN] Frame sent (ID:0x67f, DLC:4)
[2026-02-15T14:44:34.095299] [CAN] Frame sent (ID:0x67f, DLC:4)
[2026-02-15T14:44:34.095404] [CAN] Frame sent (ID:0x67f, DLC:4)
[2026-02-15T14:44:34.137202] [TDMA] TX UPLINK: frame=317 records=0
[2026-02-15T14:44:34.157762] BRAGE,32826,1,317,-66,12,59,UL,
[2026-02-15T14:44:34.237510] [TDMA] TX UPLINK: frame=318 records=0
[2026-02-15T14:44:34.257340] BRAGE,32926,1,318,0,0,59,NONE,
[2026-02-15T14:44:34.336645] [TDMA] TX UPLINK: frame=319 records=0
[2026-02-15T14:44:34.356510] BRAGE,33026,1,319,0,0,58,NONE,
[2026-02-15T14:44:34.436291] [TDMA] TX UPLINK: frame=320 records=0
[2026-02-15T14:44:34.455957] BRAGE,33126,1,320,0,0,57,NONE,
[2026-02-15T14:44:34.535507] [TDMA] TX UPLINK: frame=321 records=0
[2026-02-15T14:44:34.555491] BRAGE,33226,1,321,0,0,56,NONE,
[2026-02-15T14:44:34.635154] [TDMA] TX UPLINK: frame=322 records=0
[2026-02-15T14:44:34.654090] BRAGE,33326,1,322,0,0,55,NONE,
[2026-02-15T14:44:34.734336] [TDMA] TX UPLINK: frame=323 records=0
[2026-02-15T14:44:34.754248] BRAGE,33426,1,323,0,0,54,NONE,
[2026-02-15T14:44:34.833525] [TDMA] TX UPLINK: frame=324 records=0
[2026-02-15T14:44:34.853504] BRAGE,33526,1,324,0,0,53,NONE,
[2026-02-15T14:44:34.932952] [TDMA] TX UPLINK: frame=325 records=0
[2026-02-15T14:44:34.952816] BRAGE,33626,1,325,0,0,52,NONE,
[2026-02-15T14:44:35.032528] [TDMA] TX UPLINK: frame=326 records=0
[2026-02-15T14:44:35.052502] BRAGE,33726,1,326,0,0,51,NONE,
[2026-02-15T14:44:35.131696] [TDMA] TX UPLINK: frame=327 records=0
[2026-02-15T14:44:35.150919] BRAGE,33826,1,327,0,0,50,NONE,
[2026-02-15T14:44:35.231087] [TDMA] TX UPLINK: frame=328 records=0
[2026-02-15T14:44:35.250987] BRAGE,33926,1,328,0,0,49,NONE,
[2026-02-15T14:44:35.288352] RX CAN id=0x67f dlc=4
[2026-02-15T14:44:35.288646] RX CAN id=0x67f dlc=4
[2026-02-15T14:44:35.288759] RX CAN id=0x67f dlc=4
[2026-02-15T14:44:35.288935] RX CAN id=0x67f dlc=4
[2026-02-15T14:44:35.289047] RX CAN id=0x67f dlc=4
[2026-02-15T14:44:35.289157] RX CAN id=0x67f dlc=4
[2026-02-15T14:44:35.289527] RX CAN id=0x67f dlc=4
[2026-02-15T14:44:35.289726] RX CAN id=0x67f dlc=4
[2026-02-15T14:44:35.289867] RX CAN id=0x67f dlc=4
[2026-02-15T14:44:35.289989] RX CAN id=0x67f dlc=4
[2026-02-15T14:44:35.290137] [CAN] Frame sent (ID:0x67f, DLC:4)
[2026-02-15T14:44:35.290285] [CAN] Frame sent (ID:0x67f, DLC:4)
[2026-02-15T14:44:35.290430] [CAN] Frame sent (ID:0x67f, DLC:4)
[2026-02-15T14:44:35.290539] [CAN] Frame sent (ID:0x67f, DLC:4)
[2026-02-15T14:44:35.290641] [CAN] Frame sent (ID:0x67f, DLC:4)
[2026-02-15T14:44:35.290745] [CAN] Frame sent (ID:0x67f, DLC:4)
[2026-02-15T14:44:35.290861] [CAN] Frame sent (ID:0x67f, DLC:4)
[2026-02-15T14:44:35.290970] [CAN] Frame sent (ID:0x67f, DLC:4)
[2026-02-15T14:44:35.291107] [CAN] Frame sent (ID:0x67f, DLC:4)
[2026-02-15T14:44:35.291211] [CAN] Frame sent (ID:0x67f, DLC:4)
[2026-02-15T14:44:35.330540] [TDMA] TX UPLINK: frame=329 records=0
[2026-02-15T14:44:35.350513] BRAGE,34026,1,329,-67,11,49,UL,
[2026-02-15T14:44:35.429775] [TDMA] TX UPLINK: frame=330 records=0
[2026-02-15T14:44:35.449639] BRAGE,34126,1,330,0,0,48,NONE,
[2026-02-15T14:44:35.529342] [TDMA] TX UPLINK: frame=331 records=0
[2026-02-15T14:44:35.549278] BRAGE,34226,1,331,0,0,47,NONE,
[2026-02-15T14:44:35.627936] [TDMA] TX UPLINK: frame=332 records=0
[2026-02-15T14:44:35.647731] BRAGE,34326,1,332,0,0,46,NONE,
[2026-02-15T14:44:35.684494] RX CAN id=0x67f dlc=4
[2026-02-15T14:44:35.684726] RX CAN id=0x67f dlc=4
[2026-02-15T14:44:35.684870] RX CAN id=0x67f dlc=4
[2026-02-15T14:44:35.685090] RX CAN id=0x67f dlc=4
[2026-02-15T14:44:35.685233] RX CAN id=0x67f dlc=4
[2026-02-15T14:44:35.685338] RX CAN id=0x67f dlc=4
[2026-02-15T14:44:35.685444] RX CAN id=0x67f dlc=4
[2026-02-15T14:44:35.685566] RX CAN id=0x67f dlc=4
[2026-02-15T14:44:35.685717] RX CAN id=0x67f dlc=4
[2026-02-15T14:44:35.685878] RX CAN id=0x67f dlc=4
[2026-02-15T14:44:35.686095] [CAN] Frame sent (ID:0x67f, DLC:4)
[2026-02-15T14:44:35.686308] [CAN] Frame sent (ID:0x67f, DLC:4)
[2026-02-15T14:44:35.686433] [CAN] Frame sent (ID:0x67f, DLC:4)
[2026-02-15T14:44:35.686538] [CAN] Frame sent (ID:0x67f, DLC:4)
[2026-02-15T14:44:35.686642] [CAN] Frame sent (ID:0x67f, DLC:4)
[2026-02-15T14:44:35.686746] [CAN] Frame sent (ID:0x67f, DLC:4)
[2026-02-15T14:44:35.686859] [CAN] Frame sent (ID:0x67f, DLC:4)
[2026-02-15T14:44:35.686965] [CAN] Frame sent (ID:0x67f, DLC:4)
[2026-02-15T14:44:35.687070] [CAN] Frame sent (ID:0x67f, DLC:4)
[2026-02-15T14:44:35.687175] [CAN] Frame sent (ID:0x67f, DLC:4)
[2026-02-15T14:44:35.727984] [TDMA] TX UPLINK: frame=333 records=0
[2026-02-15T14:44:35.747879] BRAGE,34426,1,333,-73,7,46,UL,
[2026-02-15T14:44:35.783629] RX CAN id=0x67f dlc=4
[2026-02-15T14:44:35.783899] RX CAN id=0x67f dlc=4
[2026-02-15T14:44:35.784010] RX CAN id=0x67f dlc=4
[2026-02-15T14:44:35.784112] RX CAN id=0x67f dlc=4
[2026-02-15T14:44:35.784214] RX CAN id=0x67f dlc=4
[2026-02-15T14:44:35.784322] RX CAN id=0x67f dlc=4
[2026-02-15T14:44:35.784428] RX CAN id=0x67f dlc=4
[2026-02-15T14:44:35.784528] RX CAN id=0x67f dlc=4
[2026-02-15T14:44:35.784630] RX CAN id=0x67f dlc=4
[2026-02-15T14:44:35.784734] RX CAN id=0x67f dlc=4
[2026-02-15T14:44:35.784850] [CAN] Frame sent (ID:0x67f, DLC:4)
[2026-02-15T14:44:35.784961] [CAN] Frame sent (ID:0x67f, DLC:4)
[2026-02-15T14:44:35.785064] [CAN] Frame sent (ID:0x67f, DLC:4)
[2026-02-15T14:44:35.785166] [CAN] Frame sent (ID:0x67f, DLC:4)
[2026-02-15T14:44:35.785269] [CAN] Frame sent (ID:0x67f, DLC:4)
[2026-02-15T14:44:35.785372] [CAN] Frame sent (ID:0x67f, DLC:4)
[2026-02-15T14:44:35.785476] [CAN] Frame sent (ID:0x67f, DLC:4)
[2026-02-15T14:44:35.785580] [CAN] Frame sent (ID:0x67f, DLC:4)
[2026-02-15T14:44:35.785685] [CAN] Frame sent (ID:0x67f, DLC:4)
[2026-02-15T14:44:35.785788] [CAN] Frame sent (ID:0x67f, DLC:4)
[2026-02-15T14:44:35.827574] [TDMA] TX UPLINK: frame=334 records=0
[2026-02-15T14:44:35.847308] BRAGE,34526,1,334,-65,12,46,UL,
[2026-02-15T14:44:35.880581] RX CAN id=0x67f dlc=4
[2026-02-15T14:44:35.880808] RX CAN id=0x67f dlc=4
[2026-02-15T14:44:35.880965] RX CAN id=0x67f dlc=4
[2026-02-15T14:44:35.881073] RX CAN id=0x67f dlc=4
[2026-02-15T14:44:35.881150] RX CAN id=0x67f dlc=4
[2026-02-15T14:44:35.881224] RX CAN id=0x67f dlc=4
[2026-02-15T14:44:35.881297] RX CAN id=0x67f dlc=4
[2026-02-15T14:44:35.881370] RX CAN id=0x67f dlc=4
[2026-02-15T14:44:35.881443] RX CAN id=0x67f dlc=4
[2026-02-15T14:44:35.881772] [CAN] Frame sent (ID:0x67f, DLC:4)
[2026-02-15T14:44:35.881920] [CAN] Frame sent (ID:0x67f, DLC:4)
[2026-02-15T14:44:35.882035] [CAN] Frame sent (ID:0x67f, DLC:4)
[2026-02-15T14:44:35.882140] [CAN] Frame sent (ID:0x67f, DLC:4)
[2026-02-15T14:44:35.882244] [CAN] Frame sent (ID:0x67f, DLC:4)
[2026-02-15T14:44:35.882350] [CAN] Frame sent (ID:0x67f, DLC:4)
[2026-02-15T14:44:35.882454] [CAN] Frame sent (ID:0x67f, DLC:4)
[2026-02-15T14:44:35.882591] [CAN] Frame sent (ID:0x67f, DLC:4)
[2026-02-15T14:44:35.882696] [CAN] Frame sent (ID:0x67f, DLC:4)
[2026-02-15T14:44:35.926298] [TDMA] TX UPLINK: frame=335 records=0
[2026-02-15T14:44:35.946594] BRAGE,34626,1,335,-67,10,46,UL,
[2026-02-15T14:44:35.982659] RX CAN id=0x67f dlc=4
[2026-02-15T14:44:35.982920] RX CAN id=0x67f dlc=4
[2026-02-15T14:44:35.983027] RX CAN id=0x67f dlc=4
[2026-02-15T14:44:35.983128] RX CAN id=0x67f dlc=4
[2026-02-15T14:44:35.983229] RX CAN id=0x67f dlc=4
[2026-02-15T14:44:35.983340] RX CAN id=0x67f dlc=4
[2026-02-15T14:44:35.983448] RX CAN id=0x67f dlc=4
[2026-02-15T14:44:35.983530] RX CAN id=0x67f dlc=4
[2026-02-15T14:44:35.983602] RX CAN id=0x67f dlc=4
[2026-02-15T14:44:35.983677] RX CAN id=0x67f dlc=4
[2026-02-15T14:44:35.983782] [CAN] Frame sent (ID:0x67f, DLC:4)
[2026-02-15T14:44:35.983894] [CAN] Frame sent (ID:0x67f, DLC:4)
[2026-02-15T14:44:35.984003] [CAN] Frame sent (ID:0x67f, DLC:4)
[2026-02-15T14:44:35.984107] [CAN] Frame sent (ID:0x67f, DLC:4)
[2026-02-15T14:44:35.984216] [CAN] Frame sent (ID:0x67f, DLC:4)
[2026-02-15T14:44:35.984324] [CAN] Frame sent (ID:0x67f, DLC:4)
[2026-02-15T14:44:35.984428] [CAN] Frame sent (ID:0x67f, DLC:4)
[2026-02-15T14:44:35.984536] [CAN] Frame sent (ID:0x67f, DLC:4)
[2026-02-15T14:44:35.984640] [CAN] Frame sent (ID:0x67f, DLC:4)
[2026-02-15T14:44:35.984744] [CAN] Frame sent (ID:0x67f, DLC:4)
[2026-02-15T14:44:36.026320] [TDMA] TX UPLINK: frame=336 records=0
[2026-02-15T14:44:36.046301] BRAGE,34726,1,336,-67,11,46,UL,
[2026-02-15T14:44:36.082665] RX CAN id=0x67f dlc=4
[2026-02-15T14:44:36.082942] RX CAN id=0x67f dlc=4
[2026-02-15T14:44:36.083053] RX CAN id=0x67f dlc=4
[2026-02-15T14:44:36.083155] RX CAN id=0x67f dlc=4
[2026-02-15T14:44:36.083260] RX CAN id=0x67f dlc=4
[2026-02-15T14:44:36.083367] RX CAN id=0x67f dlc=4
[2026-02-15T14:44:36.083467] RX CAN id=0x67f dlc=4
[2026-02-15T14:44:36.083570] RX CAN id=0x67f dlc=4
[2026-02-15T14:44:36.083670] RX CAN id=0x67f dlc=4
[2026-02-15T14:44:36.083769] RX CAN id=0x67f dlc=4
[2026-02-15T14:44:36.083889] [CAN] Frame sent (ID:0x67f, DLC:4)
[2026-02-15T14:44:36.083995] [CAN] Frame sent (ID:0x67f, DLC:4)
[2026-02-15T14:44:36.084099] [CAN] Frame sent (ID:0x67f, DLC:4)
[2026-02-15T14:44:36.084203] [CAN] Frame sent (ID:0x67f, DLC:4)
[2026-02-15T14:44:36.084316] [CAN] Frame sent (ID:0x67f, DLC:4)
[2026-02-15T14:44:36.084419] [CAN] Frame sent (ID:0x67f, DLC:4)
[2026-02-15T14:44:36.084522] [CAN] Frame sent (ID:0x67f, DLC:4)
[2026-02-15T14:44:36.084625] [CAN] Frame sent (ID:0x67f, DLC:4)
[2026-02-15T14:44:36.084729] [CAN] Frame sent (ID:0x67f, DLC:4)
[2026-02-15T14:44:36.084833] [CAN] Frame sent (ID:0x67f, DLC:4)
[2026-02-15T14:44:36.125586] [TDMA] TX UPLINK: frame=337 records=0
[2026-02-15T14:44:36.145550] BRAGE,34826,1,337,-65,12,46,UL,
[2026-02-15T14:44:36.182187] RX CAN id=0x67f dlc=4
[2026-02-15T14:44:36.182467] RX CAN id=0x67f dlc=4
[2026-02-15T14:44:36.182623] RX CAN id=0x67f dlc=4
[2026-02-15T14:44:36.182767] RX CAN id=0x67f dlc=4
[2026-02-15T14:44:36.182857] RX CAN id=0x67f dlc=4
[2026-02-15T14:44:36.182930] RX CAN id=0x67f dlc=4
[2026-02-15T14:44:36.183006] RX CAN id=0x67f dlc=4
[2026-02-15T14:44:36.183077] RX CAN id=0x67f dlc=4
[2026-02-15T14:44:36.183151] RX CAN id=0x67f dlc=4
[2026-02-15T14:44:36.183225] RX CAN id=0x67f dlc=4
[2026-02-15T14:44:36.183335] [CAN] Frame sent (ID:0x67f, DLC:4)
[2026-02-15T14:44:36.183440] [CAN] Frame sent (ID:0x67f, DLC:4)
[2026-02-15T14:44:36.183544] [CAN] Frame sent (ID:0x67f, DLC:4)
[2026-02-15T14:44:36.183646] [CAN] Frame sent (ID:0x67f, DLC:4)
[2026-02-15T14:44:36.183749] [CAN] Frame sent (ID:0x67f, DLC:4)
[2026-02-15T14:44:36.183860] [CAN] Frame sent (ID:0x67f, DLC:4)
[2026-02-15T14:44:36.183965] [CAN] Frame sent (ID:0x67f, DLC:4)
[2026-02-15T14:44:36.184068] [CAN] Frame sent (ID:0x67f, DLC:4)
[2026-02-15T14:44:36.184171] [CAN] Frame sent (ID:0x67f, DLC:4)
[2026-02-15T14:44:36.184275] [CAN] Frame sent (ID:0x67f, DLC:4)
[2026-02-15T14:44:36.224933] [TDMA] TX UPLINK: frame=338 records=0
[2026-02-15T14:44:36.244780] BRAGE,34926,1,338,-65,12,46,UL,
[2026-02-15T14:44:36.279495] RX CAN id=0x67f dlc=4
[2026-02-15T14:44:36.279717] RX CAN id=0x67f dlc=4
[2026-02-15T14:44:36.279826] RX CAN id=0x67f dlc=4
[2026-02-15T14:44:36.279980] RX CAN id=0x67f dlc=4
[2026-02-15T14:44:36.280090] RX CAN id=0x67f dlc=4
[2026-02-15T14:44:36.280192] RX CAN id=0x67f dlc=4
[2026-02-15T14:44:36.280298] RX CAN id=0x67f dlc=4
[2026-02-15T14:44:36.280406] RX CAN id=0x67f dlc=4
[2026-02-15T14:44:36.280509] RX CAN id=0x67f dlc=4
[2026-02-15T14:44:36.280614] [CAN] Frame sent (ID:0x67f, DLC:4)
[2026-02-15T14:44:36.280721] [CAN] Frame sent (ID:0x67f, DLC:4)
[2026-02-15T14:44:36.280836] [CAN] Frame sent (ID:0x67f, DLC:4)
[2026-02-15T14:44:36.280942] [CAN] Frame sent (ID:0x67f, DLC:4)
[2026-02-15T14:44:36.281047] [CAN] Frame sent (ID:0x67f, DLC:4)
[2026-02-15T14:44:36.281153] [CAN] Frame sent (ID:0x67f, DLC:4)
[2026-02-15T14:44:36.281258] [CAN] Frame sent (ID:0x67f, DLC:4)
[2026-02-15T14:44:36.281363] [CAN] Frame sent (ID:0x67f, DLC:4)
[2026-02-15T14:44:36.281469] [CAN] Frame sent (ID:0x67f, DLC:4)
[2026-02-15T14:44:36.324435] [TDMA] TX UPLINK: frame=339 records=0
[2026-02-15T14:44:36.344343] BRAGE,35026,1,339,-65,13,46,UL,
[2026-02-15T14:44:36.380502] RX CAN id=0x67f dlc=4
[2026-02-15T14:44:36.380725] RX CAN id=0x67f dlc=4
[2026-02-15T14:44:36.380869] RX CAN id=0x67f dlc=4
[2026-02-15T14:44:36.380978] RX CAN id=0x67f dlc=4
[2026-02-15T14:44:36.381086] RX CAN id=0x67f dlc=4
[2026-02-15T14:44:36.381194] RX CAN id=0x67f dlc=4
[2026-02-15T14:44:36.381299] RX CAN id=0x67f dlc=4
[2026-02-15T14:44:36.381400] RX CAN id=0x67f dlc=4
[2026-02-15T14:44:36.381506] RX CAN id=0x67f dlc=4
[2026-02-15T14:44:36.381607] RX CAN id=0x67f dlc=4
[2026-02-15T14:44:36.381756] [CAN] Frame sent (ID:0x67f, DLC:4)
[2026-02-15T14:44:36.381917] [CAN] Frame sent (ID:0x67f, DLC:4)
[2026-02-15T14:44:36.382047] [CAN] Frame sent (ID:0x67f, DLC:4)
[2026-02-15T14:44:36.382150] [CAN] Frame sent (ID:0x67f, DLC:4)
[2026-02-15T14:44:36.382252] [CAN] Frame sent (ID:0x67f, DLC:4)
[2026-02-15T14:44:36.382355] [CAN] Frame sent (ID:0x67f, DLC:4)
[2026-02-15T14:44:36.382459] [CAN] Frame sent (ID:0x67f, DLC:4)
[2026-02-15T14:44:36.382563] [CAN] Frame sent (ID:0x67f, DLC:4)
[2026-02-15T14:44:36.382667] [CAN] Frame sent (ID:0x67f, DLC:4)
[2026-02-15T14:44:36.382771] [CAN] Frame sent (ID:0x67f, DLC:4)
[2026-02-15T14:44:36.423635] [TDMA] TX UPLINK: frame=340 records=0
[2026-02-15T14:44:36.443370] BRAGE,35126,1,340,-73,8,46,UL,
[2026-02-15T14:44:36.482316] RX CAN id=0x67f dlc=4
[2026-02-15T14:44:36.482608] RX CAN id=0x67f dlc=4
[2026-02-15T14:44:36.482758] RX CAN id=0x67f dlc=4
[2026-02-15T14:44:36.482948] RX CAN id=0x123 dlc=3
[2026-02-15T14:44:36.483094] RX CAN id=0x67f dlc=4
[2026-02-15T14:44:36.483240] RX CAN id=0x67f dlc=4
[2026-02-15T14:44:36.483616] RX CAN id=0x67f dlc=4
[2026-02-15T14:44:36.483816] RX CAN id=0x67f dlc=4
[2026-02-15T14:44:36.483957] RX CAN id=0x67f dlc=4
[2026-02-15T14:44:36.484079] RX CAN id=0x67f dlc=4
[2026-02-15T14:44:36.484179] RX CAN id=0x67f dlc=4
[2026-02-15T14:44:36.484322] [CAN] Frame sent (ID:0x67f, DLC:4)
[2026-02-15T14:44:36.484469] [CAN] Frame sent (ID:0x67f, DLC:4)
[2026-02-15T14:44:36.484609] [CAN] Frame sent (ID:0x67f, DLC:4)
[2026-02-15T14:44:36.484712] [CAN] Frame sent (ID:0x123, DLC:3)
[2026-02-15T14:44:36.484816] [CAN] Frame sent (ID:0x67f, DLC:4)
[2026-02-15T14:44:36.484936] [CAN] Frame sent (ID:0x67f, DLC:4)
[2026-02-15T14:44:36.485039] [CAN] Frame sent (ID:0x67f, DLC:4)
[2026-02-15T14:44:36.485142] [CAN] Frame sent (ID:0x67f, DLC:4)
[2026-02-15T14:44:36.485245] [CAN] Frame sent (ID:0x67f, DLC:4)
[2026-02-15T14:44:36.485348] [CAN] Frame sent (ID:0x67f, DLC:4)
[2026-02-15T14:44:36.485452] [CAN] Frame sent (ID:0x67f, DLC:4)
[2026-02-15T14:44:36.522561] [TDMA] TX UPLINK: frame=341 records=0
[2026-02-15T14:44:36.543001] BRAGE,35226,1,341,-68,12,46,UL,
[2026-02-15T14:44:36.622592] [TDMA] TX UPLINK: frame=342 records=0
[2026-02-15T14:44:36.642368] BRAGE,35326,1,342,0,0,45,NONE,
[2026-02-15T14:44:36.676552] RX CAN id=0x67f dlc=4
[2026-02-15T14:44:36.676775] RX CAN id=0x67f dlc=4
[2026-02-15T14:44:36.677031] RX CAN id=0x67f dlc=4
[2026-02-15T14:44:36.677204] RX CAN id=0x67f dlc=4
[2026-02-15T14:44:36.677309] RX CAN id=0x67f dlc=4
[2026-02-15T14:44:36.677441] RX CAN id=0x67f dlc=4
[2026-02-15T14:44:36.677586] RX CAN id=0x67f dlc=4
[2026-02-15T14:44:36.677733] RX CAN id=0x67f dlc=4
[2026-02-15T14:44:36.677897] RX CAN id=0x67f dlc=4
[2026-02-15T14:44:36.678107] [CAN] Frame sent (ID:0x67f, DLC:4)
[2026-02-15T14:44:36.678315] [CAN] Frame sent (ID:0x67f, DLC:4)
[2026-02-15T14:44:36.678472] [CAN] Frame sent (ID:0x67f, DLC:4)
[2026-02-15T14:44:36.678575] [CAN] Frame sent (ID:0x67f, DLC:4)
[2026-02-15T14:44:36.678678] [CAN] Frame sent (ID:0x67f, DLC:4)
[2026-02-15T14:44:36.678781] [CAN] Frame sent (ID:0x67f, DLC:4)
[2026-02-15T14:44:36.678905] [CAN] Frame sent (ID:0x67f, DLC:4)
[2026-02-15T14:44:36.679009] [CAN] Frame sent (ID:0x67f, DLC:4)
[2026-02-15T14:44:36.679112] [CAN] Frame sent (ID:0x67f, DLC:4)
[2026-02-15T14:44:36.721869] [TDMA] TX UPLINK: frame=343 records=0
[2026-02-15T14:44:36.741689] BRAGE,35426,1,343,-67,13,45,UL,
[2026-02-15T14:44:36.778521] RX CAN id=0x67f dlc=4
[2026-02-15T14:44:36.778745] RX CAN id=0x67f dlc=4
[2026-02-15T14:44:36.778901] RX CAN id=0x67f dlc=4
[2026-02-15T14:44:36.779006] RX CAN id=0x67f dlc=4
[2026-02-15T14:44:36.779107] RX CAN id=0x67f dlc=4
[2026-02-15T14:44:36.779208] RX CAN id=0x67f dlc=4
[2026-02-15T14:44:36.779310] RX CAN id=0x67f dlc=4
[2026-02-15T14:44:36.779411] RX CAN id=0x67f dlc=4
[2026-02-15T14:44:36.779514] RX CAN id=0x67f dlc=4
[2026-02-15T14:44:36.779618] RX CAN id=0x67f dlc=4
[2026-02-15T14:44:36.779764] [CAN] Frame sent (ID:0x67f, DLC:4)
[2026-02-15T14:44:36.779922] [CAN] Frame sent (ID:0x67f, DLC:4)
[2026-02-15T14:44:36.780068] [CAN] Frame sent (ID:0x67f, DLC:4)
[2026-02-15T14:44:36.780212] [CAN] Frame sent (ID:0x67f, DLC:4)
[2026-02-15T14:44:36.780316] [CAN] Frame sent (ID:0x67f, DLC:4)
[2026-02-15T14:44:36.780420] [CAN] Frame sent (ID:0x67f, DLC:4)
[2026-02-15T14:44:36.780526] [CAN] Frame sent (ID:0x67f, DLC:4)
[2026-02-15T14:44:36.780630] [CAN] Frame sent (ID:0x67f, DLC:4)
[2026-02-15T14:44:36.780734] [CAN] Frame sent (ID:0x67f, DLC:4)
[2026-02-15T14:44:36.780841] [CAN] Frame sent (ID:0x67f, DLC:4)
[2026-02-15T14:44:36.821372] [TDMA] TX UPLINK: frame=344 records=0
[2026-02-15T14:44:36.841338] BRAGE,35526,1,344,-68,13,45,UL,
[2026-02-15T14:44:36.877697] RX CAN id=0x67f dlc=4
[2026-02-15T14:44:36.877965] RX CAN id=0x67f dlc=4
[2026-02-15T14:44:36.878077] RX CAN id=0x67f dlc=4
[2026-02-15T14:44:36.878181] RX CAN id=0x67f dlc=4
[2026-02-15T14:44:36.878289] RX CAN id=0x67f dlc=4
[2026-02-15T14:44:36.878391] RX CAN id=0x67f dlc=4
[2026-02-15T14:44:36.878491] RX CAN id=0x67f dlc=4
[2026-02-15T14:44:36.878592] RX CAN id=0x67f dlc=4
[2026-02-15T14:44:36.878691] RX CAN id=0x67f dlc=4
[2026-02-15T14:44:36.878763] RX CAN id=0x67f dlc=4
[2026-02-15T14:44:36.878881] [CAN] Frame sent (ID:0x67f, DLC:4)
[2026-02-15T14:44:36.878987] [CAN] Frame sent (ID:0x67f, DLC:4)
[2026-02-15T14:44:36.879091] [CAN] Frame sent (ID:0x67f, DLC:4)
[2026-02-15T14:44:36.879201] [CAN] Frame sent (ID:0x67f, DLC:4)
[2026-02-15T14:44:36.879304] [CAN] Frame sent (ID:0x67f, DLC:4)
[2026-02-15T14:44:36.879407] [CAN] Frame sent (ID:0x67f, DLC:4)
[2026-02-15T14:44:36.879510] [CAN] Frame sent (ID:0x67f, DLC:4)
[2026-02-15T14:44:36.879613] [CAN] Frame sent (ID:0x67f, DLC:4)
[2026-02-15T14:44:36.879717] [CAN] Frame sent (ID:0x67f, DLC:4)
[2026-02-15T14:44:36.879821] [CAN] Frame sent (ID:0x67f, DLC:4)
[2026-02-15T14:44:36.920395] [TDMA] TX UPLINK: frame=345 records=0
[2026-02-15T14:44:36.940220] BRAGE,35626,1,345,-71,13,45,UL,
[2026-02-15T14:44:36.977250] RX CAN id=0x67f dlc=4
[2026-02-15T14:44:36.977471] RX CAN id=0x67f dlc=4
[2026-02-15T14:44:36.977582] RX CAN id=0x67f dlc=4
[2026-02-15T14:44:36.977683] RX CAN id=0x67f dlc=4
[2026-02-15T14:44:36.977782] RX CAN id=0x67f dlc=4
[2026-02-15T14:44:36.977928] RX CAN id=0x67f dlc=4
[2026-02-15T14:44:36.978031] RX CAN id=0x67f dlc=4
[2026-02-15T14:44:36.978130] RX CAN id=0x67f dlc=4
[2026-02-15T14:44:36.978217] RX CAN id=0x67f dlc=4
[2026-02-15T14:44:36.978287] RX CAN id=0x67f dlc=4
[2026-02-15T14:44:36.978426] [CAN] Frame sent (ID:0x67f, DLC:4)
[2026-02-15T14:44:36.978531] [CAN] Frame sent (ID:0x67f, DLC:4)
[2026-02-15T14:44:36.978636] [CAN] Frame sent (ID:0x67f, DLC:4)
[2026-02-15T14:44:36.978744] [CAN] Frame sent (ID:0x67f, DLC:4)
[2026-02-15T14:44:36.978855] [CAN] Frame sent (ID:0x67f, DLC:4)
[2026-02-15T14:44:36.978959] [CAN] Frame sent (ID:0x67f, DLC:4)
[2026-02-15T14:44:36.979063] [CAN] Frame sent (ID:0x67f, DLC:4)
[2026-02-15T14:44:36.979167] [CAN] Frame sent (ID:0x67f, DLC:4)
[2026-02-15T14:44:36.979270] [CAN] Frame sent (ID:0x67f, DLC:4)
[2026-02-15T14:44:36.979374] [CAN] Frame sent (ID:0x67f, DLC:4)
[2026-02-15T14:44:37.019976] [TDMA] TX UPLINK: frame=346 records=0
[2026-02-15T14:44:37.039936] BRAGE,35726,1,346,-68,13,45,UL,
[2026-02-15T14:44:37.074536] RX CAN id=0x67f dlc=4
[2026-02-15T14:44:37.074766] RX CAN id=0x67f dlc=4
[2026-02-15T14:44:37.074909] RX CAN id=0x67f dlc=4
[2026-02-15T14:44:37.078357] RX CAN id=0x67f dlc=4
[2026-02-15T14:44:37.078543] RX CAN id=0x67f dlc=4
[2026-02-15T14:44:37.078692] RX CAN id=0x67f dlc=4
[2026-02-15T14:44:37.078881] RX CAN id=0x67f dlc=4
[2026-02-15T14:44:37.079028] RX CAN id=0x67f dlc=4
[2026-02-15T14:44:37.079172] RX CAN id=0x67f dlc=4
[2026-02-15T14:44:37.079346] [CAN] Frame sent (ID:0x67f, DLC:4)
[2026-02-15T14:44:37.079453] [CAN] Frame sent (ID:0x67f, DLC:4)
[2026-02-15T14:44:37.079557] [CAN] Frame sent (ID:0x67f, DLC:4)
[2026-02-15T14:44:37.079661] [CAN] Frame sent (ID:0x67f, DLC:4)
[2026-02-15T14:44:37.079768] [CAN] Frame sent (ID:0x67f, DLC:4)
[2026-02-15T14:44:37.079880] [CAN] Frame sent (ID:0x67f, DLC:4)
[2026-02-15T14:44:37.079986] [CAN] Frame sent (ID:0x67f, DLC:4)
[2026-02-15T14:44:37.080091] [CAN] Frame sent (ID:0x67f, DLC:4)
[2026-02-15T14:44:37.080196] [CAN] Frame sent (ID:0x67f, DLC:4)
[2026-02-15T14:44:37.119408] [TDMA] TX UPLINK: frame=347 records=0
[2026-02-15T14:44:37.139434] BRAGE,35826,1,347,-67,13,45,UL,
[2026-02-15T14:44:37.175812] RX CAN id=0x67f dlc=4
[2026-02-15T14:44:37.176082] RX CAN id=0x67f dlc=4
[2026-02-15T14:44:37.176189] RX CAN id=0x67f dlc=4
[2026-02-15T14:44:37.176292] RX CAN id=0x67f dlc=4
[2026-02-15T14:44:37.176397] RX CAN id=0x67f dlc=4
[2026-02-15T14:44:37.176509] RX CAN id=0x67f dlc=4
[2026-02-15T14:44:37.176615] RX CAN id=0x67f dlc=4
[2026-02-15T14:44:37.176718] RX CAN id=0x67f dlc=4
[2026-02-15T14:44:37.176824] RX CAN id=0x67f dlc=4
[2026-02-15T14:44:37.176942] RX CAN id=0x67f dlc=4
[2026-02-15T14:44:37.177068] [CAN] Frame sent (ID:0x67f, DLC:4)
[2026-02-15T14:44:37.177179] [CAN] Frame sent (ID:0x67f, DLC:4)
[2026-02-15T14:44:37.177283] [CAN] Frame sent (ID:0x67f, DLC:4)
[2026-02-15T14:44:37.177388] [CAN] Frame sent (ID:0x67f, DLC:4)
[2026-02-15T14:44:37.177493] [CAN] Frame sent (ID:0x67f, DLC:4)
[2026-02-15T14:44:37.177596] [CAN] Frame sent (ID:0x67f, DLC:4)
[2026-02-15T14:44:37.177699] [CAN] Frame sent (ID:0x67f, DLC:4)
[2026-02-15T14:44:37.177802] [CAN] Frame sent (ID:0x67f, DLC:4)
[2026-02-15T14:44:37.177910] [CAN] Frame sent (ID:0x67f, DLC:4)
[2026-02-15T14:44:37.178013] [CAN] Frame sent (ID:0x67f, DLC:4)
[2026-02-15T14:44:37.218643] [TDMA] TX UPLINK: frame=348 records=0
[2026-02-15T14:44:37.238592] BRAGE,35926,1,348,-66,13,45,UL,
[2026-02-15T14:44:37.275353] RX CAN id=0x67f dlc=4
[2026-02-15T14:44:37.275579] RX CAN id=0x67f dlc=4
[2026-02-15T14:44:37.275693] RX CAN id=0x67f dlc=4
[2026-02-15T14:44:37.275798] RX CAN id=0x67f dlc=4
[2026-02-15T14:44:37.275944] RX CAN id=0x67f dlc=4
[2026-02-15T14:44:37.276048] RX CAN id=0x67f dlc=4
[2026-02-15T14:44:37.276145] RX CAN id=0x67f dlc=4
[2026-02-15T14:44:37.276217] RX CAN id=0x67f dlc=4
[2026-02-15T14:44:37.276289] RX CAN id=0x67f dlc=4
[2026-02-15T14:44:37.276361] RX CAN id=0x67f dlc=4
[2026-02-15T14:44:37.276465] [CAN] Frame sent (ID:0x67f, DLC:4)
[2026-02-15T14:44:37.276571] [CAN] Frame sent (ID:0x67f, DLC:4)
[2026-02-15T14:44:37.276684] [CAN] Frame sent (ID:0x67f, DLC:4)
[2026-02-15T14:44:37.276789] [CAN] Frame sent (ID:0x67f, DLC:4)
[2026-02-15T14:44:37.276900] [CAN] Frame sent (ID:0x67f, DLC:4)
[2026-02-15T14:44:37.277004] [CAN] Frame sent (ID:0x67f, DLC:4)
[2026-02-15T14:44:37.277141] [CAN] Frame sent (ID:0x67f, DLC:4)
[2026-02-15T14:44:37.277245] [CAN] Frame sent (ID:0x67f, DLC:4)
[2026-02-15T14:44:37.277349] [CAN] Frame sent (ID:0x67f, DLC:4)
[2026-02-15T14:44:37.277454] [CAN] Frame sent (ID:0x67f, DLC:4)
[2026-02-15T14:44:37.318089] [TDMA] TX UPLINK: frame=349 records=0
[2026-02-15T14:44:37.337991] BRAGE,36026,1,349,-67,13,45,UL,
[2026-02-15T14:44:37.372637] RX CAN id=0x67f dlc=4
[2026-02-15T14:44:37.372904] RX CAN id=0x67f dlc=4
[2026-02-15T14:44:37.373013] RX CAN id=0x67f dlc=4
[2026-02-15T14:44:37.373114] RX CAN id=0x67f dlc=4
[2026-02-15T14:44:37.373216] RX CAN id=0x67f dlc=4
[2026-02-15T14:44:37.373323] RX CAN id=0x67f dlc=4
[2026-02-15T14:44:37.373423] RX CAN id=0x67f dlc=4
[2026-02-15T14:44:37.373523] RX CAN id=0x67f dlc=4
[2026-02-15T14:44:37.373624] RX CAN id=0x67f dlc=4
[2026-02-15T14:44:37.373775] [CAN] Frame sent (ID:0x67f, DLC:4)
[2026-02-15T14:44:37.373929] [CAN] Frame sent (ID:0x67f, DLC:4)
[2026-02-15T14:44:37.374044] [CAN] Frame sent (ID:0x67f, DLC:4)
[2026-02-15T14:44:37.374147] [CAN] Frame sent (ID:0x67f, DLC:4)
[2026-02-15T14:44:37.374249] [CAN] Frame sent (ID:0x67f, DLC:4)
[2026-02-15T14:44:37.374352] [CAN] Frame sent (ID:0x67f, DLC:4)
[2026-02-15T14:44:37.374455] [CAN] Frame sent (ID:0x67f, DLC:4)
[2026-02-15T14:44:37.374561] [CAN] Frame sent (ID:0x67f, DLC:4)
[2026-02-15T14:44:37.374665] [CAN] Frame sent (ID:0x67f, DLC:4)
[2026-02-15T14:44:37.417605] [TDMA] TX UPLINK: frame=350 records=0
[2026-02-15T14:44:37.439909] BRAGE,36126,1,350,-67,13,45,UL,
[2026-02-15T14:44:37.476075] RX CAN id=0x67f dlc=4
[2026-02-15T14:44:37.476356] RX CAN id=0x67f dlc=4
[2026-02-15T14:44:37.476507] RX CAN id=0x67f dlc=4
[2026-02-15T14:44:37.476652] RX CAN id=0x67f dlc=4
[2026-02-15T14:44:37.476795] RX CAN id=0x123 dlc=3
[2026-02-15T14:44:37.476953] RX CAN id=0x67f dlc=4
[2026-02-15T14:44:37.477082] RX CAN id=0x67f dlc=4
[2026-02-15T14:44:37.477189] RX CAN id=0x67f dlc=4
[2026-02-15T14:44:37.477297] RX CAN id=0x67f dlc=4
[2026-02-15T14:44:37.477405] RX CAN id=0x67f dlc=4
[2026-02-15T14:44:37.477512] RX CAN id=0x67f dlc=4
[2026-02-15T14:44:37.477667] [CAN] Frame sent (ID:0x67f, DLC:4)
[2026-02-15T14:44:37.477824] [CAN] Frame sent (ID:0x67f, DLC:4)
[2026-02-15T14:44:37.477985] [CAN] Frame sent (ID:0x67f, DLC:4)
[2026-02-15T14:44:37.478139] [CAN] Frame sent (ID:0x67f, DLC:4)
[2026-02-15T14:44:37.478293] [CAN] Frame sent (ID:0x123, DLC:3)
[2026-02-15T14:44:37.478447] [CAN] Frame sent (ID:0x67f, DLC:4)
[2026-02-15T14:44:37.478601] [CAN] Frame sent (ID:0x67f, DLC:4)
[2026-02-15T14:44:37.478757] [CAN] Frame sent (ID:0x67f, DLC:4)
[2026-02-15T14:44:37.478916] [CAN] Frame sent (ID:0x67f, DLC:4)
[2026-02-15T14:44:37.479072] [CAN] Frame sent (ID:0x67f, DLC:4)
[2026-02-15T14:44:37.479227] [CAN] Frame sent (ID:0x67f, DLC:4)
[2026-02-15T14:44:37.516635] [TDMA] TX UPLINK: frame=351 records=0
[2026-02-15T14:44:37.536440] BRAGE,36226,1,351,-68,12,46,UL,
[2026-02-15T14:44:37.573416] RX CAN id=0x67f dlc=4
[2026-02-15T14:44:37.573707] RX CAN id=0x67f dlc=4
[2026-02-15T14:44:37.573896] RX CAN id=0x67f dlc=4
[2026-02-15T14:44:37.574045] RX CAN id=0x67f dlc=4
[2026-02-15T14:44:37.574187] RX CAN id=0x67f dlc=4
[2026-02-15T14:44:37.574578] RX CAN id=0x67f dlc=4
[2026-02-15T14:44:37.574763] RX CAN id=0x67f dlc=4
[2026-02-15T14:44:37.574866] RX CAN id=0x67f dlc=4
[2026-02-15T14:44:37.574958] RX CAN id=0x67f dlc=4
[2026-02-15T14:44:37.575030] RX CAN id=0x67f dlc=4
[2026-02-15T14:44:37.575135] [CAN] Frame sent (ID:0x67f, DLC:4)
[2026-02-15T14:44:37.575241] [CAN] Frame sent (ID:0x67f, DLC:4)
[2026-02-15T14:44:37.575345] [CAN] Frame sent (ID:0x67f, DLC:4)
[2026-02-15T14:44:37.575449] [CAN] Frame sent (ID:0x67f, DLC:4)
[2026-02-15T14:44:37.575552] [CAN] Frame sent (ID:0x67f, DLC:4)
[2026-02-15T14:44:37.575655] [CAN] Frame sent (ID:0x67f, DLC:4)
[2026-02-15T14:44:37.575760] [CAN] Frame sent (ID:0x67f, DLC:4)
[2026-02-15T14:44:37.575891] [CAN] Frame sent (ID:0x67f, DLC:4)
[2026-02-15T14:44:37.575994] [CAN] Frame sent (ID:0x67f, DLC:4)
[2026-02-15T14:44:37.576097] [CAN] Frame sent (ID:0x67f, DLC:4)
[2026-02-15T14:44:37.617343] [TDMA] TX UPLINK: frame=352 records=0
[2026-02-15T14:44:37.636177] BRAGE,36326,1,352,-67,13,46,UL,
[2026-02-15T14:44:37.672677] RX CAN id=0x67f dlc=4
[2026-02-15T14:44:37.672938] RX CAN id=0x67f dlc=4
[2026-02-15T14:44:37.673046] RX CAN id=0x67f dlc=4
[2026-02-15T14:44:37.673147] RX CAN id=0x67f dlc=4
[2026-02-15T14:44:37.673251] RX CAN id=0x67f dlc=4
[2026-02-15T14:44:37.673365] RX CAN id=0x67f dlc=4
[2026-02-15T14:44:37.673469] RX CAN id=0x67f dlc=4
[2026-02-15T14:44:37.673568] RX CAN id=0x67f dlc=4
[2026-02-15T14:44:37.673668] RX CAN id=0x67f dlc=4
[2026-02-15T14:44:37.673768] RX CAN id=0x67f dlc=4
[2026-02-15T14:44:37.673898] [CAN] Frame sent (ID:0x67f, DLC:4)
[2026-02-15T14:44:37.674004] [CAN] Frame sent (ID:0x67f, DLC:4)
[2026-02-15T14:44:37.674108] [CAN] Frame sent (ID:0x67f, DLC:4)
[2026-02-15T14:44:37.674220] [CAN] Frame sent (ID:0x67f, DLC:4)
[2026-02-15T14:44:37.674324] [CAN] Frame sent (ID:0x67f, DLC:4)
[2026-02-15T14:44:37.674427] [CAN] Frame sent (ID:0x67f, DLC:4)
[2026-02-15T14:44:37.674529] [CAN] Frame sent (ID:0x67f, DLC:4)
[2026-02-15T14:44:37.674633] [CAN] Frame sent (ID:0x67f, DLC:4)
[2026-02-15T14:44:37.674736] [CAN] Frame sent (ID:0x67f, DLC:4)
[2026-02-15T14:44:37.674843] [CAN] Frame sent (ID:0x67f, DLC:4)
