[2026-02-11T19:19:38.261030] BRAGE,8926,1,78,0,0,2,NONE,
[2026-02-11T19:19:38.339531] [TDMA] TX UPLINK: frame=79 records=0
[2026-02-11T19:19:38.359437] BRAGE,9026,1,79,0,0,2,NONE,
[2026-02-11T19:19:38.438872] [TDMA] TX UPLINK: frame=80 records=0
[2026-02-11T19:19:38.458766] BRAGE,9126,1,80,0,0,2,NONE,
[2026-02-11T19:19:38.538111] [TDMA] TX UPLINK: frame=81 records=0
[2026-02-11T19:19:38.558034] BRAGE,9226,1,81,0,0,2,NONE,
[2026-02-11T19:19:38.637688] [TDMA] TX UPLINK: frame=82 records=0
[2026-02-11T19:19:38.657589] BRAGE,9326,1,82,0,0,2,NONE,
[2026-02-11T19:19:38.737042] [TDMA] TX UPLINK: frame=83 records=0
[2026-02-11T19:19:38.756714] BRAGE,9426,1,83,0,0,2,NONE,
[2026-02-11T19:19:38.835992] [TDMA] TX UPLINK: frame=84 records=0
[2026-02-11T19:19:38.856140] BRAGE,9526,1,84,0,0,2,NONE,
[2026-02-11T19:19:38.935714] [TDMA] TX UPLINK: frame=85 records=0
[2026-02-11T19:19:38.955586] BRAGE,9626,1,85,0,0,2,NONE,
[2026-02-11T19:19:39.035051] [TDMA] TX UPLINK: frame=86 records=0
[2026-02-11T19:19:39.055002] BRAGE,9726,1,86,0,0,2,NONE,
[2026-02-11T19:19:39.134174] [TDMA] TX UPLINK: frame=87 records=0
[2026-02-11T19:19:39.153995] BRAGE,9826,1,87,0,0,2,NONE,
[2026-02-11T19:19:39.233875] [TDMA] TX UPLINK: frame=88 records=0
[2026-02-11T19:19:39.253781] BRAGE,9926,1,88,0,0,2,NONE,
[2026-02-11T19:19:39.333221] [TDMA] TX UPLINK: frame=89 records=0
[2026-02-11T19:19:39.353073] BRAGE,10026,1,89,0,0,2,NONE,
[2026-02-11T19:19:39.432363] [TDMA] TX UPLINK: frame=90 records=0
[2026-02-11T19:19:39.452698] BRAGE,10126,1,90,0,0,2,NONE,
[2026-02-11T19:19:39.536083] [TDMA] TX UPLINK: frame=91 records=0
[2026-02-11T19:19:39.551792] BRAGE,10226,1,91,0,0,2,NONE,
[2026-02-11T19:19:39.631460] [TDMA] TX UPLINK: frame=92 records=0
[2026-02-11T19:19:39.651018] BRAGE,10326,1,92,0,0,2,NONE,
[2026-02-11T19:19:39.730569] [TDMA] TX UPLINK: frame=93 records=0
[2026-02-11T19:19:39.750975] BRAGE,10426,1,93,0,0,2,NONE,
[2026-02-11T19:19:39.829925] [TDMA] TX UPLINK: frame=94 records=0
[2026-02-11T19:19:39.849432] BRAGE,10526,1,94,0,0,2,NONE,
[2026-02-11T19:19:39.929844] [TDMA] TX UPLINK: frame=95 records=0
[2026-02-11T19:19:39.949432] BRAGE,10626,1,95,0,0,2,NONE,
[2026-02-11T19:19:40.028683] [TDMA] TX UPLINK: frame=96 records=0
[2026-02-11T19:19:40.048714] BRAGE,10726,1,96,0,0,2,NONE,
[2026-02-11T19:19:40.128164] [TDMA] TX UPLINK: frame=97 records=0
[2026-02-11T19:19:40.147489] BRAGE,10826,1,97,0,0,2,NONE,
[2026-02-11T19:19:40.227188] [TDMA] TX UPLINK: frame=98 records=0
[2026-02-11T19:19:40.247281] BRAGE,10926,1,98,0,0,2,NONE,
[2026-02-11T19:19:40.327092] [TDMA] TX UPLINK: frame=99 records=0
[2026-02-11T19:19:40.346257] BRAGE,11026,1,99,0,0,2,NONE,
[2026-02-11T19:19:40.425727] [TDMA] TX UPLINK: frame=100 records=0
[2026-02-11T19:19:40.445739] BRAGE,11126,1,100,0,0,2,NONE,
[2026-02-11T19:19:40.525216] [TDMA] TX UPLINK: frame=101 records=0
[2026-02-11T19:19:40.545406] BRAGE,11226,1,101,0,0,2,NONE,
[2026-02-11T19:19:40.624899] [TDMA] TX UPLINK: frame=102 records=0
[2026-02-11T19:19:40.644855] BRAGE,11326,1,102,0,0,2,NONE,
[2026-02-11T19:19:40.724222] [TDMA] TX UPLINK: frame=103 records=0
[2026-02-11T19:19:40.744044] BRAGE,11426,1,103,0,0,1,NONE,
[2026-02-11T19:19:40.823399] [TDMA] TX UPLINK: frame=104 records=0
[2026-02-11T19:19:40.843496] BRAGE,11526,1,104,0,0,1,NONE,
[2026-02-11T19:19:40.923019] [TDMA] TX UPLINK: frame=105 records=0
[2026-02-11T19:19:40.942929] BRAGE,11626,1,105,0,0,1,NONE,
[2026-02-11T19:19:41.022095] [TDMA] TX UPLINK: frame=106 records=0
[2026-02-11T19:19:41.042267] BRAGE,11726,1,106,0,0,1,NONE,
[2026-02-11T19:19:41.122124] [TDMA] TX UPLINK: frame=107 records=0
[2026-02-11T19:19:41.141310] BRAGE,11826,1,107,0,0,1,NONE,
[2026-02-11T19:19:41.221397] [TDMA] TX UPLINK: frame=108 records=0
[2026-02-11T19:19:41.240910] BRAGE,11926,1,108,0,0,1,NONE,
[2026-02-11T19:19:41.320160] [TDMA] TX UPLINK: frame=109 records=0
[2026-02-11T19:19:41.340768] BRAGE,12026,1,109,0,0,1,NONE,
[2026-02-11T19:19:41.420198] [TDMA] TX UPLINK: frame=110 records=0
[2026-02-11T19:19:41.439459] BRAGE,12126,1,110,0,0,1,NONE,
[2026-02-11T19:19:41.518875] [TDMA] TX UPLINK: frame=111 records=0
[2026-02-11T19:19:41.539006] BRAGE,12226,1,111,0,0,1,NONE,
[2026-02-11T19:19:41.618947] [TDMA] TX UPLINK: frame=112 records=0
[2026-02-11T19:19:41.638948] BRAGE,12326,1,112,0,0,1,NONE,
[2026-02-11T19:19:41.656869] [SX1280] CRC error
[2026-02-11T19:19:41.717809] [TDMA] TX UPLINK: frame=113 records=0
[2026-02-11T19:19:41.737366] BRAGE,12426,1,113,0,0,1,NONE,
[2026-02-11T19:19:41.817620] [TDMA] TX UPLINK: frame=114 records=0
[2026-02-11T19:19:41.837202] BRAGE,12526,1,114,0,0,1,NONE,
[2026-02-11T19:19:41.917137] [TDMA] TX UPLINK: frame=115 records=0
[2026-02-11T19:19:41.937065] BRAGE,12626,1,115,0,0,1,NONE,
[2026-02-11T19:19:42.016020] [TDMA] TX UPLINK: frame=116 records=0
[2026-02-11T19:19:42.036234] BRAGE,12726,1,116,0,0,1,NONE,
[2026-02-11T19:19:42.116009] [TDMA] TX UPLINK: frame=117 records=0
[2026-02-11T19:19:42.135949] BRAGE,12826,1,117,0,0,1,NONE,
[2026-02-11T19:19:42.215230] [TDMA] TX UPLINK: frame=118 records=0
[2026-02-11T19:19:42.234730] BRAGE,12926,1,118,0,0,1,NONE,
[2026-02-11T19:19:42.314515] [TDMA] TX UPLINK: frame=119 records=0
[2026-02-11T19:19:42.334516] BRAGE,13026,1,119,0,0,1,NONE,
[2026-02-11T19:19:42.414205] [TDMA] TX UPLINK: frame=120 records=0
[2026-02-11T19:19:42.433960] BRAGE,13126,1,120,0,0,1,NONE,
[2026-02-11T19:19:42.512937] [TDMA] TX UPLINK: frame=121 records=0
[2026-02-11T19:19:42.533445] BRAGE,13226,1,121,0,0,1,NONE,
[2026-02-11T19:19:42.611965] [TDMA] TX UPLINK: frame=122 records=0
[2026-02-11T19:19:42.632258] BRAGE,13326,1,122,0,0,1,NONE,
[2026-02-11T19:19:42.712876] [TDMA] TX UPLINK: frame=123 records=0
[2026-02-11T19:19:42.731376] BRAGE,13426,1,123,0,0,1,NONE,
[2026-02-11T19:19:42.811194] [TDMA] TX UPLINK: frame=124 records=0
[2026-02-11T19:19:42.831073] BRAGE,13526,1,124,0,0,1,NONE,
[2026-02-11T19:19:42.910312] [TDMA] TX UPLINK: frame=125 records=0
[2026-02-11T19:19:42.930453] BRAGE,13626,1,125,0,0,1,NONE,
[2026-02-11T19:19:43.010016] [TDMA] TX UPLINK: frame=126 records=0
[2026-02-11T19:19:43.029844] BRAGE,13726,1,126,0,0,1,NONE,
[2026-02-11T19:19:43.109184] [TDMA] TX UPLINK: frame=127 records=0
[2026-02-11T19:19:43.128972] BRAGE,13826,1,127,0,0,1,NONE,
[2026-02-11T19:19:43.208443] [TDMA] TX UPLINK: frame=128 records=0
[2026-02-11T19:19:43.228587] BRAGE,13926,1,128,0,0,1,NONE,
[2026-02-11T19:19:43.308106] [TDMA] TX UPLINK: frame=129 records=0
[2026-02-11T19:19:43.327673] BRAGE,14026,1,129,0,0,1,NONE,
[2026-02-11T19:19:43.407458] [TDMA] TX UPLINK: frame=130 records=0
[2026-02-11T19:19:43.427354] BRAGE,14126,1,130,0,0,1,NONE,
[2026-02-11T19:19:43.507027] [TDMA] TX UPLINK: frame=131 records=0
[2026-02-11T19:19:43.526732] BRAGE,14226,1,131,0,0,1,NONE,
[2026-02-11T19:19:43.606227] [TDMA] TX UPLINK: frame=132 records=0
[2026-02-11T19:19:43.626793] BRAGE,14326,1,132,0,0,1,NONE,
[2026-02-11T19:19:43.705583] [TDMA] TX UPLINK: frame=133 records=0
[2026-02-11T19:19:43.725500] BRAGE,14426,1,133,0,0,1,NONE,
[2026-02-11T19:19:43.805168] [TDMA] TX UPLINK: frame=134 records=0
[2026-02-11T19:19:43.826409] BRAGE,14526,1,134,0,0,1,NONE,
[2026-02-11T19:19:43.904387] [TDMA] TX UPLINK: frame=135 records=0
[2026-02-11T19:19:43.923905] BRAGE,14626,1,135,0,0,1,NONE,
[2026-02-11T19:19:44.003813] [TDMA] TX UPLINK: frame=136 records=0
[2026-02-11T19:19:44.023630] BRAGE,14726,1,136,0,0,1,NONE,
[2026-02-11T19:19:44.103581] [TDMA] TX UPLINK: frame=137 records=0
[2026-02-11T19:19:44.124295] BRAGE,14826,1,137,0,0,1,NONE,
[2026-02-11T19:19:44.202135] [TDMA] TX UPLINK: frame=138 records=0
[2026-02-11T19:19:44.222234] BRAGE,14926,1,138,0,0,1,NONE,
[2026-02-11T19:19:44.301549] [TDMA] TX UPLINK: frame=139 records=0
[2026-02-11T19:19:44.321442] BRAGE,15026,1,139,0,0,1,NONE,
[2026-02-11T19:19:44.401147] [TDMA] TX UPLINK: frame=140 records=0
[2026-02-11T19:19:44.421427] BRAGE,15126,1,140,0,0,1,NONE,
[2026-02-11T19:19:44.500456] [TDMA] TX UPLINK: frame=141 records=0
[2026-02-11T19:19:44.520463] BRAGE,15226,1,141,0,0,1,NONE,
[2026-02-11T19:19:44.600342] [TDMA] TX UPLINK: frame=142 records=0
[2026-02-11T19:19:44.620339] BRAGE,15326,1,142,0,0,1,NONE,
[2026-02-11T19:19:44.699591] [TDMA] TX UPLINK: frame=143 records=0
[2026-02-11T19:19:44.719547] BRAGE,15426,1,143,0,0,1,NONE,
[2026-02-11T19:19:44.798426] [TDMA] TX UPLINK: frame=144 records=0
[2026-02-11T19:19:44.819108] BRAGE,15526,1,144,0,0,1,NONE,
[2026-02-11T19:19:44.897840] [TDMA] TX UPLINK: frame=145 records=0
[2026-02-11T19:19:44.918238] BRAGE,15626,1,145,0,0,1,NONE,
[2026-02-11T19:19:44.997843] [TDMA] TX UPLINK: frame=146 records=0
[2026-02-11T19:19:45.017723] BRAGE,15726,1,146,0,0,1,NONE,
[2026-02-11T19:19:45.096597] [TDMA] TX UPLINK: frame=147 records=0
[2026-02-11T19:19:45.117144] BRAGE,15826,1,147,0,0,1,NONE,
[2026-02-11T19:19:45.196488] [TDMA] TX UPLINK: frame=148 records=0
[2026-02-11T19:19:45.216252] BRAGE,15926,1,148,0,0,1,NONE,
[2026-02-11T19:19:45.296177] [TDMA] TX UPLINK: frame=149 records=0
[2026-02-11T19:19:45.315431] BRAGE,16026,1,149,0,0,1,NONE,
[2026-02-11T19:19:45.398629] [TDMA] TX UPLINK: frame=150 records=0
[2026-02-11T19:19:45.414529] BRAGE,16126,1,150,0,0,1,NONE,
[2026-02-11T19:19:45.494767] [TDMA] TX UPLINK: frame=151 records=0
[2026-02-11T19:19:45.514500] BRAGE,16226,1,151,0,0,1,NONE,
[2026-02-11T19:19:45.593612] [TDMA] TX UPLINK: frame=152 records=0
[2026-02-11T19:19:45.613576] BRAGE,16326,1,152,0,0,1,NONE,
[2026-02-11T19:19:45.692785] [TDMA] TX UPLINK: frame=153 records=0
[2026-02-11T19:19:45.713395] BRAGE,16426,1,153,0,0,1,NONE,
[2026-02-11T19:19:45.793021] [TDMA] TX UPLINK: frame=154 records=0
[2026-02-11T19:19:45.812232] BRAGE,16526,1,154,0,0,1,NONE,
[2026-02-11T19:19:45.892236] [TDMA] TX UPLINK: frame=155 records=0
[2026-02-11T19:19:45.911794] BRAGE,16626,1,155,0,0,1,NONE,
[2026-02-11T19:19:45.991850] [TDMA] TX UPLINK: frame=156 records=0
[2026-02-11T19:19:46.011183] BRAGE,16726,1,156,0,0,1,NONE,
[2026-02-11T19:19:46.090376] [TDMA] TX UPLINK: frame=157 records=0
[2026-02-11T19:19:46.110151] BRAGE,16826,1,157,0,0,1,NONE,
[2026-02-11T19:19:46.189439] [TDMA] TX UPLINK: frame=158 records=0
[2026-02-11T19:19:46.209897] BRAGE,16926,1,158,0,0,1,NONE,
[2026-02-11T19:19:46.289409] [TDMA] TX UPLINK: frame=159 records=0
[2026-02-11T19:19:46.309347] BRAGE,17026,1,159,0,0,1,NONE,
[2026-02-11T19:19:46.388338] [TDMA] TX UPLINK: frame=160 records=0
[2026-02-11T19:19:46.408314] BRAGE,17126,1,160,0,0,1,NONE,
[2026-02-11T19:19:46.488310] [TDMA] TX UPLINK: frame=161 records=0
[2026-02-11T19:19:46.508196] BRAGE,17226,1,161,0,0,1,NONE,
[2026-02-11T19:19:46.587447] [TDMA] TX UPLINK: frame=162 records=0
[2026-02-11T19:19:46.607665] BRAGE,17326,1,162,0,0,1,NONE,
[2026-02-11T19:19:46.687026] [TDMA] TX UPLINK: frame=163 records=0
[2026-02-11T19:19:46.706917] BRAGE,17426,1,163,0,0,0,NONE,
[2026-02-11T19:19:46.786250] [TDMA] TX UPLINK: frame=164 records=0
[2026-02-11T19:19:46.806157] BRAGE,17526,1,164,0,0,0,NONE,
[2026-02-11T19:19:46.885550] [TDMA] TX UPLINK: frame=165 records=0
[2026-02-11T19:19:46.905067] BRAGE,17626,1,165,0,0,0,NONE,
[2026-02-11T19:19:46.984673] [TDMA] TX UPLINK: frame=166 records=0
[2026-02-11T19:19:47.004847] BRAGE,17726,1,166,0,0,0,NONE,
[2026-02-11T19:19:47.084409] [TDMA] TX UPLINK: frame=167 records=0
[2026-02-11T19:19:47.104191] BRAGE,17826,1,167,0,0,0,NONE,
[2026-02-11T19:19:47.184355] [TDMA] TX UPLINK: frame=168 records=0
[2026-02-11T19:19:47.203779] BRAGE,17926,1,168,0,0,0,NONE,
[2026-02-11T19:19:47.283186] [TDMA] TX UPLINK: frame=169 records=0
[2026-02-11T19:19:47.303446] BRAGE,18026,1,169,0,0,0,NONE,
[2026-02-11T19:19:47.382566] [TDMA] TX UPLINK: frame=170 records=0
[2026-02-11T19:19:47.402173] BRAGE,18126,1,170,0,0,0,NONE,
[2026-02-11T19:19:47.481984] [TDMA] TX UPLINK: frame=171 records=0
[2026-02-11T19:19:47.502004] BRAGE,18226,1,171,0,0,0,NONE,
[2026-02-11T19:19:47.581412] [TDMA] TX UPLINK: frame=172 records=0
[2026-02-11T19:19:47.601288] BRAGE,18326,1,172,0,0,0,NONE,
[2026-02-11T19:19:47.680776] [TDMA] TX UPLINK: frame=173 records=0
[2026-02-11T19:19:47.700287] BRAGE,18426,1,173,0,0,0,NONE,
[2026-02-11T19:19:47.779997] [TDMA] TX UPLINK: frame=174 records=0
[2026-02-11T19:19:47.799926] BRAGE,18526,1,174,0,0,0,NONE,
[2026-02-11T19:19:47.879151] [TDMA] TX UPLINK: frame=175 records=0
[2026-02-11T19:19:47.899282] BRAGE,18626,1,175,0,0,0,NONE,
[2026-02-11T19:19:47.978735] [TDMA] TX UPLINK: frame=176 records=0
[2026-02-11T19:19:47.998121] BRAGE,18726,1,176,0,0,0,NONE,
[2026-02-11T19:19:48.078046] [TDMA] TX UPLINK: frame=177 records=0
[2026-02-11T19:19:48.097934] BRAGE,18826,1,177,0,0,0,NONE,
[2026-02-11T19:19:48.177054] [TDMA] TX UPLINK: frame=178 records=0
[2026-02-11T19:19:48.197874] BRAGE,18926,1,178,0,0,0,NONE,
[2026-02-11T19:19:48.276585] [TDMA] TX UPLINK: frame=179 records=0
[2026-02-11T19:19:48.296450] BRAGE,19026,1,179,0,0,0,NONE,
[2026-02-11T19:19:48.375621] [TDMA] TX UPLINK: frame=180 records=0
[2026-02-11T19:19:48.395332] BRAGE,19126,1,180,0,0,0,NONE,
[2026-02-11T19:19:48.475003] [TDMA] TX UPLINK: frame=181 records=0
[2026-02-11T19:19:48.495456] BRAGE,19226,1,181,0,0,0,NONE,
[2026-02-11T19:19:48.574323] [TDMA] TX UPLINK: frame=182 records=0
[2026-02-11T19:19:48.594884] BRAGE,19326,1,182,0,0,0,NONE,
[2026-02-11T19:19:48.674682] [TDMA] TX UPLINK: frame=183 records=0
[2026-02-11T19:19:48.694144] BRAGE,19426,1,183,0,0,0,NONE,
[2026-02-11T19:19:48.773807] [TDMA] TX UPLINK: frame=184 records=0
[2026-02-11T19:19:48.794470] BRAGE,19526,1,184,0,0,0,NONE,
[2026-02-11T19:19:48.872805] [TDMA] TX UPLINK: frame=185 records=0
[2026-02-11T19:19:48.893051] BRAGE,19626,1,185,0,0,0,NONE,
[2026-02-11T19:19:48.972232] [TDMA] TX UPLINK: frame=186 records=0
[2026-02-11T19:19:48.992045] BRAGE,19726,1,186,0,0,0,NONE,
[2026-02-11T19:19:49.071277] [TDMA] TX UPLINK: frame=187 records=0
[2026-02-11T19:19:49.091503] BRAGE,19826,1,187,0,0,0,NONE,
[2026-02-11T19:19:49.170938] [TDMA] TX UPLINK: frame=188 records=0
[2026-02-11T19:19:49.190934] BRAGE,19926,1,188,0,0,0,NONE,
[2026-02-11T19:19:49.270631] [TDMA] TX UPLINK: frame=189 records=0
[2026-02-11T19:19:49.289851] BRAGE,20026,1,189,0,0,0,NONE,
[2026-02-11T19:19:49.369741] [TDMA] TX UPLINK: frame=190 records=0
[2026-02-11T19:19:49.389579] BRAGE,20126,1,190,0,0,0,NONE,
[2026-02-11T19:19:49.469118] [TDMA] TX UPLINK: frame=191 records=0
[2026-02-11T19:19:49.489540] BRAGE,20226,1,191,0,0,0,NONE,
[2026-02-11T19:19:49.568312] [TDMA] TX UPLINK: frame=192 records=0
[2026-02-11T19:19:49.588005] BRAGE,20326,1,192,0,0,0,NONE,
[2026-02-11T19:19:49.668630] [TDMA] TX UPLINK: frame=193 records=0
[2026-02-11T19:19:49.687711] BRAGE,20426,1,193,0,0,0,NONE,
[2026-02-11T19:19:49.767141] [TDMA] TX UPLINK: frame=194 records=0
[2026-02-11T19:19:49.787048] BRAGE,20526,1,194,0,0,0,NONE,
[2026-02-11T19:19:49.866523] [TDMA] TX UPLINK: frame=195 records=0
[2026-02-11T19:19:49.886110] BRAGE,20626,1,195,0,0,0,NONE,
[2026-02-11T19:19:49.965951] [TDMA] TX UPLINK: frame=196 records=0
[2026-02-11T19:19:49.988346] BRAGE,20726,1,196,0,0,0,NONE,
[2026-02-11T19:19:50.064826] [TDMA] TX UPLINK: frame=197 records=0
[2026-02-11T19:19:50.085081] BRAGE,20826,1,197,0,0,0,NONE,
[2026-02-11T19:19:50.164314] [TDMA] TX UPLINK: frame=198 records=0
[2026-02-11T19:19:50.184395] BRAGE,20926,1,198,0,0,0,NONE,
[2026-02-11T19:19:50.264022] [TDMA] TX UPLINK: frame=199 records=0
[2026-02-11T19:19:50.284141] BRAGE,21026,1,199,0,0,0,NONE,
[2026-02-11T19:19:50.363511] [TDMA] TX UPLINK: frame=200 records=0
[2026-02-11T19:19:50.383393] BRAGE,21126,1,200,0,0,0,NONE,
[2026-02-11T19:19:50.462303] [TDMA] TX UPLINK: frame=201 records=0
[2026-02-11T19:19:50.482686] BRAGE,21226,1,201,0,0,0,NONE,
[2026-02-11T19:19:50.562226] [TDMA] TX UPLINK: frame=202 records=0
[2026-02-11T19:19:50.582125] BRAGE,21326,1,202,0,0,0,NONE,
[2026-02-11T19:19:50.661543] [TDMA] TX UPLINK: frame=203 records=0
[2026-02-11T19:19:50.681045] BRAGE,21426,1,203,0,0,0,NONE,
[2026-02-11T19:19:50.760446] [TDMA] TX UPLINK: frame=204 records=0
[2026-02-11T19:19:50.781034] BRAGE,21526,1,204,0,0,0,NONE,
[2026-02-11T19:19:50.860173] [TDMA] TX UPLINK: frame=205 records=0
[2026-02-11T19:19:50.880142] BRAGE,21626,1,205,0,0,0,NONE,
[2026-02-11T19:19:50.959534] [TDMA] TX UPLINK: frame=206 records=0
[2026-02-11T19:19:50.979469] BRAGE,21726,1,206,0,0,0,NONE,
[2026-02-11T19:19:51.059044] [TDMA] TX UPLINK: frame=207 records=0
[2026-02-11T19:19:51.078862] BRAGE,21826,1,207,0,0,0,NONE,
[2026-02-11T19:19:51.158306] [TDMA] TX UPLINK: frame=208 records=0
[2026-02-11T19:19:51.178137] BRAGE,21926,1,208,0,0,0,NONE,
[2026-02-11T19:19:51.262506] [TDMA] TX UPLINK: frame=209 records=0
[2026-02-11T19:19:51.277810] BRAGE,22026,1,209,0,0,0,NONE,
[2026-02-11T19:19:51.357043] [TDMA] TX UPLINK: frame=210 records=0
[2026-02-11T19:19:51.376919] BRAGE,22126,1,210,0,0,0,NONE,
[2026-02-11T19:19:51.456449] [TDMA] TX UPLINK: frame=211 records=0
[2026-02-11T19:19:51.475892] BRAGE,22226,1,211,0,0,0,NONE,
[2026-02-11T19:19:51.555740] [TDMA] TX UPLINK: frame=212 records=0
[2026-02-11T19:19:51.575228] BRAGE,22326,1,212,0,0,0,NONE,
[2026-02-11T19:19:51.655437] [TDMA] TX UPLINK: frame=213 records=0
[2026-02-11T19:19:51.675029] BRAGE,22426,1,213,0,0,0,NONE,
[2026-02-11T19:19:51.754502] [TDMA] TX UPLINK: frame=214 records=0
[2026-02-11T19:19:51.774151] BRAGE,22526,1,214,0,0,0,NONE,
[2026-02-11T19:19:51.853899] [TDMA] TX UPLINK: frame=215 records=0
[2026-02-11T19:19:51.873761] BRAGE,22626,1,215,0,0,0,NONE,
[2026-02-11T19:19:51.953299] [TDMA] TX UPLINK: frame=216 records=0
[2026-02-11T19:19:51.973044] BRAGE,22726,1,216,0,0,0,NONE,
[2026-02-11T19:19:52.052172] [TDMA] TX UPLINK: frame=217 records=0
[2026-02-11T19:19:52.072713] BRAGE,22826,1,217,0,0,0,NONE,
[2026-02-11T19:19:52.151600] [TDMA] TX UPLINK: frame=218 records=0
[2026-02-11T19:19:52.171441] BRAGE,22926,1,218,0,0,0,NONE,
[2026-02-11T19:19:52.251263] [TDMA] TX UPLINK: frame=219 records=0
[2026-02-11T19:19:52.271157] BRAGE,23026,1,219,0,0,0,NONE,
[2026-02-11T19:19:52.350782] [TDMA] TX UPLINK: frame=220 records=0
[2026-02-11T19:19:52.370551] BRAGE,23126,1,220,0,0,0,NONE,
[2026-02-11T19:19:52.450039] [TDMA] TX UPLINK: frame=221 records=0
[2026-02-11T19:19:52.470290] BRAGE,23226,1,221,0,0,0,NONE,
[2026-02-11T19:19:52.550003] [TDMA] TX UPLINK: frame=222 records=0
[2026-02-11T19:19:52.568835] BRAGE,23326,1,222,0,0,0,NONE,
[2026-02-11T19:19:52.648934] [TDMA] TX UPLINK: frame=223 records=0
[2026-02-11T19:19:52.668699] BRAGE,23426,1,223,0,0,0,NONE,
[2026-02-11T19:19:52.747790] [TDMA] TX UPLINK: frame=224 records=0
[2026-02-11T19:19:52.767683] BRAGE,23526,1,224,0,0,0,NONE,
[2026-02-11T19:19:52.847764] [TDMA] TX UPLINK: frame=225 records=0
[2026-02-11T19:19:52.867416] BRAGE,23626,1,225,0,0,0,NONE,
[2026-02-11T19:19:52.946833] [TDMA] TX UPLINK: frame=226 records=0
[2026-02-11T19:19:52.966607] BRAGE,23726,1,226,0,0,0,NONE,
[2026-02-11T19:19:53.047982] [TDMA] TX UPLINK: frame=227 records=0
[2026-02-11T19:19:53.066366] BRAGE,23826,1,227,0,0,0,NONE,
[2026-02-11T19:19:53.145707] [TDMA] TX UPLINK: frame=228 records=0
[2026-02-11T19:19:53.165389] BRAGE,23926,1,228,0,0,0,NONE,
[2026-02-11T19:19:53.244574] [TDMA] TX UPLINK: frame=229 records=0
[2026-02-11T19:19:53.264744] BRAGE,24026,1,229,0,0,0,NONE,
[2026-02-11T19:19:53.343944] [TDMA] TX UPLINK: frame=230 records=0
[2026-02-11T19:19:53.363749] BRAGE,24126,1,230,0,0,0,NONE,
[2026-02-11T19:19:53.443758] [TDMA] TX UPLINK: frame=231 records=0
[2026-02-11T19:19:53.463834] BRAGE,24226,1,231,0,0,0,NONE,
[2026-02-11T19:19:53.543030] [TDMA] TX UPLINK: frame=232 records=0
[2026-02-11T19:19:53.562954] BRAGE,24326,1,232,0,0,0,NONE,
[2026-02-11T19:19:53.642188] [TDMA] TX UPLINK: frame=233 records=0
[2026-02-11T19:19:53.662152] BRAGE,24426,1,233,0,0,0,NONE,
[2026-02-11T19:19:53.741723] [TDMA] TX UPLINK: frame=234 records=0
[2026-02-11T19:19:53.761543] BRAGE,24526,1,234,0,0,0,NONE,
[2026-02-11T19:19:53.841039] [TDMA] TX UPLINK: frame=235 records=0
[2026-02-11T19:19:53.860949] BRAGE,24626,1,235,0,0,0,NONE,
[2026-02-11T19:19:53.940045] [TDMA] TX UPLINK: frame=236 records=0
[2026-02-11T19:19:53.960394] BRAGE,24726,1,236,0,0,0,NONE,
[2026-02-11T19:19:54.039857] [TDMA] TX UPLINK: frame=237 records=0
[2026-02-11T19:19:54.059800] BRAGE,24826,1,237,0,0,0,NONE,
[2026-02-11T19:19:54.139218] [TDMA] TX UPLINK: frame=238 records=0
[2026-02-11T19:19:54.159066] BRAGE,24926,1,238,0,0,0,NONE,
[2026-02-11T19:19:54.238148] [TDMA] TX UPLINK: frame=239 records=0
[2026-02-11T19:19:54.258448] BRAGE,25026,1,239,0,0,0,NONE,
[2026-02-11T19:19:54.337887] [TDMA] TX UPLINK: frame=240 records=0
[2026-02-11T19:19:54.359132] BRAGE,25126,1,240,0,0,0,NONE,
[2026-02-11T19:19:54.437275] [TDMA] TX UPLINK: frame=241 records=0
[2026-02-11T19:19:54.456712] BRAGE,25226,1,241,0,0,0,NONE,
[2026-02-11T19:19:54.536531] [TDMA] TX UPLINK: frame=242 records=0
[2026-02-11T19:19:54.556804] BRAGE,25326,1,242,0,0,0,NONE,
[2026-02-11T19:19:54.635586] [TDMA] TX UPLINK: frame=243 records=0
[2026-02-11T19:19:54.655407] BRAGE,25426,1,243,0,0,0,NONE,
[2026-02-11T19:19:54.735344] [TDMA] TX UPLINK: frame=244 records=0
[2026-02-11T19:19:54.755025] BRAGE,25526,1,244,0,0,0,NONE,
[2026-02-11T19:19:54.834571] [TDMA] TX UPLINK: frame=245 records=0
[2026-02-11T19:19:54.854043] BRAGE,25626,1,245,0,0,0,NONE,
[2026-02-11T19:19:54.934102] [TDMA] TX UPLINK: frame=246 records=0
[2026-02-11T19:19:54.953546] BRAGE,25726,1,246,0,0,0,NONE,
[2026-02-11T19:19:55.033075] [TDMA] TX UPLINK: frame=247 records=0
[2026-02-11T19:19:55.053269] BRAGE,25826,1,247,0,0,0,NONE,
[2026-02-11T19:19:55.133117] [TDMA] TX UPLINK: frame=248 records=0
[2026-02-11T19:19:55.152733] BRAGE,25926,1,248,0,0,0,NONE,
[2026-02-11T19:19:55.232558] [TDMA] TX UPLINK: frame=249 records=0
[2026-02-11T19:19:55.252167] BRAGE,26026,1,249,0,0,0,NONE,
[2026-02-11T19:19:55.331153] [TDMA] TX UPLINK: frame=250 records=0
[2026-02-11T19:19:55.351459] BRAGE,26126,1,250,0,0,0,NONE,
[2026-02-11T19:19:55.431113] [TDMA] TX UPLINK: frame=251 records=0
[2026-02-11T19:19:55.451095] BRAGE,26226,1,251,0,0,0,NONE,
[2026-02-11T19:19:55.531964] [TDMA] TX UPLINK: frame=252 records=0
[2026-02-11T19:19:55.550364] BRAGE,26326,1,252,0,0,0,NONE,
[2026-02-11T19:19:55.629239] [TDMA] TX UPLINK: frame=253 records=0
[2026-02-11T19:19:55.649481] BRAGE,26426,1,253,0,0,0,NONE,
[2026-02-11T19:19:55.729185] [TDMA] TX UPLINK: frame=254 records=0
[2026-02-11T19:19:55.748841] BRAGE,26526,1,254,0,0,0,NONE,
[2026-02-11T19:19:55.828027] [TDMA] TX UPLINK: frame=255 records=0
[2026-02-11T19:19:55.852707] BRAGE,26626,1,255,0,0,0,NONE,
[2026-02-11T19:19:55.927972] [TDMA] TX UPLINK: frame=256 records=0
[2026-02-11T19:19:55.947473] BRAGE,26726,1,256,0,0,0,NONE,
[2026-02-11T19:19:56.027003] [TDMA] TX UPLINK: frame=257 records=0
[2026-02-11T19:19:56.047030] BRAGE,26826,1,257,0,0,0,NONE,
[2026-02-11T19:19:56.126138] [TDMA] TX UPLINK: frame=258 records=0
[2026-02-11T19:19:56.146004] BRAGE,26926,1,258,0,0,0,NONE,
[2026-02-11T19:19:56.225982] [TDMA] TX UPLINK: frame=259 records=0
[2026-02-11T19:19:56.245262] BRAGE,27026,1,259,0,0,0,NONE,
[2026-02-11T19:19:56.325250] [TDMA] TX UPLINK: frame=260 records=0
[2026-02-11T19:19:56.345307] BRAGE,27126,1,260,0,0,0,NONE,
[2026-02-11T19:19:56.424320] [TDMA] TX UPLINK: frame=261 records=0
[2026-02-11T19:19:56.444104] BRAGE,27226,1,261,0,0,0,NONE,
[2026-02-11T19:19:56.524039] [TDMA] TX UPLINK: frame=262 records=0
[2026-02-11T19:19:56.543410] BRAGE,27326,1,262,0,0,0,NONE,
[2026-02-11T19:19:56.561949] RX CAN id=0x720 dlc=8
[2026-02-11T19:19:56.623272] [TDMA] TX UPLINK: frame=263 records=0
[2026-02-11T19:19:56.642980] BRAGE,27426,1,263,-69,0,1,UL,
[2026-02-11T19:19:56.722572] [TDMA] TX UPLINK: frame=264 records=0
[2026-02-11T19:19:56.742620] BRAGE,27526,1,264,0,0,1,NONE,
[2026-02-11T19:19:56.821767] [TDMA] TX UPLINK: frame=265 records=0
[2026-02-11T19:19:56.841280] BRAGE,27626,1,265,0,0,1,NONE,
[2026-02-11T19:19:56.921477] [TDMA] TX UPLINK: frame=266 records=0
[2026-02-11T19:19:56.941365] BRAGE,27726,1,266,0,0,1,NONE,
[2026-02-11T19:19:57.020997] [TDMA] TX UPLINK: frame=267 records=0
[2026-02-11T19:19:57.041006] BRAGE,27826,1,267,0,0,1,NONE,
[2026-02-11T19:19:57.120432] [TDMA] TX UPLINK: frame=268 records=0
[2026-02-11T19:19:57.139302] BRAGE,27926,1,268,0,0,1,NONE,
[2026-02-11T19:19:57.219543] [TDMA] TX UPLINK: frame=269 records=0
[2026-02-11T19:19:57.239352] BRAGE,28026,1,269,0,0,1,NONE,
[2026-02-11T19:19:57.318525] [TDMA] TX UPLINK: frame=270 records=0
[2026-02-11T19:19:57.339017] BRAGE,28126,1,270,0,0,1,NONE,
[2026-02-11T19:19:57.418046] [TDMA] TX UPLINK: frame=271 records=0
[2026-02-11T19:19:57.437786] BRAGE,28226,1,271,0,0,1,NONE,
[2026-02-11T19:19:57.517684] [TDMA] TX UPLINK: frame=272 records=0
[2026-02-11T19:19:57.536858] BRAGE,28326,1,272,0,0,1,NONE,
[2026-02-11T19:19:57.617261] [TDMA] TX UPLINK: frame=273 records=0
[2026-02-11T19:19:57.636307] BRAGE,28426,1,273,0,0,1,NONE,
[2026-02-11T19:19:57.716089] [TDMA] TX UPLINK: frame=274 records=0
[2026-02-11T19:19:57.735973] BRAGE,28526,1,274,0,0,1,NONE,
[2026-02-11T19:19:57.815273] [TDMA] TX UPLINK: frame=275 records=0
[2026-02-11T19:19:57.835619] BRAGE,28626,1,275,0,0,1,NONE,
[2026-02-11T19:19:57.915176] [TDMA] TX UPLINK: frame=276 records=0
[2026-02-11T19:19:57.935045] BRAGE,28726,1,276,0,0,1,NONE,
[2026-02-11T19:19:58.014459] [TDMA] TX UPLINK: frame=277 records=0
[2026-02-11T19:19:58.034133] BRAGE,28826,1,277,0,0,1,NONE,
[2026-02-11T19:19:58.114011] [TDMA] TX UPLINK: frame=278 records=0
[2026-02-11T19:19:58.133164] BRAGE,28926,1,278,0,0,1,NONE,
[2026-02-11T19:19:58.213082] [TDMA] TX UPLINK: frame=279 records=0
[2026-02-11T19:19:58.233282] BRAGE,29026,1,279,0,0,1,NONE,
[2026-02-11T19:19:58.311953] [TDMA] TX UPLINK: frame=280 records=0
[2026-02-11T19:19:58.335683] BRAGE,29126,1,280,0,0,1,NONE,
[2026-02-11T19:19:58.414732] [TDMA] TX UPLINK: frame=281 records=0
[2026-02-11T19:19:58.431976] BRAGE,29226,1,281,0,0,1,NONE,
[2026-02-11T19:19:58.511332] [TDMA] TX UPLINK: frame=282 records=0
[2026-02-11T19:19:58.531025] BRAGE,29326,1,282,0,0,1,NONE,
[2026-02-11T19:19:58.610375] [TDMA] TX UPLINK: frame=283 records=0
[2026-02-11T19:19:58.630344] BRAGE,29426,1,283,0,0,1,NONE,
[2026-02-11T19:19:58.709183] [TDMA] TX UPLINK: frame=284 records=0
[2026-02-11T19:19:58.729385] BRAGE,29526,1,284,0,0,1,NONE,
[2026-02-11T19:19:58.810237] [TDMA] TX UPLINK: frame=285 records=0
[2026-02-11T19:19:58.829127] BRAGE,29626,1,285,0,0,1,NONE,
[2026-02-11T19:19:58.912373] [TDMA] TX UPLINK: frame=286 records=0
[2026-02-11T19:19:58.928207] BRAGE,29726,1,286,0,0,1,NONE,
[2026-02-11T19:19:59.007685] [TDMA] TX UPLINK: frame=287 records=0
[2026-02-11T19:19:59.027521] BRAGE,29826,1,287,0,0,1,NONE,
[2026-02-11T19:19:59.107415] [TDMA] TX UPLINK: frame=288 records=0
[2026-02-11T19:19:59.127031] BRAGE,29926,1,288,0,0,1,NONE,
[2026-02-11T19:19:59.205974] [TDMA] TX UPLINK: frame=289 records=0
[2026-02-11T19:19:59.225876] BRAGE,30026,1,289,0,0,1,NONE,
[2026-02-11T19:19:59.305358] [TDMA] TX UPLINK: frame=290 records=0
[2026-02-11T19:19:59.326052] BRAGE,30126,1,290,0,0,1,NONE,
[2026-02-11T19:19:59.404478] [TDMA] TX UPLINK: frame=291 records=0
[2026-02-11T19:19:59.424944] BRAGE,30226,1,291,0,0,1,NONE,
[2026-02-11T19:19:59.504696] [TDMA] TX UPLINK: frame=292 records=0
[2026-02-11T19:19:59.524504] BRAGE,30326,1,292,0,0,1,NONE,
[2026-02-11T19:19:59.603507] [TDMA] TX UPLINK: frame=293 records=0
[2026-02-11T19:19:59.624128] BRAGE,30426,1,293,0,0,1,NONE,
[2026-02-11T19:19:59.703389] [TDMA] TX UPLINK: frame=294 records=0
[2026-02-11T19:19:59.722938] BRAGE,30526,1,294,0,0,1,NONE,
[2026-02-11T19:19:59.802733] [TDMA] TX UPLINK: frame=295 records=0
[2026-02-11T19:19:59.822017] BRAGE,30626,1,295,0,0,1,NONE,
[2026-02-11T19:19:59.901777] [TDMA] TX UPLINK: frame=296 records=0
[2026-02-11T19:19:59.921783] BRAGE,30726,1,296,0,0,1,NONE,
[2026-02-11T19:20:00.000846] [TDMA] TX UPLINK: frame=297 records=0
[2026-02-11T19:20:00.020716] BRAGE,30826,1,297,0,0,1,NONE,
[2026-02-11T19:20:00.100546] [TDMA] TX UPLINK: frame=298 records=0
[2026-02-11T19:20:00.121954] BRAGE,30926,1,298,0,0,1,NONE,
[2026-02-11T19:20:00.200384] [TDMA] TX UPLINK: frame=299 records=0
[2026-02-11T19:20:00.219770] BRAGE,31026,1,299,0,0,1,NONE,
[2026-02-11T19:20:00.299247] [TDMA] TX UPLINK: frame=300 records=0
[2026-02-11T19:20:00.318750] BRAGE,31126,1,300,0,0,1,NONE,
[2026-02-11T19:20:00.398561] [TDMA] TX UPLINK: frame=301 records=0
[2026-02-11T19:20:00.418476] BRAGE,31226,1,301,0,0,1,NONE,
[2026-02-11T19:20:00.498235] [TDMA] TX UPLINK: frame=302 records=0
[2026-02-11T19:20:00.517859] BRAGE,31326,1,302,0,0,1,NONE,
[2026-02-11T19:20:00.597277] [TDMA] TX UPLINK: frame=303 records=0
[2026-02-11T19:20:00.616752] BRAGE,31426,1,303,0,0,1,NONE,
[2026-02-11T19:20:00.697896] [TDMA] TX UPLINK: frame=304 records=0
[2026-02-11T19:20:00.716461] BRAGE,31526,1,304,0,0,1,NONE,
[2026-02-11T19:20:00.796252] [TDMA] TX UPLINK: frame=305 records=0
[2026-02-11T19:20:00.815933] BRAGE,31626,1,305,0,0,1,NONE,
[2026-02-11T19:20:00.895062] [TDMA] TX UPLINK: frame=306 records=0
[2026-02-11T19:20:00.914960] BRAGE,31726,1,306,0,0,1,NONE,
[2026-02-11T19:20:00.994888] [TDMA] TX UPLINK: frame=307 records=0
[2026-02-11T19:20:01.014621] BRAGE,31826,1,307,0,0,1,NONE,
[2026-02-11T19:20:01.094262] [TDMA] TX UPLINK: frame=308 records=0
[2026-02-11T19:20:01.114017] BRAGE,31926,1,308,0,0,1,NONE,
[2026-02-11T19:20:01.193416] [TDMA] TX UPLINK: frame=309 records=0
[2026-02-11T19:20:01.213423] BRAGE,32026,1,309,0,0,1,NONE,
[2026-02-11T19:20:01.292825] [TDMA] TX UPLINK: frame=310 records=0
[2026-02-11T19:20:01.312711] BRAGE,32126,1,310,0,0,1,NONE,
[2026-02-11T19:20:01.392211] [TDMA] TX UPLINK: frame=311 records=0
[2026-02-11T19:20:01.412002] BRAGE,32226,1,311,0,0,1,NONE,
[2026-02-11T19:20:01.491142] [TDMA] TX UPLINK: frame=312 records=0
[2026-02-11T19:20:01.511511] BRAGE,32326,1,312,0,0,1,NONE,
[2026-02-11T19:20:01.590774] [TDMA] TX UPLINK: frame=313 records=0
[2026-02-11T19:20:01.610364] BRAGE,32426,1,313,0,0,1,NONE,
[2026-02-11T19:20:01.690297] [TDMA] TX UPLINK: frame=314 records=0
[2026-02-11T19:20:01.710245] BRAGE,32526,1,314,0,0,1,NONE,
[2026-02-11T19:20:01.789599] [TDMA] TX UPLINK: frame=315 records=0
[2026-02-11T19:20:01.809487] BRAGE,32626,1,315,0,0,1,NONE,
[2026-02-11T19:20:01.888706] [TDMA] TX UPLINK: frame=316 records=0
[2026-02-11T19:20:01.908395] BRAGE,32726,1,316,0,0,1,NONE,
[2026-02-11T19:20:01.988001] [TDMA] TX UPLINK: frame=317 records=0
[2026-02-11T19:20:02.008260] BRAGE,32826,1,317,0,0,1,NONE,
[2026-02-11T19:20:02.087821] [TDMA] TX UPLINK: frame=318 records=0
[2026-02-11T19:20:02.107583] BRAGE,32926,1,318,0,0,1,NONE,
[2026-02-11T19:20:02.187081] [TDMA] TX UPLINK: frame=319 records=0
[2026-02-11T19:20:02.206538] BRAGE,33026,1,319,0,0,1,NONE,
[2026-02-11T19:20:02.286447] [TDMA] TX UPLINK: frame=320 records=0
[2026-02-11T19:20:02.306322] BRAGE,33126,1,320,0,0,1,NONE,
[2026-02-11T19:20:02.386188] [TDMA] TX UPLINK: frame=321 records=0
[2026-02-11T19:20:02.405694] BRAGE,33226,1,321,0,0,1,NONE,
[2026-02-11T19:20:02.485364] [TDMA] TX UPLINK: frame=322 records=0
[2026-02-11T19:20:02.504857] BRAGE,33326,1,322,0,0,1,NONE,
[2026-02-11T19:20:02.584512] [TDMA] TX UPLINK: frame=323 records=0
[2026-02-11T19:20:02.604512] BRAGE,33426,1,323,0,0,1,NONE,
[2026-02-11T19:20:02.683930] [TDMA] TX UPLINK: frame=324 records=0
[2026-02-11T19:20:02.703696] BRAGE,33526,1,324,0,0,1,NONE,
[2026-02-11T19:20:02.782816] [TDMA] TX UPLINK: frame=325 records=0
[2026-02-11T19:20:02.803254] BRAGE,33626,1,325,0,0,1,NONE,
[2026-02-11T19:20:02.882565] [TDMA] TX UPLINK: frame=326 records=0
[2026-02-11T19:20:02.902439] BRAGE,33726,1,326,0,0,1,NONE,
[2026-02-11T19:20:02.981947] [TDMA] TX UPLINK: frame=327 records=0
[2026-02-11T19:20:03.001458] BRAGE,33826,1,327,0,0,1,NONE,
[2026-02-11T19:20:03.080906] [TDMA] TX UPLINK: frame=328 records=0
[2026-02-11T19:20:03.101360] BRAGE,33926,1,328,0,0,1,NONE,
[2026-02-11T19:20:03.180334] [TDMA] TX UPLINK: frame=329 records=0
[2026-02-11T19:20:03.200144] BRAGE,34026,1,329,0,0,1,NONE,
[2026-02-11T19:20:03.279584] [TDMA] TX UPLINK: frame=330 records=0
[2026-02-11T19:20:03.299323] BRAGE,34126,1,330,0,0,1,NONE,
[2026-02-11T19:20:03.378883] [TDMA] TX UPLINK: frame=331 records=0
[2026-02-11T19:20:03.399446] BRAGE,34226,1,331,0,0,1,NONE,
[2026-02-11T19:20:03.478489] [TDMA] TX UPLINK: frame=332 records=0
[2026-02-11T19:20:03.502590] BRAGE,34326,1,332,0,0,1,NONE,
[2026-02-11T19:20:03.577921] [TDMA] TX UPLINK: frame=333 records=0
[2026-02-11T19:20:03.598049] BRAGE,34426,1,333,0,0,1,NONE,
[2026-02-11T19:20:03.677385] [TDMA] TX UPLINK: frame=334 records=0
[2026-02-11T19:20:03.697411] BRAGE,34526,1,334,0,0,1,NONE,
[2026-02-11T19:20:03.776770] [TDMA] TX UPLINK: frame=335 records=0
[2026-02-11T19:20:03.796589] BRAGE,34626,1,335,0,0,1,NONE,
[2026-02-11T19:20:03.876131] [TDMA] TX UPLINK: frame=336 records=0
[2026-02-11T19:20:03.896026] BRAGE,34726,1,336,0,0,1,NONE,
[2026-02-11T19:20:03.975464] [TDMA] TX UPLINK: frame=337 records=0
[2026-02-11T19:20:03.995416] BRAGE,34826,1,337,0,0,1,NONE,
[2026-02-11T19:20:04.075114] [TDMA] TX UPLINK: frame=338 records=0
[2026-02-11T19:20:04.094630] BRAGE,34926,1,338,0,0,1,NONE,
[2026-02-11T19:20:04.175028] [TDMA] TX UPLINK: frame=339 records=0
[2026-02-11T19:20:04.194062] BRAGE,35026,1,339,0,0,1,NONE,
[2026-02-11T19:20:04.273089] [TDMA] TX UPLINK: frame=340 records=0
[2026-02-11T19:20:04.293488] BRAGE,35126,1,340,0,0,1,NONE,
[2026-02-11T19:20:04.372944] [TDMA] TX UPLINK: frame=341 records=0
[2026-02-11T19:20:04.392621] BRAGE,35226,1,341,0,0,1,NONE,
[2026-02-11T19:20:04.472589] [TDMA] TX UPLINK: frame=342 records=0
[2026-02-11T19:20:04.492069] BRAGE,35326,1,342,0,0,1,NONE,
[2026-02-11T19:20:04.571341] [TDMA] TX UPLINK: frame=343 records=0
[2026-02-11T19:20:04.591467] BRAGE,35426,1,343,0,0,1,NONE,
[2026-02-11T19:20:04.670699] [TDMA] TX UPLINK: frame=344 records=0
[2026-02-11T19:20:04.690836] BRAGE,35526,1,344,0,0,1,NONE,
[2026-02-11T19:20:04.770514] [TDMA] TX UPLINK: frame=345 records=0
[2026-02-11T19:20:04.790002] BRAGE,35626,1,345,0,0,1,NONE,
[2026-02-11T19:20:04.869692] [TDMA] TX UPLINK: frame=346 records=0
[2026-02-11T19:20:04.889502] BRAGE,35726,1,346,0,0,1,NONE,
[2026-02-11T19:20:04.968769] [TDMA] TX UPLINK: frame=347 records=0
[2026-02-11T19:20:04.988764] BRAGE,35826,1,347,0,0,1,NONE,
[2026-02-11T19:20:05.068522] [TDMA] TX UPLINK: frame=348 records=0
[2026-02-11T19:20:05.088208] BRAGE,35926,1,348,0,0,1,NONE,
[2026-02-11T19:20:05.167762] [TDMA] TX UPLINK: frame=349 records=0
[2026-02-11T19:20:05.187759] BRAGE,36026,1,349,0,0,1,NONE,
[2026-02-11T19:20:05.267082] [TDMA] TX UPLINK: frame=350 records=0
[2026-02-11T19:20:05.287139] BRAGE,36126,1,350,0,0,1,NONE,
[2026-02-11T19:20:05.366408] [TDMA] TX UPLINK: frame=351 records=0
[2026-02-11T19:20:05.385875] BRAGE,36226,1,351,0,0,1,NONE,
[2026-02-11T19:20:05.465899] [TDMA] TX UPLINK: frame=352 records=0
[2026-02-11T19:20:05.485382] BRAGE,36326,1,352,0,0,1,NONE,
[2026-02-11T19:20:05.564828] [TDMA] TX UPLINK: frame=353 records=0
[2026-02-11T19:20:05.584490] BRAGE,36426,1,353,0,0,1,NONE,
[2026-02-11T19:20:05.664681] [TDMA] TX UPLINK: frame=354 records=0
[2026-02-11T19:20:05.683963] BRAGE,36526,1,354,0,0,1,NONE,
[2026-02-11T19:20:05.763952] [TDMA] TX UPLINK: frame=355 records=0
[2026-02-11T19:20:05.783745] BRAGE,36626,1,355,0,0,1,NONE,
[2026-02-11T19:20:05.863190] [TDMA] TX UPLINK: frame=356 records=0
[2026-02-11T19:20:05.883071] BRAGE,36726,1,356,0,0,1,NONE,
[2026-02-11T19:20:05.962298] [TDMA] TX UPLINK: frame=357 records=0
[2026-02-11T19:20:05.982028] BRAGE,36826,1,357,0,0,1,NONE,
[2026-02-11T19:20:06.061752] [TDMA] TX UPLINK: frame=358 records=0
[2026-02-11T19:20:06.081799] BRAGE,36926,1,358,0,0,1,NONE,
[2026-02-11T19:20:06.161116] [TDMA] TX UPLINK: frame=359 records=0
[2026-02-11T19:20:06.181417] BRAGE,37026,1,359,0,0,1,NONE,
[2026-02-11T19:20:06.260486] [TDMA] TX UPLINK: frame=360 records=0
[2026-02-11T19:20:06.280261] BRAGE,37126,1,360,0,0,1,NONE,
[2026-02-11T19:20:06.360167] [TDMA] TX UPLINK: frame=361 records=0
[2026-02-11T19:20:06.380000] BRAGE,37226,1,361,0,0,1,NONE,
[2026-02-11T19:20:06.459705] [TDMA] TX UPLINK: frame=362 records=0
[2026-02-11T19:20:06.479594] BRAGE,37326,1,362,0,0,1,NONE,
[2026-02-11T19:20:06.562518] [TDMA] TX UPLINK: frame=363 records=0
[2026-02-11T19:20:06.578880] BRAGE,37426,1,363,0,0,0,NONE,
[2026-02-11T19:20:06.658053] [TDMA] TX UPLINK: frame=364 records=0
[2026-02-11T19:20:06.677899] BRAGE,37526,1,364,0,0,0,NONE,
[2026-02-11T19:20:06.757043] [TDMA] TX UPLINK: frame=365 records=0
[2026-02-11T19:20:06.776847] BRAGE,37626,1,365,0,0,0,NONE,
[2026-02-11T19:20:06.856869] [TDMA] TX UPLINK: frame=366 records=0
[2026-02-11T19:20:06.876601] BRAGE,37726,1,366,0,0,0,NONE,
[2026-02-11T19:20:06.956112] [TDMA] TX UPLINK: frame=367 records=0
[2026-02-11T19:20:06.975551] BRAGE,37826,1,367,0,0,0,NONE,
[2026-02-11T19:20:07.055693] [TDMA] TX UPLINK: frame=368 records=0
[2026-02-11T19:20:07.075218] BRAGE,37926,1,368,0,0,0,NONE,
[2026-02-11T19:20:07.154944] [TDMA] TX UPLINK: frame=369 records=0
[2026-02-11T19:20:07.174999] BRAGE,38026,1,369,0,0,0,NONE,
[2026-02-11T19:20:07.254096] [TDMA] TX UPLINK: frame=370 records=0
[2026-02-11T19:20:07.273856] BRAGE,38126,1,370,0,0,0,NONE,
[2026-02-11T19:20:07.353161] [TDMA] TX UPLINK: frame=371 records=0
[2026-02-11T19:20:07.373054] BRAGE,38226,1,371,0,0,0,NONE,
[2026-02-11T19:20:07.453080] [TDMA] TX UPLINK: frame=372 records=0
[2026-02-11T19:20:07.472978] BRAGE,38326,1,372,0,0,0,NONE,
[2026-02-11T19:20:07.551839] [TDMA] TX UPLINK: frame=373 records=0
[2026-02-11T19:20:07.571537] BRAGE,38426,1,373,0,0,0,NONE,
[2026-02-11T19:20:07.651593] [TDMA] TX UPLINK: frame=374 records=0
[2026-02-11T19:20:07.671954] BRAGE,38526,1,374,0,0,0,NONE,
[2026-02-11T19:20:07.751119] [TDMA] TX UPLINK: frame=375 records=0
[2026-02-11T19:20:07.770540] BRAGE,38626,1,375,0,0,0,NONE,
[2026-02-11T19:20:07.849753] [TDMA] TX UPLINK: frame=376 records=0
[2026-02-11T19:20:07.870011] BRAGE,38726,1,376,0,0,0,NONE,
[2026-02-11T19:20:07.950005] [TDMA] TX UPLINK: frame=377 records=0
[2026-02-11T19:20:07.969987] BRAGE,38826,1,377,0,0,0,NONE,
[2026-02-11T19:20:08.049163] [TDMA] TX UPLINK: frame=378 records=0
[2026-02-11T19:20:08.069041] BRAGE,38926,1,378,0,0,0,NONE,
[2026-02-11T19:20:08.148191] [TDMA] TX UPLINK: frame=379 records=0
[2026-02-11T19:20:08.168191] BRAGE,39026,1,379,0,0,0,NONE,
[2026-02-11T19:20:08.247829] [TDMA] TX UPLINK: frame=380 records=0
[2026-02-11T19:20:08.267503] BRAGE,39126,1,380,0,0,0,NONE,
[2026-02-11T19:20:08.347160] [TDMA] TX UPLINK: frame=381 records=0
[2026-02-11T19:20:08.366781] BRAGE,39226,1,381,0,0,0,NONE,
[2026-02-11T19:20:08.446323] [TDMA] TX UPLINK: frame=382 records=0
[2026-02-11T19:20:08.466275] BRAGE,39326,1,382,0,0,0,NONE,
[2026-02-11T19:20:08.546819] [TDMA] TX UPLINK: frame=383 records=0
[2026-02-11T19:20:08.565201] BRAGE,39426,1,383,0,0,0,NONE,
[2026-02-11T19:20:08.644795] [TDMA] TX UPLINK: frame=384 records=0
[2026-02-11T19:20:08.665022] BRAGE,39526,1,384,0,0,0,NONE,
[2026-02-11T19:20:08.744399] [TDMA] TX UPLINK: frame=385 records=0
[2026-02-11T19:20:08.764318] BRAGE,39626,1,385,0,0,0,NONE,
[2026-02-11T19:20:08.843311] [TDMA] TX UPLINK: frame=386 records=0
[2026-02-11T19:20:08.863419] BRAGE,39726,1,386,0,0,0,NONE,
[2026-02-11T19:20:08.943112] [TDMA] TX UPLINK: frame=387 records=0
[2026-02-11T19:20:08.962682] BRAGE,39826,1,387,0,0,0,NONE,
[2026-02-11T19:20:09.042180] [TDMA] TX UPLINK: frame=388 records=0
[2026-02-11T19:20:09.062046] BRAGE,39926,1,388,0,0,0,NONE,
[2026-02-11T19:20:09.141529] [TDMA] TX UPLINK: frame=389 records=0
[2026-02-11T19:20:09.161339] BRAGE,40026,1,389,0,0,0,NONE,
[2026-02-11T19:20:09.241194] [TDMA] TX UPLINK: frame=390 records=0
[2026-02-11T19:20:09.261086] BRAGE,40126,1,390,0,0,0,NONE,
[2026-02-11T19:20:09.340533] [TDMA] TX UPLINK: frame=391 records=0
[2026-02-11T19:20:09.360075] BRAGE,40226,1,391,0,0,0,NONE,
[2026-02-11T19:20:09.439795] [TDMA] TX UPLINK: frame=392 records=0
[2026-02-11T19:20:09.459447] BRAGE,40326,1,392,0,0,0,NONE,
[2026-02-11T19:20:09.539264] [TDMA] TX UPLINK: frame=393 records=0
[2026-02-11T19:20:09.559185] BRAGE,40426,1,393,0,0,0,NONE,
[2026-02-11T19:20:09.638674] [TDMA] TX UPLINK: frame=394 records=0
[2026-02-11T19:20:09.658437] BRAGE,40526,1,394,0,0,0,NONE,
[2026-02-11T19:20:09.737570] [TDMA] TX UPLINK: frame=395 records=0
[2026-02-11T19:20:09.757878] BRAGE,40626,1,395,0,0,0,NONE,
[2026-02-11T19:20:09.837262] [TDMA] TX UPLINK: frame=396 records=0
[2026-02-11T19:20:09.857222] BRAGE,40726,1,396,0,0,0,NONE,
[2026-02-11T19:20:09.936923] [TDMA] TX UPLINK: frame=397 records=0
[2026-02-11T19:20:09.956531] BRAGE,40826,1,397,0,0,0,NONE,
[2026-02-11T19:20:10.036177] [TDMA] TX UPLINK: frame=398 records=0
[2026-02-11T19:20:10.055961] BRAGE,40926,1,398,0,0,0,NONE,
[2026-02-11T19:20:10.135274] [TDMA] TX UPLINK: frame=399 records=0
[2026-02-11T19:20:10.155397] BRAGE,41026,1,399,0,0,0,NONE,
[2026-02-11T19:20:10.234704] [TDMA] TX UPLINK: frame=400 records=0
[2026-02-11T19:20:10.254016] BRAGE,41126,1,400,0,0,0,NONE,
[2026-02-11T19:20:10.334627] [TDMA] TX UPLINK: frame=401 records=0
[2026-02-11T19:20:10.353504] BRAGE,41226,1,401,0,0,0,NONE,
[2026-02-11T19:20:10.433378] [TDMA] TX UPLINK: frame=402 records=0
[2026-02-11T19:20:10.453054] BRAGE,41326,1,402,0,0,0,NONE,
[2026-02-11T19:20:10.532931] [TDMA] TX UPLINK: frame=403 records=0
[2026-02-11T19:20:10.552166] BRAGE,41426,1,403,0,0,0,NONE,
[2026-02-11T19:20:10.631915] [TDMA] TX UPLINK: frame=404 records=0
[2026-02-11T19:20:10.651785] BRAGE,41526,1,404,0,0,0,NONE,
[2026-02-11T19:20:10.731421] [TDMA] TX UPLINK: frame=405 records=0
[2026-02-11T19:20:10.750946] BRAGE,41626,1,405,0,0,0,NONE,
[2026-02-11T19:20:10.830911] [TDMA] TX UPLINK: frame=406 records=0
[2026-02-11T19:20:10.852014] BRAGE,41726,1,406,0,0,0,NONE,
[2026-02-11T19:20:10.929823] [TDMA] TX UPLINK: frame=407 records=0
[2026-02-11T19:20:10.950052] BRAGE,41826,1,407,0,0,0,NONE,
[2026-02-11T19:20:11.029724] [TDMA] TX UPLINK: frame=408 records=0
[2026-02-11T19:20:11.048855] BRAGE,41926,1,408,0,0,0,NONE,
[2026-02-11T19:20:11.128391] [TDMA] TX UPLINK: frame=409 records=0
[2026-02-11T19:20:11.151063] BRAGE,42026,1,409,0,0,0,NONE,
[2026-02-11T19:20:11.228212] [TDMA] TX UPLINK: frame=410 records=0
[2026-02-11T19:20:11.248054] BRAGE,42126,1,410,0,0,0,NONE,
[2026-02-11T19:20:11.327139] [TDMA] TX UPLINK: frame=411 records=0
[2026-02-11T19:20:11.347456] BRAGE,42226,1,411,0,0,0,NONE,
[2026-02-11T19:20:11.426892] [TDMA] TX UPLINK: frame=412 records=0
[2026-02-11T19:20:11.447026] BRAGE,42326,1,412,0,0,0,NONE,
[2026-02-11T19:20:11.526258] [TDMA] TX UPLINK: frame=413 records=0
[2026-02-11T19:20:11.546046] BRAGE,42426,1,413,0,0,0,NONE,
[2026-02-11T19:20:11.625222] [TDMA] TX UPLINK: frame=414 records=0
[2026-02-11T19:20:11.645316] BRAGE,42526,1,414,0,0,0,NONE,
[2026-02-11T19:20:11.724611] [TDMA] TX UPLINK: frame=415 records=0
[2026-02-11T19:20:11.745045] BRAGE,42626,1,415,0,0,0,NONE,
[2026-02-11T19:20:11.824278] [TDMA] TX UPLINK: frame=416 records=0
[2026-02-11T19:20:11.844165] BRAGE,42726,1,416,0,0,0,NONE,
[2026-02-11T19:20:11.923453] [TDMA] TX UPLINK: frame=417 records=0
[2026-02-11T19:20:11.943318] BRAGE,42826,1,417,0,0,0,NONE,
[2026-02-11T19:20:12.023234] [TDMA] TX UPLINK: frame=418 records=0
[2026-02-11T19:20:12.042529] BRAGE,42926,1,418,0,0,0,NONE,
[2026-02-11T19:20:12.122362] [TDMA] TX UPLINK: frame=419 records=0
[2026-02-11T19:20:12.142437] BRAGE,43026,1,419,0,0,0,NONE,
[2026-02-11T19:20:12.221712] [TDMA] TX UPLINK: frame=420 records=0
[2026-02-11T19:20:12.241173] BRAGE,43126,1,420,0,0,0,NONE,
[2026-02-11T19:20:12.320674] [TDMA] TX UPLINK: frame=421 records=0
[2026-02-11T19:20:12.340587] BRAGE,43226,1,421,0,0,0,NONE,
[2026-02-11T19:20:12.420418] [TDMA] TX UPLINK: frame=422 records=0
[2026-02-11T19:20:12.440757] BRAGE,43326,1,422,0,0,0,NONE,
[2026-02-11T19:20:12.520163] [TDMA] TX UPLINK: frame=423 records=0
[2026-02-11T19:20:12.540052] BRAGE,43426,1,423,0,0,0,NONE,
[2026-02-11T19:20:12.618963] [TDMA] TX UPLINK: frame=424 records=0
[2026-02-11T19:20:12.638546] BRAGE,43526,1,424,0,0,0,NONE,
[2026-02-11T19:20:12.718983] [TDMA] TX UPLINK: frame=425 records=0
[2026-02-11T19:20:12.737883] BRAGE,43626,1,425,0,0,0,NONE,
[2026-02-11T19:20:12.818280] [TDMA] TX UPLINK: frame=426 records=0
[2026-02-11T19:20:12.838058] BRAGE,43726,1,426,0,0,0,NONE,
[2026-02-11T19:20:12.916733] [TDMA] TX UPLINK: frame=427 records=0
[2026-02-11T19:20:12.937816] BRAGE,43826,1,427,0,0,0,NONE,
[2026-02-11T19:20:13.016536] [TDMA] TX UPLINK: frame=428 records=0
[2026-02-11T19:20:13.036387] BRAGE,43926,1,428,0,0,0,NONE,
[2026-02-11T19:20:13.116095] [TDMA] TX UPLINK: frame=429 records=0
[2026-02-11T19:20:13.135878] BRAGE,44026,1,429,0,0,0,NONE,
[2026-02-11T19:20:13.215223] [TDMA] TX UPLINK: frame=430 records=0
[2026-02-11T19:20:13.234783] BRAGE,44126,1,430,0,0,0,NONE,
[2026-02-11T19:20:13.314597] [TDMA] TX UPLINK: frame=431 records=0
[2026-02-11T19:20:13.334677] BRAGE,44226,1,431,0,0,0,NONE,
[2026-02-11T19:20:13.413969] [TDMA] TX UPLINK: frame=432 records=0
[2026-02-11T19:20:13.434043] BRAGE,44326,1,432,0,0,0,NONE,
[2026-02-11T19:20:13.513295] [TDMA] TX UPLINK: frame=433 records=0
[2026-02-11T19:20:13.533167] BRAGE,44426,1,433,0,0,0,NONE,
[2026-02-11T19:20:13.612619] [TDMA] TX UPLINK: frame=434 records=0
[2026-02-11T19:20:13.632137] BRAGE,44526,1,434,0,0,0,NONE,
[2026-02-11T19:20:13.711889] [TDMA] TX UPLINK: frame=435 records=0
[2026-02-11T19:20:13.731542] BRAGE,44626,1,435,0,0,0,NONE,
[2026-02-11T19:20:13.811344] [TDMA] TX UPLINK: frame=436 records=0
[2026-02-11T19:20:13.830884] BRAGE,44726,1,436,0,0,0,NONE,
[2026-02-11T19:20:13.910310] [TDMA] TX UPLINK: frame=437 records=0
[2026-02-11T19:20:13.930043] BRAGE,44826,1,437,0,0,0,NONE,
[2026-02-11T19:20:14.010296] [TDMA] TX UPLINK: frame=438 records=0
[2026-02-11T19:20:14.030121] BRAGE,44926,1,438,0,0,0,NONE,
[2026-02-11T19:20:14.109414] [TDMA] TX UPLINK: frame=439 records=0
[2026-02-11T19:20:14.128984] BRAGE,45026,1,439,0,0,0,NONE,
[2026-02-11T19:20:14.212131] [TDMA] TX UPLINK: frame=440 records=0
[2026-02-11T19:20:14.228110] BRAGE,45126,1,440,0,0,0,NONE,
[2026-02-11T19:20:14.308386] [TDMA] TX UPLINK: frame=441 records=0
[2026-02-11T19:20:14.328363] BRAGE,45226,1,441,0,0,0,NONE,
[2026-02-11T19:20:14.407251] [TDMA] TX UPLINK: frame=442 records=0
[2026-02-11T19:20:14.427540] BRAGE,45326,1,442,0,0,0,NONE,
[2026-02-11T19:20:14.507112] [TDMA] TX UPLINK: frame=443 records=0
[2026-02-11T19:20:14.526921] BRAGE,45426,1,443,0,0,0,NONE,
[2026-02-11T19:20:14.606066] [TDMA] TX UPLINK: frame=444 records=0
[2026-02-11T19:20:14.626365] BRAGE,45526,1,444,0,0,0,NONE,
[2026-02-11T19:20:14.705754] [TDMA] TX UPLINK: frame=445 records=0
[2026-02-11T19:20:14.725238] BRAGE,45626,1,445,0,0,0,NONE,
[2026-02-11T19:20:14.804603] [TDMA] TX UPLINK: frame=446 records=0
[2026-02-11T19:20:14.824713] BRAGE,45726,1,446,0,0,0,NONE,
[2026-02-11T19:20:14.904017] [TDMA] TX UPLINK: frame=447 records=0
[2026-02-11T19:20:14.923989] BRAGE,45826,1,447,0,0,0,NONE,
[2026-02-11T19:20:15.004723] [TDMA] TX UPLINK: frame=448 records=0
[2026-02-11T19:20:15.023617] BRAGE,45926,1,448,0,0,0,NONE,
[2026-02-11T19:20:15.102506] [TDMA] TX UPLINK: frame=449 records=0
[2026-02-11T19:20:15.123035] BRAGE,46026,1,449,0,0,0,NONE,
[2026-02-11T19:20:15.202104] [TDMA] TX UPLINK: frame=450 records=0
[2026-02-11T19:20:15.221755] BRAGE,46126,1,450,0,0,0,NONE,
[2026-02-11T19:20:15.301906] [TDMA] TX UPLINK: frame=451 records=0
[2026-02-11T19:20:15.321324] BRAGE,46226,1,451,0,0,0,NONE,
[2026-02-11T19:20:15.400561] [TDMA] TX UPLINK: frame=452 records=0
[2026-02-11T19:20:15.420904] BRAGE,46326,1,452,0,0,0,NONE,
[2026-02-11T19:20:15.499788] [TDMA] TX UPLINK: frame=453 records=0
[2026-02-11T19:20:15.519771] BRAGE,46426,1,453,0,0,0,NONE,
[2026-02-11T19:20:15.599961] [TDMA] TX UPLINK: frame=454 records=0
[2026-02-11T19:20:15.619788] BRAGE,46526,1,454,0,0,0,NONE,
[2026-02-11T19:20:15.699170] [TDMA] TX UPLINK: frame=455 records=0
[2026-02-11T19:20:15.719239] BRAGE,46626,1,455,0,0,0,NONE,
[2026-02-11T19:20:15.798473] [TDMA] TX UPLINK: frame=456 records=0
[2026-02-11T19:20:15.818480] BRAGE,46726,1,456,0,0,0,NONE,
[2026-02-11T19:20:15.897329] [TDMA] TX UPLINK: frame=457 records=0
[2026-02-11T19:20:15.917840] BRAGE,46826,1,457,0,0,0,NONE,
[2026-02-11T19:20:15.997077] [TDMA] TX UPLINK: frame=458 records=0
[2026-02-11T19:20:16.016703] BRAGE,46926,1,458,0,0,0,NONE,
[2026-02-11T19:20:16.096079] [TDMA] TX UPLINK: frame=459 records=0
[2026-02-11T19:20:16.116411] BRAGE,47026,1,459,0,0,0,NONE,
[2026-02-11T19:20:16.195467] [TDMA] TX UPLINK: frame=460 records=0
[2026-02-11T19:20:16.215845] BRAGE,47126,1,460,0,0,0,NONE,
[2026-02-11T19:20:16.294836] [TDMA] TX UPLINK: frame=461 records=0
[2026-02-11T19:20:16.315269] BRAGE,47226,1,461,0,0,0,NONE,
[2026-02-11T19:20:16.394562] [TDMA] TX UPLINK: frame=462 records=0
[2026-02-11T19:20:16.414283] BRAGE,47326,1,462,0,0,0,NONE,
[2026-02-11T19:20:16.493853] [TDMA] TX UPLINK: frame=463 records=0
[2026-02-11T19:20:16.513729] BRAGE,47426,1,463,0,0,0,NONE,
[2026-02-11T19:20:16.592912] [TDMA] TX UPLINK: frame=464 records=0
[2026-02-11T19:20:16.612757] BRAGE,47526,1,464,0,0,0,NONE,
[2026-02-11T19:20:16.692390] [TDMA] TX UPLINK: frame=465 records=0
[2026-02-11T19:20:16.713385] BRAGE,47626,1,465,0,0,0,NONE,
[2026-02-11T19:20:16.791885] [TDMA] TX UPLINK: frame=466 records=0
[2026-02-11T19:20:16.811755] BRAGE,47726,1,466,0,0,0,NONE,
[2026-02-11T19:20:16.891238] [TDMA] TX UPLINK: frame=467 records=0
[2026-02-11T19:20:16.911314] BRAGE,47826,1,467,0,0,0,NONE,
[2026-02-11T19:20:16.990564] [TDMA] TX UPLINK: frame=468 records=0
[2026-02-11T19:20:17.010452] BRAGE,47926,1,468,0,0,0,NONE,
[2026-02-11T19:20:17.090059] [TDMA] TX UPLINK: frame=469 records=0
[2026-02-11T19:20:17.109475] BRAGE,48026,1,469,0,0,0,NONE,
[2026-02-11T19:20:17.189377] [TDMA] TX UPLINK: frame=470 records=0
[2026-02-11T19:20:17.209254] BRAGE,48126,1,470,0,0,0,NONE,
[2026-02-11T19:20:17.288529] [TDMA] TX UPLINK: frame=471 records=0
[2026-02-11T19:20:17.308462] BRAGE,48226,1,471,0,0,0,NONE,
[2026-02-11T19:20:17.388027] [TDMA] TX UPLINK: frame=472 records=0
[2026-02-11T19:20:17.407471] BRAGE,48326,1,472,0,0,0,NONE,
[2026-02-11T19:20:17.487323] [TDMA] TX UPLINK: frame=473 records=0
[2026-02-11T19:20:17.507318] BRAGE,48426,1,473,0,0,0,NONE,
[2026-02-11T19:20:17.586733] [TDMA] TX UPLINK: frame=474 records=0
[2026-02-11T19:20:17.606549] BRAGE,48526,1,474,0,0,0,NONE,
[2026-02-11T19:20:17.685841] [TDMA] TX UPLINK: frame=475 records=0
[2026-02-11T19:20:17.705677] BRAGE,48626,1,475,0,0,0,NONE,
[2026-02-11T19:20:17.785348] [TDMA] TX UPLINK: frame=476 records=0
[2026-02-11T19:20:17.805348] BRAGE,48726,1,476,0,0,0,NONE,
[2026-02-11T19:20:17.884796] [TDMA] TX UPLINK: frame=477 records=0
[2026-02-11T19:20:17.904307] BRAGE,48826,1,477,0,0,0,NONE,
[2026-02-11T19:20:17.983777] [TDMA] TX UPLINK: frame=478 records=0
[2026-02-11T19:20:18.003744] BRAGE,48926,1,478,0,0,0,NONE,
[2026-02-11T19:20:18.083430] [TDMA] TX UPLINK: frame=479 records=0
[2026-02-11T19:20:18.103393] BRAGE,49026,1,479,0,0,0,NONE,
[2026-02-11T19:20:18.182832] [TDMA] TX UPLINK: frame=480 records=0
[2026-02-11T19:20:18.202698] BRAGE,49126,1,480,0,0,0,NONE,
[2026-02-11T19:20:18.281915] [TDMA] TX UPLINK: frame=481 records=0
[2026-02-11T19:20:18.301693] BRAGE,49226,1,481,0,0,0,NONE,
[2026-02-11T19:20:18.381323] [TDMA] TX UPLINK: frame=482 records=0
[2026-02-11T19:20:18.401711] BRAGE,49326,1,482,0,0,0,NONE,
[2026-02-11T19:20:18.480729] [TDMA] TX UPLINK: frame=483 records=0
[2026-02-11T19:20:18.500254] BRAGE,49426,1,483,0,0,0,NONE,
[2026-02-11T19:20:18.579885] [TDMA] TX UPLINK: frame=484 records=0
[2026-02-11T19:20:18.600039] BRAGE,49526,1,484,0,0,0,NONE,
[2026-02-11T19:20:18.679931] [TDMA] TX UPLINK: frame=485 records=0
[2026-02-11T19:20:18.699741] BRAGE,49626,1,485,0,0,0,NONE,
[2026-02-11T19:20:18.778457] [TDMA] TX UPLINK: frame=486 records=0
[2026-02-11T19:20:18.802114] BRAGE,49726,1,486,0,0,0,NONE,
[2026-02-11T19:20:18.878570] [TDMA] TX UPLINK: frame=487 records=0
[2026-02-11T19:20:18.898429] BRAGE,49826,1,487,0,0,0,NONE,
[2026-02-11T19:20:18.978247] [TDMA] TX UPLINK: frame=488 records=0
[2026-02-11T19:20:18.997474] BRAGE,49926,1,488,0,0,0,NONE,
[2026-02-11T19:20:19.077306] [TDMA] TX UPLINK: frame=489 records=0
[2026-02-11T19:20:19.096988] BRAGE,50026,1,489,0,0,0,NONE,
[2026-02-11T19:20:19.175626] [TDMA] TX UPLINK: frame=490 records=0
[2026-02-11T19:20:19.195544] BRAGE,50126,1,490,0,0,0,NONE,
[2026-02-11T19:20:19.275406] [TDMA] TX UPLINK: frame=491 records=0
[2026-02-11T19:20:19.295109] BRAGE,50226,1,491,0,0,0,NONE,
[2026-02-11T19:20:19.375179] [TDMA] TX UPLINK: frame=492 records=0
[2026-02-11T19:20:19.394998] BRAGE,50326,1,492,0,0,0,NONE,
[2026-02-11T19:20:19.474789] [TDMA] TX UPLINK: frame=493 records=0
[2026-02-11T19:20:19.494536] BRAGE,50426,1,493,0,0,0,NONE,
[2026-02-11T19:20:19.573381] [TDMA] TX UPLINK: frame=494 records=0
[2026-02-11T19:20:19.593764] BRAGE,50526,1,494,0,0,0,NONE,
[2026-02-11T19:20:19.673212] [TDMA] TX UPLINK: frame=495 records=0
[2026-02-11T19:20:19.693069] BRAGE,50626,1,495,0,0,0,NONE,
[2026-02-11T19:20:19.771856] [TDMA] TX UPLINK: frame=496 records=0
[2026-02-11T19:20:19.792609] BRAGE,50726,1,496,0,0,0,NONE,
[2026-02-11T19:20:19.871874] [TDMA] TX UPLINK: frame=497 records=0
[2026-02-11T19:20:19.891626] BRAGE,50826,1,497,0,0,0,NONE,
[2026-02-11T19:20:19.971254] [TDMA] TX UPLINK: frame=498 records=0
[2026-02-11T19:20:19.990771] BRAGE,50926,1,498,0,0,0,NONE,
[2026-02-11T19:20:20.070254] [TDMA] TX UPLINK: frame=499 records=0
[2026-02-11T19:20:20.091162] BRAGE,51026,1,499,0,0,0,NONE,
[2026-02-11T19:20:20.170059] [TDMA] TX UPLINK: frame=500 records=0
[2026-02-11T19:20:20.189929] BRAGE,51126,1,500,0,0,0,NONE,
[2026-02-11T19:20:20.269055] [TDMA] TX UPLINK: frame=501 records=0
[2026-02-11T19:20:20.288772] BRAGE,51226,1,501,0,0,0,NONE,
[2026-02-11T19:20:20.368695] [TDMA] TX UPLINK: frame=502 records=0
[2026-02-11T19:20:20.388732] BRAGE,51326,1,502,0,0,0,NONE,
[2026-02-11T19:20:20.467759] [TDMA] TX UPLINK: frame=503 records=0
[2026-02-11T19:20:20.487563] BRAGE,51426,1,503,0,0,0,NONE,
[2026-02-11T19:20:20.567364] [TDMA] TX UPLINK: frame=504 records=0
[2026-02-11T19:20:20.588317] BRAGE,51526,1,504,0,0,0,NONE,
[2026-02-11T19:20:20.666596] [TDMA] TX UPLINK: frame=505 records=0
[2026-02-11T19:20:20.686571] BRAGE,51626,1,505,0,0,0,NONE,
[2026-02-11T19:20:20.765861] [TDMA] TX UPLINK: frame=506 records=0
[2026-02-11T19:20:20.785474] BRAGE,51726,1,506,0,0,0,NONE,
[2026-02-11T19:20:20.865043] [TDMA] TX UPLINK: frame=507 records=0
[2026-02-11T19:20:20.884980] BRAGE,51826,1,507,0,0,0,NONE,
[2026-02-11T19:20:20.964926] [TDMA] TX UPLINK: frame=508 records=0
[2026-02-11T19:20:20.984021] BRAGE,51926,1,508,0,0,0,NONE,
[2026-02-11T19:20:21.064021] [TDMA] TX UPLINK: frame=509 records=0
[2026-02-11T19:20:21.083873] BRAGE,52026,1,509,0,0,0,NONE,
[2026-02-11T19:20:21.163668] [TDMA] TX UPLINK: frame=510 records=0
[2026-02-11T19:20:21.183035] BRAGE,52126,1,510,0,0,0,NONE,
[2026-02-11T19:20:21.262394] [TDMA] TX UPLINK: frame=511 records=0
[2026-02-11T19:20:21.282613] BRAGE,52226,1,511,0,0,0,NONE,
[2026-02-11T19:20:21.361777] [TDMA] TX UPLINK: frame=512 records=0
[2026-02-11T19:20:21.381572] BRAGE,52326,1,512,0,0,0,NONE,
[2026-02-11T19:20:21.461097] [TDMA] TX UPLINK: frame=513 records=0
[2026-02-11T19:20:21.481288] BRAGE,52426,1,513,0,0,0,NONE,
[2026-02-11T19:20:21.561085] [TDMA] TX UPLINK: frame=514 records=0
[2026-02-11T19:20:21.580994] BRAGE,52526,1,514,0,0,0,NONE,
[2026-02-11T19:20:21.660176] [TDMA] TX UPLINK: frame=515 records=0
[2026-02-11T19:20:21.680065] BRAGE,52626,1,515,0,0,0,NONE,
[2026-02-11T19:20:21.759188] [TDMA] TX UPLINK: frame=516 records=0
[2026-02-11T19:20:21.779072] BRAGE,52726,1,516,0,0,0,NONE,
[2026-02-11T19:20:21.862328] [TDMA] TX UPLINK: frame=517 records=0
[2026-02-11T19:20:21.878901] BRAGE,52826,1,517,0,0,0,NONE,
[2026-02-11T19:20:21.958285] [TDMA] TX UPLINK: frame=518 records=0
[2026-02-11T19:20:21.978075] BRAGE,52926,1,518,0,0,0,NONE,
[2026-02-11T19:20:22.057347] [TDMA] TX UPLINK: frame=519 records=0
[2026-02-11T19:20:22.077698] BRAGE,53026,1,519,0,0,0,NONE,
[2026-02-11T19:20:22.156395] [TDMA] TX UPLINK: frame=520 records=0
[2026-02-11T19:20:22.176820] BRAGE,53126,1,520,0,0,0,NONE,
[2026-02-11T19:20:22.256519] [TDMA] TX UPLINK: frame=521 records=0
[2026-02-11T19:20:22.276156] BRAGE,53226,1,521,0,0,0,NONE,
[2026-02-11T19:20:22.355869] [TDMA] TX UPLINK: frame=522 records=0
[2026-02-11T19:20:22.375514] BRAGE,53326,1,522,0,0,0,NONE,
[2026-02-11T19:20:22.455444] [TDMA] TX UPLINK: frame=523 records=0
[2026-02-11T19:20:22.474857] BRAGE,53426,1,523,0,0,0,NONE,
[2026-02-11T19:20:22.554756] [TDMA] TX UPLINK: frame=524 records=0
[2026-02-11T19:20:22.574183] BRAGE,53526,1,524,0,0,0,NONE,
[2026-02-11T19:20:22.653668] [TDMA] TX UPLINK: frame=525 records=0
[2026-02-11T19:20:22.673962] BRAGE,53626,1,525,0,0,0,NONE,
[2026-02-11T19:20:22.753488] [TDMA] TX UPLINK: frame=526 records=0
[2026-02-11T19:20:22.773071] BRAGE,53726,1,526,0,0,0,NONE,
[2026-02-11T19:20:22.852820] [TDMA] TX UPLINK: frame=527 records=0
[2026-02-11T19:20:22.872429] BRAGE,53826,1,527,0,0,0,NONE,
[2026-02-11T19:20:22.952069] [TDMA] TX UPLINK: frame=528 records=0
[2026-02-11T19:20:22.971957] BRAGE,53926,1,528,0,0,0,NONE,
[2026-02-11T19:20:23.051555] [TDMA] TX UPLINK: frame=529 records=0
[2026-02-11T19:20:23.070578] BRAGE,54026,1,529,0,0,0,NONE,
[2026-02-11T19:20:23.151361] [TDMA] TX UPLINK: frame=530 records=0
[2026-02-11T19:20:23.169903] BRAGE,54126,1,530,0,0,0,NONE,
[2026-02-11T19:20:23.249870] [TDMA] TX UPLINK: frame=531 records=0
[2026-02-11T19:20:23.269768] BRAGE,54226,1,531,0,0,0,NONE,
[2026-02-11T19:20:23.348861] [TDMA] TX UPLINK: frame=532 records=0
[2026-02-11T19:20:23.368608] BRAGE,54326,1,532,0,0,0,NONE,
[2026-02-11T19:20:23.449015] [TDMA] TX UPLINK: frame=533 records=0
[2026-02-11T19:20:23.468733] BRAGE,54426,1,533,0,0,0,NONE,
[2026-02-11T19:20:23.548073] [TDMA] TX UPLINK: frame=534 records=0
[2026-02-11T19:20:23.567986] BRAGE,54526,1,534,0,0,0,NONE,
[2026-02-11T19:20:23.648735] [TDMA] TX UPLINK: frame=535 records=0
[2026-02-11T19:20:23.666469] BRAGE,54626,1,535,0,0,0,NONE,
[2026-02-11T19:20:23.746874] [TDMA] TX UPLINK: frame=536 records=0
[2026-02-11T19:20:23.766564] BRAGE,54726,1,536,0,0,0,NONE,
[2026-02-11T19:20:23.845831] [TDMA] TX UPLINK: frame=537 records=0
[2026-02-11T19:20:23.866005] BRAGE,54826,1,537,0,0,0,NONE,
[2026-02-11T19:20:23.944850] [TDMA] TX UPLINK: frame=538 records=0
[2026-02-11T19:20:23.965363] BRAGE,54926,1,538,0,0,0,NONE,
[2026-02-11T19:20:24.045234] [TDMA] TX UPLINK: frame=539 records=0
[2026-02-11T19:20:24.064078] BRAGE,55026,1,539,0,0,0,NONE,
[2026-02-11T19:20:24.144117] [TDMA] TX UPLINK: frame=540 records=0
[2026-02-11T19:20:24.163717] BRAGE,55126,1,540,0,0,0,NONE,
[2026-02-11T19:20:24.243174] [TDMA] TX UPLINK: frame=541 records=0
[2026-02-11T19:20:24.263410] BRAGE,55226,1,541,0,0,0,NONE,
[2026-02-11T19:20:24.342352] [TDMA] TX UPLINK: frame=542 records=0
[2026-02-11T19:20:24.362184] BRAGE,55326,1,542,0,0,0,NONE,
[2026-02-11T19:20:24.442153] [TDMA] TX UPLINK: frame=543 records=0
[2026-02-11T19:20:24.462036] BRAGE,55426,1,543,0,0,0,NONE,
[2026-02-11T19:20:24.541873] [TDMA] TX UPLINK: frame=544 records=0
[2026-02-11T19:20:24.561013] BRAGE,55526,1,544,0,0,0,NONE,
[2026-02-11T19:20:24.641129] [TDMA] TX UPLINK: frame=545 records=0
[2026-02-11T19:20:24.660883] BRAGE,55626,1,545,0,0,0,NONE,
[2026-02-11T19:20:24.740566] [TDMA] TX UPLINK: frame=546 records=0
[2026-02-11T19:20:24.760244] BRAGE,55726,1,546,0,0,0,NONE,
[2026-02-11T19:20:24.839952] [TDMA] TX UPLINK: frame=547 records=0
[2026-02-11T19:20:24.859282] BRAGE,55826,1,547,0,0,0,NONE,
[2026-02-11T19:20:24.938365] [TDMA] TX UPLINK: frame=548 records=0
[2026-02-11T19:20:24.958541] BRAGE,55926,1,548,0,0,0,NONE,
[2026-02-11T19:20:25.038123] [TDMA] TX UPLINK: frame=549 records=0
[2026-02-11T19:20:25.058136] BRAGE,56026,1,549,0,0,0,NONE,
[2026-02-11T19:20:25.137624] [TDMA] TX UPLINK: frame=550 records=0
[2026-02-11T19:20:25.158514] BRAGE,56126,1,550,0,0,0,NONE,
[2026-02-11T19:20:25.236604] [TDMA] TX UPLINK: frame=551 records=0
[2026-02-11T19:20:25.256707] BRAGE,56226,1,551,0,0,0,NONE,
[2026-02-11T19:20:25.336376] [TDMA] TX UPLINK: frame=552 records=0
[2026-02-11T19:20:25.356585] BRAGE,56326,1,552,0,0,0,NONE,
[2026-02-11T19:20:25.435691] [TDMA] TX UPLINK: frame=553 records=0
[2026-02-11T19:20:25.455308] BRAGE,56426,1,553,0,0,0,NONE,
[2026-02-11T19:20:25.534508] [TDMA] TX UPLINK: frame=554 records=0
[2026-02-11T19:20:25.555047] BRAGE,56526,1,554,0,0,0,NONE,
[2026-02-11T19:20:25.634203] [TDMA] TX UPLINK: frame=555 records=0
[2026-02-11T19:20:25.653707] BRAGE,56626,1,555,0,0,0,NONE,
[2026-02-11T19:20:25.733513] [TDMA] TX UPLINK: frame=556 records=0
[2026-02-11T19:20:25.753426] BRAGE,56726,1,556,0,0,0,NONE,
[2026-02-11T19:20:25.833014] [TDMA] TX UPLINK: frame=557 records=0
[2026-02-11T19:20:25.852950] BRAGE,56826,1,557,0,0,0,NONE,
[2026-02-11T19:20:25.931929] [TDMA] TX UPLINK: frame=558 records=0
[2026-02-11T19:20:25.951730] BRAGE,56926,1,558,0,0,0,NONE,
[2026-02-11T19:20:26.031564] [TDMA] TX UPLINK: frame=559 records=0
[2026-02-11T19:20:26.051444] BRAGE,57026,1,559,0,0,0,NONE,
[2026-02-11T19:20:26.130574] [TDMA] TX UPLINK: frame=560 records=0
[2026-02-11T19:20:26.151820] BRAGE,57126,1,560,0,0,0,NONE,
[2026-02-11T19:20:26.229858] [TDMA] TX UPLINK: frame=561 records=0
[2026-02-11T19:20:26.250053] BRAGE,57226,1,561,0,0,0,NONE,
[2026-02-11T19:20:26.329600] [TDMA] TX UPLINK: frame=562 records=0
[2026-02-11T19:20:26.349470] BRAGE,57326,1,562,0,0,0,NONE,
[2026-02-11T19:20:26.428484] [TDMA] TX UPLINK: frame=563 records=0
[2026-02-11T19:20:26.453027] BRAGE,57426,1,563,0,0,0,NONE,
[2026-02-11T19:20:26.528153] [TDMA] TX UPLINK: frame=564 records=0
[2026-02-11T19:20:26.548043] BRAGE,57526,1,564,0,0,0,NONE,
[2026-02-11T19:20:26.628071] [TDMA] TX UPLINK: frame=565 records=0
[2026-02-11T19:20:26.647399] BRAGE,57626,1,565,0,0,0,NONE,
[2026-02-11T19:20:26.726936] [TDMA] TX UPLINK: frame=566 records=0
[2026-02-11T19:20:26.747327] BRAGE,57726,1,566,0,0,0,NONE,
[2026-02-11T19:20:26.826073] [TDMA] TX UPLINK: frame=567 records=0
[2026-02-11T19:20:26.846168] BRAGE,57826,1,567,0,0,0,NONE,
[2026-02-11T19:20:26.926025] [TDMA] TX UPLINK: frame=568 records=0
[2026-02-11T19:20:26.945919] BRAGE,57926,1,568,0,0,0,NONE,
[2026-02-11T19:20:27.025027] [TDMA] TX UPLINK: frame=569 records=0
[2026-02-11T19:20:27.045218] BRAGE,58026,1,569,0,0,0,NONE,
[2026-02-11T19:20:27.124255] [TDMA] TX UPLINK: frame=570 records=0
[2026-02-11T19:20:27.144428] BRAGE,58126,1,570,0,0,0,NONE,
[2026-02-11T19:20:27.223385] [TDMA] TX UPLINK: frame=571 records=0
[2026-02-11T19:20:27.244210] BRAGE,58226,1,571,0,0,0,NONE,
[2026-02-11T19:20:27.323526] [TDMA] TX UPLINK: frame=572 records=0
[2026-02-11T19:20:27.342913] BRAGE,58326,1,572,0,0,0,NONE,
[2026-02-11T19:20:27.422263] [TDMA] TX UPLINK: frame=573 records=0
[2026-02-11T19:20:27.442447] BRAGE,58426,1,573,0,0,0,NONE,
[2026-02-11T19:20:27.522253] [TDMA] TX UPLINK: frame=574 records=0
[2026-02-11T19:20:27.541527] BRAGE,58526,1,574,0,0,0,NONE,
[2026-02-11T19:20:27.621297] [TDMA] TX UPLINK: frame=575 records=0
[2026-02-11T19:20:27.640906] BRAGE,58626,1,575,0,0,0,NONE,
[2026-02-11T19:20:27.720404] [TDMA] TX UPLINK: frame=576 records=0
[2026-02-11T19:20:27.741064] BRAGE,58726,1,576,0,0,0,NONE,
[2026-02-11T19:20:27.819432] [TDMA] TX UPLINK: frame=577 records=0
[2026-02-11T19:20:27.839250] BRAGE,58826,1,577,0,0,0,NONE,
[2026-02-11T19:20:27.919171] [TDMA] TX UPLINK: frame=578 records=0
[2026-02-11T19:20:27.938615] BRAGE,58926,1,578,0,0,0,NONE,
[2026-02-11T19:20:28.018432] [TDMA] TX UPLINK: frame=579 records=0
[2026-02-11T19:20:28.038387] BRAGE,59026,1,579,0,0,0,NONE,
[2026-02-11T19:20:28.117363] [TDMA] TX UPLINK: frame=580 records=0
[2026-02-11T19:20:28.137518] BRAGE,59126,1,580,0,0,0,NONE,
[2026-02-11T19:20:28.216696] [TDMA] TX UPLINK: frame=581 records=0
[2026-02-11T19:20:28.239168] BRAGE,59226,1,581,0,0,0,NONE,
[2026-02-11T19:20:28.316180] [TDMA] TX UPLINK: frame=582 records=0
[2026-02-11T19:20:28.335916] BRAGE,59326,1,582,0,0,0,NONE,
[2026-02-11T19:20:28.353518] [SX1280] CRC error
[2026-02-11T19:20:28.415434] [TDMA] TX UPLINK: frame=583 records=0
[2026-02-11T19:20:28.435765] BRAGE,59426,1,583,0,0,0,NONE,
[2026-02-11T19:20:28.514764] [TDMA] TX UPLINK: frame=584 records=0
[2026-02-11T19:20:28.535059] BRAGE,59526,1,584,0,0,0,NONE,
[2026-02-11T19:20:28.614543] [TDMA] TX UPLINK: frame=585 records=0
[2026-02-11T19:20:28.634389] BRAGE,59626,1,585,0,0,0,NONE,
[2026-02-11T19:20:28.713487] [TDMA] TX UPLINK: frame=586 records=0
[2026-02-11T19:20:28.733718] BRAGE,59726,1,586,0,0,0,NONE,
[2026-02-11T19:20:28.812809] [TDMA] TX UPLINK: frame=587 records=0
[2026-02-11T19:20:28.833037] BRAGE,59826,1,587,0,0,0,NONE,
[2026-02-11T19:20:28.912547] [TDMA] TX UPLINK: frame=588 records=0
[2026-02-11T19:20:28.932395] BRAGE,59926,1,588,0,0,0,NONE,
[2026-02-11T19:20:29.012248] [TDMA] TX UPLINK: frame=589 records=0
[2026-02-11T19:20:29.032035] BRAGE,60026,1,589,0,0,0,NONE,
[2026-02-11T19:20:29.111264] [TDMA] TX UPLINK: frame=590 records=0
[2026-02-11T19:20:29.131181] BRAGE,60126,1,590,0,0,0,NONE,
[2026-02-11T19:20:29.210395] [TDMA] TX UPLINK: frame=591 records=0
[2026-02-11T19:20:29.230059] BRAGE,60226,1,591,0,0,0,NONE,
[2026-02-11T19:20:29.310909] [TDMA] TX UPLINK: frame=592 records=0
[2026-02-11T19:20:29.329857] BRAGE,60326,1,592,0,0,0,NONE,
[2026-02-11T19:20:29.347581] [SX1280] CRC error
[2026-02-11T19:20:29.409237] [TDMA] TX UPLINK: frame=593 records=0
[2026-02-11T19:20:29.428799] BRAGE,60426,1,593,0,0,0,NONE,
[2026-02-11T19:20:29.508630] [TDMA] TX UPLINK: frame=594 records=0
[2026-02-11T19:20:29.528102] BRAGE,60526,1,594,0,0,0,NONE,
[2026-02-11T19:20:29.608235] [TDMA] TX UPLINK: frame=595 records=0
[2026-02-11T19:20:29.627827] BRAGE,60626,1,595,0,0,0,NONE,
[2026-02-11T19:20:29.707519] [TDMA] TX UPLINK: frame=596 records=0
[2026-02-11T19:20:29.727156] BRAGE,60726,1,596,0,0,0,NONE,
[2026-02-11T19:20:29.806250] [TDMA] TX UPLINK: frame=597 records=0
[2026-02-11T19:20:29.826544] BRAGE,60826,1,597,0,0,0,NONE,
[2026-02-11T19:20:29.905589] [TDMA] TX UPLINK: frame=598 records=0
[2026-02-11T19:20:29.925864] BRAGE,60926,1,598,0,0,0,NONE,
[2026-02-11T19:20:30.004992] [TDMA] TX UPLINK: frame=599 records=0
[2026-02-11T19:20:30.024996] BRAGE,61026,1,599,0,0,0,NONE,
[2026-02-11T19:20:30.105088] [TDMA] TX UPLINK: frame=600 records=0
[2026-02-11T19:20:30.124834] BRAGE,61126,1,600,0,0,0,NONE,
[2026-02-11T19:20:30.203917] [TDMA] TX UPLINK: frame=601 records=0
[2026-02-11T19:20:30.223324] BRAGE,61226,1,601,0,0,0,NONE,
[2026-02-11T19:20:30.303186] [TDMA] TX UPLINK: frame=602 records=0
[2026-02-11T19:20:30.323217] BRAGE,61326,1,602,0,0,0,NONE,
[2026-02-11T19:20:30.402695] [TDMA] TX UPLINK: frame=603 records=0
[2026-02-11T19:20:30.422678] BRAGE,61426,1,603,0,0,0,NONE,
[2026-02-11T19:20:30.502232] [TDMA] TX UPLINK: frame=604 records=0
[2026-02-11T19:20:30.521921] BRAGE,61526,1,604,0,0,0,NONE,
[2026-02-11T19:20:30.601620] [TDMA] TX UPLINK: frame=605 records=0
[2026-02-11T19:20:30.621273] BRAGE,61626,1,605,0,0,0,NONE,
[2026-02-11T19:20:30.701005] [TDMA] TX UPLINK: frame=606 records=0
[2026-02-11T19:20:30.720291] BRAGE,61726,1,606,0,0,0,NONE,
[2026-02-11T19:20:30.802753] [TDMA] TX UPLINK: frame=607 records=0
[2026-02-11T19:20:30.819666] BRAGE,61826,1,607,0,0,0,NONE,
[2026-02-11T19:20:30.899503] [TDMA] TX UPLINK: frame=608 records=0
[2026-02-11T19:20:30.919299] BRAGE,61926,1,608,0,0,0,NONE,
[2026-02-11T19:20:30.999044] [TDMA] TX UPLINK: frame=609 records=0
[2026-02-11T19:20:31.018198] BRAGE,62026,1,609,0,0,0,NONE,
[2026-02-11T19:20:31.097691] [TDMA] TX UPLINK: frame=610 records=0
[2026-02-11T19:20:31.118251] BRAGE,62126,1,610,0,0,0,NONE,
[2026-02-11T19:20:31.197529] [TDMA] TX UPLINK: frame=611 records=0
[2026-02-11T19:20:31.217386] BRAGE,62226,1,611,0,0,0,NONE,
[2026-02-11T19:20:31.296457] [TDMA] TX UPLINK: frame=612 records=0
[2026-02-11T19:20:31.316552] BRAGE,62326,1,612,0,0,0,NONE,
[2026-02-11T19:20:31.395584] [TDMA] TX UPLINK: frame=613 records=0
[2026-02-11T19:20:31.415396] BRAGE,62426,1,613,0,0,0,NONE,
[2026-02-11T19:20:31.495463] [TDMA] TX UPLINK: frame=614 records=0
[2026-02-11T19:20:31.515888] BRAGE,62526,1,614,0,0,0,NONE,
[2026-02-11T19:20:31.594288] [TDMA] TX UPLINK: frame=615 records=0
[2026-02-11T19:20:31.614715] BRAGE,62626,1,615,0,0,0,NONE,
[2026-02-11T19:20:31.694295] [TDMA] TX UPLINK: frame=616 records=0
[2026-02-11T19:20:31.714049] BRAGE,62726,1,616,0,0,0,NONE,
[2026-02-11T19:20:31.793463] [TDMA] TX UPLINK: frame=617 records=0
[2026-02-11T19:20:31.813594] BRAGE,62826,1,617,0,0,0,NONE,
[2026-02-11T19:20:31.892475] [TDMA] TX UPLINK: frame=618 records=0
[2026-02-11T19:20:31.912697] BRAGE,62926,1,618,0,0,0,NONE,
[2026-02-11T19:20:31.992202] [TDMA] TX UPLINK: frame=619 records=0
[2026-02-11T19:20:32.011742] BRAGE,63026,1,619,0,0,0,NONE,
[2026-02-11T19:20:32.091398] [TDMA] TX UPLINK: frame=620 records=0
[2026-02-11T19:20:32.111086] BRAGE,63126,1,620,0,0,0,NONE,
[2026-02-11T19:20:32.190896] [TDMA] TX UPLINK: frame=621 records=0
[2026-02-11T19:20:32.210990] BRAGE,63226,1,621,0,0,0,NONE,
[2026-02-11T19:20:32.290167] [TDMA] TX UPLINK: frame=622 records=0
[2026-02-11T19:20:32.309783] BRAGE,63326,1,622,0,0,0,NONE,
[2026-02-11T19:20:32.389836] [TDMA] TX UPLINK: frame=623 records=0
[2026-02-11T19:20:32.409742] BRAGE,63426,1,623,0,0,0,NONE,
[2026-02-11T19:20:32.488420] [TDMA] TX UPLINK: frame=624 records=0
[2026-02-11T19:20:32.509035] BRAGE,63526,1,624,0,0,0,NONE,
[2026-02-11T19:20:32.588543] [TDMA] TX UPLINK: frame=625 records=0
[2026-02-11T19:20:32.607744] BRAGE,63626,1,625,0,0,0,NONE,
[2026-02-11T19:20:32.687794] [TDMA] TX UPLINK: frame=626 records=0
[2026-02-11T19:20:32.707570] BRAGE,63726,1,626,0,0,0,NONE,
[2026-02-11T19:20:32.787412] [TDMA] TX UPLINK: frame=627 records=0
[2026-02-11T19:20:32.807211] BRAGE,63826,1,627,0,0,0,NONE,
[2026-02-11T19:20:32.885857] [TDMA] TX UPLINK: frame=628 records=0
[2026-02-11T19:20:32.905653] BRAGE,63926,1,628,0,0,0,NONE,
[2026-02-11T19:20:32.985929] [TDMA] TX UPLINK: frame=629 records=0
[2026-02-11T19:20:33.005422] BRAGE,64026,1,629,0,0,0,NONE,
[2026-02-11T19:20:33.085442] [TDMA] TX UPLINK: frame=630 records=0
[2026-02-11T19:20:33.104699] BRAGE,64126,1,630,0,0,0,NONE,
[2026-02-11T19:20:33.184394] [TDMA] TX UPLINK: frame=631 records=0
[2026-02-11T19:20:33.204062] BRAGE,64226,1,631,0,0,0,NONE,
[2026-02-11T19:20:33.283596] [TDMA] TX UPLINK: frame=632 records=0
[2026-02-11T19:20:33.303754] BRAGE,64326,1,632,0,0,0,NONE,
[2026-02-11T19:20:33.383221] [TDMA] TX UPLINK: frame=633 records=0
[2026-02-11T19:20:33.403019] BRAGE,64426,1,633,0,0,0,NONE,
[2026-02-11T19:20:33.482823] [TDMA] TX UPLINK: frame=634 records=0
[2026-02-11T19:20:33.502391] BRAGE,64526,1,634,0,0,0,NONE,
[2026-02-11T19:20:33.582001] [TDMA] TX UPLINK: frame=635 records=0
[2026-02-11T19:20:33.607080] BRAGE,64626,1,635,0,0,0,NONE,
[2026-02-11T19:20:33.681488] [TDMA] TX UPLINK: frame=636 records=0
[2026-02-11T19:20:33.701129] BRAGE,64726,1,636,0,0,0,NONE,
[2026-02-11T19:20:33.781020] [TDMA] TX UPLINK: frame=637 records=0
[2026-02-11T19:20:33.800117] BRAGE,64826,1,637,0,0,0,NONE,
[2026-02-11T19:20:33.879727] [TDMA] TX UPLINK: frame=638 records=0
[2026-02-11T19:20:33.899856] BRAGE,64926,1,638,0,0,0,NONE,
[2026-02-11T19:20:33.979096] [TDMA] TX UPLINK: frame=639 records=0
[2026-02-11T19:20:33.998997] BRAGE,65026,1,639,0,0,0,NONE,
[2026-02-11T19:20:34.078231] [TDMA] TX UPLINK: frame=640 records=0
[2026-02-11T19:20:34.098442] BRAGE,65126,1,640,0,0,0,NONE,
[2026-02-11T19:20:34.178014] [TDMA] TX UPLINK: frame=641 records=0
[2026-02-11T19:20:34.197235] BRAGE,65226,1,641,0,0,0,NONE,
[2026-02-11T19:20:34.277112] [TDMA] TX UPLINK: frame=642 records=0
[2026-02-11T19:20:34.296998] BRAGE,65326,1,642,0,0,0,NONE,
[2026-02-11T19:20:34.376480] [TDMA] TX UPLINK: frame=643 records=0
[2026-02-11T19:20:34.396421] BRAGE,65426,1,643,0,0,0,NONE,
[2026-02-11T19:20:34.475807] [TDMA] TX UPLINK: frame=644 records=0
[2026-02-11T19:20:34.495534] BRAGE,65526,1,644,0,0,0,NONE,
[2026-02-11T19:20:34.575088] [TDMA] TX UPLINK: frame=645 records=0
[2026-02-11T19:20:34.594989] BRAGE,65626,1,645,0,0,0,NONE,
[2026-02-11T19:20:34.674156] [TDMA] TX UPLINK: frame=646 records=0
[2026-02-11T19:20:34.694163] BRAGE,65726,1,646,0,0,0,NONE,
[2026-02-11T19:20:34.773856] [TDMA] TX UPLINK: frame=647 records=0
[2026-02-11T19:20:34.793332] BRAGE,65826,1,647,0,0,0,NONE,
[2026-02-11T19:20:34.873382] [TDMA] TX UPLINK: frame=648 records=0
[2026-02-11T19:20:34.895524] BRAGE,65926,1,648,0,0,0,NONE,
[2026-02-11T19:20:34.972845] [TDMA] TX UPLINK: frame=649 records=0
[2026-02-11T19:20:34.992793] BRAGE,66026,1,649,0,0,0,NONE,
[2026-02-11T19:20:35.071552] [TDMA] TX UPLINK: frame=650 records=0
[2026-02-11T19:20:35.091577] BRAGE,66126,1,650,0,0,0,NONE,
[2026-02-11T19:20:35.171167] [TDMA] TX UPLINK: frame=651 records=0
[2026-02-11T19:20:35.191701] BRAGE,66226,1,651,0,0,0,NONE,
[2026-02-11T19:20:35.270202] [TDMA] TX UPLINK: frame=652 records=0
[2026-02-11T19:20:35.290885] BRAGE,66326,1,652,0,0,0,NONE,
[2026-02-11T19:20:35.370115] [TDMA] TX UPLINK: frame=653 records=0
[2026-02-11T19:20:35.392729] BRAGE,66426,1,653,0,0,0,NONE,
[2026-02-11T19:20:35.469620] [TDMA] TX UPLINK: frame=654 records=0
[2026-02-11T19:20:35.489733] BRAGE,66526,1,654,0,0,0,NONE,
[2026-02-11T19:20:35.568876] [TDMA] TX UPLINK: frame=655 records=0
[2026-02-11T19:20:35.589531] BRAGE,66626,1,655,0,0,0,NONE,
[2026-02-11T19:20:35.668185] [TDMA] TX UPLINK: frame=656 records=0
[2026-02-11T19:20:35.687842] BRAGE,66726,1,656,0,0,0,NONE,
[2026-02-11T19:20:35.767398] [TDMA] TX UPLINK: frame=657 records=0
[2026-02-11T19:20:35.786848] BRAGE,66826,1,657,0,0,0,NONE,
[2026-02-11T19:20:35.866685] [TDMA] TX UPLINK: frame=658 records=0
[2026-02-11T19:20:35.886159] BRAGE,66926,1,658,0,0,0,NONE,
[2026-02-11T19:20:35.966074] [TDMA] TX UPLINK: frame=659 records=0
[2026-02-11T19:20:35.985911] BRAGE,67026,1,659,0,0,0,NONE,
[2026-02-11T19:20:36.065319] [TDMA] TX UPLINK: frame=660 records=0
[2026-02-11T19:20:36.084856] BRAGE,67126,1,660,0,0,0,NONE,
[2026-02-11T19:20:36.164617] [TDMA] TX UPLINK: frame=661 records=0
[2026-02-11T19:20:36.184566] BRAGE,67226,1,661,0,0,0,NONE,
[2026-02-11T19:20:36.264140] [TDMA] TX UPLINK: frame=662 records=0
[2026-02-11T19:20:36.283940] BRAGE,67326,1,662,0,0,0,NONE,
[2026-02-11T19:20:36.301779] [SX1280] CRC error
[2026-02-11T19:20:36.363550] [TDMA] TX UPLINK: frame=663 records=0
[2026-02-11T19:20:36.383165] BRAGE,67426,1,663,0,0,0,NONE,
[2026-02-11T19:20:36.462780] [TDMA] TX UPLINK: frame=664 records=0
[2026-02-11T19:20:36.482763] BRAGE,67526,1,664,0,0,0,NONE,
[2026-02-11T19:20:36.562117] [TDMA] TX UPLINK: frame=665 records=0
[2026-02-11T19:20:36.582236] BRAGE,67626,1,665,0,0,0,NONE,
[2026-02-11T19:20:36.661032] [TDMA] TX UPLINK: frame=666 records=0
[2026-02-11T19:20:36.680965] BRAGE,67726,1,666,0,0,0,NONE,
[2026-02-11T19:20:36.760792] [TDMA] TX UPLINK: frame=667 records=0
[2026-02-11T19:20:36.780870] BRAGE,67826,1,667,0,0,0,NONE,
[2026-02-11T19:20:36.860209] [TDMA] TX UPLINK: frame=668 records=0
[2026-02-11T19:20:36.880147] BRAGE,67926,1,668,0,0,0,NONE,
[2026-02-11T19:20:36.959056] [TDMA] TX UPLINK: frame=669 records=0
[2026-02-11T19:20:36.979699] BRAGE,68026,1,669,0,0,0,NONE,
[2026-02-11T19:20:37.059010] [TDMA] TX UPLINK: frame=670 records=0
[2026-02-11T19:20:37.078145] BRAGE,68126,1,670,0,0,0,NONE,
[2026-02-11T19:20:37.157963] [TDMA] TX UPLINK: frame=671 records=0
[2026-02-11T19:20:37.177912] BRAGE,68226,1,671,0,0,0,NONE,
[2026-02-11T19:20:37.257581] [TDMA] TX UPLINK: frame=672 records=0
[2026-02-11T19:20:37.277739] BRAGE,68326,1,672,0,0,0,NONE,
[2026-02-11T19:20:37.356965] [TDMA] TX UPLINK: frame=673 records=0
[2026-02-11T19:20:37.376071] BRAGE,68426,1,673,0,0,0,NONE,
[2026-02-11T19:20:37.455711] [TDMA] TX UPLINK: frame=674 records=0
[2026-02-11T19:20:37.476197] BRAGE,68526,1,674,0,0,0,NONE,
[2026-02-11T19:20:37.555736] [TDMA] TX UPLINK: frame=675 records=0
[2026-02-11T19:20:37.575920] BRAGE,68626,1,675,0,0,0,NONE,
[2026-02-11T19:20:37.655160] [TDMA] TX UPLINK: frame=676 records=0
[2026-02-11T19:20:37.674343] BRAGE,68726,1,676,0,0,0,NONE,
[2026-02-11T19:20:37.754392] [TDMA] TX UPLINK: frame=677 records=0
[2026-02-11T19:20:37.774262] BRAGE,68826,1,677,0,0,0,NONE,
[2026-02-11T19:20:37.853581] [TDMA] TX UPLINK: frame=678 records=0
[2026-02-11T19:20:37.873497] BRAGE,68926,1,678,0,0,0,NONE,
[2026-02-11T19:20:37.953593] [TDMA] TX UPLINK: frame=679 records=0
[2026-02-11T19:20:37.972368] BRAGE,69026,1,679,0,0,0,NONE,
[2026-02-11T19:20:38.052249] [TDMA] TX UPLINK: frame=680 records=0
[2026-02-11T19:20:38.071827] BRAGE,69126,1,680,0,0,0,NONE,
[2026-02-11T19:20:38.151780] [TDMA] TX UPLINK: frame=681 records=0
[2026-02-11T19:20:38.171418] BRAGE,69226,1,681,0,0,0,NONE,
[2026-02-11T19:20:38.250505] [TDMA] TX UPLINK: frame=682 records=0
[2026-02-11T19:20:38.270998] BRAGE,69326,1,682,0,0,0,NONE,
[2026-02-11T19:20:38.350283] [TDMA] TX UPLINK: frame=683 records=0
[2026-02-11T19:20:38.370307] BRAGE,69426,1,683,0,0,0,NONE,
[2026-02-11T19:20:38.451183] [TDMA] TX UPLINK: frame=684 records=0
[2026-02-11T19:20:38.469753] BRAGE,69526,1,684,0,0,0,NONE,
[2026-02-11T19:20:38.548560] [TDMA] TX UPLINK: frame=685 records=0
[2026-02-11T19:20:38.568958] BRAGE,69626,1,685,0,0,0,NONE,
[2026-02-11T19:20:38.650345] [TDMA] TX UPLINK: frame=686 records=0
[2026-02-11T19:20:38.668261] BRAGE,69726,1,686,0,0,0,NONE,
[2026-02-11T19:20:38.747809] [TDMA] TX UPLINK: frame=687 records=0
[2026-02-11T19:20:38.767758] BRAGE,69826,1,687,0,0,0,NONE,
[2026-02-11T19:20:38.847053] [TDMA] TX UPLINK: frame=688 records=0
[2026-02-11T19:20:38.867062] BRAGE,69926,1,688,0,0,0,NONE,
[2026-02-11T19:20:38.946862] [TDMA] TX UPLINK: frame=689 records=0
[2026-02-11T19:20:38.965622] BRAGE,70026,1,689,0,0,0,NONE,
[2026-02-11T19:20:39.046114] [TDMA] TX UPLINK: frame=690 records=0
[2026-02-11T19:20:39.065589] BRAGE,70126,1,690,0,0,0,NONE,
[2026-02-11T19:20:39.144983] [TDMA] TX UPLINK: frame=691 records=0
[2026-02-11T19:20:39.164953] BRAGE,70226,1,691,0,0,0,NONE,
[2026-02-11T19:20:39.244936] [TDMA] TX UPLINK: frame=692 records=0
[2026-02-11T19:20:39.263911] BRAGE,70326,1,692,0,0,0,NONE,
[2026-02-11T19:20:39.344170] [TDMA] TX UPLINK: frame=693 records=0
[2026-02-11T19:20:39.364049] BRAGE,70426,1,693,0,0,0,NONE,
[2026-02-11T19:20:39.443224] [TDMA] TX UPLINK: frame=694 records=0
[2026-02-11T19:20:39.463141] BRAGE,70526,1,694,0,0,0,NONE,
[2026-02-11T19:20:39.542186] [TDMA] TX UPLINK: frame=695 records=0
[2026-02-11T19:20:39.562225] BRAGE,70626,1,695,0,0,0,NONE,
[2026-02-11T19:20:39.642103] [TDMA] TX UPLINK: frame=696 records=0
[2026-02-11T19:20:39.661715] BRAGE,70726,1,696,0,0,0,NONE,
[2026-02-11T19:20:39.741046] [TDMA] TX UPLINK: frame=697 records=0
[2026-02-11T19:20:39.761132] BRAGE,70826,1,697,0,0,0,NONE,
[2026-02-11T19:20:39.840255] [TDMA] TX UPLINK: frame=698 records=0
[2026-02-11T19:20:39.860200] BRAGE,70926,1,698,0,0,0,NONE,
[2026-02-11T19:20:39.940004] [TDMA] TX UPLINK: frame=699 records=0
[2026-02-11T19:20:39.959740] BRAGE,71026,1,699,0,0,0,NONE,
[2026-02-11T19:20:40.039328] [TDMA] TX UPLINK: frame=700 records=0
[2026-02-11T19:20:40.059185] BRAGE,71126,1,700,0,0,0,NONE,
[2026-02-11T19:20:40.138439] [TDMA] TX UPLINK: frame=701 records=0
[2026-02-11T19:20:40.158304] BRAGE,71226,1,701,0,0,0,NONE,
[2026-02-11T19:20:40.237384] [TDMA] TX UPLINK: frame=702 records=0
[2026-02-11T19:20:40.258222] BRAGE,71326,1,702,0,0,0,NONE,
[2026-02-11T19:20:40.337349] [TDMA] TX UPLINK: frame=703 records=0
[2026-02-11T19:20:40.357227] BRAGE,71426,1,703,0,0,0,NONE,
[2026-02-11T19:20:40.436743] [TDMA] TX UPLINK: frame=704 records=0
[2026-02-11T19:20:40.456520] BRAGE,71526,1,704,0,0,0,NONE,
[2026-02-11T19:20:40.536088] [TDMA] TX UPLINK: frame=705 records=0
[2026-02-11T19:20:40.555613] BRAGE,71626,1,705,0,0,0,NONE,
[2026-02-11T19:20:40.635395] [TDMA] TX UPLINK: frame=706 records=0
[2026-02-11T19:20:40.654550] BRAGE,71726,1,706,0,0,0,NONE,
[2026-02-11T19:20:40.734239] [TDMA] TX UPLINK: frame=707 records=0
[2026-02-11T19:20:40.754251] BRAGE,71826,1,707,0,0,0,NONE,
[2026-02-11T19:20:40.834206] [TDMA] TX UPLINK: frame=708 records=0
[2026-02-11T19:20:40.853352] BRAGE,71926,1,708,0,0,0,NONE,
[2026-02-11T19:20:40.933108] [TDMA] TX UPLINK: frame=709 records=0
[2026-02-11T19:20:40.953287] BRAGE,72026,1,709,0,0,0,NONE,
[2026-02-11T19:20:41.032426] [TDMA] TX UPLINK: frame=710 records=0
[2026-02-11T19:20:41.052775] BRAGE,72126,1,710,0,0,0,NONE,
[2026-02-11T19:20:41.131875] [TDMA] TX UPLINK: frame=711 records=0
[2026-02-11T19:20:41.152795] BRAGE,72226,1,711,0,0,0,NONE,
[2026-02-11T19:20:41.231413] [TDMA] TX UPLINK: frame=712 records=0
[2026-02-11T19:20:41.256058] BRAGE,72326,1,712,0,0,0,NONE,
[2026-02-11T19:20:41.269247] RX CAN id=0x720 dlc=8
[2026-02-11T19:20:41.331020] [TDMA] TX UPLINK: frame=713 records=0
[2026-02-11T19:20:41.350998] BRAGE,72426,1,713,-69,-1,1,UL,
[2026-02-11T19:20:41.429523] [TDMA] TX UPLINK: frame=714 records=0
[2026-02-11T19:20:41.450062] BRAGE,72526,1,714,0,0,1,NONE,
[2026-02-11T19:20:41.529552] [TDMA] TX UPLINK: frame=715 records=0
[2026-02-11T19:20:41.549137] BRAGE,72626,1,715,0,0,1,NONE,
[2026-02-11T19:20:41.629095] [TDMA] TX UPLINK: frame=716 records=0
[2026-02-11T19:20:41.648532] BRAGE,72726,1,716,0,0,1,NONE,
[2026-02-11T19:20:41.728082] [TDMA] TX UPLINK: frame=717 records=0
[2026-02-11T19:20:41.747449] BRAGE,72826,1,717,0,0,1,NONE,
[2026-02-11T19:20:41.827338] [TDMA] TX UPLINK: frame=718 records=0
[2026-02-11T19:20:41.847381] BRAGE,72926,1,718,0,0,1,NONE,
[2026-02-11T19:20:41.926707] [TDMA] TX UPLINK: frame=719 records=0
[2026-02-11T19:20:41.946523] BRAGE,73026,1,719,0,0,1,NONE,
[2026-02-11T19:20:42.026104] [TDMA] TX UPLINK: frame=720 records=0
[2026-02-11T19:20:42.046032] BRAGE,73126,1,720,0,0,1,NONE,
[2026-02-11T19:20:42.125419] [TDMA] TX UPLINK: frame=721 records=0
[2026-02-11T19:20:42.145034] BRAGE,73226,1,721,0,0,1,NONE,
[2026-02-11T19:20:42.224203] [TDMA] TX UPLINK: frame=722 records=0
[2026-02-11T19:20:42.244073] BRAGE,73326,1,722,0,0,1,NONE,
[2026-02-11T19:20:42.262471] [SX1280] CRC error
[2026-02-11T19:20:42.324046] [TDMA] TX UPLINK: frame=723 records=0
[2026-02-11T19:20:42.344047] BRAGE,73426,1,723,0,0,1,NONE,
[2026-02-11T19:20:42.423490] [TDMA] TX UPLINK: frame=724 records=0
[2026-02-11T19:20:42.442824] BRAGE,73526,1,724,0,0,1,NONE,
[2026-02-11T19:20:42.522775] [TDMA] TX UPLINK: frame=725 records=0
[2026-02-11T19:20:42.542180] BRAGE,73626,1,725,0,0,1,NONE,
[2026-02-11T19:20:42.622083] [TDMA] TX UPLINK: frame=726 records=0
[2026-02-11T19:20:42.641992] BRAGE,73726,1,726,0,0,1,NONE,
[2026-02-11T19:20:42.721173] [TDMA] TX UPLINK: frame=727 records=0
[2026-02-11T19:20:42.740846] BRAGE,73826,1,727,0,0,1,NONE,
[2026-02-11T19:20:42.820271] [TDMA] TX UPLINK: frame=728 records=0
[2026-02-11T19:20:42.840538] BRAGE,73926,1,728,0,0,1,NONE,
[2026-02-11T19:20:42.920311] [TDMA] TX UPLINK: frame=729 records=0
[2026-02-11T19:20:42.940272] BRAGE,74026,1,729,0,0,1,NONE,
[2026-02-11T19:20:43.019197] [TDMA] TX UPLINK: frame=730 records=0
[2026-02-11T19:20:43.041104] BRAGE,74126,1,730,0,0,1,NONE,
[2026-02-11T19:20:43.119145] [TDMA] TX UPLINK: frame=731 records=0
[2026-02-11T19:20:43.138812] BRAGE,74226,1,731,0,0,1,NONE,
[2026-02-11T19:20:43.218579] [TDMA] TX UPLINK: frame=732 records=0
[2026-02-11T19:20:43.237358] BRAGE,74326,1,732,0,0,1,NONE,
[2026-02-11T19:20:43.317077] [TDMA] TX UPLINK: frame=733 records=0
[2026-02-11T19:20:43.337042] BRAGE,74426,1,733,0,0,1,NONE,
[2026-02-11T19:20:43.417144] [TDMA] TX UPLINK: frame=734 records=0
[2026-02-11T19:20:43.437129] BRAGE,74526,1,734,0,0,1,NONE,
[2026-02-11T19:20:43.516250] [TDMA] TX UPLINK: frame=735 records=0
[2026-02-11T19:20:43.535879] BRAGE,74626,1,735,0,0,1,NONE,
[2026-02-11T19:20:43.615551] [TDMA] TX UPLINK: frame=736 records=0
[2026-02-11T19:20:43.635234] BRAGE,74726,1,736,0,0,1,NONE,
[2026-02-11T19:20:43.715178] [TDMA] TX UPLINK: frame=737 records=0
[2026-02-11T19:20:43.734414] BRAGE,74826,1,737,0,0,1,NONE,
[2026-02-11T19:20:43.814055] [TDMA] TX UPLINK: frame=738 records=0
[2026-02-11T19:20:43.833464] BRAGE,74926,1,738,0,0,1,NONE,
[2026-02-11T19:20:43.913375] [TDMA] TX UPLINK: frame=739 records=0
[2026-02-11T19:20:43.933461] BRAGE,75026,1,739,0,0,1,NONE,
[2026-02-11T19:20:44.012738] [TDMA] TX UPLINK: frame=740 records=0
[2026-02-11T19:20:44.032212] BRAGE,75126,1,740,0,0,1,NONE,
[2026-02-11T19:20:44.112426] [TDMA] TX UPLINK: frame=741 records=0
[2026-02-11T19:20:44.132274] BRAGE,75226,1,741,0,0,1,NONE,
[2026-02-11T19:20:44.211676] [TDMA] TX UPLINK: frame=742 records=0
[2026-02-11T19:20:44.231528] BRAGE,75326,1,742,0,0,1,NONE,
[2026-02-11T19:20:44.249408] RX CAN id=0x720 dlc=8
[2026-02-11T19:20:44.310802] [TDMA] TX UPLINK: frame=743 records=0
[2026-02-11T19:20:44.330128] BRAGE,75426,1,743,-69,-1,2,UL,
[2026-02-11T19:20:44.410419] [TDMA] TX UPLINK: frame=744 records=0
[2026-02-11T19:20:44.430373] BRAGE,75526,1,744,0,0,2,NONE,
[2026-02-11T19:20:44.509377] [TDMA] TX UPLINK: frame=745 records=0
[2026-02-11T19:20:44.529240] BRAGE,75626,1,745,0,0,2,NONE,
[2026-02-11T19:20:44.608451] [TDMA] TX UPLINK: frame=746 records=0
[2026-02-11T19:20:44.628561] BRAGE,75726,1,746,0,0,2,NONE,
[2026-02-11T19:20:44.708203] [TDMA] TX UPLINK: frame=747 records=0
[2026-02-11T19:20:44.728154] BRAGE,75826,1,747,0,0,2,NONE,
[2026-02-11T19:20:44.807156] [TDMA] TX UPLINK: frame=748 records=0
[2026-02-11T19:20:44.827332] BRAGE,75926,1,748,0,0,2,NONE,
[2026-02-11T19:20:44.906484] [TDMA] TX UPLINK: frame=749 records=0
[2026-02-11T19:20:44.926748] BRAGE,76026,1,749,0,0,2,NONE,
[2026-02-11T19:20:45.006202] [TDMA] TX UPLINK: frame=750 records=0
[2026-02-11T19:20:45.026075] BRAGE,76126,1,750,0,0,2,NONE,
[2026-02-11T19:20:45.106481] [TDMA] TX UPLINK: frame=751 records=0
[2026-02-11T19:20:45.125360] BRAGE,76226,1,751,0,0,2,NONE,
[2026-02-11T19:20:45.204710] [TDMA] TX UPLINK: frame=752 records=0
[2026-02-11T19:20:45.224416] BRAGE,76326,1,752,0,0,2,NONE,
[2026-02-11T19:20:45.303825] [TDMA] TX UPLINK: frame=753 records=0
[2026-02-11T19:20:45.323696] BRAGE,76426,1,753,0,0,2,NONE,
[2026-02-11T19:20:45.403500] [TDMA] TX UPLINK: frame=754 records=0
[2026-02-11T19:20:45.422981] BRAGE,76526,1,754,0,0,2,NONE,
[2026-02-11T19:20:45.503169] [TDMA] TX UPLINK: frame=755 records=0
[2026-02-11T19:20:45.522970] BRAGE,76626,1,755,0,0,2,NONE,
[2026-02-11T19:20:45.603409] [TDMA] TX UPLINK: frame=756 records=0
[2026-02-11T19:20:45.621616] BRAGE,76726,1,756,0,0,2,NONE,
[2026-02-11T19:20:45.701618] [TDMA] TX UPLINK: frame=757 records=0
[2026-02-11T19:20:45.721463] BRAGE,76826,1,757,0,0,2,NONE,
[2026-02-11T19:20:45.800588] [TDMA] TX UPLINK: frame=758 records=0
[2026-02-11T19:20:45.820622] BRAGE,76926,1,758,0,0,2,NONE,
[2026-02-11T19:20:45.900098] [TDMA] TX UPLINK: frame=759 records=0
[2026-02-11T19:20:45.920426] BRAGE,77026,1,759,0,0,2,NONE,
[2026-02-11T19:20:45.999958] [TDMA] TX UPLINK: frame=760 records=0
[2026-02-11T19:20:46.019952] BRAGE,77126,1,760,0,0,2,NONE,
[2026-02-11T19:20:46.101677] [TDMA] TX UPLINK: frame=761 records=0
[2026-02-11T19:20:46.118891] BRAGE,77226,1,761,0,0,2,NONE,
[2026-02-11T19:20:46.197894] [TDMA] TX UPLINK: frame=762 records=0
[2026-02-11T19:20:46.217826] BRAGE,77326,1,762,0,0,2,NONE,
[2026-02-11T19:20:46.297796] [TDMA] TX UPLINK: frame=763 records=0
[2026-02-11T19:20:46.317200] BRAGE,77426,1,763,0,0,2,NONE,
[2026-02-11T19:20:46.397310] [TDMA] TX UPLINK: frame=764 records=0
[2026-02-11T19:20:46.416922] BRAGE,77526,1,764,0,0,2,NONE,
[2026-02-11T19:20:46.496567] [TDMA] TX UPLINK: frame=765 records=0
[2026-02-11T19:20:46.516355] BRAGE,77626,1,765,0,0,2,NONE,
[2026-02-11T19:20:46.595913] [TDMA] TX UPLINK: frame=766 records=0
[2026-02-11T19:20:46.615526] BRAGE,77726,1,766,0,0,2,NONE,
[2026-02-11T19:20:46.694607] [TDMA] TX UPLINK: frame=767 records=0
[2026-02-11T19:20:46.714943] BRAGE,77826,1,767,0,0,2,NONE,
[2026-02-11T19:20:46.794480] [TDMA] TX UPLINK: frame=768 records=0
[2026-02-11T19:20:46.815160] BRAGE,77926,1,768,0,0,2,NONE,
[2026-02-11T19:20:46.893737] [TDMA] TX UPLINK: frame=769 records=0
[2026-02-11T19:20:46.913703] BRAGE,78026,1,769,0,0,2,NONE,
[2026-02-11T19:20:46.993332] [TDMA] TX UPLINK: frame=770 records=0
[2026-02-11T19:20:47.012976] BRAGE,78126,1,770,0,0,2,NONE,
[2026-02-11T19:20:47.092570] [TDMA] TX UPLINK: frame=771 records=0
[2026-02-11T19:20:47.112320] BRAGE,78226,1,771,0,0,2,NONE,
[2026-02-11T19:20:47.191814] [TDMA] TX UPLINK: frame=772 records=0
[2026-02-11T19:20:47.211213] BRAGE,78326,1,772,0,0,2,NONE,
[2026-02-11T19:20:47.291094] [TDMA] TX UPLINK: frame=773 records=0
[2026-02-11T19:20:47.310961] BRAGE,78426,1,773,0,0,2,NONE,
[2026-02-11T19:20:47.390846] [TDMA] TX UPLINK: frame=774 records=0
[2026-02-11T19:20:47.409982] BRAGE,78526,1,774,0,0,2,NONE,
[2026-02-11T19:20:47.489809] [TDMA] TX UPLINK: frame=775 records=0
[2026-02-11T19:20:47.509221] BRAGE,78626,1,775,0,0,2,NONE,
[2026-02-11T19:20:47.589089] [TDMA] TX UPLINK: frame=776 records=0
[2026-02-11T19:20:47.608994] BRAGE,78726,1,776,0,0,2,NONE,
[2026-02-11T19:20:47.688443] [TDMA] TX UPLINK: frame=777 records=0
[2026-02-11T19:20:47.708350] BRAGE,78826,1,777,0,0,2,NONE,
[2026-02-11T19:20:47.787449] [TDMA] TX UPLINK: frame=778 records=0
[2026-02-11T19:20:47.807580] BRAGE,78926,1,778,0,0,2,NONE,
[2026-02-11T19:20:47.887345] [TDMA] TX UPLINK: frame=779 records=0
[2026-02-11T19:20:47.907000] BRAGE,79026,1,779,0,0,2,NONE,
[2026-02-11T19:20:47.986500] [TDMA] TX UPLINK: frame=780 records=0
[2026-02-11T19:20:48.006357] BRAGE,79126,1,780,0,0,2,NONE,
[2026-02-11T19:20:48.085416] [TDMA] TX UPLINK: frame=781 records=0
[2026-02-11T19:20:48.105786] BRAGE,79226,1,781,0,0,2,NONE,
[2026-02-11T19:20:48.184847] [TDMA] TX UPLINK: frame=782 records=0
[2026-02-11T19:20:48.205050] BRAGE,79326,1,782,0,0,2,NONE,
[2026-02-11T19:20:48.284508] [TDMA] TX UPLINK: frame=783 records=0
[2026-02-11T19:20:48.304398] BRAGE,79426,1,783,0,0,2,NONE,
[2026-02-11T19:20:48.383992] [TDMA] TX UPLINK: frame=784 records=0
[2026-02-11T19:20:48.403419] BRAGE,79526,1,784,0,0,2,NONE,
[2026-02-11T19:20:48.483262] [TDMA] TX UPLINK: frame=785 records=0
[2026-02-11T19:20:48.502582] BRAGE,79626,1,785,0,0,2,NONE,
[2026-02-11T19:20:48.582938] [TDMA] TX UPLINK: frame=786 records=0
[2026-02-11T19:20:48.602012] BRAGE,79726,1,786,0,0,2,NONE,
[2026-02-11T19:20:48.681511] [TDMA] TX UPLINK: frame=787 records=0
[2026-02-11T19:20:48.701765] BRAGE,79826,1,787,0,0,2,NONE,
[2026-02-11T19:20:48.781472] [TDMA] TX UPLINK: frame=788 records=0
[2026-02-11T19:20:48.800762] BRAGE,79926,1,788,0,0,2,NONE,
[2026-02-11T19:20:48.880499] [TDMA] TX UPLINK: frame=789 records=0
[2026-02-11T19:20:48.900457] BRAGE,80026,1,789,0,0,2,NONE,
[2026-02-11T19:20:48.979945] [TDMA] TX UPLINK: frame=790 records=0
[2026-02-11T19:20:48.999864] BRAGE,80126,1,790,0,0,2,NONE,
[2026-02-11T19:20:49.079193] [TDMA] TX UPLINK: frame=791 records=0
[2026-02-11T19:20:49.098875] BRAGE,80226,1,791,0,0,2,NONE,
[2026-02-11T19:20:49.178084] [TDMA] TX UPLINK: frame=792 records=0
[2026-02-11T19:20:49.198041] BRAGE,80326,1,792,0,0,2,NONE,
[2026-02-11T19:20:49.277997] [TDMA] TX UPLINK: frame=793 records=0
[2026-02-11T19:20:49.297779] BRAGE,80426,1,793,0,0,2,NONE,
[2026-02-11T19:20:49.377014] [TDMA] TX UPLINK: frame=794 records=0
[2026-02-11T19:20:49.397022] BRAGE,80526,1,794,0,0,2,NONE,
[2026-02-11T19:20:49.476681] [TDMA] TX UPLINK: frame=795 records=0
[2026-02-11T19:20:49.496512] BRAGE,80626,1,795,0,0,2,NONE,
[2026-02-11T19:20:49.576076] [TDMA] TX UPLINK: frame=796 records=0
[2026-02-11T19:20:49.595901] BRAGE,80726,1,796,0,0,2,NONE,
[2026-02-11T19:20:49.675538] [TDMA] TX UPLINK: frame=797 records=0
[2026-02-11T19:20:49.694773] BRAGE,80826,1,797,0,0,2,NONE,
[2026-02-11T19:20:49.774696] [TDMA] TX UPLINK: frame=798 records=0
[2026-02-11T19:20:49.794534] BRAGE,80926,1,798,0,0,2,NONE,
[2026-02-11T19:20:49.873795] [TDMA] TX UPLINK: frame=799 records=0
[2026-02-11T19:20:49.893494] BRAGE,81026,1,799,0,0,2,NONE,
[2026-02-11T19:20:49.973717] [TDMA] TX UPLINK: frame=800 records=0
[2026-02-11T19:20:49.992868] BRAGE,81126,1,800,0,0,2,NONE,
[2026-02-11T19:20:50.073097] [TDMA] TX UPLINK: frame=801 records=0
[2026-02-11T19:20:50.092535] BRAGE,81226,1,801,0,0,2,NONE,
[2026-02-11T19:20:50.172056] [TDMA] TX UPLINK: frame=802 records=0
[2026-02-11T19:20:50.191903] BRAGE,81326,1,802,0,0,2,NONE,
[2026-02-11T19:20:50.271247] [TDMA] TX UPLINK: frame=803 records=0
[2026-02-11T19:20:50.291228] BRAGE,81426,1,803,0,0,2,NONE,
[2026-02-11T19:20:50.370695] [TDMA] TX UPLINK: frame=804 records=0
[2026-02-11T19:20:50.390278] BRAGE,81526,1,804,0,0,2,NONE,
[2026-02-11T19:20:50.470992] [TDMA] TX UPLINK: frame=805 records=0
[2026-02-11T19:20:50.489669] BRAGE,81626,1,805,0,0,2,NONE,
[2026-02-11T19:20:50.569377] [TDMA] TX UPLINK: frame=806 records=0
[2026-02-11T19:20:50.589530] BRAGE,81726,1,806,0,0,2,NONE,
[2026-02-11T19:20:50.669001] [TDMA] TX UPLINK: frame=807 records=0
[2026-02-11T19:20:50.688267] BRAGE,81826,1,807,0,0,2,NONE,
[2026-02-11T19:20:50.768291] [TDMA] TX UPLINK: frame=808 records=0
[2026-02-11T19:20:50.788147] BRAGE,81926,1,808,0,0,2,NONE,
[2026-02-11T19:20:50.867856] [TDMA] TX UPLINK: frame=809 records=0
[2026-02-11T19:20:50.887420] BRAGE,82026,1,809,0,0,2,NONE,
[2026-02-11T19:20:50.966392] [TDMA] TX UPLINK: frame=810 records=0
[2026-02-11T19:20:50.986407] BRAGE,82126,1,810,0,0,2,NONE,
[2026-02-11T19:20:51.066259] [TDMA] TX UPLINK: frame=811 records=0
[2026-02-11T19:20:51.086152] BRAGE,82226,1,811,0,0,2,NONE,
[2026-02-11T19:20:51.165981] [TDMA] TX UPLINK: frame=812 records=0
[2026-02-11T19:20:51.185606] BRAGE,82326,1,812,0,0,2,NONE,
[2026-02-11T19:20:51.264283] [TDMA] TX UPLINK: frame=813 records=0
[2026-02-11T19:20:51.284832] BRAGE,82426,1,813,0,0,1,NONE,
[2026-02-11T19:20:51.363698] [TDMA] TX UPLINK: frame=814 records=0
[2026-02-11T19:20:51.384187] BRAGE,82526,1,814,0,0,1,NONE,
[2026-02-11T19:20:51.463151] [TDMA] TX UPLINK: frame=815 records=0
[2026-02-11T19:20:51.483326] BRAGE,82626,1,815,0,0,1,NONE,
[2026-02-11T19:20:51.562681] [TDMA] TX UPLINK: frame=816 records=0
[2026-02-11T19:20:51.583424] BRAGE,82726,1,816,0,0,1,NONE,
[2026-02-11T19:20:51.663702] [TDMA] TX UPLINK: frame=817 records=0
[2026-02-11T19:20:51.681495] BRAGE,82826,1,817,0,0,1,NONE,
[2026-02-11T19:20:51.761692] [TDMA] TX UPLINK: frame=818 records=0
[2026-02-11T19:20:51.781807] BRAGE,82926,1,818,0,0,1,NONE,
[2026-02-11T19:20:51.860547] [TDMA] TX UPLINK: frame=819 records=0
[2026-02-11T19:20:51.880726] BRAGE,83026,1,819,0,0,1,NONE,
[2026-02-11T19:20:51.960195] [TDMA] TX UPLINK: frame=820 records=0
[2026-02-11T19:20:51.980210] BRAGE,83126,1,820,0,0,1,NONE,
[2026-02-11T19:20:52.059717] [TDMA] TX UPLINK: frame=821 records=0
[2026-02-11T19:20:52.079685] BRAGE,83226,1,821,0,0,1,NONE,
[2026-02-11T19:20:52.159003] [TDMA] TX UPLINK: frame=822 records=0
[2026-02-11T19:20:52.178515] BRAGE,83326,1,822,0,0,1,NONE,
[2026-02-11T19:20:52.258120] [TDMA] TX UPLINK: frame=823 records=0
[2026-02-11T19:20:52.277575] BRAGE,83426,1,823,0,0,1,NONE,
[2026-02-11T19:20:52.358032] [TDMA] TX UPLINK: frame=824 records=0
[2026-02-11T19:20:52.377496] BRAGE,83526,1,824,0,0,1,NONE,
[2026-02-11T19:20:52.456991] [TDMA] TX UPLINK: frame=825 records=0
[2026-02-11T19:20:52.478348] BRAGE,83626,1,825,0,0,1,NONE,
[2026-02-11T19:20:52.556762] [TDMA] TX UPLINK: frame=826 records=0
[2026-02-11T19:20:52.575841] BRAGE,83726,1,826,0,0,1,NONE,
[2026-02-11T19:20:52.655611] [TDMA] TX UPLINK: frame=827 records=0
[2026-02-11T19:20:52.675815] BRAGE,83826,1,827,0,0,1,NONE,
[2026-02-11T19:20:52.755042] [TDMA] TX UPLINK: frame=828 records=0
[2026-02-11T19:20:52.775104] BRAGE,83926,1,828,0,0,1,NONE,
[2026-02-11T19:20:52.854367] [TDMA] TX UPLINK: frame=829 records=0
[2026-02-11T19:20:52.874126] BRAGE,84026,1,829,0,0,1,NONE,
[2026-02-11T19:20:52.954017] [TDMA] TX UPLINK: frame=830 records=0
[2026-02-11T19:20:52.974045] BRAGE,84126,1,830,0,0,1,NONE,
[2026-02-11T19:20:53.053338] [TDMA] TX UPLINK: frame=831 records=0
[2026-02-11T19:20:53.072582] BRAGE,84226,1,831,0,0,1,NONE,
[2026-02-11T19:20:53.152057] [TDMA] TX UPLINK: frame=832 records=0
[2026-02-11T19:20:53.172196] BRAGE,84326,1,832,0,0,1,NONE,
[2026-02-11T19:20:53.251731] [TDMA] TX UPLINK: frame=833 records=0
[2026-02-11T19:20:53.272059] BRAGE,84426,1,833,0,0,1,NONE,
[2026-02-11T19:20:53.351427] [TDMA] TX UPLINK: frame=834 records=0
[2026-02-11T19:20:53.371298] BRAGE,84526,1,834,0,0,1,NONE,
[2026-02-11T19:20:53.450009] [TDMA] TX UPLINK: frame=835 records=0
[2026-02-11T19:20:53.470789] BRAGE,84626,1,835,0,0,1,NONE,
[2026-02-11T19:20:53.550090] [TDMA] TX UPLINK: frame=836 records=0
[2026-02-11T19:20:53.569725] BRAGE,84726,1,836,0,0,1,NONE,
[2026-02-11T19:20:53.649244] [TDMA] TX UPLINK: frame=837 records=0
[2026-02-11T19:20:53.669382] BRAGE,84826,1,837,0,0,1,NONE,
[2026-02-11T19:20:53.748534] [TDMA] TX UPLINK: frame=838 records=0
[2026-02-11T19:20:53.768121] BRAGE,84926,1,838,0,0,1,NONE,
[2026-02-11T19:20:53.848312] [TDMA] TX UPLINK: frame=839 records=0
[2026-02-11T19:20:53.867534] BRAGE,85026,1,839,0,0,1,NONE,
[2026-02-11T19:20:53.947330] [TDMA] TX UPLINK: frame=840 records=0
[2026-02-11T19:20:53.966822] BRAGE,85126,1,840,0,0,1,NONE,
[2026-02-11T19:20:54.046845] [TDMA] TX UPLINK: frame=841 records=0
[2026-02-11T19:20:54.066816] BRAGE,85226,1,841,0,0,1,NONE,
[2026-02-11T19:20:54.146064] [TDMA] TX UPLINK: frame=842 records=0
[2026-02-11T19:20:54.165543] BRAGE,85326,1,842,0,0,1,NONE,
[2026-02-11T19:20:54.245170] [TDMA] TX UPLINK: frame=843 records=0
[2026-02-11T19:20:54.265411] BRAGE,85426,1,843,0,0,0,NONE,
[2026-02-11T19:20:54.344892] [TDMA] TX UPLINK: frame=844 records=0
[2026-02-11T19:20:54.364810] BRAGE,85526,1,844,0,0,0,NONE,
[2026-02-11T19:20:54.443628] [TDMA] TX UPLINK: frame=845 records=0
[2026-02-11T19:20:54.463711] BRAGE,85626,1,845,0,0,0,NONE,
[2026-02-11T19:20:54.543078] [TDMA] TX UPLINK: frame=846 records=0
[2026-02-11T19:20:54.563299] BRAGE,85726,1,846,0,0,0,NONE,
[2026-02-11T19:20:54.642880] [TDMA] TX UPLINK: frame=847 records=0
[2026-02-11T19:20:54.662841] BRAGE,85826,1,847,0,0,0,NONE,
[2026-02-11T19:20:54.741772] [TDMA] TX UPLINK: frame=848 records=0
[2026-02-11T19:20:54.762021] BRAGE,85926,1,848,0,0,0,NONE,
[2026-02-11T19:20:54.841562] [TDMA] TX UPLINK: frame=849 records=0
[2026-02-11T19:20:54.861043] BRAGE,86026,1,849,0,0,0,NONE,
[2026-02-11T19:20:54.940698] [TDMA] TX UPLINK: frame=850 records=0
[2026-02-11T19:20:54.960840] BRAGE,86126,1,850,0,0,0,NONE,
[2026-02-11T19:20:55.040118] [TDMA] TX UPLINK: frame=851 records=0
[2026-02-11T19:20:55.059679] BRAGE,86226,1,851,0,0,0,NONE,
[2026-02-11T19:20:55.139958] [TDMA] TX UPLINK: frame=852 records=0
[2026-02-11T19:20:55.159753] BRAGE,86326,1,852,0,0,0,NONE,
[2026-02-11T19:20:55.238850] [TDMA] TX UPLINK: frame=853 records=0
[2026-02-11T19:20:55.259094] BRAGE,86426,1,853,0,0,0,NONE,
[2026-02-11T19:20:55.338229] [TDMA] TX UPLINK: frame=854 records=0
[2026-02-11T19:20:55.358170] BRAGE,86526,1,854,0,0,0,NONE,
[2026-02-11T19:20:55.437705] [TDMA] TX UPLINK: frame=855 records=0
[2026-02-11T19:20:55.457479] BRAGE,86626,1,855,0,0,0,NONE,
[2026-02-11T19:20:55.541440] [TDMA] TX UPLINK: frame=856 records=0
[2026-02-11T19:20:55.556874] BRAGE,86726,1,856,0,0,0,NONE,
[2026-02-11T19:20:55.636341] [TDMA] TX UPLINK: frame=857 records=0
[2026-02-11T19:20:55.655879] BRAGE,86826,1,857,0,0,0,NONE,
[2026-02-11T19:20:55.735364] [TDMA] TX UPLINK: frame=858 records=0
[2026-02-11T19:20:55.755175] BRAGE,86926,1,858,0,0,0,NONE,
[2026-02-11T19:20:55.835109] [TDMA] TX UPLINK: frame=859 records=0
[2026-02-11T19:20:55.854966] BRAGE,87026,1,859,0,0,0,NONE,
[2026-02-11T19:20:55.934423] [TDMA] TX UPLINK: frame=860 records=0
[2026-02-11T19:20:55.954292] BRAGE,87126,1,860,0,0,0,NONE,
[2026-02-11T19:20:56.033563] [TDMA] TX UPLINK: frame=861 records=0
[2026-02-11T19:20:56.053327] BRAGE,87226,1,861,0,0,0,NONE,
[2026-02-11T19:20:56.133133] [TDMA] TX UPLINK: frame=862 records=0
[2026-02-11T19:20:56.152764] BRAGE,87326,1,862,0,0,0,NONE,
[2026-02-11T19:20:56.170957] [SX1280] CRC error
[2026-02-11T19:20:56.232674] [TDMA] TX UPLINK: frame=863 records=0
[2026-02-11T19:20:56.253086] BRAGE,87426,1,863,0,0,0,NONE,
[2026-02-11T19:20:56.331848] [TDMA] TX UPLINK: frame=864 records=0
[2026-02-11T19:20:56.352010] BRAGE,87526,1,864,0,0,0,NONE,
[2026-02-11T19:20:56.431185] [TDMA] TX UPLINK: frame=865 records=0
[2026-02-11T19:20:56.451071] BRAGE,87626,1,865,0,0,0,NONE,
[2026-02-11T19:20:56.530816] [TDMA] TX UPLINK: frame=866 records=0
[2026-02-11T19:20:56.550416] BRAGE,87726,1,866,0,0,0,NONE,
[2026-02-11T19:20:56.629485] [TDMA] TX UPLINK: frame=867 records=0
[2026-02-11T19:20:56.649980] BRAGE,87826,1,867,0,0,0,NONE,
[2026-02-11T19:20:56.729270] [TDMA] TX UPLINK: frame=868 records=0
[2026-02-11T19:20:56.749283] BRAGE,87926,1,868,0,0,0,NONE,
[2026-02-11T19:20:56.829349] [TDMA] TX UPLINK: frame=869 records=0
[2026-02-11T19:20:56.848476] BRAGE,88026,1,869,0,0,0,NONE,
[2026-02-11T19:20:56.927615] [TDMA] TX UPLINK: frame=870 records=0
[2026-02-11T19:20:56.948066] BRAGE,88126,1,870,0,0,0,NONE,
[2026-02-11T19:20:57.027059] [TDMA] TX UPLINK: frame=871 records=0
[2026-02-11T19:20:57.047192] BRAGE,88226,1,871,0,0,0,NONE,
[2026-02-11T19:20:57.126378] [TDMA] TX UPLINK: frame=872 records=0
[2026-02-11T19:20:57.146582] BRAGE,88326,1,872,0,0,0,NONE,
[2026-02-11T19:20:57.225836] [TDMA] TX UPLINK: frame=873 records=0
[2026-02-11T19:20:57.246034] BRAGE,88426,1,873,0,0,0,NONE,
[2026-02-11T19:20:57.326682] [TDMA] TX UPLINK: frame=874 records=0
[2026-02-11T19:20:57.345287] BRAGE,88526,1,874,0,0,0,NONE,
[2026-02-11T19:20:57.425062] [TDMA] TX UPLINK: frame=875 records=0
[2026-02-11T19:20:57.444325] BRAGE,88626,1,875,0,0,0,NONE,
[2026-02-11T19:20:57.524204] [TDMA] TX UPLINK: frame=876 records=0
[2026-02-11T19:20:57.544036] BRAGE,88726,1,876,0,0,0,NONE,
[2026-02-11T19:20:57.623448] [TDMA] TX UPLINK: frame=877 records=0
[2026-02-11T19:20:57.642969] BRAGE,88826,1,877,0,0,0,NONE,
[2026-02-11T19:20:57.722886] [TDMA] TX UPLINK: frame=878 records=0
[2026-02-11T19:20:57.742769] BRAGE,88926,1,878,0,0,0,NONE,
[2026-02-11T19:20:57.822198] [TDMA] TX UPLINK: frame=879 records=0
[2026-02-11T19:20:57.842234] BRAGE,89026,1,879,0,0,0,NONE,
[2026-02-11T19:20:57.921539] [TDMA] TX UPLINK: frame=880 records=0
[2026-02-11T19:20:57.941379] BRAGE,89126,1,880,0,0,0,NONE,
[2026-02-11T19:20:58.021184] [TDMA] TX UPLINK: frame=881 records=0
[2026-02-11T19:20:58.040473] BRAGE,89226,1,881,0,0,0,NONE,
[2026-02-11T19:20:58.120249] [TDMA] TX UPLINK: frame=882 records=0
[2026-02-11T19:20:58.140180] BRAGE,89326,1,882,0,0,0,NONE,
[2026-02-11T19:20:58.219096] [TDMA] TX UPLINK: frame=883 records=0
[2026-02-11T19:20:58.239401] BRAGE,89426,1,883,0,0,0,NONE,
[2026-02-11T19:20:58.319330] [TDMA] TX UPLINK: frame=884 records=0
[2026-02-11T19:20:58.339348] BRAGE,89526,1,884,0,0,0,NONE,
[2026-02-11T19:20:58.418518] [TDMA] TX UPLINK: frame=885 records=0
[2026-02-11T19:20:58.438421] BRAGE,89626,1,885,0,0,0,NONE,
[2026-02-11T19:20:58.517286] [TDMA] TX UPLINK: frame=886 records=0
[2026-02-11T19:20:58.537518] BRAGE,89726,1,886,0,0,0,NONE,
[2026-02-11T19:20:58.617281] [TDMA] TX UPLINK: frame=887 records=0
[2026-02-11T19:20:58.637210] BRAGE,89826,1,887,0,0,0,NONE,
[2026-02-11T19:20:58.716611] [TDMA] TX UPLINK: frame=888 records=0
[2026-02-11T19:20:58.736485] BRAGE,89926,1,888,0,0,0,NONE,
[2026-02-11T19:20:58.815672] [TDMA] TX UPLINK: frame=889 records=0
[2026-02-11T19:20:58.836073] BRAGE,90026,1,889,0,0,0,NONE,
[2026-02-11T19:20:58.915358] [TDMA] TX UPLINK: frame=890 records=0
[2026-02-11T19:20:58.935705] BRAGE,90126,1,890,0,0,0,NONE,
[2026-02-11T19:20:59.014717] [TDMA] TX UPLINK: frame=891 records=0
[2026-02-11T19:20:59.034177] BRAGE,90226,1,891,0,0,0,NONE,
[2026-02-11T19:20:59.114031] [TDMA] TX UPLINK: frame=892 records=0
[2026-02-11T19:20:59.133340] BRAGE,90326,1,892,0,0,0,NONE,
[2026-02-11T19:20:59.213672] [TDMA] TX UPLINK: frame=893 records=0
[2026-02-11T19:20:59.232515] BRAGE,90426,1,893,0,0,0,NONE,
[2026-02-11T19:20:59.311981] [TDMA] TX UPLINK: frame=894 records=0
[2026-02-11T19:20:59.332105] BRAGE,90526,1,894,0,0,0,NONE,
[2026-02-11T19:20:59.412227] [TDMA] TX UPLINK: frame=895 records=0
[2026-02-11T19:20:59.432137] BRAGE,90626,1,895,0,0,0,NONE,
[2026-02-11T19:20:59.510744] [TDMA] TX UPLINK: frame=896 records=0
[2026-02-11T19:20:59.530570] BRAGE,90726,1,896,0,0,0,NONE,
[2026-02-11T19:20:59.610773] [TDMA] TX UPLINK: frame=897 records=0
[2026-02-11T19:20:59.630295] BRAGE,90826,1,897,0,0,0,NONE,
[2026-02-11T19:20:59.709963] [TDMA] TX UPLINK: frame=898 records=0
[2026-02-11T19:20:59.730177] BRAGE,90926,1,898,0,0,0,NONE,
[2026-02-11T19:20:59.808769] [TDMA] TX UPLINK: frame=899 records=0
[2026-02-11T19:20:59.828850] BRAGE,91026,1,899,0,0,0,NONE,
[2026-02-11T19:20:59.908202] [TDMA] TX UPLINK: frame=900 records=0
[2026-02-11T19:20:59.928479] BRAGE,91126,1,900,0,0,0,NONE,
[2026-02-11T19:21:00.007411] [TDMA] TX UPLINK: frame=901 records=0
[2026-02-11T19:21:00.027381] BRAGE,91226,1,901,0,0,0,NONE,
[2026-02-11T19:21:00.046252] RX CAN id=0x720 dlc=8
[2026-02-11T19:21:00.107396] [TDMA] TX UPLINK: frame=902 records=0
[2026-02-11T19:21:00.127154] BRAGE,91326,1,902,-70,3,1,UL,
[2026-02-11T19:21:00.206915] [TDMA] TX UPLINK: frame=903 records=0
[2026-02-11T19:21:00.226414] BRAGE,91426,1,903,0,0,1,NONE,
[2026-02-11T19:21:00.306461] [TDMA] TX UPLINK: frame=904 records=0
[2026-02-11T19:21:00.325855] BRAGE,91526,1,904,0,0,1,NONE,
[2026-02-11T19:21:00.404892] [TDMA] TX UPLINK: frame=905 records=0
[2026-02-11T19:21:00.424825] BRAGE,91626,1,905,0,0,1,NONE,
[2026-02-11T19:21:00.504584] [TDMA] TX UPLINK: frame=906 records=0
[2026-02-11T19:21:00.524540] BRAGE,91726,1,906,0,0,1,NONE,
[2026-02-11T19:21:00.604243] [TDMA] TX UPLINK: frame=907 records=0
[2026-02-11T19:21:00.623507] BRAGE,91826,1,907,0,0,1,NONE,
[2026-02-11T19:21:00.703483] [TDMA] TX UPLINK: frame=908 records=0
[2026-02-11T19:21:00.723297] BRAGE,91926,1,908,0,0,1,NONE,
[2026-02-11T19:21:00.802809] [TDMA] TX UPLINK: frame=909 records=0
[2026-02-11T19:21:00.822689] BRAGE,92026,1,909,0,0,1,NONE,
[2026-02-11T19:21:00.904305] [TDMA] TX UPLINK: frame=910 records=0
[2026-02-11T19:21:00.922224] BRAGE,92126,1,910,0,0,1,NONE,
[2026-02-11T19:21:01.001490] [TDMA] TX UPLINK: frame=911 records=0
[2026-02-11T19:21:01.021333] BRAGE,92226,1,911,0,0,1,NONE,
[2026-02-11T19:21:01.039759] RX CAN id=0x720 dlc=8
[2026-02-11T19:21:01.100823] [TDMA] TX UPLINK: frame=912 records=0
[2026-02-11T19:21:01.120272] BRAGE,92326,1,912,-73,5,2,UL,
[2026-02-11T19:21:01.200304] [TDMA] TX UPLINK: frame=913 records=0
[2026-02-11T19:21:01.220275] BRAGE,92426,1,913,0,0,2,NONE,
[2026-02-11T19:21:01.299716] [TDMA] TX UPLINK: frame=914 records=0
[2026-02-11T19:21:01.319395] BRAGE,92526,1,914,0,0,2,NONE,
[2026-02-11T19:21:01.398863] [TDMA] TX UPLINK: frame=915 records=0
[2026-02-11T19:21:01.418384] BRAGE,92626,1,915,0,0,2,NONE,
[2026-02-11T19:21:01.498307] [TDMA] TX UPLINK: frame=916 records=0
[2026-02-11T19:21:01.518255] BRAGE,92726,1,916,0,0,2,NONE,
[2026-02-11T19:21:01.597500] [TDMA] TX UPLINK: frame=917 records=0
[2026-02-11T19:21:01.617424] BRAGE,92826,1,917,0,0,2,NONE,
[2026-02-11T19:21:01.696782] [TDMA] TX UPLINK: frame=918 records=0
[2026-02-11T19:21:01.716823] BRAGE,92926,1,918,0,0,2,NONE,
[2026-02-11T19:21:01.796308] [TDMA] TX UPLINK: frame=919 records=0
[2026-02-11T19:21:01.816405] BRAGE,93026,1,919,0,0,2,NONE,
[2026-02-11T19:21:01.895615] [TDMA] TX UPLINK: frame=920 records=0
[2026-02-11T19:21:01.916420] BRAGE,93126,1,920,0,0,2,NONE,
[2026-02-11T19:21:01.994786] [TDMA] TX UPLINK: frame=921 records=0
[2026-02-11T19:21:02.014917] BRAGE,93226,1,921,0,0,2,NONE,
[2026-02-11T19:21:02.033266] RX CAN id=0x720 dlc=8
[2026-02-11T19:21:02.094059] [TDMA] TX UPLINK: frame=922 records=0
[2026-02-11T19:21:02.114238] BRAGE,93326,1,922,-68,5,3,UL,
[2026-02-11T19:21:02.194031] [TDMA] TX UPLINK: frame=923 records=0
[2026-02-11T19:21:02.213740] BRAGE,93426,1,923,0,0,3,NONE,
[2026-02-11T19:21:02.292567] [TDMA] TX UPLINK: frame=924 records=0
[2026-02-11T19:21:02.313081] BRAGE,93526,1,924,0,0,3,NONE,
[2026-02-11T19:21:02.392468] [TDMA] TX UPLINK: frame=925 records=0
[2026-02-11T19:21:02.412359] BRAGE,93626,1,925,0,0,3,NONE,
[2026-02-11T19:21:02.492136] [TDMA] TX UPLINK: frame=926 records=0
[2026-02-11T19:21:02.511944] BRAGE,93726,1,926,0,0,3,NONE,
[2026-02-11T19:21:02.591353] [TDMA] TX UPLINK: frame=927 records=0
[2026-02-11T19:21:02.610969] BRAGE,93826,1,927,0,0,3,NONE,
[2026-02-11T19:21:02.690202] [TDMA] TX UPLINK: frame=928 records=0
[2026-02-11T19:21:02.710011] BRAGE,93926,1,928,0,0,3,NONE,
[2026-02-11T19:21:02.789992] [TDMA] TX UPLINK: frame=929 records=0
[2026-02-11T19:21:02.809904] BRAGE,94026,1,929,0,0,3,NONE,
[2026-02-11T19:21:02.889233] [TDMA] TX UPLINK: frame=930 records=0
[2026-02-11T19:21:02.909346] BRAGE,94126,1,930,0,0,3,NONE,
[2026-02-11T19:21:02.988327] [TDMA] TX UPLINK: frame=931 records=0
[2026-02-11T19:21:03.007870] BRAGE,94226,1,931,0,0,3,NONE,
[2026-02-11T19:21:03.088038] [TDMA] TX UPLINK: frame=932 records=0
[2026-02-11T19:21:03.107929] BRAGE,94326,1,932,0,0,3,NONE,
[2026-02-11T19:21:03.187835] [TDMA] TX UPLINK: frame=933 records=0
[2026-02-11T19:21:03.206937] BRAGE,94426,1,933,0,0,3,NONE,
[2026-02-11T19:21:03.286070] [TDMA] TX UPLINK: frame=934 records=0
[2026-02-11T19:21:03.306373] BRAGE,94526,1,934,0,0,3,NONE,
[2026-02-11T19:21:03.385910] [TDMA] TX UPLINK: frame=935 records=0
[2026-02-11T19:21:03.405896] BRAGE,94626,1,935,0,0,3,NONE,
[2026-02-11T19:21:03.484939] [TDMA] TX UPLINK: frame=936 records=0
[2026-02-11T19:21:03.504814] BRAGE,94726,1,936,0,0,3,NONE,
[2026-02-11T19:21:03.584513] [TDMA] TX UPLINK: frame=937 records=0
[2026-02-11T19:21:03.604439] BRAGE,94826,1,937,0,0,3,NONE,
[2026-02-11T19:21:03.683949] [TDMA] TX UPLINK: frame=938 records=0
[2026-02-11T19:21:03.703351] BRAGE,94926,1,938,0,0,3,NONE,
[2026-02-11T19:21:03.783441] [TDMA] TX UPLINK: frame=939 records=0
[2026-02-11T19:21:03.803421] BRAGE,95026,1,939,0,0,3,NONE,
[2026-02-11T19:21:03.882289] [TDMA] TX UPLINK: frame=940 records=0
[2026-02-11T19:21:03.903767] BRAGE,95126,1,940,0,0,3,NONE,
[2026-02-11T19:21:03.981950] [TDMA] TX UPLINK: frame=941 records=0
[2026-02-11T19:21:04.001386] BRAGE,95226,1,941,0,0,3,NONE,
[2026-02-11T19:21:04.081445] [TDMA] TX UPLINK: frame=942 records=0
[2026-02-11T19:21:04.101411] BRAGE,95326,1,942,0,0,3,NONE,
[2026-02-11T19:21:04.180893] [TDMA] TX UPLINK: frame=943 records=0
[2026-02-11T19:21:04.200516] BRAGE,95426,1,943,0,0,3,NONE,
[2026-02-11T19:21:04.280053] [TDMA] TX UPLINK: frame=944 records=0
[2026-02-11T19:21:04.299894] BRAGE,95526,1,944,0,0,3,NONE,
[2026-02-11T19:21:04.379480] [TDMA] TX UPLINK: frame=945 records=0
[2026-02-11T19:21:04.399571] BRAGE,95626,1,945,0,0,3,NONE,
[2026-02-11T19:21:04.478745] [TDMA] TX UPLINK: frame=946 records=0
[2026-02-11T19:21:04.498546] BRAGE,95726,1,946,0,0,3,NONE,
[2026-02-11T19:21:04.578114] [TDMA] TX UPLINK: frame=947 records=0
[2026-02-11T19:21:04.597580] BRAGE,95826,1,947,0,0,3,NONE,
[2026-02-11T19:21:04.677512] [TDMA] TX UPLINK: frame=948 records=0
[2026-02-11T19:21:04.697376] BRAGE,95926,1,948,0,0,3,NONE,
[2026-02-11T19:21:04.776813] [TDMA] TX UPLINK: frame=949 records=0
[2026-02-11T19:21:04.796626] BRAGE,96026,1,949,0,0,3,NONE,
[2026-02-11T19:21:04.875628] [TDMA] TX UPLINK: frame=950 records=0
[2026-02-11T19:21:04.895942] BRAGE,96126,1,950,0,0,3,NONE,
[2026-02-11T19:21:04.975566] [TDMA] TX UPLINK: frame=951 records=0
[2026-02-11T19:21:04.996114] BRAGE,96226,1,951,0,0,3,NONE,
[2026-02-11T19:21:05.074465] [TDMA] TX UPLINK: frame=952 records=0
[2026-02-11T19:21:05.094353] BRAGE,96326,1,952,0,0,3,NONE,
[2026-02-11T19:21:05.173809] [TDMA] TX UPLINK: frame=953 records=0
[2026-02-11T19:21:05.193932] BRAGE,96426,1,953,0,0,3,NONE,
[2026-02-11T19:21:05.273562] [TDMA] TX UPLINK: frame=954 records=0
[2026-02-11T19:21:05.293212] BRAGE,96526,1,954,0,0,3,NONE,
[2026-02-11T19:21:05.372900] [TDMA] TX UPLINK: frame=955 records=0
[2026-02-11T19:21:05.392792] BRAGE,96626,1,955,0,0,3,NONE,
[2026-02-11T19:21:05.471924] [TDMA] TX UPLINK: frame=956 records=0
[2026-02-11T19:21:05.493625] BRAGE,96726,1,956,0,0,3,NONE,
[2026-02-11T19:21:05.571165] [TDMA] TX UPLINK: frame=957 records=0
[2026-02-11T19:21:05.591428] BRAGE,96826,1,957,0,0,3,NONE,
[2026-02-11T19:21:05.670957] [TDMA] TX UPLINK: frame=958 records=0
[2026-02-11T19:21:05.690529] BRAGE,96926,1,958,0,0,3,NONE,
[2026-02-11T19:21:05.769942] [TDMA] TX UPLINK: frame=959 records=0
[2026-02-11T19:21:05.790144] BRAGE,97026,1,959,0,0,3,NONE,
[2026-02-11T19:21:05.869815] [TDMA] TX UPLINK: frame=960 records=0
[2026-02-11T19:21:05.889070] BRAGE,97126,1,960,0,0,3,NONE,
[2026-02-11T19:21:05.968568] [TDMA] TX UPLINK: frame=961 records=0
[2026-02-11T19:21:05.988447] BRAGE,97226,1,961,0,0,3,NONE,
[2026-02-11T19:21:06.068618] [TDMA] TX UPLINK: frame=962 records=0
[2026-02-11T19:21:06.088134] BRAGE,97326,1,962,0,0,3,NONE,
[2026-02-11T19:21:06.168058] [TDMA] TX UPLINK: frame=963 records=0
[2026-02-11T19:21:06.187106] BRAGE,97426,1,963,0,0,3,NONE,
[2026-02-11T19:21:06.266951] [TDMA] TX UPLINK: frame=964 records=0
[2026-02-11T19:21:06.286907] BRAGE,97526,1,964,0,0,3,NONE,
[2026-02-11T19:21:06.367849] [TDMA] TX UPLINK: frame=965 records=0
[2026-02-11T19:21:06.386278] BRAGE,97626,1,965,0,0,3,NONE,
[2026-02-11T19:21:06.465684] [TDMA] TX UPLINK: frame=966 records=0
[2026-02-11T19:21:06.485698] BRAGE,97726,1,966,0,0,3,NONE,
[2026-02-11T19:21:06.564985] [TDMA] TX UPLINK: frame=967 records=0
[2026-02-11T19:21:06.584477] BRAGE,97826,1,967,0,0,3,NONE,
[2026-02-11T19:21:06.664633] [TDMA] TX UPLINK: frame=968 records=0
[2026-02-11T19:21:06.684298] BRAGE,97926,1,968,0,0,3,NONE,
[2026-02-11T19:21:06.763259] [TDMA] TX UPLINK: frame=969 records=0
[2026-02-11T19:21:06.783400] BRAGE,98026,1,969,0,0,3,NONE,
[2026-02-11T19:21:06.863176] [TDMA] TX UPLINK: frame=970 records=0
[2026-02-11T19:21:06.883115] BRAGE,98126,1,970,0,0,3,NONE,
[2026-02-11T19:21:06.962675] [TDMA] TX UPLINK: frame=971 records=0
[2026-02-11T19:21:06.982185] BRAGE,98226,1,971,0,0,3,NONE,
[2026-02-11T19:21:07.061800] [TDMA] TX UPLINK: frame=972 records=0
[2026-02-11T19:21:07.081580] BRAGE,98326,1,972,0,0,3,NONE,
[2026-02-11T19:21:07.161019] [TDMA] TX UPLINK: frame=973 records=0
[2026-02-11T19:21:07.181071] BRAGE,98426,1,973,0,0,3,NONE,
[2026-02-11T19:21:07.260350] [TDMA] TX UPLINK: frame=974 records=0
[2026-02-11T19:21:07.280338] BRAGE,98526,1,974,0,0,3,NONE,
[2026-02-11T19:21:07.359626] [TDMA] TX UPLINK: frame=975 records=0
[2026-02-11T19:21:07.381065] BRAGE,98626,1,975,0,0,3,NONE,
[2026-02-11T19:21:07.459158] [TDMA] TX UPLINK: frame=976 records=0
[2026-02-11T19:21:07.478458] BRAGE,98726,1,976,0,0,3,NONE,
[2026-02-11T19:21:07.558870] [TDMA] TX UPLINK: frame=977 records=0
[2026-02-11T19:21:07.578704] BRAGE,98826,1,977,0,0,3,NONE,
[2026-02-11T19:21:07.657855] [TDMA] TX UPLINK: frame=978 records=0
[2026-02-11T19:21:07.677588] BRAGE,98926,1,978,0,0,3,NONE,
[2026-02-11T19:21:07.756610] [TDMA] TX UPLINK: frame=979 records=0
[2026-02-11T19:21:07.776502] BRAGE,99026,1,979,0,0,3,NONE,
[2026-02-11T19:21:07.856788] [TDMA] TX UPLINK: frame=980 records=0
[2026-02-11T19:21:07.876717] BRAGE,99126,1,980,0,0,3,NONE,
[2026-02-11T19:21:07.955983] [TDMA] TX UPLINK: frame=981 records=0
[2026-02-11T19:21:07.975429] BRAGE,99226,1,981,0,0,3,NONE,
[2026-02-11T19:21:08.054772] [TDMA] TX UPLINK: frame=982 records=0
[2026-02-11T19:21:08.074712] BRAGE,99326,1,982,0,0,3,NONE,
[2026-02-11T19:21:08.154009] [TDMA] TX UPLINK: frame=983 records=0
[2026-02-11T19:21:08.174768] BRAGE,99426,1,983,0,0,3,NONE,
[2026-02-11T19:21:08.254007] [TDMA] TX UPLINK: frame=984 records=0
[2026-02-11T19:21:08.273972] BRAGE,99526,1,984,0,0,3,NONE,
[2026-02-11T19:21:08.352537] [TDMA] TX UPLINK: frame=985 records=0
[2026-02-11T19:21:08.372930] BRAGE,99626,1,985,0,0,3,NONE,
[2026-02-11T19:21:08.452710] [TDMA] TX UPLINK: frame=986 records=0
[2026-02-11T19:21:08.472576] BRAGE,99726,1,986,0,0,3,NONE,
[2026-02-11T19:21:08.554983] [TDMA] TX UPLINK: frame=987 records=0
[2026-02-11T19:21:08.571206] BRAGE,99826,1,987,0,0,3,NONE,
[2026-02-11T19:21:08.651013] [TDMA] TX UPLINK: frame=988 records=0
[2026-02-11T19:21:08.671031] BRAGE,99926,1,988,0,0,3,NONE,
[2026-02-11T19:21:08.750110] [TDMA] TX UPLINK: frame=989 records=0
[2026-02-11T19:21:08.770704] BRAGE,100026,1,989,0,0,3,NONE,
[2026-02-11T19:21:08.849804] [TDMA] TX UPLINK: frame=990 records=0
[2026-02-11T19:21:08.869798] BRAGE,100126,1,990,0,0,3,NONE,
[2026-02-11T19:21:08.949156] [TDMA] TX UPLINK: frame=991 records=0
[2026-02-11T19:21:08.969277] BRAGE,100226,1,991,0,0,3,NONE,
[2026-02-11T19:21:09.048889] [TDMA] TX UPLINK: frame=992 records=0
[2026-02-11T19:21:09.068217] BRAGE,100326,1,992,0,0,3,NONE,
[2026-02-11T19:21:09.148019] [TDMA] TX UPLINK: frame=993 records=0
[2026-02-11T19:21:09.167992] BRAGE,100426,1,993,0,0,3,NONE,
[2026-02-11T19:21:09.246895] [TDMA] TX UPLINK: frame=994 records=0
[2026-02-11T19:21:09.267002] BRAGE,100526,1,994,0,0,3,NONE,
[2026-02-11T19:21:09.346990] [TDMA] TX UPLINK: frame=995 records=0
[2026-02-11T19:21:09.366195] BRAGE,100626,1,995,0,0,3,NONE,
[2026-02-11T19:21:09.446102] [TDMA] TX UPLINK: frame=996 records=0
[2026-02-11T19:21:09.465296] BRAGE,100726,1,996,0,0,3,NONE,
[2026-02-11T19:21:09.544985] [TDMA] TX UPLINK: frame=997 records=0
[2026-02-11T19:21:09.565060] BRAGE,100826,1,997,0,0,3,NONE,
[2026-02-11T19:21:09.644202] [TDMA] TX UPLINK: frame=998 records=0
[2026-02-11T19:21:09.664028] BRAGE,100926,1,998,0,0,3,NONE,
[2026-02-11T19:21:09.743926] [TDMA] TX UPLINK: frame=999 records=0
[2026-02-11T19:21:09.763418] BRAGE,101026,1,999,0,0,3,NONE,
[2026-02-11T19:21:09.843518] [TDMA] TX UPLINK: frame=1000 records=0
[2026-02-11T19:21:09.862795] BRAGE,101126,1,1000,0,0,3,NONE,
[2026-02-11T19:21:09.942086] [TDMA] TX UPLINK: frame=1001 records=0
[2026-02-11T19:21:09.962053] BRAGE,101226,1,1001,0,0,3,NONE,
[2026-02-11T19:21:10.041926] [TDMA] TX UPLINK: frame=1002 records=0
[2026-02-11T19:21:10.061753] BRAGE,101326,1,1002,0,0,2,NONE,
[2026-02-11T19:21:10.141242] [TDMA] TX UPLINK: frame=1003 records=0
[2026-02-11T19:21:10.161168] BRAGE,101426,1,1003,0,0,2,NONE,
[2026-02-11T19:21:10.240201] [TDMA] TX UPLINK: frame=1004 records=0
[2026-02-11T19:21:10.260462] BRAGE,101526,1,1004,0,0,2,NONE,
[2026-02-11T19:21:10.339900] [TDMA] TX UPLINK: frame=1005 records=0
[2026-02-11T19:21:10.360047] BRAGE,101626,1,1005,0,0,2,NONE,
[2026-02-11T19:21:10.439250] [TDMA] TX UPLINK: frame=1006 records=0
[2026-02-11T19:21:10.459155] BRAGE,101726,1,1006,0,0,2,NONE,
[2026-02-11T19:21:10.538222] [TDMA] TX UPLINK: frame=1007 records=0
[2026-02-11T19:21:10.558491] BRAGE,101826,1,1007,0,0,2,NONE,
[2026-02-11T19:21:10.637983] [TDMA] TX UPLINK: frame=1008 records=0
[2026-02-11T19:21:10.658017] BRAGE,101926,1,1008,0,0,2,NONE,
[2026-02-11T19:21:10.737341] [TDMA] TX UPLINK: frame=1009 records=0
[2026-02-11T19:21:10.757193] BRAGE,102026,1,1009,0,0,2,NONE,
[2026-02-11T19:21:10.836928] [TDMA] TX UPLINK: frame=1010 records=0
[2026-02-11T19:21:10.856570] BRAGE,102126,1,1010,0,0,2,NONE,
[2026-02-11T19:21:10.936050] [TDMA] TX UPLINK: frame=1011 records=0
[2026-02-11T19:21:10.955471] BRAGE,102226,1,1011,0,0,2,NONE,
[2026-02-11T19:21:11.035319] [TDMA] TX UPLINK: frame=1012 records=0
[2026-02-11T19:21:11.054873] BRAGE,102326,1,1012,0,0,1,NONE,
[2026-02-11T19:21:11.134322] [TDMA] TX UPLINK: frame=1013 records=0
[2026-02-11T19:21:11.154218] BRAGE,102426,1,1013,0,0,1,NONE,
[2026-02-11T19:21:11.233980] [TDMA] TX UPLINK: frame=1014 records=0
[2026-02-11T19:21:11.253547] BRAGE,102526,1,1014,0,0,1,NONE,
[2026-02-11T19:21:11.333123] [TDMA] TX UPLINK: frame=1015 records=0
[2026-02-11T19:21:11.353370] BRAGE,102626,1,1015,0,0,1,NONE,
[2026-02-11T19:21:11.433089] [TDMA] TX UPLINK: frame=1016 records=0
[2026-02-11T19:21:11.453142] BRAGE,102726,1,1016,0,0,1,NONE,
[2026-02-11T19:21:11.532437] [TDMA] TX UPLINK: frame=1017 records=0
[2026-02-11T19:21:11.551907] BRAGE,102826,1,1017,0,0,1,NONE,
[2026-02-11T19:21:11.631279] [TDMA] TX UPLINK: frame=1018 records=0
[2026-02-11T19:21:11.651509] BRAGE,102926,1,1018,0,0,1,NONE,
[2026-02-11T19:21:11.731411] [TDMA] TX UPLINK: frame=1019 records=0
[2026-02-11T19:21:11.751165] BRAGE,103026,1,1019,0,0,1,NONE,
[2026-02-11T19:21:11.829619] [TDMA] TX UPLINK: frame=1020 records=0
[2026-02-11T19:21:11.849754] BRAGE,103126,1,1020,0,0,1,NONE,
[2026-02-11T19:21:11.929680] [TDMA] TX UPLINK: frame=1021 records=0
[2026-02-11T19:21:11.949687] BRAGE,103226,1,1021,0,0,1,NONE,
[2026-02-11T19:21:12.028440] [TDMA] TX UPLINK: frame=1022 records=0
[2026-02-11T19:21:12.049194] BRAGE,103326,1,1022,0,0,0,NONE,
[2026-02-11T19:21:12.127852] [TDMA] TX UPLINK: frame=1023 records=0
[2026-02-11T19:21:12.147615] BRAGE,103426,1,1023,0,0,0,NONE,
[2026-02-11T19:21:12.228032] [TDMA] TX UPLINK: frame=1024 records=0
[2026-02-11T19:21:12.247169] BRAGE,103526,1,1024,0,0,0,NONE,
[2026-02-11T19:21:12.326389] [TDMA] TX UPLINK: frame=1025 records=0
[2026-02-11T19:21:12.347164] BRAGE,103626,1,1025,0,0,0,NONE,
[2026-02-11T19:21:12.426247] [TDMA] TX UPLINK: frame=1026 records=0
[2026-02-11T19:21:12.446221] BRAGE,103726,1,1026,0,0,0,NONE,
[2026-02-11T19:21:12.526203] [TDMA] TX UPLINK: frame=1027 records=0
[2026-02-11T19:21:12.545338] BRAGE,103826,1,1027,0,0,0,NONE,
[2026-02-11T19:21:12.625257] [TDMA] TX UPLINK: frame=1028 records=0
[2026-02-11T19:21:12.645129] BRAGE,103926,1,1028,0,0,0,NONE,
[2026-02-11T19:21:12.724487] [TDMA] TX UPLINK: frame=1029 records=0
[2026-02-11T19:21:12.744288] BRAGE,104026,1,1029,0,0,0,NONE,
[2026-02-11T19:21:12.823567] [TDMA] TX UPLINK: frame=1030 records=0
[2026-02-11T19:21:12.842961] BRAGE,104126,1,1030,0,0,0,NONE,
[2026-02-11T19:21:12.923275] [TDMA] TX UPLINK: frame=1031 records=0
[2026-02-11T19:21:12.943792] BRAGE,104226,1,1031,0,0,0,NONE,
[2026-02-11T19:21:13.022553] [TDMA] TX UPLINK: frame=1032 records=0
[2026-02-11T19:21:13.042444] BRAGE,104326,1,1032,0,0,0,NONE,
[2026-02-11T19:21:13.121488] [TDMA] TX UPLINK: frame=1033 records=0
[2026-02-11T19:21:13.144482] BRAGE,104426,1,1033,0,0,0,NONE,
[2026-02-11T19:21:13.221185] [TDMA] TX UPLINK: frame=1034 records=0
[2026-02-11T19:21:13.241253] BRAGE,104526,1,1034,0,0,0,NONE,
[2026-02-11T19:21:13.320218] [TDMA] TX UPLINK: frame=1035 records=0
[2026-02-11T19:21:13.340107] BRAGE,104626,1,1035,0,0,0,NONE,
[2026-02-11T19:21:13.419243] [TDMA] TX UPLINK: frame=1036 records=0
[2026-02-11T19:21:13.439521] BRAGE,104726,1,1036,0,0,0,NONE,
[2026-02-11T19:21:13.519311] [TDMA] TX UPLINK: frame=1037 records=0
[2026-02-11T19:21:13.539119] BRAGE,104826,1,1037,0,0,0,NONE,
[2026-02-11T19:21:13.618572] [TDMA] TX UPLINK: frame=1038 records=0
[2026-02-11T19:21:13.638515] BRAGE,104926,1,1038,0,0,0,NONE,
[2026-02-11T19:21:13.717928] [TDMA] TX UPLINK: frame=1039 records=0
[2026-02-11T19:21:13.737783] BRAGE,105026,1,1039,0,0,0,NONE,
[2026-02-11T19:21:13.817098] [TDMA] TX UPLINK: frame=1040 records=0
[2026-02-11T19:21:13.837185] BRAGE,105126,1,1040,0,0,0,NONE,
[2026-02-11T19:21:13.916527] [TDMA] TX UPLINK: frame=1041 records=0
[2026-02-11T19:21:13.936294] BRAGE,105226,1,1041,0,0,0,NONE,
[2026-02-11T19:21:13.954955] RX CAN id=0x720 dlc=8
[2026-02-11T19:21:14.015427] [TDMA] TX UPLINK: frame=1042 records=0
[2026-02-11T19:21:14.035719] BRAGE,105326,1,1042,-48,0,1,UL,
[2026-02-11T19:21:14.114860] [TDMA] TX UPLINK: frame=1043 records=0
[2026-02-11T19:21:14.134587] BRAGE,105426,1,1043,0,0,1,NONE,
[2026-02-11T19:21:14.214168] [TDMA] TX UPLINK: frame=1044 records=0
[2026-02-11T19:21:14.234320] BRAGE,105526,1,1044,0,0,1,NONE,
[2026-02-11T19:21:14.313869] [TDMA] TX UPLINK: frame=1045 records=0
[2026-02-11T19:21:14.333736] BRAGE,105626,1,1045,0,0,1,NONE,
[2026-02-11T19:21:14.413382] [TDMA] TX UPLINK: frame=1046 records=0
[2026-02-11T19:21:14.432704] BRAGE,105726,1,1046,0,0,1,NONE,
[2026-02-11T19:21:14.512729] [TDMA] TX UPLINK: frame=1047 records=0
[2026-02-11T19:21:14.532392] BRAGE,105826,1,1047,0,0,1,NONE,
[2026-02-11T19:21:14.611540] [TDMA] TX UPLINK: frame=1048 records=0
[2026-02-11T19:21:14.631683] BRAGE,105926,1,1048,0,0,1,NONE,
[2026-02-11T19:21:14.710927] [TDMA] TX UPLINK: frame=1049 records=0
[2026-02-11T19:21:14.730711] BRAGE,106026,1,1049,0,0,1,NONE,
[2026-02-11T19:21:14.810126] [TDMA] TX UPLINK: frame=1050 records=0
[2026-02-11T19:21:14.830485] BRAGE,106126,1,1050,0,0,1,NONE,
[2026-02-11T19:21:14.910104] [TDMA] TX UPLINK: frame=1051 records=0
[2026-02-11T19:21:14.931056] BRAGE,106226,1,1051,0,0,1,NONE,
[2026-02-11T19:21:15.008848] [TDMA] TX UPLINK: frame=1052 records=0
[2026-02-11T19:21:15.029003] BRAGE,106326,1,1052,0,0,1,NONE,
[2026-02-11T19:21:15.108616] [TDMA] TX UPLINK: frame=1053 records=0
[2026-02-11T19:21:15.128875] BRAGE,106426,1,1053,0,0,1,NONE,
[2026-02-11T19:21:15.207955] [TDMA] TX UPLINK: frame=1054 records=0
[2026-02-11T19:21:15.227862] BRAGE,106526,1,1054,0,0,1,NONE,
[2026-02-11T19:21:15.307080] [TDMA] TX UPLINK: frame=1055 records=0
[2026-02-11T19:21:15.327185] BRAGE,106626,1,1055,0,0,1,NONE,
[2026-02-11T19:21:15.406148] [TDMA] TX UPLINK: frame=1056 records=0
[2026-02-11T19:21:15.426202] BRAGE,106726,1,1056,0,0,1,NONE,
[2026-02-11T19:21:15.505740] [TDMA] TX UPLINK: frame=1057 records=0
[2026-02-11T19:21:15.525503] BRAGE,106826,1,1057,0,0,1,NONE,
[2026-02-11T19:21:15.605425] [TDMA] TX UPLINK: frame=1058 records=0
[2026-02-11T19:21:15.625130] BRAGE,106926,1,1058,0,0,1,NONE,
[2026-02-11T19:21:15.704352] [TDMA] TX UPLINK: frame=1059 records=0
[2026-02-11T19:21:15.724188] BRAGE,107026,1,1059,0,0,1,NONE,
[2026-02-11T19:21:15.804223] [TDMA] TX UPLINK: frame=1060 records=0
[2026-02-11T19:21:15.824207] BRAGE,107126,1,1060,0,0,1,NONE,
[2026-02-11T19:21:15.903154] [TDMA] TX UPLINK: frame=1061 records=0
[2026-02-11T19:21:15.923249] BRAGE,107226,1,1061,0,0,1,NONE,
[2026-02-11T19:21:16.003015] [TDMA] TX UPLINK: frame=1062 records=0
[2026-02-11T19:21:16.022236] BRAGE,107326,1,1062,0,0,1,NONE,
[2026-02-11T19:21:16.102248] [TDMA] TX UPLINK: frame=1063 records=0
[2026-02-11T19:21:16.122204] BRAGE,107426,1,1063,0,0,1,NONE,
[2026-02-11T19:21:16.205340] [TDMA] TX UPLINK: frame=1064 records=0
[2026-02-11T19:21:16.221324] BRAGE,107526,1,1064,0,0,1,NONE,
[2026-02-11T19:21:16.300865] [TDMA] TX UPLINK: frame=1065 records=0
[2026-02-11T19:21:16.320209] BRAGE,107626,1,1065,0,0,1,NONE,
[2026-02-11T19:21:16.400193] [TDMA] TX UPLINK: frame=1066 records=0
[2026-02-11T19:21:16.420213] BRAGE,107726,1,1066,0,0,1,NONE,
[2026-02-11T19:21:16.499451] [TDMA] TX UPLINK: frame=1067 records=0
[2026-02-11T19:21:16.519347] BRAGE,107826,1,1067,0,0,1,NONE,
[2026-02-11T19:21:16.598484] [TDMA] TX UPLINK: frame=1068 records=0
[2026-02-11T19:21:16.618904] BRAGE,107926,1,1068,0,0,1,NONE,
[2026-02-11T19:21:16.698185] [TDMA] TX UPLINK: frame=1069 records=0
[2026-02-11T19:21:16.718172] BRAGE,108026,1,1069,0,0,1,NONE,
[2026-02-11T19:21:16.797602] [TDMA] TX UPLINK: frame=1070 records=0
[2026-02-11T19:21:16.817396] BRAGE,108126,1,1070,0,0,1,NONE,
[2026-02-11T19:21:16.896487] [TDMA] TX UPLINK: frame=1071 records=0
[2026-02-11T19:21:16.916626] BRAGE,108226,1,1071,0,0,1,NONE,
[2026-02-11T19:21:16.934155] [SX1280] CRC error
[2026-02-11T19:21:16.995869] [TDMA] TX UPLINK: frame=1072 records=0
[2026-02-11T19:21:17.016044] BRAGE,108326,1,1072,0,0,1,NONE,
[2026-02-11T19:21:17.096505] [TDMA] TX UPLINK: frame=1073 records=0
[2026-02-11T19:21:17.115055] BRAGE,108426,1,1073,0,0,1,NONE,
[2026-02-11T19:21:17.194843] [TDMA] TX UPLINK: frame=1074 records=0
[2026-02-11T19:21:17.214883] BRAGE,108526,1,1074,0,0,1,NONE,
[2026-02-11T19:21:17.294483] [TDMA] TX UPLINK: frame=1075 records=0
[2026-02-11T19:21:17.313763] BRAGE,108626,1,1075,0,0,1,NONE,
[2026-02-11T19:21:17.393526] [TDMA] TX UPLINK: frame=1076 records=0
[2026-02-11T19:21:17.413833] BRAGE,108726,1,1076,0,0,1,NONE,
[2026-02-11T19:21:17.494165] [TDMA] TX UPLINK: frame=1077 records=0
[2026-02-11T19:21:17.513121] BRAGE,108826,1,1077,0,0,1,NONE,
[2026-02-11T19:21:17.592524] [TDMA] TX UPLINK: frame=1078 records=0
[2026-02-11T19:21:17.612007] BRAGE,108926,1,1078,0,0,1,NONE,
[2026-02-11T19:21:17.691981] [TDMA] TX UPLINK: frame=1079 records=0
[2026-02-11T19:21:17.711520] BRAGE,109026,1,1079,0,0,1,NONE,
[2026-02-11T19:21:17.791359] [TDMA] TX UPLINK: frame=1080 records=0
[2026-02-11T19:21:17.811342] BRAGE,109126,1,1080,0,0,1,NONE,
[2026-02-11T19:21:17.890368] [TDMA] TX UPLINK: frame=1081 records=0
[2026-02-11T19:21:17.910548] BRAGE,109226,1,1081,0,0,1,NONE,
[2026-02-11T19:21:17.990647] [TDMA] TX UPLINK: frame=1082 records=0
[2026-02-11T19:21:18.009349] BRAGE,109326,1,1082,0,0,1,NONE,
[2026-02-11T19:21:18.089434] [TDMA] TX UPLINK: frame=1083 records=0
[2026-02-11T19:21:18.109380] BRAGE,109426,1,1083,0,0,1,NONE,
[2026-02-11T19:21:18.187915] [TDMA] TX UPLINK: frame=1084 records=0
[2026-02-11T19:21:18.208302] BRAGE,109526,1,1084,0,0,1,NONE,
[2026-02-11T19:21:18.287792] [TDMA] TX UPLINK: frame=1085 records=0
[2026-02-11T19:21:18.307734] BRAGE,109626,1,1085,0,0,1,NONE,
[2026-02-11T19:21:18.387376] [TDMA] TX UPLINK: frame=1086 records=0
[2026-02-11T19:21:18.407044] BRAGE,109726,1,1086,0,0,1,NONE,
[2026-02-11T19:21:18.486172] [TDMA] TX UPLINK: frame=1087 records=0
[2026-02-11T19:21:18.506375] BRAGE,109826,1,1087,0,0,1,NONE,
[2026-02-11T19:21:18.585876] [TDMA] TX UPLINK: frame=1088 records=0
[2026-02-11T19:21:18.605366] BRAGE,109926,1,1088,0,0,1,NONE,
[2026-02-11T19:21:18.685015] [TDMA] TX UPLINK: frame=1089 records=0
[2026-02-11T19:21:18.704925] BRAGE,110026,1,1089,0,0,1,NONE,
[2026-02-11T19:21:18.784801] [TDMA] TX UPLINK: frame=1090 records=0
[2026-02-11T19:21:18.804513] BRAGE,110126,1,1090,0,0,1,NONE,
[2026-02-11T19:21:18.884053] [TDMA] TX UPLINK: frame=1091 records=0
[2026-02-11T19:21:18.903710] BRAGE,110226,1,1091,0,0,1,NONE,
[2026-02-11T19:21:18.983550] [TDMA] TX UPLINK: frame=1092 records=0
[2026-02-11T19:21:19.003503] BRAGE,110326,1,1092,0,0,1,NONE,
[2026-02-11T19:21:19.082458] [TDMA] TX UPLINK: frame=1093 records=0
[2026-02-11T19:21:19.101997] BRAGE,110426,1,1093,0,0,1,NONE,
[2026-02-11T19:21:19.182069] [TDMA] TX UPLINK: frame=1094 records=0
[2026-02-11T19:21:19.201382] BRAGE,110526,1,1094,0,0,1,NONE,
[2026-02-11T19:21:19.281043] [TDMA] TX UPLINK: frame=1095 records=0
[2026-02-11T19:21:19.301444] BRAGE,110626,1,1095,0,0,1,NONE,
[2026-02-11T19:21:19.380208] [TDMA] TX UPLINK: frame=1096 records=0
[2026-02-11T19:21:19.400536] BRAGE,110726,1,1096,0,0,1,NONE,
[2026-02-11T19:21:19.479488] [TDMA] TX UPLINK: frame=1097 records=0
[2026-02-11T19:21:19.499303] BRAGE,110826,1,1097,0,0,1,NONE,
[2026-02-11T19:21:19.579377] [TDMA] TX UPLINK: frame=1098 records=0
[2026-02-11T19:21:19.598879] BRAGE,110926,1,1098,0,0,1,NONE,
[2026-02-11T19:21:19.678128] [TDMA] TX UPLINK: frame=1099 records=0
[2026-02-11T19:21:19.698576] BRAGE,111026,1,1099,0,0,1,NONE,
[2026-02-11T19:21:19.777565] [TDMA] TX UPLINK: frame=1100 records=0
[2026-02-11T19:21:19.798094] BRAGE,111126,1,1100,0,0,1,NONE,
[2026-02-11T19:21:19.877063] [TDMA] TX UPLINK: frame=1101 records=0
[2026-02-11T19:21:19.896839] BRAGE,111226,1,1101,0,0,1,NONE,
[2026-02-11T19:21:19.976300] [TDMA] TX UPLINK: frame=1102 records=0
[2026-02-11T19:21:19.996289] BRAGE,111326,1,1102,0,0,1,NONE,
[2026-02-11T19:21:20.075666] [TDMA] TX UPLINK: frame=1103 records=0
[2026-02-11T19:21:20.095707] BRAGE,111426,1,1103,0,0,1,NONE,
[2026-02-11T19:21:20.175574] [TDMA] TX UPLINK: frame=1104 records=0
[2026-02-11T19:21:20.195183] BRAGE,111526,1,1104,0,0,1,NONE,
[2026-02-11T19:21:20.274343] [TDMA] TX UPLINK: frame=1105 records=0
[2026-02-11T19:21:20.294533] BRAGE,111626,1,1105,0,0,1,NONE,
[2026-02-11T19:21:20.373559] [TDMA] TX UPLINK: frame=1106 records=0
[2026-02-11T19:21:20.394113] BRAGE,111726,1,1106,0,0,1,NONE,
[2026-02-11T19:21:20.473506] [TDMA] TX UPLINK: frame=1107 records=0
[2026-02-11T19:21:20.493062] BRAGE,111826,1,1107,0,0,1,NONE,
[2026-02-11T19:21:20.572597] [TDMA] TX UPLINK: frame=1108 records=0
[2026-02-11T19:21:20.592601] BRAGE,111926,1,1108,0,0,1,NONE,
[2026-02-11T19:21:20.671730] [TDMA] TX UPLINK: frame=1109 records=0
[2026-02-11T19:21:20.691992] BRAGE,112026,1,1109,0,0,1,NONE,
[2026-02-11T19:21:20.771345] [TDMA] TX UPLINK: frame=1110 records=0
[2026-02-11T19:21:20.795749] BRAGE,112126,1,1110,0,0,1,NONE,
[2026-02-11T19:21:20.870444] [TDMA] TX UPLINK: frame=1111 records=0
[2026-02-11T19:21:20.890317] BRAGE,112226,1,1111,0,0,1,NONE,
[2026-02-11T19:21:20.969832] [TDMA] TX UPLINK: frame=1112 records=0
[2026-02-11T19:21:20.990110] BRAGE,112326,1,1112,0,0,1,NONE,
[2026-02-11T19:21:21.069601] [TDMA] TX UPLINK: frame=1113 records=0
[2026-02-11T19:21:21.088987] BRAGE,112426,1,1113,0,0,1,NONE,
[2026-02-11T19:21:21.169341] [TDMA] TX UPLINK: frame=1114 records=0
[2026-02-11T19:21:21.188315] BRAGE,112526,1,1114,0,0,1,NONE,
[2026-02-11T19:21:21.268199] [TDMA] TX UPLINK: frame=1115 records=0
[2026-02-11T19:21:21.288048] BRAGE,112626,1,1115,0,0,1,NONE,
[2026-02-11T19:21:21.367282] [TDMA] TX UPLINK: frame=1116 records=0
[2026-02-11T19:21:21.387036] BRAGE,112726,1,1116,0,0,1,NONE,
[2026-02-11T19:21:21.466937] [TDMA] TX UPLINK: frame=1117 records=0
[2026-02-11T19:21:21.486764] BRAGE,112826,1,1117,0,0,1,NONE,
[2026-02-11T19:21:21.566040] [TDMA] TX UPLINK: frame=1118 records=0
[2026-02-11T19:21:21.585768] BRAGE,112926,1,1118,0,0,1,NONE,
[2026-02-11T19:21:21.665184] [TDMA] TX UPLINK: frame=1119 records=0
[2026-02-11T19:21:21.685348] BRAGE,113026,1,1119,0,0,1,NONE,
[2026-02-11T19:21:21.764894] [TDMA] TX UPLINK: frame=1120 records=0
[2026-02-11T19:21:21.784797] BRAGE,113126,1,1120,0,0,1,NONE,
[2026-02-11T19:21:21.864184] [TDMA] TX UPLINK: frame=1121 records=0
[2026-02-11T19:21:21.884145] BRAGE,113226,1,1121,0,0,1,NONE,
[2026-02-11T19:21:21.963772] [TDMA] TX UPLINK: frame=1122 records=0
[2026-02-11T19:21:21.983444] BRAGE,113326,1,1122,0,0,1,NONE,
[2026-02-11T19:21:22.063142] [TDMA] TX UPLINK: frame=1123 records=0
[2026-02-11T19:21:22.084168] BRAGE,113426,1,1123,0,0,1,NONE,
[2026-02-11T19:21:22.162629] [TDMA] TX UPLINK: frame=1124 records=0
[2026-02-11T19:21:22.182589] BRAGE,113526,1,1124,0,0,1,NONE,
[2026-02-11T19:21:22.261507] [TDMA] TX UPLINK: frame=1125 records=0
[2026-02-11T19:21:22.282327] BRAGE,113626,1,1125,0,0,1,NONE,
[2026-02-11T19:21:22.360337] [TDMA] TX UPLINK: frame=1126 records=0
[2026-02-11T19:21:22.380838] BRAGE,113726,1,1126,0,0,1,NONE,
[2026-02-11T19:21:22.460036] [TDMA] TX UPLINK: frame=1127 records=0
[2026-02-11T19:21:22.479985] BRAGE,113826,1,1127,0,0,1,NONE,
[2026-02-11T19:21:22.559959] [TDMA] TX UPLINK: frame=1128 records=0
[2026-02-11T19:21:22.580015] BRAGE,113926,1,1128,0,0,1,NONE,
[2026-02-11T19:21:22.659119] [TDMA] TX UPLINK: frame=1129 records=0
[2026-02-11T19:21:22.678506] BRAGE,114026,1,1129,0,0,1,NONE,
[2026-02-11T19:21:22.758308] [TDMA] TX UPLINK: frame=1130 records=0
[2026-02-11T19:21:22.777735] BRAGE,114126,1,1130,0,0,1,NONE,
[2026-02-11T19:21:22.858169] [TDMA] TX UPLINK: frame=1131 records=0
[2026-02-11T19:21:22.877218] BRAGE,114226,1,1131,0,0,1,NONE,
[2026-02-11T19:21:22.956686] [TDMA] TX UPLINK: frame=1132 records=0
[2026-02-11T19:21:22.976760] BRAGE,114326,1,1132,0,0,1,NONE,
[2026-02-11T19:21:23.056329] [TDMA] TX UPLINK: frame=1133 records=0
[2026-02-11T19:21:23.075832] BRAGE,114426,1,1133,0,0,1,NONE,
[2026-02-11T19:21:23.155704] [TDMA] TX UPLINK: frame=1134 records=0
[2026-02-11T19:21:23.175702] BRAGE,114526,1,1134,0,0,1,NONE,
[2026-02-11T19:21:23.254708] [TDMA] TX UPLINK: frame=1135 records=0
[2026-02-11T19:21:23.275025] BRAGE,114626,1,1135,0,0,1,NONE,
[2026-02-11T19:21:23.353969] [TDMA] TX UPLINK: frame=1136 records=0
[2026-02-11T19:21:23.373979] BRAGE,114726,1,1136,0,0,1,NONE,
[2026-02-11T19:21:23.453798] [TDMA] TX UPLINK: frame=1137 records=0
[2026-02-11T19:21:23.473721] BRAGE,114826,1,1137,0,0,1,NONE,
[2026-02-11T19:21:23.552754] [TDMA] TX UPLINK: frame=1138 records=0
[2026-02-11T19:21:23.572922] BRAGE,114926,1,1138,0,0,1,NONE,
[2026-02-11T19:21:23.652397] [TDMA] TX UPLINK: frame=1139 records=0
[2026-02-11T19:21:23.672328] BRAGE,115026,1,1139,0,0,1,NONE,
[2026-02-11T19:21:23.751806] [TDMA] TX UPLINK: frame=1140 records=0
[2026-02-11T19:21:23.771766] BRAGE,115126,1,1140,0,0,1,NONE,
[2026-02-11T19:21:23.855110] [TDMA] TX UPLINK: frame=1141 records=0
[2026-02-11T19:21:23.871266] BRAGE,115226,1,1141,0,0,1,NONE,
[2026-02-11T19:21:23.950426] [TDMA] TX UPLINK: frame=1142 records=0
[2026-02-11T19:21:23.970288] BRAGE,115326,1,1142,0,0,0,NONE,
[2026-02-11T19:21:24.049596] [TDMA] TX UPLINK: frame=1143 records=0
[2026-02-11T19:21:24.069695] BRAGE,115426,1,1143,0,0,0,NONE,
[2026-02-11T19:21:24.149032] [TDMA] TX UPLINK: frame=1144 records=0
[2026-02-11T19:21:24.168812] BRAGE,115526,1,1144,0,0,0,NONE,
[2026-02-11T19:21:24.248409] [TDMA] TX UPLINK: frame=1145 records=0
[2026-02-11T19:21:24.268309] BRAGE,115626,1,1145,0,0,0,NONE,
[2026-02-11T19:21:24.347811] [TDMA] TX UPLINK: frame=1146 records=0
[2026-02-11T19:21:24.367403] BRAGE,115726,1,1146,0,0,0,NONE,
[2026-02-11T19:21:24.447223] [TDMA] TX UPLINK: frame=1147 records=0
[2026-02-11T19:21:24.466842] BRAGE,115826,1,1147,0,0,0,NONE,
[2026-02-11T19:21:24.546187] [TDMA] TX UPLINK: frame=1148 records=0
[2026-02-11T19:21:24.566078] BRAGE,115926,1,1148,0,0,0,NONE,
[2026-02-11T19:21:24.645892] [TDMA] TX UPLINK: frame=1149 records=0
[2026-02-11T19:21:24.665788] BRAGE,116026,1,1149,0,0,0,NONE,
[2026-02-11T19:21:24.745242] [TDMA] TX UPLINK: frame=1150 records=0
[2026-02-11T19:21:24.765089] BRAGE,116126,1,1150,0,0,0,NONE,
[2026-02-11T19:21:24.844206] [TDMA] TX UPLINK: frame=1151 records=0
[2026-02-11T19:21:24.864273] BRAGE,116226,1,1151,0,0,0,NONE,
[2026-02-11T19:21:24.943521] [TDMA] TX UPLINK: frame=1152 records=0
[2026-02-11T19:21:24.963445] BRAGE,116326,1,1152,0,0,0,NONE,
[2026-02-11T19:21:25.043120] [TDMA] TX UPLINK: frame=1153 records=0
[2026-02-11T19:21:25.063152] BRAGE,116426,1,1153,0,0,0,NONE,
[2026-02-11T19:21:25.142833] [TDMA] TX UPLINK: frame=1154 records=0
[2026-02-11T19:21:25.162669] BRAGE,116526,1,1154,0,0,0,NONE,
[2026-02-11T19:21:25.242280] [TDMA] TX UPLINK: frame=1155 records=0
[2026-02-11T19:21:25.262210] BRAGE,116626,1,1155,0,0,0,NONE,
[2026-02-11T19:21:25.341086] [TDMA] TX UPLINK: frame=1156 records=0
[2026-02-11T19:21:25.360820] BRAGE,116726,1,1156,0,0,0,NONE,
[2026-02-11T19:21:25.440253] [TDMA] TX UPLINK: frame=1157 records=0
[2026-02-11T19:21:25.460813] BRAGE,116826,1,1157,0,0,0,NONE,
[2026-02-11T19:21:25.540294] [TDMA] TX UPLINK: frame=1158 records=0
[2026-02-11T19:21:25.560167] BRAGE,116926,1,1158,0,0,0,NONE,
[2026-02-11T19:21:25.640132] [TDMA] TX UPLINK: frame=1159 records=0
[2026-02-11T19:21:25.659057] BRAGE,117026,1,1159,0,0,0,NONE,
[2026-02-11T19:21:25.738324] [TDMA] TX UPLINK: frame=1160 records=0
[2026-02-11T19:21:25.759088] BRAGE,117126,1,1160,0,0,0,NONE,
[2026-02-11T19:21:25.838052] [TDMA] TX UPLINK: frame=1161 records=0
[2026-02-11T19:21:25.857921] BRAGE,117226,1,1161,0,0,0,NONE,
[2026-02-11T19:21:25.938019] [TDMA] TX UPLINK: frame=1162 records=0
[2026-02-11T19:21:25.957905] BRAGE,117326,1,1162,0,0,0,NONE,
[2026-02-11T19:21:26.036794] [TDMA] TX UPLINK: frame=1163 records=0
[2026-02-11T19:21:26.056746] BRAGE,117426,1,1163,0,0,0,NONE,
[2026-02-11T19:21:26.136206] [TDMA] TX UPLINK: frame=1164 records=0
[2026-02-11T19:21:26.155758] BRAGE,117526,1,1164,0,0,0,NONE,
[2026-02-11T19:21:26.235564] [TDMA] TX UPLINK: frame=1165 records=0
[2026-02-11T19:21:26.255430] BRAGE,117626,1,1165,0,0,0,NONE,
[2026-02-11T19:21:26.334948] [TDMA] TX UPLINK: frame=1166 records=0
[2026-02-11T19:21:26.354923] BRAGE,117726,1,1166,0,0,0,NONE,
[2026-02-11T19:21:26.433938] [TDMA] TX UPLINK: frame=1167 records=0
[2026-02-11T19:21:26.454043] BRAGE,117826,1,1167,0,0,0,NONE,
[2026-02-11T19:21:26.533574] [TDMA] TX UPLINK: frame=1168 records=0
[2026-02-11T19:21:26.553451] BRAGE,117926,1,1168,0,0,0,NONE,
[2026-02-11T19:21:26.632966] [TDMA] TX UPLINK: frame=1169 records=0
[2026-02-11T19:21:26.652855] BRAGE,118026,1,1169,0,0,0,NONE,
[2026-02-11T19:21:26.731932] [TDMA] TX UPLINK: frame=1170 records=0
[2026-02-11T19:21:26.751855] BRAGE,118126,1,1170,0,0,0,NONE,
[2026-02-11T19:21:26.831944] [TDMA] TX UPLINK: frame=1171 records=0
[2026-02-11T19:21:26.851505] BRAGE,118226,1,1171,0,0,0,NONE,
[2026-02-11T19:21:26.931393] [TDMA] TX UPLINK: frame=1172 records=0
[2026-02-11T19:21:26.950979] BRAGE,118326,1,1172,0,0,0,NONE,
[2026-02-11T19:21:27.030170] [TDMA] TX UPLINK: frame=1173 records=0
[2026-02-11T19:21:27.049847] BRAGE,118426,1,1173,0,0,0,NONE,
[2026-02-11T19:21:27.129979] [TDMA] TX UPLINK: frame=1174 records=0
[2026-02-11T19:21:27.149589] BRAGE,118526,1,1174,0,0,0,NONE,
[2026-02-11T19:21:27.229122] [TDMA] TX UPLINK: frame=1175 records=0
[2026-02-11T19:21:27.248945] BRAGE,118626,1,1175,0,0,0,NONE,
[2026-02-11T19:21:27.328354] [TDMA] TX UPLINK: frame=1176 records=0
[2026-02-11T19:21:27.348287] BRAGE,118726,1,1176,0,0,0,NONE,
[2026-02-11T19:21:27.428261] [TDMA] TX UPLINK: frame=1177 records=0
[2026-02-11T19:21:27.447195] BRAGE,118826,1,1177,0,0,0,NONE,
[2026-02-11T19:21:27.527078] [TDMA] TX UPLINK: frame=1178 records=0
[2026-02-11T19:21:27.546892] BRAGE,118926,1,1178,0,0,0,NONE,
[2026-02-11T19:21:27.625990] [TDMA] TX UPLINK: frame=1179 records=0
[2026-02-11T19:21:27.646008] BRAGE,119026,1,1179,0,0,0,NONE,
[2026-02-11T19:21:27.726242] [TDMA] TX UPLINK: frame=1180 records=0
[2026-02-11T19:21:27.745374] BRAGE,119126,1,1180,0,0,0,NONE,
[2026-02-11T19:21:27.825443] [TDMA] TX UPLINK: frame=1181 records=0
[2026-02-11T19:21:27.845294] BRAGE,119226,1,1181,0,0,0,NONE,
[2026-02-11T19:21:27.924987] [TDMA] TX UPLINK: frame=1182 records=0
[2026-02-11T19:21:27.943925] BRAGE,119326,1,1182,0,0,0,NONE,
[2026-02-11T19:21:28.024282] [TDMA] TX UPLINK: frame=1183 records=0
[2026-02-11T19:21:28.043679] BRAGE,119426,1,1183,0,0,0,NONE,
[2026-02-11T19:21:28.123176] [TDMA] TX UPLINK: frame=1184 records=0
[2026-02-11T19:21:28.143344] BRAGE,119526,1,1184,0,0,0,NONE,
[2026-02-11T19:21:28.222227] [TDMA] TX UPLINK: frame=1185 records=0
[2026-02-11T19:21:28.242314] BRAGE,119626,1,1185,0,0,0,NONE,
[2026-02-11T19:21:28.321927] [TDMA] TX UPLINK: frame=1186 records=0
[2026-02-11T19:21:28.342059] BRAGE,119726,1,1186,0,0,0,NONE,
[2026-02-11T19:21:28.421369] [TDMA] TX UPLINK: frame=1187 records=0
[2026-02-11T19:21:28.441407] BRAGE,119826,1,1187,0,0,0,NONE,
[2026-02-11T19:21:28.520602] [TDMA] TX UPLINK: frame=1188 records=0
[2026-02-11T19:21:28.540487] BRAGE,119926,1,1188,0,0,0,NONE,
[2026-02-11T19:21:28.620039] [TDMA] TX UPLINK: frame=1189 records=0
[2026-02-11T19:21:28.640059] BRAGE,120026,1,1189,0,0,0,NONE,
[2026-02-11T19:21:28.718847] [TDMA] TX UPLINK: frame=1190 records=0
[2026-02-11T19:21:28.739214] BRAGE,120126,1,1190,0,0,0,NONE,
[2026-02-11T19:21:28.818701] [TDMA] TX UPLINK: frame=1191 records=0
[2026-02-11T19:21:28.838491] BRAGE,120226,1,1191,0,0,0,NONE,
[2026-02-11T19:21:28.918170] [TDMA] TX UPLINK: frame=1192 records=0
[2026-02-11T19:21:28.937992] BRAGE,120326,1,1192,0,0,0,NONE,
[2026-02-11T19:21:29.017363] [TDMA] TX UPLINK: frame=1193 records=0
[2026-02-11T19:21:29.037421] BRAGE,120426,1,1193,0,0,0,NONE,
[2026-02-11T19:21:29.116729] [TDMA] TX UPLINK: frame=1194 records=0
[2026-02-11T19:21:29.136520] BRAGE,120526,1,1194,0,0,0,NONE,
[2026-02-11T19:21:29.216133] [TDMA] TX UPLINK: frame=1195 records=0
[2026-02-11T19:21:29.235451] BRAGE,120626,1,1195,0,0,0,NONE,
[2026-02-11T19:21:29.315380] [TDMA] TX UPLINK: frame=1196 records=0
[2026-02-11T19:21:29.334921] BRAGE,120726,1,1196,0,0,0,NONE,
[2026-02-11T19:21:29.416601] [TDMA] TX UPLINK: frame=1197 records=0
[2026-02-11T19:21:29.434227] BRAGE,120826,1,1197,0,0,0,NONE,
[2026-02-11T19:21:29.514094] [TDMA] TX UPLINK: frame=1198 records=0
[2026-02-11T19:21:29.533606] BRAGE,120926,1,1198,0,0,0,NONE,
[2026-02-11T19:21:29.613514] [TDMA] TX UPLINK: frame=1199 records=0
[2026-02-11T19:21:29.632936] BRAGE,121026,1,1199,0,0,0,NONE,
[2026-02-11T19:21:29.713108] [TDMA] TX UPLINK: frame=1200 records=0
[2026-02-11T19:21:29.732536] BRAGE,121126,1,1200,0,0,0,NONE,
[2026-02-11T19:21:29.812184] [TDMA] TX UPLINK: frame=1201 records=0
[2026-02-11T19:21:29.832140] BRAGE,121226,1,1201,0,0,0,NONE,
[2026-02-11T19:21:29.911184] [TDMA] TX UPLINK: frame=1202 records=0
[2026-02-11T19:21:29.930934] BRAGE,121326,1,1202,0,0,0,NONE,
[2026-02-11T19:21:30.011120] [TDMA] TX UPLINK: frame=1203 records=0
[2026-02-11T19:21:30.030745] BRAGE,121426,1,1203,0,0,0,NONE,
[2026-02-11T19:21:30.110173] [TDMA] TX UPLINK: frame=1204 records=0
[2026-02-11T19:21:30.130067] BRAGE,121526,1,1204,0,0,0,NONE,
[2026-02-11T19:21:30.209047] [TDMA] TX UPLINK: frame=1205 records=0
[2026-02-11T19:21:30.228761] BRAGE,121626,1,1205,0,0,0,NONE,
[2026-02-11T19:21:30.309103] [TDMA] TX UPLINK: frame=1206 records=0
[2026-02-11T19:21:30.328323] BRAGE,121726,1,1206,0,0,0,NONE,
[2026-02-11T19:21:30.408184] [TDMA] TX UPLINK: frame=1207 records=0
[2026-02-11T19:21:30.428147] BRAGE,121826,1,1207,0,0,0,NONE,
[2026-02-11T19:21:30.507484] [TDMA] TX UPLINK: frame=1208 records=0
[2026-02-11T19:21:30.527369] BRAGE,121926,1,1208,0,0,0,NONE,
[2026-02-11T19:21:30.607191] [TDMA] TX UPLINK: frame=1209 records=0
[2026-02-11T19:21:30.626778] BRAGE,122026,1,1209,0,0,0,NONE,
[2026-02-11T19:21:30.706187] [TDMA] TX UPLINK: frame=1210 records=0
[2026-02-11T19:21:30.726093] BRAGE,122126,1,1210,0,0,0,NONE,
[2026-02-11T19:21:30.805470] [TDMA] TX UPLINK: frame=1211 records=0
[2026-02-11T19:21:30.825458] BRAGE,122226,1,1211,0,0,0,NONE,
[2026-02-11T19:21:30.905116] [TDMA] TX UPLINK: frame=1212 records=0
[2026-02-11T19:21:30.924372] BRAGE,122326,1,1212,0,0,0,NONE,
[2026-02-11T19:21:31.004297] [TDMA] TX UPLINK: frame=1213 records=0
[2026-02-11T19:21:31.024404] BRAGE,122426,1,1213,0,0,0,NONE,
[2026-02-11T19:21:31.103595] [TDMA] TX UPLINK: frame=1214 records=0
[2026-02-11T19:21:31.123280] BRAGE,122526,1,1214,0,0,0,NONE,
[2026-02-11T19:21:31.202701] [TDMA] TX UPLINK: frame=1215 records=0
[2026-02-11T19:21:31.222418] BRAGE,122626,1,1215,0,0,0,NONE,
[2026-02-11T19:21:31.302442] [TDMA] TX UPLINK: frame=1216 records=0
[2026-02-11T19:21:31.321777] BRAGE,122726,1,1216,0,0,0,NONE,
[2026-02-11T19:21:31.402054] [TDMA] TX UPLINK: frame=1217 records=0
[2026-02-11T19:21:31.421779] BRAGE,122826,1,1217,0,0,0,NONE,
[2026-02-11T19:21:31.500609] [TDMA] TX UPLINK: frame=1218 records=0
[2026-02-11T19:21:31.520971] BRAGE,122926,1,1218,0,0,0,NONE,
[2026-02-11T19:21:31.600518] [TDMA] TX UPLINK: frame=1219 records=0
[2026-02-11T19:21:31.620424] BRAGE,123026,1,1219,0,0,0,NONE,
[2026-02-11T19:21:31.699363] [TDMA] TX UPLINK: frame=1220 records=0
[2026-02-11T19:21:31.719926] BRAGE,123126,1,1220,0,0,0,NONE,
[2026-02-11T19:21:31.798709] [TDMA] TX UPLINK: frame=1221 records=0
[2026-02-11T19:21:31.818891] BRAGE,123226,1,1221,0,0,0,NONE,
[2026-02-11T19:21:31.898562] [TDMA] TX UPLINK: frame=1222 records=0
[2026-02-11T19:21:31.918709] BRAGE,123326,1,1222,0,0,0,NONE,
[2026-02-11T19:21:31.997930] [TDMA] TX UPLINK: frame=1223 records=0
[2026-02-11T19:21:32.019274] BRAGE,123426,1,1223,0,0,0,NONE,
[2026-02-11T19:21:32.096596] [TDMA] TX UPLINK: frame=1224 records=0
[2026-02-11T19:21:32.117219] BRAGE,123526,1,1224,0,0,0,NONE,
[2026-02-11T19:21:32.196384] [TDMA] TX UPLINK: frame=1225 records=0
[2026-02-11T19:21:32.216359] BRAGE,123626,1,1225,0,0,0,NONE,
[2026-02-11T19:21:32.295772] [TDMA] TX UPLINK: frame=1226 records=0
[2026-02-11T19:21:32.315613] BRAGE,123726,1,1226,0,0,0,NONE,
[2026-02-11T19:21:32.395137] [TDMA] TX UPLINK: frame=1227 records=0
[2026-02-11T19:21:32.415260] BRAGE,123826,1,1227,0,0,0,NONE,
[2026-02-11T19:21:32.494515] [TDMA] TX UPLINK: frame=1228 records=0
[2026-02-11T19:21:32.514024] BRAGE,123926,1,1228,0,0,0,NONE,
[2026-02-11T19:21:32.594018] [TDMA] TX UPLINK: frame=1229 records=0
[2026-02-11T19:21:32.613327] BRAGE,124026,1,1229,0,0,0,NONE,
[2026-02-11T19:21:32.693315] [TDMA] TX UPLINK: frame=1230 records=0
[2026-02-11T19:21:32.712626] BRAGE,124126,1,1230,0,0,0,NONE,
[2026-02-11T19:21:32.792409] [TDMA] TX UPLINK: frame=1231 records=0
[2026-02-11T19:21:32.812070] BRAGE,124226,1,1231,0,0,0,NONE,
[2026-02-11T19:21:32.891887] [TDMA] TX UPLINK: frame=1232 records=0
[2026-02-11T19:21:32.911706] BRAGE,124326,1,1232,0,0,0,NONE,
[2026-02-11T19:21:32.991337] [TDMA] TX UPLINK: frame=1233 records=0
[2026-02-11T19:21:33.011051] BRAGE,124426,1,1233,0,0,0,NONE,
[2026-02-11T19:21:33.090423] [TDMA] TX UPLINK: frame=1234 records=0
[2026-02-11T19:21:33.110003] BRAGE,124526,1,1234,0,0,0,NONE,
[2026-02-11T19:21:33.191608] [TDMA] TX UPLINK: frame=1235 records=0
[2026-02-11T19:21:33.209746] BRAGE,124626,1,1235,0,0,0,NONE,
[2026-02-11T19:21:33.288874] [TDMA] TX UPLINK: frame=1236 records=0
[2026-02-11T19:21:33.309016] BRAGE,124726,1,1236,0,0,0,NONE,
[2026-02-11T19:21:33.388121] [TDMA] TX UPLINK: frame=1237 records=0
[2026-02-11T19:21:33.408526] BRAGE,124826,1,1237,0,0,0,NONE,
[2026-02-11T19:21:33.487402] [TDMA] TX UPLINK: frame=1238 records=0
[2026-02-11T19:21:33.507895] BRAGE,124926,1,1238,0,0,0,NONE,
[2026-02-11T19:21:33.587297] [TDMA] TX UPLINK: frame=1239 records=0
[2026-02-11T19:21:33.607339] BRAGE,125026,1,1239,0,0,0,NONE,
[2026-02-11T19:21:33.686423] [TDMA] TX UPLINK: frame=1240 records=0
[2026-02-11T19:21:33.706412] BRAGE,125126,1,1240,0,0,0,NONE,
[2026-02-11T19:21:33.785703] [TDMA] TX UPLINK: frame=1241 records=0
[2026-02-11T19:21:33.806335] BRAGE,125226,1,1241,0,0,0,NONE,
[2026-02-11T19:21:33.885358] [TDMA] TX UPLINK: frame=1242 records=0
[2026-02-11T19:21:33.904620] BRAGE,125326,1,1242,0,0,0,NONE,
[2026-02-11T19:21:33.984584] [TDMA] TX UPLINK: frame=1243 records=0
[2026-02-11T19:21:34.004184] BRAGE,125426,1,1243,0,0,0,NONE,
[2026-02-11T19:21:34.083810] [TDMA] TX UPLINK: frame=1244 records=0
[2026-02-11T19:21:34.103892] BRAGE,125526,1,1244,0,0,0,NONE,
[2026-02-11T19:21:34.183390] [TDMA] TX UPLINK: frame=1245 records=0
[2026-02-11T19:21:34.203059] BRAGE,125626,1,1245,0,0,0,NONE,
[2026-02-11T19:21:34.282487] [TDMA] TX UPLINK: frame=1246 records=0
[2026-02-11T19:21:34.302703] BRAGE,125726,1,1246,0,0,0,NONE,
[2026-02-11T19:21:34.381529] [TDMA] TX UPLINK: frame=1247 records=0
[2026-02-11T19:21:34.401319] BRAGE,125826,1,1247,0,0,0,NONE,
[2026-02-11T19:21:34.480805] [TDMA] TX UPLINK: frame=1248 records=0
[2026-02-11T19:21:34.501255] BRAGE,125926,1,1248,0,0,0,NONE,
[2026-02-11T19:21:34.580693] [TDMA] TX UPLINK: frame=1249 records=0
[2026-02-11T19:21:34.600161] BRAGE,126026,1,1249,0,0,0,NONE,
[2026-02-11T19:21:34.679594] [TDMA] TX UPLINK: frame=1250 records=0
[2026-02-11T19:21:34.699398] BRAGE,126126,1,1250,0,0,0,NONE,
[2026-02-11T19:21:34.779014] [TDMA] TX UPLINK: frame=1251 records=0
[2026-02-11T19:21:34.799375] BRAGE,126226,1,1251,0,0,0,NONE,
[2026-02-11T19:21:34.817585] [SX1280] CRC error
[2026-02-11T19:21:34.878631] [TDMA] TX UPLINK: frame=1252 records=0
[2026-02-11T19:21:34.898677] BRAGE,126326,1,1252,0,0,0,NONE,
[2026-02-11T19:21:34.977562] [TDMA] TX UPLINK: frame=1253 records=0
[2026-02-11T19:21:34.997788] BRAGE,126426,1,1253,0,0,0,NONE,
[2026-02-11T19:21:35.081681] [TDMA] TX UPLINK: frame=1254 records=0
[2026-02-11T19:21:35.096801] BRAGE,126526,1,1254,0,0,0,NONE,
[2026-02-11T19:21:35.176289] [TDMA] TX UPLINK: frame=1255 records=0
[2026-02-11T19:21:35.196235] BRAGE,126626,1,1255,0,0,0,NONE,
[2026-02-11T19:21:35.275784] [TDMA] TX UPLINK: frame=1256 records=0
[2026-02-11T19:21:35.296162] BRAGE,126726,1,1256,0,0,0,NONE,
[2026-02-11T19:21:35.375465] [TDMA] TX UPLINK: frame=1257 records=0
[2026-02-11T19:21:35.395314] BRAGE,126826,1,1257,0,0,0,NONE,
[2026-02-11T19:21:35.474525] [TDMA] TX UPLINK: frame=1258 records=0
[2026-02-11T19:21:35.494583] BRAGE,126926,1,1258,0,0,0,NONE,
[2026-02-11T19:21:35.573598] [TDMA] TX UPLINK: frame=1259 records=0
[2026-02-11T19:21:35.593786] BRAGE,127026,1,1259,0,0,0,NONE,
[2026-02-11T19:21:35.673505] [TDMA] TX UPLINK: frame=1260 records=0
[2026-02-11T19:21:35.693541] BRAGE,127126,1,1260,0,0,0,NONE,
[2026-02-11T19:21:35.772807] [TDMA] TX UPLINK: frame=1261 records=0
[2026-02-11T19:21:35.792552] BRAGE,127226,1,1261,0,0,0,NONE,
[2026-02-11T19:21:35.872200] [TDMA] TX UPLINK: frame=1262 records=0
[2026-02-11T19:21:35.891955] BRAGE,127326,1,1262,0,0,0,NONE,
[2026-02-11T19:21:35.971485] [TDMA] TX UPLINK: frame=1263 records=0
[2026-02-11T19:21:35.990952] BRAGE,127426,1,1263,0,0,0,NONE,
[2026-02-11T19:21:36.070363] [TDMA] TX UPLINK: frame=1264 records=0
[2026-02-11T19:21:36.090704] BRAGE,127526,1,1264,0,0,0,NONE,
[2026-02-11T19:21:36.170250] [TDMA] TX UPLINK: frame=1265 records=0
[2026-02-11T19:21:36.190070] BRAGE,127626,1,1265,0,0,0,NONE,
[2026-02-11T19:21:36.270066] [TDMA] TX UPLINK: frame=1266 records=0
[2026-02-11T19:21:36.288959] BRAGE,127726,1,1266,0,0,0,NONE,
[2026-02-11T19:21:36.368941] [TDMA] TX UPLINK: frame=1267 records=0
[2026-02-11T19:21:36.388933] BRAGE,127826,1,1267,0,0,0,NONE,
[2026-02-11T19:21:36.468423] [TDMA] TX UPLINK: frame=1268 records=0
[2026-02-11T19:21:36.487588] BRAGE,127926,1,1268,0,0,0,NONE,
[2026-02-11T19:21:36.568140] [TDMA] TX UPLINK: frame=1269 records=0
[2026-02-11T19:21:36.587576] BRAGE,128026,1,1269,0,0,0,NONE,
[2026-02-11T19:21:36.667093] [TDMA] TX UPLINK: frame=1270 records=0
[2026-02-11T19:21:36.687006] BRAGE,128126,1,1270,0,0,0,NONE,
[2026-02-11T19:21:36.766535] [TDMA] TX UPLINK: frame=1271 records=0
[2026-02-11T19:21:36.786535] BRAGE,128226,1,1271,0,0,0,NONE,
[2026-02-11T19:21:36.865843] [TDMA] TX UPLINK: frame=1272 records=0
[2026-02-11T19:21:36.885369] BRAGE,128326,1,1272,0,0,0,NONE,
[2026-02-11T19:21:36.965141] [TDMA] TX UPLINK: frame=1273 records=0
[2026-02-11T19:21:36.985283] BRAGE,128426,1,1273,0,0,0,NONE,
[2026-02-11T19:21:37.063894] [TDMA] TX UPLINK: frame=1274 records=0
[2026-02-11T19:21:37.083974] BRAGE,128526,1,1274,0,0,0,NONE,
[2026-02-11T19:21:37.163730] [TDMA] TX UPLINK: frame=1275 records=0
[2026-02-11T19:21:37.183690] BRAGE,128626,1,1275,0,0,0,NONE,
[2026-02-11T19:21:37.263261] [TDMA] TX UPLINK: frame=1276 records=0
[2026-02-11T19:21:37.282989] BRAGE,128726,1,1276,0,0,0,NONE,
[2026-02-11T19:21:37.362103] [TDMA] TX UPLINK: frame=1277 records=0
[2026-02-11T19:21:37.382190] BRAGE,128826,1,1277,0,0,0,NONE,
[2026-02-11T19:21:37.461774] [TDMA] TX UPLINK: frame=1278 records=0
[2026-02-11T19:21:37.481829] BRAGE,128926,1,1278,0,0,0,NONE,
[2026-02-11T19:21:37.560866] [TDMA] TX UPLINK: frame=1279 records=0
[2026-02-11T19:21:37.581171] BRAGE,129026,1,1279,0,0,0,NONE,
[2026-02-11T19:21:37.659991] [TDMA] TX UPLINK: frame=1280 records=0
[2026-02-11T19:21:37.680185] BRAGE,129126,1,1280,0,0,0,NONE,
[2026-02-11T19:21:37.759764] [TDMA] TX UPLINK: frame=1281 records=0
[2026-02-11T19:21:37.779572] BRAGE,129226,1,1281,0,0,0,NONE,
[2026-02-11T19:21:37.859018] [TDMA] TX UPLINK: frame=1282 records=0
[2026-02-11T19:21:37.878548] BRAGE,129326,1,1282,0,0,0,NONE,
[2026-02-11T19:21:37.958627] [TDMA] TX UPLINK: frame=1283 records=0
[2026-02-11T19:21:37.978616] BRAGE,129426,1,1283,0,0,0,NONE,
[2026-02-11T19:21:38.057853] [TDMA] TX UPLINK: frame=1284 records=0
[2026-02-11T19:21:38.077613] BRAGE,129526,1,1284,0,0,0,NONE,
[2026-02-11T19:21:38.157975] [TDMA] TX UPLINK: frame=1285 records=0
[2026-02-11T19:21:38.176703] BRAGE,129626,1,1285,0,0,0,NONE,
[2026-02-11T19:21:38.256998] [TDMA] TX UPLINK: frame=1286 records=0
[2026-02-11T19:21:38.276874] BRAGE,129726,1,1286,0,0,0,NONE,
[2026-02-11T19:21:38.355632] [TDMA] TX UPLINK: frame=1287 records=0
[2026-02-11T19:21:38.375903] BRAGE,129826,1,1287,0,0,0,NONE,
[2026-02-11T19:21:38.455106] [TDMA] TX UPLINK: frame=1288 records=0
[2026-02-11T19:21:38.475030] BRAGE,129926,1,1288,0,0,0,NONE,
[2026-02-11T19:21:38.554931] [TDMA] TX UPLINK: frame=1289 records=0
[2026-02-11T19:21:38.574907] BRAGE,130026,1,1289,0,0,0,NONE,
[2026-02-11T19:21:38.653505] [TDMA] TX UPLINK: frame=1290 records=0
[2026-02-11T19:21:38.673765] BRAGE,130126,1,1290,0,0,0,NONE,
[2026-02-11T19:21:38.752892] [TDMA] TX UPLINK: frame=1291 records=0
[2026-02-11T19:21:38.772836] BRAGE,130226,1,1291,0,0,0,NONE,
[2026-02-11T19:21:38.852954] [TDMA] TX UPLINK: frame=1292 records=0
[2026-02-11T19:21:38.872601] BRAGE,130326,1,1292,0,0,0,NONE,
[2026-02-11T19:21:38.951957] [TDMA] TX UPLINK: frame=1293 records=0
[2026-02-11T19:21:38.971853] BRAGE,130426,1,1293,0,0,0,NONE,
[2026-02-11T19:21:39.051214] [TDMA] TX UPLINK: frame=1294 records=0
[2026-02-11T19:21:39.070968] BRAGE,130526,1,1294,0,0,0,NONE,
[2026-02-11T19:21:39.150765] [TDMA] TX UPLINK: frame=1295 records=0
[2026-02-11T19:21:39.170220] BRAGE,130626,1,1295,0,0,0,NONE,
[2026-02-11T19:21:39.250261] [TDMA] TX UPLINK: frame=1296 records=0
[2026-02-11T19:21:39.269963] BRAGE,130726,1,1296,0,0,0,NONE,
[2026-02-11T19:21:39.349241] [TDMA] TX UPLINK: frame=1297 records=0
[2026-02-11T19:21:39.369558] BRAGE,130826,1,1297,0,0,0,NONE,
[2026-02-11T19:21:39.448934] [TDMA] TX UPLINK: frame=1298 records=0
[2026-02-11T19:21:39.468187] BRAGE,130926,1,1298,0,0,0,NONE,
[2026-02-11T19:21:39.548103] [TDMA] TX UPLINK: frame=1299 records=0
[2026-02-11T19:21:39.567994] BRAGE,131026,1,1299,0,0,0,NONE,
[2026-02-11T19:21:39.647096] [TDMA] TX UPLINK: frame=1300 records=0
[2026-02-11T19:21:39.670412] BRAGE,131126,1,1300,0,0,0,NONE,
[2026-02-11T19:21:39.746982] [TDMA] TX UPLINK: frame=1301 records=0
[2026-02-11T19:21:39.766263] BRAGE,131226,1,1301,0,0,0,NONE,
[2026-02-11T19:21:39.846121] [TDMA] TX UPLINK: frame=1302 records=0
[2026-02-11T19:21:39.866071] BRAGE,131326,1,1302,0,0,0,NONE,
[2026-02-11T19:21:39.945489] [TDMA] TX UPLINK: frame=1303 records=0
[2026-02-11T19:21:39.965459] BRAGE,131426,1,1303,0,0,0,NONE,
[2026-02-11T19:21:40.044436] [TDMA] TX UPLINK: frame=1304 records=0
[2026-02-11T19:21:40.064941] BRAGE,131526,1,1304,0,0,0,NONE,
[2026-02-11T19:21:40.144139] [TDMA] TX UPLINK: frame=1305 records=0
[2026-02-11T19:21:40.163789] BRAGE,131626,1,1305,0,0,0,NONE,
[2026-02-11T19:21:40.243546] [TDMA] TX UPLINK: frame=1306 records=0
[2026-02-11T19:21:40.263064] BRAGE,131726,1,1306,0,0,0,NONE,
[2026-02-11T19:21:40.342438] [TDMA] TX UPLINK: frame=1307 records=0
[2026-02-11T19:21:40.362379] BRAGE,131826,1,1307,0,0,0,NONE,
[2026-02-11T19:21:40.442330] [TDMA] TX UPLINK: frame=1308 records=0
[2026-02-11T19:21:40.461720] BRAGE,131926,1,1308,0,0,0,NONE,
[2026-02-11T19:21:40.541821] [TDMA] TX UPLINK: frame=1309 records=0
[2026-02-11T19:21:40.561792] BRAGE,132026,1,1309,0,0,0,NONE,
[2026-02-11T19:21:40.640623] [TDMA] TX UPLINK: frame=1310 records=0
[2026-02-11T19:21:40.660813] BRAGE,132126,1,1310,0,0,0,NONE,
[2026-02-11T19:21:40.740294] [TDMA] TX UPLINK: frame=1311 records=0
[2026-02-11T19:21:40.759774] BRAGE,132226,1,1311,0,0,0,NONE,
[2026-02-11T19:21:40.839702] [TDMA] TX UPLINK: frame=1312 records=0
[2026-02-11T19:21:40.859507] BRAGE,132326,1,1312,0,0,0,NONE,
[2026-02-11T19:21:40.939008] [TDMA] TX UPLINK: frame=1313 records=0
[2026-02-11T19:21:40.959316] BRAGE,132426,1,1313,0,0,0,NONE,
[2026-02-11T19:21:41.038330] [TDMA] TX UPLINK: frame=1314 records=0
[2026-02-11T19:21:41.057860] BRAGE,132526,1,1314,0,0,0,NONE,
[2026-02-11T19:21:41.137804] [TDMA] TX UPLINK: frame=1315 records=0
[2026-02-11T19:21:41.157838] BRAGE,132626,1,1315,0,0,0,NONE,
[2026-02-11T19:21:41.237069] [TDMA] TX UPLINK: frame=1316 records=0
[2026-02-11T19:21:41.256972] BRAGE,132726,1,1316,0,0,0,NONE,
[2026-02-11T19:21:41.336441] [TDMA] TX UPLINK: frame=1317 records=0
[2026-02-11T19:21:41.355938] BRAGE,132826,1,1317,0,0,0,NONE,
[2026-02-11T19:21:41.435893] [TDMA] TX UPLINK: frame=1318 records=0
[2026-02-11T19:21:41.456089] BRAGE,132926,1,1318,0,0,0,NONE,
[2026-02-11T19:21:41.535366] [TDMA] TX UPLINK: frame=1319 records=0
[2026-02-11T19:21:41.555187] BRAGE,133026,1,1319,0,0,0,NONE,
[2026-02-11T19:21:41.634187] [TDMA] TX UPLINK: frame=1320 records=0
[2026-02-11T19:21:41.653770] BRAGE,133126,1,1320,0,0,0,NONE,
[2026-02-11T19:21:41.733365] [TDMA] TX UPLINK: frame=1321 records=0
[2026-02-11T19:21:41.754054] BRAGE,133226,1,1321,0,0,0,NONE,
[2026-02-11T19:21:41.833007] [TDMA] TX UPLINK: frame=1322 records=0
[2026-02-11T19:21:41.853271] BRAGE,133326,1,1322,0,0,0,NONE,
[2026-02-11T19:21:41.932019] [TDMA] TX UPLINK: frame=1323 records=0
[2026-02-11T19:21:41.952206] BRAGE,133426,1,1323,0,0,0,NONE,
[2026-02-11T19:21:42.031764] [TDMA] TX UPLINK: frame=1324 records=0
[2026-02-11T19:21:42.051946] BRAGE,133526,1,1324,0,0,0,NONE,
[2026-02-11T19:21:42.131167] [TDMA] TX UPLINK: frame=1325 records=0
[2026-02-11T19:21:42.150664] BRAGE,133626,1,1325,0,0,0,NONE,
[2026-02-11T19:21:42.230150] [TDMA] TX UPLINK: frame=1326 records=0
[2026-02-11T19:21:42.250762] BRAGE,133726,1,1326,0,0,0,NONE,
[2026-02-11T19:21:42.330128] [TDMA] TX UPLINK: frame=1327 records=0
[2026-02-11T19:21:42.349547] BRAGE,133826,1,1327,0,0,0,NONE,
[2026-02-11T19:21:42.428898] [TDMA] TX UPLINK: frame=1328 records=0
[2026-02-11T19:21:42.449262] BRAGE,133926,1,1328,0,0,0,NONE,
[2026-02-11T19:21:42.528045] [TDMA] TX UPLINK: frame=1329 records=0
[2026-02-11T19:21:42.548891] BRAGE,134026,1,1329,0,0,0,NONE,
[2026-02-11T19:21:42.628141] [TDMA] TX UPLINK: frame=1330 records=0
[2026-02-11T19:21:42.647527] BRAGE,134126,1,1330,0,0,0,NONE,
[2026-02-11T19:21:42.731587] [TDMA] TX UPLINK: frame=1331 records=0
[2026-02-11T19:21:42.746719] BRAGE,134226,1,1331,0,0,0,NONE,
[2026-02-11T19:21:42.826857] [TDMA] TX UPLINK: frame=1332 records=0
[2026-02-11T19:21:42.846738] BRAGE,134326,1,1332,0,0,0,NONE,
[2026-02-11T19:21:42.926108] [TDMA] TX UPLINK: frame=1333 records=0
[2026-02-11T19:21:42.945460] BRAGE,134426,1,1333,0,0,0,NONE,
[2026-02-11T19:21:43.025298] [TDMA] TX UPLINK: frame=1334 records=0
[2026-02-11T19:21:43.045236] BRAGE,134526,1,1334,0,0,0,NONE,
[2026-02-11T19:21:43.125000] [TDMA] TX UPLINK: frame=1335 records=0
[2026-02-11T19:21:43.144200] BRAGE,134626,1,1335,0,0,0,NONE,
[2026-02-11T19:21:43.223982] [TDMA] TX UPLINK: frame=1336 records=0
[2026-02-11T19:21:43.243672] BRAGE,134726,1,1336,0,0,0,NONE,
[2026-02-11T19:21:43.323387] [TDMA] TX UPLINK: frame=1337 records=0
[2026-02-11T19:21:43.343242] BRAGE,134826,1,1337,0,0,0,NONE,
[2026-02-11T19:21:43.422993] [TDMA] TX UPLINK: frame=1338 records=0
[2026-02-11T19:21:43.442303] BRAGE,134926,1,1338,0,0,0,NONE,
[2026-02-11T19:21:43.521757] [TDMA] TX UPLINK: frame=1339 records=0
[2026-02-11T19:21:43.541623] BRAGE,135026,1,1339,0,0,0,NONE,
[2026-02-11T19:21:43.621470] [TDMA] TX UPLINK: frame=1340 records=0
[2026-02-11T19:21:43.641321] BRAGE,135126,1,1340,0,0,0,NONE,
[2026-02-11T19:21:43.721688] [TDMA] TX UPLINK: frame=1341 records=0
[2026-02-11T19:21:43.741003] BRAGE,135226,1,1341,0,0,0,NONE,
[2026-02-11T19:21:43.820051] [TDMA] TX UPLINK: frame=1342 records=0
[2026-02-11T19:21:43.840050] BRAGE,135326,1,1342,0,0,0,NONE,
[2026-02-11T19:21:43.919517] [TDMA] TX UPLINK: frame=1343 records=0
[2026-02-11T19:21:43.939495] BRAGE,135426,1,1343,0,0,0,NONE,
[2026-02-11T19:21:44.019051] [TDMA] TX UPLINK: frame=1344 records=0
[2026-02-11T19:21:44.038821] BRAGE,135526,1,1344,0,0,0,NONE,
[2026-02-11T19:21:44.118280] [TDMA] TX UPLINK: frame=1345 records=0
[2026-02-11T19:21:44.138162] BRAGE,135626,1,1345,0,0,0,NONE,
[2026-02-11T19:21:44.217536] [TDMA] TX UPLINK: frame=1346 records=0
[2026-02-11T19:21:44.236936] BRAGE,135726,1,1346,0,0,0,NONE,
[2026-02-11T19:21:44.317067] [TDMA] TX UPLINK: frame=1347 records=0
[2026-02-11T19:21:44.336608] BRAGE,135826,1,1347,0,0,0,NONE,
[2026-02-11T19:21:44.416411] [TDMA] TX UPLINK: frame=1348 records=0
[2026-02-11T19:21:44.436149] BRAGE,135926,1,1348,0,0,0,NONE,
[2026-02-11T19:21:44.516920] [TDMA] TX UPLINK: frame=1349 records=0
[2026-02-11T19:21:44.535188] BRAGE,136026,1,1349,0,0,0,NONE,
[2026-02-11T19:21:44.615038] [TDMA] TX UPLINK: frame=1350 records=0
[2026-02-11T19:21:44.635047] BRAGE,136126,1,1350,0,0,0,NONE,
[2026-02-11T19:21:44.714900] [TDMA] TX UPLINK: frame=1351 records=0
[2026-02-11T19:21:44.733883] BRAGE,136226,1,1351,0,0,0,NONE,
[2026-02-11T19:21:44.813710] [TDMA] TX UPLINK: frame=1352 records=0
[2026-02-11T19:21:44.833181] BRAGE,136326,1,1352,0,0,0,NONE,
[2026-02-11T19:21:44.913093] [TDMA] TX UPLINK: frame=1353 records=0
[2026-02-11T19:21:44.932984] BRAGE,136426,1,1353,0,0,0,NONE,
[2026-02-11T19:21:45.012505] [TDMA] TX UPLINK: frame=1354 records=0
[2026-02-11T19:21:45.032360] BRAGE,136526,1,1354,0,0,0,NONE,
[2026-02-11T19:21:45.111278] [TDMA] TX UPLINK: frame=1355 records=0
[2026-02-11T19:21:45.131550] BRAGE,136626,1,1355,0,0,0,NONE,
[2026-02-11T19:21:45.210729] [TDMA] TX UPLINK: frame=1356 records=0
[2026-02-11T19:21:45.230936] BRAGE,136726,1,1356,0,0,0,NONE,
[2026-02-11T19:21:45.310311] [TDMA] TX UPLINK: frame=1357 records=0
[2026-02-11T19:21:45.330025] BRAGE,136826,1,1357,0,0,0,NONE,
[2026-02-11T19:21:45.409249] [TDMA] TX UPLINK: frame=1358 records=0
[2026-02-11T19:21:45.429592] BRAGE,136926,1,1358,0,0,0,NONE,
[2026-02-11T19:21:45.509339] [TDMA] TX UPLINK: frame=1359 records=0
[2026-02-11T19:21:45.528693] BRAGE,137026,1,1359,0,0,0,NONE,
[2026-02-11T19:21:45.608716] [TDMA] TX UPLINK: frame=1360 records=0
[2026-02-11T19:21:45.628240] BRAGE,137126,1,1360,0,0,0,NONE,
[2026-02-11T19:21:45.707777] [TDMA] TX UPLINK: frame=1361 records=0
[2026-02-11T19:21:45.727573] BRAGE,137226,1,1361,0,0,0,NONE,
[2026-02-11T19:21:45.807089] [TDMA] TX UPLINK: frame=1362 records=0
[2026-02-11T19:21:45.827595] BRAGE,137326,1,1362,0,0,0,NONE,
[2026-02-11T19:21:45.906076] [TDMA] TX UPLINK: frame=1363 records=0
[2026-02-11T19:21:45.926607] BRAGE,137426,1,1363,0,0,0,NONE,
[2026-02-11T19:21:46.005796] [TDMA] TX UPLINK: frame=1364 records=0
[2026-02-11T19:21:46.026082] BRAGE,137526,1,1364,0,0,0,NONE,
[2026-02-11T19:21:46.105443] [TDMA] TX UPLINK: frame=1365 records=0
[2026-02-11T19:21:46.124630] BRAGE,137626,1,1365,0,0,0,NONE,
[2026-02-11T19:21:46.204860] [TDMA] TX UPLINK: frame=1366 records=0
[2026-02-11T19:21:46.223933] BRAGE,137726,1,1366,0,0,0,NONE,
[2026-02-11T19:21:46.304015] [TDMA] TX UPLINK: frame=1367 records=0
[2026-02-11T19:21:46.323435] BRAGE,137826,1,1367,0,0,0,NONE,
[2026-02-11T19:21:46.402909] [TDMA] TX UPLINK: frame=1368 records=0
[2026-02-11T19:21:46.422881] BRAGE,137926,1,1368,0,0,0,NONE,
[2026-02-11T19:21:46.502240] [TDMA] TX UPLINK: frame=1369 records=0
[2026-02-11T19:21:46.522491] BRAGE,138026,1,1369,0,0,0,NONE,
[2026-02-11T19:21:46.601995] [TDMA] TX UPLINK: frame=1370 records=0
[2026-02-11T19:21:46.622152] BRAGE,138126,1,1370,0,0,0,NONE,
[2026-02-11T19:21:46.701307] [TDMA] TX UPLINK: frame=1371 records=0
[2026-02-11T19:21:46.721200] BRAGE,138226,1,1371,0,0,0,NONE,
[2026-02-11T19:21:46.800737] [TDMA] TX UPLINK: frame=1372 records=0
[2026-02-11T19:21:46.820154] BRAGE,138326,1,1372,0,0,0,NONE,
[2026-02-11T19:21:46.900132] [TDMA] TX UPLINK: frame=1373 records=0
[2026-02-11T19:21:46.920324] BRAGE,138426,1,1373,0,0,0,NONE,
[2026-02-11T19:21:46.999089] [TDMA] TX UPLINK: frame=1374 records=0
[2026-02-11T19:21:47.019204] BRAGE,138526,1,1374,0,0,0,NONE,
[2026-02-11T19:21:47.098988] [TDMA] TX UPLINK: frame=1375 records=0
[2026-02-11T19:21:47.118058] BRAGE,138626,1,1375,0,0,0,NONE,
[2026-02-11T19:21:47.197939] [TDMA] TX UPLINK: frame=1376 records=0
[2026-02-11T19:21:47.218139] BRAGE,138726,1,1376,0,0,0,NONE,
[2026-02-11T19:21:47.296919] [TDMA] TX UPLINK: frame=1377 records=0
[2026-02-11T19:21:47.321884] BRAGE,138826,1,1377,0,0,0,NONE,
[2026-02-11T19:21:47.397246] [TDMA] TX UPLINK: frame=1378 records=0
[2026-02-11T19:21:47.417036] BRAGE,138926,1,1378,0,0,0,NONE,
[2026-02-11T19:21:47.496457] [TDMA] TX UPLINK: frame=1379 records=0
[2026-02-11T19:21:47.516071] BRAGE,139026,1,1379,0,0,0,NONE,
[2026-02-11T19:21:47.595020] [TDMA] TX UPLINK: frame=1380 records=0
[2026-02-11T19:21:47.615530] BRAGE,139126,1,1380,0,0,0,NONE,
[2026-02-11T19:21:47.695244] [TDMA] TX UPLINK: frame=1381 records=0
[2026-02-11T19:21:47.714386] BRAGE,139226,1,1381,0,0,0,NONE,
[2026-02-11T19:21:47.794140] [TDMA] TX UPLINK: frame=1382 records=0
[2026-02-11T19:21:47.814243] BRAGE,139326,1,1382,0,0,0,NONE,
[2026-02-11T19:21:47.893551] [TDMA] TX UPLINK: frame=1383 records=0
[2026-02-11T19:21:47.913442] BRAGE,139426,1,1383,0,0,0,NONE,
[2026-02-11T19:21:47.992546] [TDMA] TX UPLINK: frame=1384 records=0
[2026-02-11T19:21:48.012680] BRAGE,139526,1,1384,0,0,0,NONE,
[2026-02-11T19:21:48.092332] [TDMA] TX UPLINK: frame=1385 records=0
[2026-02-11T19:21:48.111759] BRAGE,139626,1,1385,0,0,0,NONE,
[2026-02-11T19:21:48.191383] [TDMA] TX UPLINK: frame=1386 records=0
[2026-02-11T19:21:48.211474] BRAGE,139726,1,1386,0,0,0,NONE,
[2026-02-11T19:21:48.290918] [TDMA] TX UPLINK: frame=1387 records=0
[2026-02-11T19:21:48.310455] BRAGE,139826,1,1387,0,0,0,NONE,
[2026-02-11T19:21:48.390272] [TDMA] TX UPLINK: frame=1388 records=0
[2026-02-11T19:21:48.410252] BRAGE,139926,1,1388,0,0,0,NONE,
[2026-02-11T19:21:48.489250] [TDMA] TX UPLINK: frame=1389 records=0
[2026-02-11T19:21:48.509546] BRAGE,140026,1,1389,0,0,0,NONE,
[2026-02-11T19:21:48.588712] [TDMA] TX UPLINK: frame=1390 records=0
[2026-02-11T19:21:48.609024] BRAGE,140126,1,1390,0,0,0,NONE,
[2026-02-11T19:21:48.688371] [TDMA] TX UPLINK: frame=1391 records=0
[2026-02-11T19:21:48.708262] BRAGE,140226,1,1391,0,0,0,NONE,
[2026-02-11T19:21:48.787757] [TDMA] TX UPLINK: frame=1392 records=0
[2026-02-11T19:21:48.807266] BRAGE,140326,1,1392,0,0,0,NONE,
[2026-02-11T19:21:48.886730] [TDMA] TX UPLINK: frame=1393 records=0
[2026-02-11T19:21:48.907090] BRAGE,140426,1,1393,0,0,0,NONE,
[2026-02-11T19:21:48.986406] [TDMA] TX UPLINK: frame=1394 records=0
[2026-02-11T19:21:49.006547] BRAGE,140526,1,1394,0,0,0,NONE,
[2026-02-11T19:21:49.085749] [TDMA] TX UPLINK: frame=1395 records=0
[2026-02-11T19:21:49.107611] BRAGE,140626,1,1395,0,0,0,NONE,
[2026-02-11T19:21:49.185270] [TDMA] TX UPLINK: frame=1396 records=0
[2026-02-11T19:21:49.205006] BRAGE,140726,1,1396,0,0,0,NONE,
[2026-02-11T19:21:49.284521] [TDMA] TX UPLINK: frame=1397 records=0
[2026-02-11T19:21:49.305080] BRAGE,140826,1,1397,0,0,0,NONE,
[2026-02-11T19:21:49.383808] [TDMA] TX UPLINK: frame=1398 records=0
[2026-02-11T19:21:49.403892] BRAGE,140926,1,1398,0,0,0,NONE,
[2026-02-11T19:21:49.483174] [TDMA] TX UPLINK: frame=1399 records=0
[2026-02-11T19:21:49.503008] BRAGE,141026,1,1399,0,0,0,NONE,
[2026-02-11T19:21:49.582466] [TDMA] TX UPLINK: frame=1400 records=0
[2026-02-11T19:21:49.602058] BRAGE,141126,1,1400,0,0,0,NONE,
[2026-02-11T19:21:49.681987] [TDMA] TX UPLINK: frame=1401 records=0
[2026-02-11T19:21:49.701750] BRAGE,141226,1,1401,0,0,0,NONE,
[2026-02-11T19:21:49.720036] RX CAN id=0x720 dlc=8
[2026-02-11T19:21:49.780772] [TDMA] TX UPLINK: frame=1402 records=0
[2026-02-11T19:21:49.800834] BRAGE,141326,1,1402,-74,10,1,UL,
[2026-02-11T19:21:49.880473] [TDMA] TX UPLINK: frame=1403 records=0
[2026-02-11T19:21:49.900049] BRAGE,141426,1,1403,0,0,1,NONE,
[2026-02-11T19:21:49.979981] [TDMA] TX UPLINK: frame=1404 records=0
[2026-02-11T19:21:49.999819] BRAGE,141526,1,1404,0,0,1,NONE,
[2026-02-11T19:21:50.079393] [TDMA] TX UPLINK: frame=1405 records=0
[2026-02-11T19:21:50.099487] BRAGE,141626,1,1405,0,0,1,NONE,
[2026-02-11T19:21:50.178591] [TDMA] TX UPLINK: frame=1406 records=0
[2026-02-11T19:21:50.198446] BRAGE,141726,1,1406,0,0,1,NONE,
[2026-02-11T19:21:50.277949] [TDMA] TX UPLINK: frame=1407 records=0
[2026-02-11T19:21:50.297886] BRAGE,141826,1,1407,0,0,1,NONE,
[2026-02-11T19:21:50.381521] [TDMA] TX UPLINK: frame=1408 records=0
[2026-02-11T19:21:50.396971] BRAGE,141926,1,1408,0,0,1,NONE,
[2026-02-11T19:21:50.476250] [TDMA] TX UPLINK: frame=1409 records=0
[2026-02-11T19:21:50.496474] BRAGE,142026,1,1409,0,0,1,NONE,
[2026-02-11T19:21:50.576036] [TDMA] TX UPLINK: frame=1410 records=0
[2026-02-11T19:21:50.595910] BRAGE,142126,1,1410,0,0,1,NONE,
[2026-02-11T19:21:50.675383] [TDMA] TX UPLINK: frame=1411 records=0
[2026-02-11T19:21:50.695284] BRAGE,142226,1,1411,0,0,1,NONE,
[2026-02-11T19:21:50.713689] RX CAN id=0x720 dlc=8
[2026-02-11T19:21:50.774518] [TDMA] TX UPLINK: frame=1412 records=0
[2026-02-11T19:21:50.794594] BRAGE,142326,1,1412,-68,11,2,UL,
[2026-02-11T19:21:50.874104] [TDMA] TX UPLINK: frame=1413 records=0
[2026-02-11T19:21:50.893978] BRAGE,142426,1,1413,0,0,2,NONE,
[2026-02-11T19:21:50.973434] [TDMA] TX UPLINK: frame=1414 records=0
[2026-02-11T19:21:50.993392] BRAGE,142526,1,1414,0,0,2,NONE,
[2026-02-11T19:21:51.073072] [TDMA] TX UPLINK: frame=1415 records=0
[2026-02-11T19:21:51.092170] BRAGE,142626,1,1415,0,0,2,NONE,
[2026-02-11T19:21:51.171885] [TDMA] TX UPLINK: frame=1416 records=0
[2026-02-11T19:21:51.192053] BRAGE,142726,1,1416,0,0,2,NONE,
[2026-02-11T19:21:51.271189] [TDMA] TX UPLINK: frame=1417 records=0
[2026-02-11T19:21:51.291027] BRAGE,142826,1,1417,0,0,2,NONE,
[2026-02-11T19:21:51.371026] [TDMA] TX UPLINK: frame=1418 records=0
[2026-02-11T19:21:51.391303] BRAGE,142926,1,1418,0,0,2,NONE,
[2026-02-11T19:21:51.470441] [TDMA] TX UPLINK: frame=1419 records=0
[2026-02-11T19:21:51.490547] BRAGE,143026,1,1419,0,0,2,NONE,
[2026-02-11T19:21:51.569903] [TDMA] TX UPLINK: frame=1420 records=0
[2026-02-11T19:21:51.589358] BRAGE,143126,1,1420,0,0,2,NONE,
[2026-02-11T19:21:51.669968] [TDMA] TX UPLINK: frame=1421 records=0
[2026-02-11T19:21:51.688431] BRAGE,143226,1,1421,0,0,2,NONE,
[2026-02-11T19:21:51.707564] RX CAN id=0x720 dlc=8
[2026-02-11T19:21:51.768313] [TDMA] TX UPLINK: frame=1422 records=0
[2026-02-11T19:21:51.787815] BRAGE,143326,1,1422,-67,10,3,UL,
[2026-02-11T19:21:51.867866] [TDMA] TX UPLINK: frame=1423 records=0
[2026-02-11T19:21:51.887861] BRAGE,143426,1,1423,0,0,3,NONE,
[2026-02-11T19:21:51.967526] [TDMA] TX UPLINK: frame=1424 records=0
[2026-02-11T19:21:51.987041] BRAGE,143526,1,1424,0,0,3,NONE,
[2026-02-11T19:21:52.066273] [TDMA] TX UPLINK: frame=1425 records=0
[2026-02-11T19:21:52.086257] BRAGE,143626,1,1425,0,0,3,NONE,
[2026-02-11T19:21:52.167084] [TDMA] TX UPLINK: frame=1426 records=0
[2026-02-11T19:21:52.185165] BRAGE,143726,1,1426,0,0,3,NONE,
[2026-02-11T19:21:52.265096] [TDMA] TX UPLINK: frame=1427 records=0
[2026-02-11T19:21:52.285193] BRAGE,143826,1,1427,0,0,3,NONE,
[2026-02-11T19:21:52.363975] [TDMA] TX UPLINK: frame=1428 records=0
[2026-02-11T19:21:52.384551] BRAGE,143926,1,1428,0,0,3,NONE,
[2026-02-11T19:21:52.464039] [TDMA] TX UPLINK: frame=1429 records=0
[2026-02-11T19:21:52.483775] BRAGE,144026,1,1429,0,0,3,NONE,
[2026-02-11T19:21:52.563533] [TDMA] TX UPLINK: frame=1430 records=0
[2026-02-11T19:21:52.583517] BRAGE,144126,1,1430,0,0,3,NONE,
[2026-02-11T19:21:52.662888] [TDMA] TX UPLINK: frame=1431 records=0
[2026-02-11T19:21:52.682350] BRAGE,144226,1,1431,0,0,3,NONE,
[2026-02-11T19:21:52.700766] RX CAN id=0x720 dlc=8
[2026-02-11T19:21:52.762206] [TDMA] TX UPLINK: frame=1432 records=0
[2026-02-11T19:21:52.782160] BRAGE,144326,1,1432,-67,9,4,UL,
[2026-02-11T19:21:52.860906] [TDMA] TX UPLINK: frame=1433 records=0
[2026-02-11T19:21:52.881092] BRAGE,144426,1,1433,0,0,4,NONE,
[2026-02-11T19:21:52.960736] [TDMA] TX UPLINK: frame=1434 records=0
[2026-02-11T19:21:52.980853] BRAGE,144526,1,1434,0,0,4,NONE,
[2026-02-11T19:21:53.060303] [TDMA] TX UPLINK: frame=1435 records=0
[2026-02-11T19:21:53.079546] BRAGE,144626,1,1435,0,0,4,NONE,
[2026-02-11T19:21:53.159095] [TDMA] TX UPLINK: frame=1436 records=0
[2026-02-11T19:21:53.179219] BRAGE,144726,1,1436,0,0,4,NONE,
[2026-02-11T19:21:53.258723] [TDMA] TX UPLINK: frame=1437 records=0
[2026-02-11T19:21:53.278167] BRAGE,144826,1,1437,0,0,4,NONE,
[2026-02-11T19:21:53.358111] [TDMA] TX UPLINK: frame=1438 records=0
[2026-02-11T19:21:53.377509] BRAGE,144926,1,1438,0,0,4,NONE,
[2026-02-11T19:21:53.457602] [TDMA] TX UPLINK: frame=1439 records=0
[2026-02-11T19:21:53.477508] BRAGE,145026,1,1439,0,0,4,NONE,
[2026-02-11T19:21:53.556842] [TDMA] TX UPLINK: frame=1440 records=0
[2026-02-11T19:21:53.576840] BRAGE,145126,1,1440,0,0,4,NONE,
[2026-02-11T19:21:53.656008] [TDMA] TX UPLINK: frame=1441 records=0
[2026-02-11T19:21:53.675873] BRAGE,145226,1,1441,0,0,4,NONE,
[2026-02-11T19:21:53.698022] RX CAN id=0x720 dlc=8
[2026-02-11T19:21:53.755788] [TDMA] TX UPLINK: frame=1442 records=0
[2026-02-11T19:21:53.775612] BRAGE,145326,1,1442,-69,12,5,UL,
[2026-02-11T19:21:53.854529] [TDMA] TX UPLINK: frame=1443 records=0
[2026-02-11T19:21:53.874803] BRAGE,145426,1,1443,0,0,5,NONE,
[2026-02-11T19:21:53.954022] [TDMA] TX UPLINK: frame=1444 records=0
[2026-02-11T19:21:53.973865] BRAGE,145526,1,1444,0,0,5,NONE,
[2026-02-11T19:21:54.053696] [TDMA] TX UPLINK: frame=1445 records=0
[2026-02-11T19:21:54.073497] BRAGE,145626,1,1445,0,0,5,NONE,
[2026-02-11T19:21:54.153018] [TDMA] TX UPLINK: frame=1446 records=0
[2026-02-11T19:21:54.172847] BRAGE,145726,1,1446,0,0,5,NONE,
[2026-02-11T19:21:54.252593] [TDMA] TX UPLINK: frame=1447 records=0
[2026-02-11T19:21:54.272195] BRAGE,145826,1,1447,0,0,5,NONE,
[2026-02-11T19:21:54.351747] [TDMA] TX UPLINK: frame=1448 records=0
[2026-02-11T19:21:54.371503] BRAGE,145926,1,1448,0,0,5,NONE,
[2026-02-11T19:21:54.451101] [TDMA] TX UPLINK: frame=1449 records=0
[2026-02-11T19:21:54.470914] BRAGE,146026,1,1449,0,0,5,NONE,
[2026-02-11T19:21:54.550162] [TDMA] TX UPLINK: frame=1450 records=0
[2026-02-11T19:21:54.570064] BRAGE,146126,1,1450,0,0,5,NONE,
[2026-02-11T19:21:54.649595] [TDMA] TX UPLINK: frame=1451 records=0
[2026-02-11T19:21:54.669334] BRAGE,146226,1,1451,0,0,5,NONE,
[2026-02-11T19:21:54.687758] RX CAN id=0x720 dlc=8
[2026-02-11T19:21:54.748803] [TDMA] TX UPLINK: frame=1452 records=0
[2026-02-11T19:21:54.769073] BRAGE,146326,1,1452,-74,11,6,UL,
[2026-02-11T19:21:54.848579] [TDMA] TX UPLINK: frame=1453 records=0
[2026-02-11T19:21:54.868988] BRAGE,146426,1,1453,0,0,6,NONE,
[2026-02-11T19:21:54.948169] [TDMA] TX UPLINK: frame=1454 records=0
[2026-02-11T19:21:54.972894] BRAGE,146526,1,1454,0,0,6,NONE,
[2026-02-11T19:21:55.047777] [TDMA] TX UPLINK: frame=1455 records=0
[2026-02-11T19:21:55.067311] BRAGE,146626,1,1455,0,0,6,NONE,
[2026-02-11T19:21:55.147188] [TDMA] TX UPLINK: frame=1456 records=0
[2026-02-11T19:21:55.166503] BRAGE,146726,1,1456,0,0,6,NONE,
[2026-02-11T19:21:55.246868] [TDMA] TX UPLINK: frame=1457 records=0
[2026-02-11T19:21:55.265245] BRAGE,146826,1,1457,0,0,6,NONE,
[2026-02-11T19:21:55.345743] [TDMA] TX UPLINK: frame=1458 records=0
[2026-02-11T19:21:55.365268] BRAGE,146926,1,1458,0,0,6,NONE,
[2026-02-11T19:21:55.444712] [TDMA] TX UPLINK: frame=1459 records=0
[2026-02-11T19:21:55.465052] BRAGE,147026,1,1459,0,0,6,NONE,
[2026-02-11T19:21:55.543624] [TDMA] TX UPLINK: frame=1460 records=0
[2026-02-11T19:21:55.563883] BRAGE,147126,1,1460,0,0,6,NONE,
[2026-02-11T19:21:55.642916] [TDMA] TX UPLINK: frame=1461 records=0
[2026-02-11T19:21:55.662768] BRAGE,147226,1,1461,0,0,6,NONE,
[2026-02-11T19:21:55.681178] RX CAN id=0x720 dlc=8
[2026-02-11T19:21:55.742745] [TDMA] TX UPLINK: frame=1462 records=0
[2026-02-11T19:21:55.762714] BRAGE,147326,1,1462,-68,10,7,UL,
[2026-02-11T19:21:55.841702] [TDMA] TX UPLINK: frame=1463 records=0
[2026-02-11T19:21:55.861475] BRAGE,147426,1,1463,0,0,7,NONE,
[2026-02-11T19:21:55.941410] [TDMA] TX UPLINK: frame=1464 records=0
[2026-02-11T19:21:55.961342] BRAGE,147526,1,1464,0,0,7,NONE,
[2026-02-11T19:21:56.040804] [TDMA] TX UPLINK: frame=1465 records=0
[2026-02-11T19:21:56.060737] BRAGE,147626,1,1465,0,0,7,NONE,
[2026-02-11T19:21:56.140034] [TDMA] TX UPLINK: frame=1466 records=0
[2026-02-11T19:21:56.160238] BRAGE,147726,1,1466,0,0,7,NONE,
[2026-02-11T19:21:56.240012] [TDMA] TX UPLINK: frame=1467 records=0
[2026-02-11T19:21:56.260750] BRAGE,147826,1,1467,0,0,7,NONE,
[2026-02-11T19:21:56.339090] [TDMA] TX UPLINK: frame=1468 records=0
[2026-02-11T19:21:56.359256] BRAGE,147926,1,1468,0,0,7,NONE,
[2026-02-11T19:21:56.437841] [TDMA] TX UPLINK: frame=1469 records=0
[2026-02-11T19:21:56.458404] BRAGE,148026,1,1469,0,0,7,NONE,
[2026-02-11T19:21:56.538040] [TDMA] TX UPLINK: frame=1470 records=0
[2026-02-11T19:21:56.557356] BRAGE,148126,1,1470,0,0,7,NONE,
[2026-02-11T19:21:56.637204] [TDMA] TX UPLINK: frame=1471 records=0
[2026-02-11T19:21:56.657209] BRAGE,148226,1,1471,0,0,7,NONE,
[2026-02-11T19:21:56.675086] RX CAN id=0x720 dlc=8
[2026-02-11T19:21:56.736693] [TDMA] TX UPLINK: frame=1472 records=0
[2026-02-11T19:21:56.758537] BRAGE,148326,1,1472,-71,10,8,UL,
[2026-02-11T19:21:56.836019] [TDMA] TX UPLINK: frame=1473 records=0
[2026-02-11T19:21:56.855688] BRAGE,148426,1,1473,0,0,8,NONE,
[2026-02-11T19:21:56.935783] [TDMA] TX UPLINK: frame=1474 records=0
[2026-02-11T19:21:56.956003] BRAGE,148526,1,1474,0,0,8,NONE,
[2026-02-11T19:21:57.034778] [TDMA] TX UPLINK: frame=1475 records=0
[2026-02-11T19:21:57.054971] BRAGE,148626,1,1475,0,0,8,NONE,
[2026-02-11T19:21:57.134245] [TDMA] TX UPLINK: frame=1476 records=0
[2026-02-11T19:21:57.153235] BRAGE,148726,1,1476,0,0,8,NONE,
[2026-02-11T19:21:57.233313] [TDMA] TX UPLINK: frame=1477 records=0
[2026-02-11T19:21:57.253279] BRAGE,148826,1,1477,0,0,8,NONE,
[2026-02-11T19:21:57.332907] [TDMA] TX UPLINK: frame=1478 records=0
[2026-02-11T19:21:57.352395] BRAGE,148926,1,1478,0,0,8,NONE,
[2026-02-11T19:21:57.431551] [TDMA] TX UPLINK: frame=1479 records=0
[2026-02-11T19:21:57.451684] BRAGE,149026,1,1479,0,0,8,NONE,
[2026-02-11T19:21:57.531313] [TDMA] TX UPLINK: frame=1480 records=0
[2026-02-11T19:21:57.551279] BRAGE,149126,1,1480,0,0,8,NONE,
[2026-02-11T19:21:57.630850] [TDMA] TX UPLINK: frame=1481 records=0
[2026-02-11T19:21:57.650523] BRAGE,149226,1,1481,0,0,8,NONE,
[2026-02-11T19:21:57.669000] RX CAN id=0x720 dlc=8
[2026-02-11T19:21:57.729626] [TDMA] TX UPLINK: frame=1482 records=0
[2026-02-11T19:21:57.750071] BRAGE,149326,1,1482,-75,12,9,UL,
[2026-02-11T19:21:57.829404] [TDMA] TX UPLINK: frame=1483 records=0
[2026-02-11T19:21:57.849470] BRAGE,149426,1,1483,0,0,9,NONE,
[2026-02-11T19:21:57.929128] [TDMA] TX UPLINK: frame=1484 records=0
[2026-02-11T19:21:57.948896] BRAGE,149526,1,1484,0,0,9,NONE,
[2026-02-11T19:21:58.028041] [TDMA] TX UPLINK: frame=1485 records=0
[2026-02-11T19:21:58.047587] BRAGE,149626,1,1485,0,0,9,NONE,
[2026-02-11T19:21:58.127568] [TDMA] TX UPLINK: frame=1486 records=0
[2026-02-11T19:21:58.147436] BRAGE,149726,1,1486,0,0,9,NONE,
[2026-02-11T19:21:58.227097] [TDMA] TX UPLINK: frame=1487 records=0
[2026-02-11T19:21:58.246503] BRAGE,149826,1,1487,0,0,9,NONE,
[2026-02-11T19:21:58.326144] [TDMA] TX UPLINK: frame=1488 records=0
[2026-02-11T19:21:58.346368] BRAGE,149926,1,1488,0,0,9,NONE,
[2026-02-11T19:21:58.425518] [TDMA] TX UPLINK: frame=1489 records=0
[2026-02-11T19:21:58.445074] BRAGE,150026,1,1489,0,0,9,NONE,
[2026-02-11T19:21:58.525145] [TDMA] TX UPLINK: frame=1490 records=0
[2026-02-11T19:21:58.544693] BRAGE,150126,1,1490,0,0,9,NONE,
[2026-02-11T19:21:58.624287] [TDMA] TX UPLINK: frame=1491 records=0
[2026-02-11T19:21:58.644433] BRAGE,150226,1,1491,0,0,9,NONE,
[2026-02-11T19:21:58.662895] RX CAN id=0x720 dlc=8
[2026-02-11T19:21:58.723594] [TDMA] TX UPLINK: frame=1492 records=0
[2026-02-11T19:21:58.743377] BRAGE,150326,1,1492,-66,15,10,UL,
[2026-02-11T19:21:58.823262] [TDMA] TX UPLINK: frame=1493 records=0
[2026-02-11T19:21:58.843177] BRAGE,150426,1,1493,0,0,10,NONE,
[2026-02-11T19:21:58.923044] [TDMA] TX UPLINK: frame=1494 records=0
[2026-02-11T19:21:58.942157] BRAGE,150526,1,1494,0,0,10,NONE,
[2026-02-11T19:21:59.021554] [TDMA] TX UPLINK: frame=1495 records=0
[2026-02-11T19:21:59.041470] BRAGE,150626,1,1495,0,0,10,NONE,
[2026-02-11T19:21:59.121345] [TDMA] TX UPLINK: frame=1496 records=0
[2026-02-11T19:21:59.141213] BRAGE,150726,1,1496,0,0,10,NONE,
[2026-02-11T19:21:59.221001] [TDMA] TX UPLINK: frame=1497 records=0
[2026-02-11T19:21:59.239994] BRAGE,150826,1,1497,0,0,10,NONE,
[2026-02-11T19:21:59.319407] [TDMA] TX UPLINK: frame=1498 records=0
[2026-02-11T19:21:59.339290] BRAGE,150926,1,1498,0,0,10,NONE,
[2026-02-11T19:21:59.419439] [TDMA] TX UPLINK: frame=1499 records=0
[2026-02-11T19:21:59.439316] BRAGE,151026,1,1499,0,0,10,NONE,
[2026-02-11T19:21:59.519030] [TDMA] TX UPLINK: frame=1500 records=0
[2026-02-11T19:21:59.538612] BRAGE,151126,1,1500,0,0,10,NONE,
[2026-02-11T19:21:59.618165] [TDMA] TX UPLINK: frame=1501 records=0
[2026-02-11T19:21:59.638052] BRAGE,151226,1,1501,0,0,10,NONE,
[2026-02-11T19:21:59.656457] RX CAN id=0x720 dlc=8
[2026-02-11T19:21:59.717586] [TDMA] TX UPLINK: frame=1502 records=0
[2026-02-11T19:21:59.737228] BRAGE,151326,1,1502,-76,9,10,UL,
[2026-02-11T19:21:59.819966] [TDMA] TX UPLINK: frame=1503 records=0
[2026-02-11T19:21:59.836428] BRAGE,151426,1,1503,0,0,10,NONE,
[2026-02-11T19:21:59.916320] [TDMA] TX UPLINK: frame=1504 records=0
[2026-02-11T19:21:59.936224] BRAGE,151526,1,1504,0,0,10,NONE,
[2026-02-11T19:22:00.015708] [TDMA] TX UPLINK: frame=1505 records=0
[2026-02-11T19:22:00.036009] BRAGE,151626,1,1505,0,0,10,NONE,
[2026-02-11T19:22:00.115223] [TDMA] TX UPLINK: frame=1506 records=0
[2026-02-11T19:22:00.135009] BRAGE,151726,1,1506,0,0,10,NONE,
[2026-02-11T19:22:00.214243] [TDMA] TX UPLINK: frame=1507 records=0
[2026-02-11T19:22:00.234064] BRAGE,151826,1,1507,0,0,10,NONE,
[2026-02-11T19:22:00.313493] [TDMA] TX UPLINK: frame=1508 records=0
[2026-02-11T19:22:00.333432] BRAGE,151926,1,1508,0,0,10,NONE,
[2026-02-11T19:22:00.412982] [TDMA] TX UPLINK: frame=1509 records=0
[2026-02-11T19:22:00.433008] BRAGE,152026,1,1509,0,0,10,NONE,
[2026-02-11T19:22:00.512122] [TDMA] TX UPLINK: frame=1510 records=0
[2026-02-11T19:22:00.532082] BRAGE,152126,1,1510,0,0,10,NONE,
[2026-02-11T19:22:00.611174] [TDMA] TX UPLINK: frame=1511 records=0
[2026-02-11T19:22:00.631155] BRAGE,152226,1,1511,0,0,10,NONE,
[2026-02-11T19:22:00.649988] RX CAN id=0x720 dlc=8
[2026-02-11T19:22:00.710457] [TDMA] TX UPLINK: frame=1512 records=0
[2026-02-11T19:22:00.731070] BRAGE,152326,1,1512,-73,10,10,UL,
[2026-02-11T19:22:00.810856] [TDMA] TX UPLINK: frame=1513 records=0
[2026-02-11T19:22:00.830421] BRAGE,152426,1,1513,0,0,10,NONE,
[2026-02-11T19:22:00.909483] [TDMA] TX UPLINK: frame=1514 records=0
[2026-02-11T19:22:00.929215] BRAGE,152526,1,1514,0,0,10,NONE,
[2026-02-11T19:22:01.009284] [TDMA] TX UPLINK: frame=1515 records=0
[2026-02-11T19:22:01.028807] BRAGE,152626,1,1515,0,0,10,NONE,
[2026-02-11T19:22:01.108689] [TDMA] TX UPLINK: frame=1516 records=0
[2026-02-11T19:22:01.128409] BRAGE,152726,1,1516,0,0,10,NONE,
[2026-02-11T19:22:01.207300] [TDMA] TX UPLINK: frame=1517 records=0
[2026-02-11T19:22:01.227845] BRAGE,152826,1,1517,0,0,10,NONE,
[2026-02-11T19:22:01.307296] [TDMA] TX UPLINK: frame=1518 records=0
[2026-02-11T19:22:01.327350] BRAGE,152926,1,1518,0,0,10,NONE,
[2026-02-11T19:22:01.406431] [TDMA] TX UPLINK: frame=1519 records=0
[2026-02-11T19:22:01.426526] BRAGE,153026,1,1519,0,0,10,NONE,
[2026-02-11T19:22:01.505305] [TDMA] TX UPLINK: frame=1520 records=0
[2026-02-11T19:22:01.525787] BRAGE,153126,1,1520,0,0,10,NONE,
[2026-02-11T19:22:01.605142] [TDMA] TX UPLINK: frame=1521 records=0
[2026-02-11T19:22:01.625084] BRAGE,153226,1,1521,0,0,10,NONE,
[2026-02-11T19:22:01.643369] RX CAN id=0x720 dlc=8
[2026-02-11T19:22:01.704579] [TDMA] TX UPLINK: frame=1522 records=0
[2026-02-11T19:22:01.724065] BRAGE,153326,1,1522,-72,11,10,UL,
[2026-02-11T19:22:01.803541] [TDMA] TX UPLINK: frame=1523 records=0
[2026-02-11T19:22:01.823410] BRAGE,153426,1,1523,0,0,10,NONE,
[2026-02-11T19:22:01.902895] [TDMA] TX UPLINK: frame=1524 records=0
[2026-02-11T19:22:01.923207] BRAGE,153526,1,1524,0,0,10,NONE,
[2026-02-11T19:22:02.002717] [TDMA] TX UPLINK: frame=1525 records=0
[2026-02-11T19:22:02.022458] BRAGE,153626,1,1525,0,0,10,NONE,
[2026-02-11T19:22:02.102345] [TDMA] TX UPLINK: frame=1526 records=0
[2026-02-11T19:22:02.122071] BRAGE,153726,1,1526,0,0,10,NONE,
[2026-02-11T19:22:02.201337] [TDMA] TX UPLINK: frame=1527 records=0
[2026-02-11T19:22:02.220875] BRAGE,153826,1,1527,0,0,10,NONE,
[2026-02-11T19:22:02.300748] [TDMA] TX UPLINK: frame=1528 records=0
[2026-02-11T19:22:02.320197] BRAGE,153926,1,1528,0,0,10,NONE,
[2026-02-11T19:22:02.400216] [TDMA] TX UPLINK: frame=1529 records=0
[2026-02-11T19:22:02.419978] BRAGE,154026,1,1529,0,0,10,NONE,
[2026-02-11T19:22:02.499517] [TDMA] TX UPLINK: frame=1530 records=0
[2026-02-11T19:22:02.519167] BRAGE,154126,1,1530,0,0,10,NONE,
[2026-02-11T19:22:02.598817] [TDMA] TX UPLINK: frame=1531 records=0
[2026-02-11T19:22:02.618699] BRAGE,154226,1,1531,0,0,10,NONE,
[2026-02-11T19:22:02.636834] RX CAN id=0x720 dlc=8
[2026-02-11T19:22:02.698187] [TDMA] TX UPLINK: frame=1532 records=0
[2026-02-11T19:22:02.718181] BRAGE,154326,1,1532,-73,8,10,UL,
[2026-02-11T19:22:02.797516] [TDMA] TX UPLINK: frame=1533 records=0
[2026-02-11T19:22:02.817016] BRAGE,154426,1,1533,0,0,10,NONE,
[2026-02-11T19:22:02.897126] [TDMA] TX UPLINK: frame=1534 records=0
[2026-02-11T19:22:02.916778] BRAGE,154526,1,1534,0,0,10,NONE,
[2026-02-11T19:22:02.996238] [TDMA] TX UPLINK: frame=1535 records=0
[2026-02-11T19:22:03.016153] BRAGE,154626,1,1535,0,0,10,NONE,
[2026-02-11T19:22:03.095179] [TDMA] TX UPLINK: frame=1536 records=0
[2026-02-11T19:22:03.115627] BRAGE,154726,1,1536,0,0,10,NONE,
[2026-02-11T19:22:03.194596] [TDMA] TX UPLINK: frame=1537 records=0
[2026-02-11T19:22:03.214882] BRAGE,154826,1,1537,0,0,10,NONE,
[2026-02-11T19:22:03.294348] [TDMA] TX UPLINK: frame=1538 records=0
[2026-02-11T19:22:03.314420] BRAGE,154926,1,1538,0,0,10,NONE,
[2026-02-11T19:22:03.393296] [TDMA] TX UPLINK: frame=1539 records=0
[2026-02-11T19:22:03.413198] BRAGE,155026,1,1539,0,0,10,NONE,
[2026-02-11T19:22:03.493065] [TDMA] TX UPLINK: frame=1540 records=0
[2026-02-11T19:22:03.512963] BRAGE,155126,1,1540,0,0,10,NONE,
[2026-02-11T19:22:03.592589] [TDMA] TX UPLINK: frame=1541 records=0
[2026-02-11T19:22:03.611902] BRAGE,155226,1,1541,0,0,10,NONE,
[2026-02-11T19:22:03.630419] RX CAN id=0x720 dlc=8
[2026-02-11T19:22:03.691678] [TDMA] TX UPLINK: frame=1542 records=0
[2026-02-11T19:22:03.711599] BRAGE,155326,1,1542,-70,9,10,UL,
[2026-02-11T19:22:03.791309] [TDMA] TX UPLINK: frame=1543 records=0
[2026-02-11T19:22:03.810752] BRAGE,155426,1,1543,0,0,10,NONE,
[2026-02-11T19:22:03.890439] [TDMA] TX UPLINK: frame=1544 records=0
[2026-02-11T19:22:03.910802] BRAGE,155526,1,1544,0,0,10,NONE,
[2026-02-11T19:22:03.989416] [TDMA] TX UPLINK: frame=1545 records=0
[2026-02-11T19:22:04.009697] BRAGE,155626,1,1545,0,0,10,NONE,
[2026-02-11T19:22:04.089335] [TDMA] TX UPLINK: frame=1546 records=0
[2026-02-11T19:22:04.109046] BRAGE,155726,1,1546,0,0,10,NONE,
[2026-02-11T19:22:04.188537] [TDMA] TX UPLINK: frame=1547 records=0
[2026-02-11T19:22:04.208374] BRAGE,155826,1,1547,0,0,10,NONE,
[2026-02-11T19:22:04.287923] [TDMA] TX UPLINK: frame=1548 records=0
[2026-02-11T19:22:04.307780] BRAGE,155926,1,1548,0,0,10,NONE,
[2026-02-11T19:22:04.386912] [TDMA] TX UPLINK: frame=1549 records=0
[2026-02-11T19:22:04.409350] BRAGE,156026,1,1549,0,0,10,NONE,
[2026-02-11T19:22:04.486596] [TDMA] TX UPLINK: frame=1550 records=0
[2026-02-11T19:22:04.506471] BRAGE,156126,1,1550,0,0,10,NONE,
[2026-02-11T19:22:04.585951] [TDMA] TX UPLINK: frame=1551 records=0
[2026-02-11T19:22:04.606761] BRAGE,156226,1,1551,0,0,10,NONE,
[2026-02-11T19:22:04.685178] [TDMA] TX UPLINK: frame=1552 records=0
[2026-02-11T19:22:04.705398] BRAGE,156326,1,1552,0,0,9,NONE,
[2026-02-11T19:22:04.785134] [TDMA] TX UPLINK: frame=1553 records=0
[2026-02-11T19:22:04.804783] BRAGE,156426,1,1553,0,0,9,NONE,
[2026-02-11T19:22:04.883452] [TDMA] TX UPLINK: frame=1554 records=0
[2026-02-11T19:22:04.903388] BRAGE,156526,1,1554,0,0,9,NONE,
[2026-02-11T19:22:04.982966] [TDMA] TX UPLINK: frame=1555 records=0
[2026-02-11T19:22:05.003347] BRAGE,156626,1,1555,0,0,9,NONE,
[2026-02-11T19:22:05.082891] [TDMA] TX UPLINK: frame=1556 records=0
[2026-02-11T19:22:05.102408] BRAGE,156726,1,1556,0,0,9,NONE,
[2026-02-11T19:22:05.182882] [TDMA] TX UPLINK: frame=1557 records=0
[2026-02-11T19:22:05.202289] BRAGE,156826,1,1557,0,0,9,NONE,
[2026-02-11T19:22:05.281407] [TDMA] TX UPLINK: frame=1558 records=0
[2026-02-11T19:22:05.301485] BRAGE,156926,1,1558,0,0,9,NONE,
[2026-02-11T19:22:05.381172] [TDMA] TX UPLINK: frame=1559 records=0
[2026-02-11T19:22:05.400823] BRAGE,157026,1,1559,0,0,9,NONE,
[2026-02-11T19:22:05.480010] [TDMA] TX UPLINK: frame=1560 records=0
[2026-02-11T19:22:05.500338] BRAGE,157126,1,1560,0,0,9,NONE,
[2026-02-11T19:22:05.579490] [TDMA] TX UPLINK: frame=1561 records=0
[2026-02-11T19:22:05.599539] BRAGE,157226,1,1561,0,0,9,NONE,
[2026-02-11T19:22:05.678747] [TDMA] TX UPLINK: frame=1562 records=0
[2026-02-11T19:22:05.698259] BRAGE,157326,1,1562,0,0,8,NONE,
[2026-02-11T19:22:05.778444] [TDMA] TX UPLINK: frame=1563 records=0
[2026-02-11T19:22:05.798323] BRAGE,157426,1,1563,0,0,8,NONE,
[2026-02-11T19:22:05.877401] [TDMA] TX UPLINK: frame=1564 records=0
[2026-02-11T19:22:05.897252] BRAGE,157526,1,1564,0,0,8,NONE,
[2026-02-11T19:22:05.976333] [TDMA] TX UPLINK: frame=1565 records=0
[2026-02-11T19:22:05.996314] BRAGE,157626,1,1565,0,0,8,NONE,
[2026-02-11T19:22:06.076358] [TDMA] TX UPLINK: frame=1566 records=0
[2026-02-11T19:22:06.096340] BRAGE,157726,1,1566,0,0,8,NONE,
[2026-02-11T19:22:06.175623] [TDMA] TX UPLINK: frame=1567 records=0
[2026-02-11T19:22:06.196182] BRAGE,157826,1,1567,0,0,8,NONE,
[2026-02-11T19:22:06.274508] [TDMA] TX UPLINK: frame=1568 records=0
[2026-02-11T19:22:06.294373] BRAGE,157926,1,1568,0,0,8,NONE,
[2026-02-11T19:22:06.374371] [TDMA] TX UPLINK: frame=1569 records=0
[2026-02-11T19:22:06.393835] BRAGE,158026,1,1569,0,0,8,NONE,
[2026-02-11T19:22:06.473582] [TDMA] TX UPLINK: frame=1570 records=0
[2026-02-11T19:22:06.493423] BRAGE,158126,1,1570,0,0,8,NONE,
[2026-02-11T19:22:06.572583] [TDMA] TX UPLINK: frame=1571 records=0
[2026-02-11T19:22:06.592879] BRAGE,158226,1,1571,0,0,8,NONE,
[2026-02-11T19:22:06.610839] RX CAN id=0x720 dlc=8
[2026-02-11T19:22:06.672448] [TDMA] TX UPLINK: frame=1572 records=0
[2026-02-11T19:22:06.692451] BRAGE,158326,1,1572,-70,10,8,UL,
[2026-02-11T19:22:06.771758] [TDMA] TX UPLINK: frame=1573 records=0
[2026-02-11T19:22:06.791574] BRAGE,158426,1,1573,0,0,8,NONE,
[2026-02-11T19:22:06.870745] [TDMA] TX UPLINK: frame=1574 records=0
[2026-02-11T19:22:06.890881] BRAGE,158526,1,1574,0,0,8,NONE,
[2026-02-11T19:22:06.970342] [TDMA] TX UPLINK: frame=1575 records=0
[2026-02-11T19:22:06.989928] BRAGE,158626,1,1575,0,0,8,NONE,
[2026-02-11T19:22:07.069747] [TDMA] TX UPLINK: frame=1576 records=0
[2026-02-11T19:22:07.089610] BRAGE,158726,1,1576,0,0,8,NONE,
[2026-02-11T19:22:07.169020] [TDMA] TX UPLINK: frame=1577 records=0
[2026-02-11T19:22:07.188958] BRAGE,158826,1,1577,0,0,8,NONE,
[2026-02-11T19:22:07.268735] [TDMA] TX UPLINK: frame=1578 records=0
[2026-02-11T19:22:07.288259] BRAGE,158926,1,1578,0,0,8,NONE,
[2026-02-11T19:22:07.367892] [TDMA] TX UPLINK: frame=1579 records=0
[2026-02-11T19:22:07.387696] BRAGE,159026,1,1579,0,0,8,NONE,
[2026-02-11T19:22:07.471353] [TDMA] TX UPLINK: frame=1580 records=0
[2026-02-11T19:22:07.487011] BRAGE,159126,1,1580,0,0,8,NONE,
[2026-02-11T19:22:07.566718] [TDMA] TX UPLINK: frame=1581 records=0
[2026-02-11T19:22:07.585987] BRAGE,159226,1,1581,0,0,8,NONE,
[2026-02-11T19:22:07.604737] RX CAN id=0x720 dlc=8
[2026-02-11T19:22:07.665495] [TDMA] TX UPLINK: frame=1582 records=0
[2026-02-11T19:22:07.685352] BRAGE,159326,1,1582,-72,6,8,UL,
[2026-02-11T19:22:07.765444] [TDMA] TX UPLINK: frame=1583 records=0
[2026-02-11T19:22:07.784929] BRAGE,159426,1,1583,0,0,8,NONE,
[2026-02-11T19:22:07.864591] [TDMA] TX UPLINK: frame=1584 records=0
[2026-02-11T19:22:07.884487] BRAGE,159526,1,1584,0,0,8,NONE,
[2026-02-11T19:22:07.963966] [TDMA] TX UPLINK: frame=1585 records=0
[2026-02-11T19:22:07.983804] BRAGE,159626,1,1585,0,0,8,NONE,
[2026-02-11T19:22:08.063542] [TDMA] TX UPLINK: frame=1586 records=0
[2026-02-11T19:22:08.083137] BRAGE,159726,1,1586,0,0,8,NONE,
[2026-02-11T19:22:08.162517] [TDMA] TX UPLINK: frame=1587 records=0
[2026-02-11T19:22:08.182372] BRAGE,159826,1,1587,0,0,8,NONE,
[2026-02-11T19:22:08.262212] [TDMA] TX UPLINK: frame=1588 records=0
[2026-02-11T19:22:08.281782] BRAGE,159926,1,1588,0,0,8,NONE,
[2026-02-11T19:22:08.360916] [TDMA] TX UPLINK: frame=1589 records=0
[2026-02-11T19:22:08.381341] BRAGE,160026,1,1589,0,0,8,NONE,
[2026-02-11T19:22:08.460191] [TDMA] TX UPLINK: frame=1590 records=0
[2026-02-11T19:22:08.480476] BRAGE,160126,1,1590,0,0,8,NONE,
[2026-02-11T19:22:08.559992] [TDMA] TX UPLINK: frame=1591 records=0
[2026-02-11T19:22:08.579880] BRAGE,160226,1,1591,0,0,8,NONE,
[2026-02-11T19:22:08.659590] [TDMA] TX UPLINK: frame=1592 records=0
[2026-02-11T19:22:08.679396] BRAGE,160326,1,1592,0,0,7,NONE,
[2026-02-11T19:22:08.759412] [TDMA] TX UPLINK: frame=1593 records=0
[2026-02-11T19:22:08.778220] BRAGE,160426,1,1593,0,0,7,NONE,
[2026-02-11T19:22:08.858051] [TDMA] TX UPLINK: frame=1594 records=0
[2026-02-11T19:22:08.877597] BRAGE,160526,1,1594,0,0,7,NONE,
[2026-02-11T19:22:08.957514] [TDMA] TX UPLINK: frame=1595 records=0
[2026-02-11T19:22:08.977424] BRAGE,160626,1,1595,0,0,7,NONE,
[2026-02-11T19:22:09.056823] [TDMA] TX UPLINK: frame=1596 records=0
[2026-02-11T19:22:09.076239] BRAGE,160726,1,1596,0,0,7,NONE,
[2026-02-11T19:22:09.155958] [TDMA] TX UPLINK: frame=1597 records=0
[2026-02-11T19:22:09.175609] BRAGE,160826,1,1597,0,0,7,NONE,
[2026-02-11T19:22:09.257011] [TDMA] TX UPLINK: frame=1598 records=0
[2026-02-11T19:22:09.275415] BRAGE,160926,1,1598,0,0,7,NONE,
[2026-02-11T19:22:09.355072] [TDMA] TX UPLINK: frame=1599 records=0
[2026-02-11T19:22:09.374926] BRAGE,161026,1,1599,0,0,7,NONE,
[2026-02-11T19:22:09.453670] [TDMA] TX UPLINK: frame=1600 records=0
[2026-02-11T19:22:09.473754] BRAGE,161126,1,1600,0,0,7,NONE,
[2026-02-11T19:22:09.554032] [TDMA] TX UPLINK: frame=1601 records=0
[2026-02-11T19:22:09.573814] BRAGE,161226,1,1601,0,0,7,NONE,
[2026-02-11T19:22:09.591336] RX CAN id=0x720 dlc=8
[2026-02-11T19:22:09.652875] [TDMA] TX UPLINK: frame=1602 records=0
[2026-02-11T19:22:09.672979] BRAGE,161326,1,1602,-67,7,7,UL,
[2026-02-11T19:22:09.752120] [TDMA] TX UPLINK: frame=1603 records=0
[2026-02-11T19:22:09.771549] BRAGE,161426,1,1603,0,0,7,NONE,
[2026-02-11T19:22:09.851860] [TDMA] TX UPLINK: frame=1604 records=0
[2026-02-11T19:22:09.871487] BRAGE,161526,1,1604,0,0,7,NONE,
[2026-02-11T19:22:09.950751] [TDMA] TX UPLINK: frame=1605 records=0
[2026-02-11T19:22:09.970999] BRAGE,161626,1,1605,0,0,7,NONE,
[2026-02-11T19:22:10.049901] [TDMA] TX UPLINK: frame=1606 records=0
[2026-02-11T19:22:10.070014] BRAGE,161726,1,1606,0,0,7,NONE,
[2026-02-11T19:22:10.149931] [TDMA] TX UPLINK: frame=1607 records=0
[2026-02-11T19:22:10.169469] BRAGE,161826,1,1607,0,0,7,NONE,
[2026-02-11T19:22:10.249445] [TDMA] TX UPLINK: frame=1608 records=0
[2026-02-11T19:22:10.269143] BRAGE,161926,1,1608,0,0,7,NONE,
[2026-02-11T19:22:10.348745] [TDMA] TX UPLINK: frame=1609 records=0
[2026-02-11T19:22:10.368605] BRAGE,162026,1,1609,0,0,7,NONE,
[2026-02-11T19:22:10.447940] [TDMA] TX UPLINK: frame=1610 records=0
[2026-02-11T19:22:10.467554] BRAGE,162126,1,1610,0,0,7,NONE,
[2026-02-11T19:22:10.546871] [TDMA] TX UPLINK: frame=1611 records=0
[2026-02-11T19:22:10.567120] BRAGE,162226,1,1611,0,0,7,NONE,
[2026-02-11T19:22:10.585853] RX CAN id=0x720 dlc=8
[2026-02-11T19:22:10.646359] [TDMA] TX UPLINK: frame=1612 records=0
[2026-02-11T19:22:10.666494] BRAGE,162326,1,1612,-64,8,7,UL,
[2026-02-11T19:22:10.745750] [TDMA] TX UPLINK: frame=1613 records=0
[2026-02-11T19:22:10.765598] BRAGE,162426,1,1613,0,0,7,NONE,
[2026-02-11T19:22:10.845334] [TDMA] TX UPLINK: frame=1614 records=0
[2026-02-11T19:22:10.865245] BRAGE,162526,1,1614,0,0,7,NONE,
[2026-02-11T19:22:10.944874] [TDMA] TX UPLINK: frame=1615 records=0
[2026-02-11T19:22:10.964889] BRAGE,162626,1,1615,0,0,7,NONE,
[2026-02-11T19:22:11.043775] [TDMA] TX UPLINK: frame=1616 records=0
[2026-02-11T19:22:11.063332] BRAGE,162726,1,1616,0,0,7,NONE,
[2026-02-11T19:22:11.143205] [TDMA] TX UPLINK: frame=1617 records=0
[2026-02-11T19:22:11.163043] BRAGE,162826,1,1617,0,0,7,NONE,
[2026-02-11T19:22:11.242503] [TDMA] TX UPLINK: frame=1618 records=0
[2026-02-11T19:22:11.261917] BRAGE,162926,1,1618,0,0,7,NONE,
[2026-02-11T19:22:11.341428] [TDMA] TX UPLINK: frame=1619 records=0
[2026-02-11T19:22:11.361278] BRAGE,163026,1,1619,0,0,7,NONE,
[2026-02-11T19:22:11.441173] [TDMA] TX UPLINK: frame=1620 records=0
[2026-02-11T19:22:11.461130] BRAGE,163126,1,1620,0,0,7,NONE,
[2026-02-11T19:22:11.540216] [TDMA] TX UPLINK: frame=1621 records=0
[2026-02-11T19:22:11.560566] BRAGE,163226,1,1621,0,0,7,NONE,
[2026-02-11T19:22:11.578265] RX CAN id=0x720 dlc=8
[2026-02-11T19:22:11.639551] [TDMA] TX UPLINK: frame=1622 records=0
[2026-02-11T19:22:11.659866] BRAGE,163326,1,1622,-67,7,7,UL,
[2026-02-11T19:22:11.739169] [TDMA] TX UPLINK: frame=1623 records=0
[2026-02-11T19:22:11.758781] BRAGE,163426,1,1623,0,0,7,NONE,
[2026-02-11T19:22:11.838097] [TDMA] TX UPLINK: frame=1624 records=0
[2026-02-11T19:22:11.858137] BRAGE,163526,1,1624,0,0,7,NONE,
[2026-02-11T19:22:11.937518] [TDMA] TX UPLINK: frame=1625 records=0
[2026-02-11T19:22:11.957806] BRAGE,163626,1,1625,0,0,7,NONE,
[2026-02-11T19:22:12.037261] [TDMA] TX UPLINK: frame=1626 records=0
[2026-02-11T19:22:12.061250] BRAGE,163726,1,1626,0,0,7,NONE,
[2026-02-11T19:22:12.137019] [TDMA] TX UPLINK: frame=1627 records=0
[2026-02-11T19:22:12.156698] BRAGE,163826,1,1627,0,0,7,NONE,
[2026-02-11T19:22:12.235977] [TDMA] TX UPLINK: frame=1628 records=0
[2026-02-11T19:22:12.255771] BRAGE,163926,1,1628,0,0,7,NONE,
[2026-02-11T19:22:12.335452] [TDMA] TX UPLINK: frame=1629 records=0
[2026-02-11T19:22:12.354905] BRAGE,164026,1,1629,0,0,7,NONE,
[2026-02-11T19:22:12.434781] [TDMA] TX UPLINK: frame=1630 records=0
[2026-02-11T19:22:12.454732] BRAGE,164126,1,1630,0,0,7,NONE,
[2026-02-11T19:22:12.533686] [TDMA] TX UPLINK: frame=1631 records=0
[2026-02-11T19:22:12.553954] BRAGE,164226,1,1631,0,0,7,NONE,
[2026-02-11T19:22:12.572364] RX CAN id=0x720 dlc=8
[2026-02-11T19:22:12.633349] [TDMA] TX UPLINK: frame=1632 records=0
[2026-02-11T19:22:12.653209] BRAGE,164326,1,1632,-64,8,7,UL,
[2026-02-11T19:22:12.732799] [TDMA] TX UPLINK: frame=1633 records=0
[2026-02-11T19:22:12.752616] BRAGE,164426,1,1633,0,0,7,NONE,
[2026-02-11T19:22:12.832142] [TDMA] TX UPLINK: frame=1634 records=0
[2026-02-11T19:22:12.851946] BRAGE,164526,1,1634,0,0,7,NONE,
[2026-02-11T19:22:12.931719] [TDMA] TX UPLINK: frame=1635 records=0
[2026-02-11T19:22:12.950934] BRAGE,164626,1,1635,0,0,7,NONE,
[2026-02-11T19:22:13.030955] [TDMA] TX UPLINK: frame=1636 records=0
[2026-02-11T19:22:13.050780] BRAGE,164726,1,1636,0,0,7,NONE,
[2026-02-11T19:22:13.130108] [TDMA] TX UPLINK: frame=1637 records=0
[2026-02-11T19:22:13.150047] BRAGE,164826,1,1637,0,0,7,NONE,
[2026-02-11T19:22:13.229089] [TDMA] TX UPLINK: frame=1638 records=0
[2026-02-11T19:22:13.249249] BRAGE,164926,1,1638,0,0,7,NONE,
[2026-02-11T19:22:13.328850] [TDMA] TX UPLINK: frame=1639 records=0
[2026-02-11T19:22:13.349227] BRAGE,165026,1,1639,0,0,7,NONE,
[2026-02-11T19:22:13.428197] [TDMA] TX UPLINK: frame=1640 records=0
[2026-02-11T19:22:13.448055] BRAGE,165126,1,1640,0,0,7,NONE,
[2026-02-11T19:22:13.528592] [TDMA] TX UPLINK: frame=1641 records=0
[2026-02-11T19:22:13.547529] BRAGE,165226,1,1641,0,0,7,NONE,
[2026-02-11T19:22:13.565775] RX CAN id=0x720 dlc=8
[2026-02-11T19:22:13.626412] [TDMA] TX UPLINK: frame=1642 records=0
[2026-02-11T19:22:13.646890] BRAGE,165326,1,1642,-72,5,7,UL,
[2026-02-11T19:22:13.726232] [TDMA] TX UPLINK: frame=1643 records=0
[2026-02-11T19:22:13.746076] BRAGE,165426,1,1643,0,0,7,NONE,
[2026-02-11T19:22:13.825190] [TDMA] TX UPLINK: frame=1644 records=0
[2026-02-11T19:22:13.847989] BRAGE,165526,1,1644,0,0,7,NONE,
[2026-02-11T19:22:13.925098] [TDMA] TX UPLINK: frame=1645 records=0
[2026-02-11T19:22:13.944781] BRAGE,165626,1,1645,0,0,7,NONE,
[2026-02-11T19:22:14.024356] [TDMA] TX UPLINK: frame=1646 records=0
[2026-02-11T19:22:14.043921] BRAGE,165726,1,1646,0,0,7,NONE,
[2026-02-11T19:22:14.123204] [TDMA] TX UPLINK: frame=1647 records=0
[2026-02-11T19:22:14.143988] BRAGE,165826,1,1647,0,0,7,NONE,
[2026-02-11T19:22:14.223347] [TDMA] TX UPLINK: frame=1648 records=0
[2026-02-11T19:22:14.243169] BRAGE,165926,1,1648,0,0,7,NONE,
[2026-02-11T19:22:14.322399] [TDMA] TX UPLINK: frame=1649 records=0
[2026-02-11T19:22:14.342431] BRAGE,166026,1,1649,0,0,7,NONE,
[2026-02-11T19:22:14.421860] [TDMA] TX UPLINK: frame=1650 records=0
[2026-02-11T19:22:14.441551] BRAGE,166126,1,1650,0,0,7,NONE,
[2026-02-11T19:22:14.521956] [TDMA] TX UPLINK: frame=1651 records=0
[2026-02-11T19:22:14.540496] BRAGE,166226,1,1651,0,0,7,NONE,
[2026-02-11T19:22:14.559314] RX CAN id=0x720 dlc=8
[2026-02-11T19:22:14.620454] [TDMA] TX UPLINK: frame=1652 records=0
[2026-02-11T19:22:14.640479] BRAGE,166326,1,1652,-72,5,8,UL,
[2026-02-11T19:22:14.719865] [TDMA] TX UPLINK: frame=1653 records=0
[2026-02-11T19:22:14.739790] BRAGE,166426,1,1653,0,0,8,NONE,
[2026-02-11T19:22:14.819335] [TDMA] TX UPLINK: frame=1654 records=0
[2026-02-11T19:22:14.838603] BRAGE,166526,1,1654,0,0,8,NONE,
[2026-02-11T19:22:14.918270] [TDMA] TX UPLINK: frame=1655 records=0
[2026-02-11T19:22:14.937918] BRAGE,166626,1,1655,0,0,8,NONE,
[2026-02-11T19:22:15.018089] [TDMA] TX UPLINK: frame=1656 records=0
[2026-02-11T19:22:15.037900] BRAGE,166726,1,1656,0,0,8,NONE,
[2026-02-11T19:22:15.116852] [TDMA] TX UPLINK: frame=1657 records=0
[2026-02-11T19:22:15.136709] BRAGE,166826,1,1657,0,0,8,NONE,
[2026-02-11T19:22:15.216157] [TDMA] TX UPLINK: frame=1658 records=0
[2026-02-11T19:22:15.236404] BRAGE,166926,1,1658,0,0,8,NONE,
[2026-02-11T19:22:15.316103] [TDMA] TX UPLINK: frame=1659 records=0
[2026-02-11T19:22:15.335979] BRAGE,167026,1,1659,0,0,8,NONE,
[2026-02-11T19:22:15.414893] [TDMA] TX UPLINK: frame=1660 records=0
[2026-02-11T19:22:15.435106] BRAGE,167126,1,1660,0,0,8,NONE,
[2026-02-11T19:22:15.515015] [TDMA] TX UPLINK: frame=1661 records=0
[2026-02-11T19:22:15.534936] BRAGE,167226,1,1661,0,0,8,NONE,
[2026-02-11T19:22:15.553035] RX CAN id=0x720 dlc=8
[2026-02-11T19:22:15.614170] [TDMA] TX UPLINK: frame=1662 records=0
[2026-02-11T19:22:15.633782] BRAGE,167326,1,1662,-67,7,9,UL,
[2026-02-11T19:22:15.713114] [TDMA] TX UPLINK: frame=1663 records=0
[2026-02-11T19:22:15.733435] BRAGE,167426,1,1663,0,0,9,NONE,
[2026-02-11T19:22:15.814069] [TDMA] TX UPLINK: frame=1664 records=0
[2026-02-11T19:22:15.832070] BRAGE,167526,1,1664,0,0,9,NONE,
[2026-02-11T19:22:15.912185] [TDMA] TX UPLINK: frame=1665 records=0
[2026-02-11T19:22:15.932163] BRAGE,167626,1,1665,0,0,9,NONE,
[2026-02-11T19:22:16.011402] [TDMA] TX UPLINK: frame=1666 records=0
[2026-02-11T19:22:16.031498] BRAGE,167726,1,1666,0,0,9,NONE,
[2026-02-11T19:22:16.110997] [TDMA] TX UPLINK: frame=1667 records=0
[2026-02-11T19:22:16.130565] BRAGE,167826,1,1667,0,0,9,NONE,
[2026-02-11T19:22:16.210314] [TDMA] TX UPLINK: frame=1668 records=0
[2026-02-11T19:22:16.230187] BRAGE,167926,1,1668,0,0,9,NONE,
[2026-02-11T19:22:16.309613] [TDMA] TX UPLINK: frame=1669 records=0
[2026-02-11T19:22:16.329344] BRAGE,168026,1,1669,0,0,9,NONE,
[2026-02-11T19:22:16.408716] [TDMA] TX UPLINK: frame=1670 records=0
[2026-02-11T19:22:16.428212] BRAGE,168126,1,1670,0,0,9,NONE,
[2026-02-11T19:22:16.508432] [TDMA] TX UPLINK: frame=1671 records=0
[2026-02-11T19:22:16.528252] BRAGE,168226,1,1671,0,0,9,NONE,
[2026-02-11T19:22:16.546006] RX CAN id=0x720 dlc=8
[2026-02-11T19:22:16.608092] [TDMA] TX UPLINK: frame=1672 records=0
[2026-02-11T19:22:16.627592] BRAGE,168326,1,1672,-67,7,9,UL,
[2026-02-11T19:22:16.706576] [TDMA] TX UPLINK: frame=1673 records=0
[2026-02-11T19:22:16.726593] BRAGE,168426,1,1673,0,0,9,NONE,
[2026-02-11T19:22:16.806430] [TDMA] TX UPLINK: frame=1674 records=0
[2026-02-11T19:22:16.825914] BRAGE,168526,1,1674,0,0,9,NONE,
[2026-02-11T19:22:16.907897] [TDMA] TX UPLINK: frame=1675 records=0
[2026-02-11T19:22:16.925525] BRAGE,168626,1,1675,0,0,9,NONE,
[2026-02-11T19:22:17.004570] [TDMA] TX UPLINK: frame=1676 records=0
[2026-02-11T19:22:17.025235] BRAGE,168726,1,1676,0,0,9,NONE,
[2026-02-11T19:22:17.104531] [TDMA] TX UPLINK: frame=1677 records=0
[2026-02-11T19:22:17.123806] BRAGE,168826,1,1677,0,0,9,NONE,
[2026-02-11T19:22:17.203622] [TDMA] TX UPLINK: frame=1678 records=0
[2026-02-11T19:22:17.223560] BRAGE,168926,1,1678,0,0,9,NONE,
[2026-02-11T19:22:17.302633] [TDMA] TX UPLINK: frame=1679 records=0
[2026-02-11T19:22:17.322984] BRAGE,169026,1,1679,0,0,9,NONE,
[2026-02-11T19:22:17.402398] [TDMA] TX UPLINK: frame=1680 records=0
[2026-02-11T19:22:17.421901] BRAGE,169126,1,1680,0,0,9,NONE,
[2026-02-11T19:22:17.501713] [TDMA] TX UPLINK: frame=1681 records=0
[2026-02-11T19:22:17.521593] BRAGE,169226,1,1681,0,0,9,NONE,
[2026-02-11T19:22:17.540011] RX CAN id=0x720 dlc=8
[2026-02-11T19:22:17.601032] [TDMA] TX UPLINK: frame=1682 records=0
[2026-02-11T19:22:17.620567] BRAGE,169326,1,1682,-67,7,9,UL,
[2026-02-11T19:22:17.700509] [TDMA] TX UPLINK: frame=1683 records=0
[2026-02-11T19:22:17.720479] BRAGE,169426,1,1683,0,0,9,NONE,
[2026-02-11T19:22:17.799816] [TDMA] TX UPLINK: frame=1684 records=0
[2026-02-11T19:22:17.819678] BRAGE,169526,1,1684,0,0,9,NONE,
[2026-02-11T19:22:17.898733] [TDMA] TX UPLINK: frame=1685 records=0
[2026-02-11T19:22:17.919052] BRAGE,169626,1,1685,0,0,9,NONE,
[2026-02-11T19:22:17.998404] [TDMA] TX UPLINK: frame=1686 records=0
[2026-02-11T19:22:18.017973] BRAGE,169726,1,1686,0,0,9,NONE,
[2026-02-11T19:22:18.098114] [TDMA] TX UPLINK: frame=1687 records=0
[2026-02-11T19:22:18.117760] BRAGE,169826,1,1687,0,0,9,NONE,
[2026-02-11T19:22:18.196856] [TDMA] TX UPLINK: frame=1688 records=0
[2026-02-11T19:22:18.217452] BRAGE,169926,1,1688,0,0,9,NONE,
[2026-02-11T19:22:18.296802] [TDMA] TX UPLINK: frame=1689 records=0
[2026-02-11T19:22:18.315845] BRAGE,170026,1,1689,0,0,9,NONE,
[2026-02-11T19:22:18.396324] [TDMA] TX UPLINK: frame=1690 records=0
[2026-02-11T19:22:18.416104] BRAGE,170126,1,1690,0,0,9,NONE,
[2026-02-11T19:22:18.494949] [TDMA] TX UPLINK: frame=1691 records=0
[2026-02-11T19:22:18.515348] BRAGE,170226,1,1691,0,0,9,NONE,
[2026-02-11T19:22:18.533771] RX CAN id=0x720 dlc=8
[2026-02-11T19:22:18.594282] [TDMA] TX UPLINK: frame=1692 records=0
[2026-02-11T19:22:18.614216] BRAGE,170326,1,1692,-67,7,10,UL,
[2026-02-11T19:22:18.694002] [TDMA] TX UPLINK: frame=1693 records=0
[2026-02-11T19:22:18.714249] BRAGE,170426,1,1693,0,0,10,NONE,
[2026-02-11T19:22:18.793315] [TDMA] TX UPLINK: frame=1694 records=0
[2026-02-11T19:22:18.813357] BRAGE,170526,1,1694,0,0,10,NONE,
[2026-02-11T19:22:18.892084] [TDMA] TX UPLINK: frame=1695 records=0
[2026-02-11T19:22:18.912315] BRAGE,170626,1,1695,0,0,10,NONE,
[2026-02-11T19:22:18.992331] [TDMA] TX UPLINK: frame=1696 records=0
[2026-02-11T19:22:19.011597] BRAGE,170726,1,1696,0,0,10,NONE,
[2026-02-11T19:22:19.091525] [TDMA] TX UPLINK: frame=1697 records=0
[2026-02-11T19:22:19.111279] BRAGE,170826,1,1697,0,0,10,NONE,
[2026-02-11T19:22:19.190773] [TDMA] TX UPLINK: frame=1698 records=0
[2026-02-11T19:22:19.210462] BRAGE,170926,1,1698,0,0,10,NONE,
[2026-02-11T19:22:19.290094] [TDMA] TX UPLINK: frame=1699 records=0
[2026-02-11T19:22:19.309909] BRAGE,171026,1,1699,0,0,10,NONE,
[2026-02-11T19:22:19.389453] [TDMA] TX UPLINK: frame=1700 records=0
[2026-02-11T19:22:19.409209] BRAGE,171126,1,1700,0,0,10,NONE,
[2026-02-11T19:22:19.488325] [TDMA] TX UPLINK: frame=1701 records=0
[2026-02-11T19:22:19.508590] BRAGE,171226,1,1701,0,0,10,NONE,
[2026-02-11T19:22:19.527093] RX CAN id=0x720 dlc=8
[2026-02-11T19:22:19.588187] [TDMA] TX UPLINK: frame=1702 records=0
[2026-02-11T19:22:19.607486] BRAGE,171326,1,1702,-69,6,10,UL,
[2026-02-11T19:22:19.687348] [TDMA] TX UPLINK: frame=1703 records=0
[2026-02-11T19:22:19.707247] BRAGE,171426,1,1703,0,0,10,NONE,
[2026-02-11T19:22:19.786808] [TDMA] TX UPLINK: frame=1704 records=0
[2026-02-11T19:22:19.806695] BRAGE,171526,1,1704,0,0,10,NONE,
[2026-02-11T19:22:19.885779] [TDMA] TX UPLINK: frame=1705 records=0
[2026-02-11T19:22:19.905618] BRAGE,171626,1,1705,0,0,10,NONE,
[2026-02-11T19:22:19.985079] [TDMA] TX UPLINK: frame=1706 records=0
[2026-02-11T19:22:20.005492] BRAGE,171726,1,1706,0,0,10,NONE,
[2026-02-11T19:22:20.084901] [TDMA] TX UPLINK: frame=1707 records=0
[2026-02-11T19:22:20.104737] BRAGE,171826,1,1707,0,0,10,NONE,
[2026-02-11T19:22:20.183723] [TDMA] TX UPLINK: frame=1708 records=0
[2026-02-11T19:22:20.203983] BRAGE,171926,1,1708,0,0,10,NONE,
[2026-02-11T19:22:20.283488] [TDMA] TX UPLINK: frame=1709 records=0
[2026-02-11T19:22:20.303693] BRAGE,172026,1,1709,0,0,10,NONE,
[2026-02-11T19:22:20.382901] [TDMA] TX UPLINK: frame=1710 records=0
[2026-02-11T19:22:20.402234] BRAGE,172126,1,1710,0,0,10,NONE,
[2026-02-11T19:22:20.481825] [TDMA] TX UPLINK: frame=1711 records=0
[2026-02-11T19:22:20.502204] BRAGE,172226,1,1711,0,0,10,NONE,
[2026-02-11T19:22:20.520361] RX CAN id=0x720 dlc=8
[2026-02-11T19:22:20.582123] [TDMA] TX UPLINK: frame=1712 records=0
[2026-02-11T19:22:20.601976] BRAGE,172326,1,1712,-67,6,10,UL,
[2026-02-11T19:22:20.680367] [TDMA] TX UPLINK: frame=1713 records=0
[2026-02-11T19:22:20.701211] BRAGE,172426,1,1713,0,0,10,NONE,
[2026-02-11T19:22:20.780142] [TDMA] TX UPLINK: frame=1714 records=0
[2026-02-11T19:22:20.800427] BRAGE,172526,1,1714,0,0,10,NONE,
[2026-02-11T19:22:20.879466] [TDMA] TX UPLINK: frame=1715 records=0
[2026-02-11T19:22:20.899454] BRAGE,172626,1,1715,0,0,10,NONE,
[2026-02-11T19:22:20.979314] [TDMA] TX UPLINK: frame=1716 records=0
[2026-02-11T19:22:20.998336] BRAGE,172726,1,1716,0,0,10,NONE,
[2026-02-11T19:22:21.078411] [TDMA] TX UPLINK: frame=1717 records=0
[2026-02-11T19:22:21.098942] BRAGE,172826,1,1717,0,0,10,NONE,
[2026-02-11T19:22:21.177414] [TDMA] TX UPLINK: frame=1718 records=0
[2026-02-11T19:22:21.197160] BRAGE,172926,1,1718,0,0,10,NONE,
[2026-02-11T19:22:21.276917] [TDMA] TX UPLINK: frame=1719 records=0
[2026-02-11T19:22:21.297052] BRAGE,173026,1,1719,0,0,10,NONE,
[2026-02-11T19:22:21.377078] [TDMA] TX UPLINK: frame=1720 records=0
[2026-02-11T19:22:21.396159] BRAGE,173126,1,1720,0,0,10,NONE,
[2026-02-11T19:22:21.475522] [TDMA] TX UPLINK: frame=1721 records=0
[2026-02-11T19:22:21.498845] BRAGE,173226,1,1721,0,0,10,NONE,
[2026-02-11T19:22:21.574580] [TDMA] TX UPLINK: frame=1722 records=0
[2026-02-11T19:22:21.594894] BRAGE,173326,1,1722,0,0,9,NONE,
[2026-02-11T19:22:21.674427] [TDMA] TX UPLINK: frame=1723 records=0
[2026-02-11T19:22:21.694326] BRAGE,173426,1,1723,0,0,9,NONE,
[2026-02-11T19:22:21.773141] [TDMA] TX UPLINK: frame=1724 records=0
[2026-02-11T19:22:21.793324] BRAGE,173526,1,1724,0,0,9,NONE,
[2026-02-11T19:22:21.873352] [TDMA] TX UPLINK: frame=1725 records=0
[2026-02-11T19:22:21.893303] BRAGE,173626,1,1725,0,0,9,NONE,
[2026-02-11T19:22:21.971843] [TDMA] TX UPLINK: frame=1726 records=0
[2026-02-11T19:22:21.992285] BRAGE,173726,1,1726,0,0,9,NONE,
[2026-02-11T19:22:22.071305] [TDMA] TX UPLINK: frame=1727 records=0
[2026-02-11T19:22:22.090960] BRAGE,173826,1,1727,0,0,9,NONE,
[2026-02-11T19:22:22.170603] [TDMA] TX UPLINK: frame=1728 records=0
[2026-02-11T19:22:22.190869] BRAGE,173926,1,1728,0,0,9,NONE,
[2026-02-11T19:22:22.270399] [TDMA] TX UPLINK: frame=1729 records=0
[2026-02-11T19:22:22.290154] BRAGE,174026,1,1729,0,0,9,NONE,
[2026-02-11T19:22:22.369567] [TDMA] TX UPLINK: frame=1730 records=0
[2026-02-11T19:22:22.389517] BRAGE,174126,1,1730,0,0,9,NONE,
[2026-02-11T19:22:22.469143] [TDMA] TX UPLINK: frame=1731 records=0
[2026-02-11T19:22:22.489228] BRAGE,174226,1,1731,0,0,9,NONE,
[2026-02-11T19:22:22.507265] RX CAN id=0x720 dlc=8
[2026-02-11T19:22:22.568281] [TDMA] TX UPLINK: frame=1732 records=0
[2026-02-11T19:22:22.588556] BRAGE,174326,1,1732,-67,7,9,UL,
[2026-02-11T19:22:22.667493] [TDMA] TX UPLINK: frame=1733 records=0
[2026-02-11T19:22:22.687493] BRAGE,174426,1,1733,0,0,9,NONE,
[2026-02-11T19:22:22.767126] [TDMA] TX UPLINK: frame=1734 records=0
[2026-02-11T19:22:22.786883] BRAGE,174526,1,1734,0,0,9,NONE,
[2026-02-11T19:22:22.866522] [TDMA] TX UPLINK: frame=1735 records=0
[2026-02-11T19:22:22.886359] BRAGE,174626,1,1735,0,0,9,NONE,
[2026-02-11T19:22:22.965497] [TDMA] TX UPLINK: frame=1736 records=0
[2026-02-11T19:22:22.985624] BRAGE,174726,1,1736,0,0,9,NONE,
[2026-02-11T19:22:23.064549] [TDMA] TX UPLINK: frame=1737 records=0
[2026-02-11T19:22:23.085039] BRAGE,174826,1,1737,0,0,9,NONE,
[2026-02-11T19:22:23.164626] [TDMA] TX UPLINK: frame=1738 records=0
[2026-02-11T19:22:23.184600] BRAGE,174926,1,1738,0,0,9,NONE,
[2026-02-11T19:22:23.263259] [TDMA] TX UPLINK: frame=1739 records=0
[2026-02-11T19:22:23.283518] BRAGE,175026,1,1739,0,0,9,NONE,
[2026-02-11T19:22:23.363256] [TDMA] TX UPLINK: frame=1740 records=0
[2026-02-11T19:22:23.382858] BRAGE,175126,1,1740,0,0,9,NONE,
[2026-02-11T19:22:23.462438] [TDMA] TX UPLINK: frame=1741 records=0
[2026-02-11T19:22:23.481833] BRAGE,175226,1,1741,0,0,9,NONE,
[2026-02-11T19:22:23.500112] RX CAN id=0x720 dlc=8
[2026-02-11T19:22:23.561594] [TDMA] TX UPLINK: frame=1742 records=0
[2026-02-11T19:22:23.581507] BRAGE,175326,1,1742,-67,6,9,UL,
[2026-02-11T19:22:23.660627] [TDMA] TX UPLINK: frame=1743 records=0
[2026-02-11T19:22:23.680537] BRAGE,175426,1,1743,0,0,9,NONE,
[2026-02-11T19:22:23.760434] [TDMA] TX UPLINK: frame=1744 records=0
[2026-02-11T19:22:23.780506] BRAGE,175526,1,1744,0,0,9,NONE,
[2026-02-11T19:22:23.859748] [TDMA] TX UPLINK: frame=1745 records=0
[2026-02-11T19:22:23.879548] BRAGE,175626,1,1745,0,0,9,NONE,
[2026-02-11T19:22:23.958952] [TDMA] TX UPLINK: frame=1746 records=0
[2026-02-11T19:22:23.978922] BRAGE,175726,1,1746,0,0,9,NONE,
[2026-02-11T19:22:24.058115] [TDMA] TX UPLINK: frame=1747 records=0
[2026-02-11T19:22:24.077954] BRAGE,175826,1,1747,0,0,9,NONE,
[2026-02-11T19:22:24.157737] [TDMA] TX UPLINK: frame=1748 records=0
[2026-02-11T19:22:24.177243] BRAGE,175926,1,1748,0,0,9,NONE,
[2026-02-11T19:22:24.257089] [TDMA] TX UPLINK: frame=1749 records=0
[2026-02-11T19:22:24.276590] BRAGE,176026,1,1749,0,0,9,NONE,
[2026-02-11T19:22:24.356057] [TDMA] TX UPLINK: frame=1750 records=0
[2026-02-11T19:22:24.376200] BRAGE,176126,1,1750,0,0,9,NONE,
[2026-02-11T19:22:24.455741] [TDMA] TX UPLINK: frame=1751 records=0
[2026-02-11T19:22:24.475578] BRAGE,176226,1,1751,0,0,9,NONE,
[2026-02-11T19:22:24.493979] RX CAN id=0x720 dlc=8
[2026-02-11T19:22:24.558557] [TDMA] TX UPLINK: frame=1752 records=0
[2026-02-11T19:22:24.574927] BRAGE,176326,1,1752,-69,5,9,UL,
[2026-02-11T19:22:24.654035] [TDMA] TX UPLINK: frame=1753 records=0
[2026-02-11T19:22:24.673882] BRAGE,176426,1,1753,0,0,9,NONE,
[2026-02-11T19:22:24.753391] [TDMA] TX UPLINK: frame=1754 records=0
[2026-02-11T19:22:24.773509] BRAGE,176526,1,1754,0,0,9,NONE,
[2026-02-11T19:22:24.853062] [TDMA] TX UPLINK: frame=1755 records=0
[2026-02-11T19:22:24.872976] BRAGE,176626,1,1755,0,0,9,NONE,
[2026-02-11T19:22:24.951939] [TDMA] TX UPLINK: frame=1756 records=0
[2026-02-11T19:22:24.972519] BRAGE,176726,1,1756,0,0,9,NONE,
[2026-02-11T19:22:25.051791] [TDMA] TX UPLINK: frame=1757 records=0
[2026-02-11T19:22:25.071536] BRAGE,176826,1,1757,0,0,9,NONE,
[2026-02-11T19:22:25.151102] [TDMA] TX UPLINK: frame=1758 records=0
[2026-02-11T19:22:25.170984] BRAGE,176926,1,1758,0,0,9,NONE,
[2026-02-11T19:22:25.249917] [TDMA] TX UPLINK: frame=1759 records=0
[2026-02-11T19:22:25.270168] BRAGE,177026,1,1759,0,0,9,NONE,
[2026-02-11T19:22:25.349331] [TDMA] TX UPLINK: frame=1760 records=0
[2026-02-11T19:22:25.369578] BRAGE,177126,1,1760,0,0,9,NONE,
[2026-02-11T19:22:25.448859] [TDMA] TX UPLINK: frame=1761 records=0
[2026-02-11T19:22:25.468975] BRAGE,177226,1,1761,0,0,9,NONE,
[2026-02-11T19:22:25.487514] RX CAN id=0x720 dlc=8
[2026-02-11T19:22:25.548102] [TDMA] TX UPLINK: frame=1762 records=0
[2026-02-11T19:22:25.568033] BRAGE,177326,1,1762,-67,7,9,UL,
[2026-02-11T19:22:25.647831] [TDMA] TX UPLINK: frame=1763 records=0
[2026-02-11T19:22:25.667523] BRAGE,177426,1,1763,0,0,9,NONE,
[2026-02-11T19:22:25.746943] [TDMA] TX UPLINK: frame=1764 records=0
[2026-02-11T19:22:25.767112] BRAGE,177526,1,1764,0,0,9,NONE,
[2026-02-11T19:22:25.847264] [TDMA] TX UPLINK: frame=1765 records=0
[2026-02-11T19:22:25.866387] BRAGE,177626,1,1765,0,0,9,NONE,
[2026-02-11T19:22:25.946067] [TDMA] TX UPLINK: frame=1766 records=0
[2026-02-11T19:22:25.965623] BRAGE,177726,1,1766,0,0,9,NONE,
[2026-02-11T19:22:26.045102] [TDMA] TX UPLINK: frame=1767 records=0
[2026-02-11T19:22:26.064682] BRAGE,177826,1,1767,0,0,9,NONE,
[2026-02-11T19:22:26.144587] [TDMA] TX UPLINK: frame=1768 records=0
[2026-02-11T19:22:26.164042] BRAGE,177926,1,1768,0,0,9,NONE,
[2026-02-11T19:22:26.243592] [TDMA] TX UPLINK: frame=1769 records=0
[2026-02-11T19:22:26.263328] BRAGE,178026,1,1769,0,0,9,NONE,
[2026-02-11T19:22:26.345442] [TDMA] TX UPLINK: frame=1770 records=0
[2026-02-11T19:22:26.363056] BRAGE,178126,1,1770,0,0,9,NONE,
[2026-02-11T19:22:26.442598] [TDMA] TX UPLINK: frame=1771 records=0
[2026-02-11T19:22:26.462540] BRAGE,178226,1,1771,0,0,9,NONE,
[2026-02-11T19:22:26.480786] RX CAN id=0x720 dlc=8
[2026-02-11T19:22:26.542716] [TDMA] TX UPLINK: frame=1772 records=0
[2026-02-11T19:22:26.561368] BRAGE,178326,1,1772,-67,6,9,UL,
[2026-02-11T19:22:26.641123] [TDMA] TX UPLINK: frame=1773 records=0
[2026-02-11T19:22:26.661053] BRAGE,178426,1,1773,0,0,9,NONE,
[2026-02-11T19:22:26.740677] [TDMA] TX UPLINK: frame=1774 records=0
[2026-02-11T19:22:26.760548] BRAGE,178526,1,1774,0,0,9,NONE,
[2026-02-11T19:22:26.839989] [TDMA] TX UPLINK: frame=1775 records=0
[2026-02-11T19:22:26.859683] BRAGE,178626,1,1775,0,0,9,NONE,
[2026-02-11T19:22:26.940255] [TDMA] TX UPLINK: frame=1776 records=0
[2026-02-11T19:22:26.959080] BRAGE,178726,1,1776,0,0,9,NONE,
[2026-02-11T19:22:27.038565] [TDMA] TX UPLINK: frame=1777 records=0
[2026-02-11T19:22:27.058711] BRAGE,178826,1,1777,0,0,9,NONE,
[2026-02-11T19:22:27.137915] [TDMA] TX UPLINK: frame=1778 records=0
[2026-02-11T19:22:27.157740] BRAGE,178926,1,1778,0,0,9,NONE,
[2026-02-11T19:22:27.237085] [TDMA] TX UPLINK: frame=1779 records=0
[2026-02-11T19:22:27.257084] BRAGE,179026,1,1779,0,0,9,NONE,
[2026-02-11T19:22:27.336573] [TDMA] TX UPLINK: frame=1780 records=0
[2026-02-11T19:22:27.356598] BRAGE,179126,1,1780,0,0,9,NONE,
[2026-02-11T19:22:27.436136] [TDMA] TX UPLINK: frame=1781 records=0
[2026-02-11T19:22:27.455766] BRAGE,179226,1,1781,0,0,9,NONE,
[2026-02-11T19:22:27.474104] RX CAN id=0x720 dlc=8
[2026-02-11T19:22:27.535341] [TDMA] TX UPLINK: frame=1782 records=0
[2026-02-11T19:22:27.555067] BRAGE,179326,1,1782,-67,7,9,UL,
[2026-02-11T19:22:27.634804] [TDMA] TX UPLINK: frame=1783 records=0
[2026-02-11T19:22:27.654065] BRAGE,179426,1,1783,0,0,9,NONE,
[2026-02-11T19:22:27.733892] [TDMA] TX UPLINK: frame=1784 records=0
[2026-02-11T19:22:27.753915] BRAGE,179526,1,1784,0,0,9,NONE,
[2026-02-11T19:22:27.833234] [TDMA] TX UPLINK: frame=1785 records=0
[2026-02-11T19:22:27.852765] BRAGE,179626,1,1785,0,0,9,NONE,
[2026-02-11T19:22:27.932731] [TDMA] TX UPLINK: frame=1786 records=0
[2026-02-11T19:22:27.952785] BRAGE,179726,1,1786,0,0,9,NONE,
[2026-02-11T19:22:28.032062] [TDMA] TX UPLINK: frame=1787 records=0
[2026-02-11T19:22:28.053140] BRAGE,179826,1,1787,0,0,9,NONE,
[2026-02-11T19:22:28.131399] [TDMA] TX UPLINK: frame=1788 records=0
[2026-02-11T19:22:28.150868] BRAGE,179926,1,1788,0,0,9,NONE,
[2026-02-11T19:22:28.230728] [TDMA] TX UPLINK: frame=1789 records=0
[2026-02-11T19:22:28.250709] BRAGE,180026,1,1789,0,0,9,NONE,
[2026-02-11T19:22:28.330054] [TDMA] TX UPLINK: frame=1790 records=0
[2026-02-11T19:22:28.349875] BRAGE,180126,1,1790,0,0,9,NONE,
[2026-02-11T19:22:28.428884] [TDMA] TX UPLINK: frame=1791 records=0
[2026-02-11T19:22:28.448526] BRAGE,180226,1,1791,0,0,9,NONE,
[2026-02-11T19:22:28.467223] RX CAN id=0x720 dlc=8
[2026-02-11T19:22:28.528304] [TDMA] TX UPLINK: frame=1792 records=0
[2026-02-11T19:22:28.548724] BRAGE,180326,1,1792,-69,6,9,UL,
[2026-02-11T19:22:28.628083] [TDMA] TX UPLINK: frame=1793 records=0
[2026-02-11T19:22:28.648004] BRAGE,180426,1,1793,0,0,9,NONE,
[2026-02-11T19:22:28.727008] [TDMA] TX UPLINK: frame=1794 records=0
[2026-02-11T19:22:28.747248] BRAGE,180526,1,1794,0,0,9,NONE,
[2026-02-11T19:22:28.826861] [TDMA] TX UPLINK: frame=1795 records=0
[2026-02-11T19:22:28.846277] BRAGE,180626,1,1795,0,0,9,NONE,
[2026-02-11T19:22:28.925617] [TDMA] TX UPLINK: frame=1796 records=0
[2026-02-11T19:22:28.945851] BRAGE,180726,1,1796,0,0,9,NONE,
[2026-02-11T19:22:29.025320] [TDMA] TX UPLINK: frame=1797 records=0
[2026-02-11T19:22:29.045284] BRAGE,180826,1,1797,0,0,9,NONE,
[2026-02-11T19:22:29.124831] [TDMA] TX UPLINK: frame=1798 records=0
[2026-02-11T19:22:29.144450] BRAGE,180926,1,1798,0,0,9,NONE,
[2026-02-11T19:22:29.224131] [TDMA] TX UPLINK: frame=1799 records=0
[2026-02-11T19:22:29.244033] BRAGE,181026,1,1799,0,0,9,NONE,
[2026-02-11T19:22:29.323553] [TDMA] TX UPLINK: frame=1800 records=0
[2026-02-11T19:22:29.343255] BRAGE,181126,1,1800,0,0,9,NONE,
[2026-02-11T19:22:29.423764] [TDMA] TX UPLINK: frame=1801 records=0
[2026-02-11T19:22:29.442307] BRAGE,181226,1,1801,0,0,9,NONE,
[2026-02-11T19:22:29.461051] RX CAN id=0x720 dlc=8
[2026-02-11T19:22:29.522294] [TDMA] TX UPLINK: frame=1802 records=0
[2026-02-11T19:22:29.542003] BRAGE,181326,1,1802,-67,7,9,UL,
[2026-02-11T19:22:29.621079] [TDMA] TX UPLINK: frame=1803 records=0
[2026-02-11T19:22:29.640906] BRAGE,181426,1,1803,0,0,9,NONE,
[2026-02-11T19:22:29.721235] [TDMA] TX UPLINK: frame=1804 records=0
[2026-02-11T19:22:29.740314] BRAGE,181526,1,1804,0,0,9,NONE,
[2026-02-11T19:22:29.820112] [TDMA] TX UPLINK: frame=1805 records=0
[2026-02-11T19:22:29.840069] BRAGE,181626,1,1805,0,0,9,NONE,
[2026-02-11T19:22:29.919689] [TDMA] TX UPLINK: frame=1806 records=0
[2026-02-11T19:22:29.939922] BRAGE,181726,1,1806,0,0,9,NONE,
[2026-02-11T19:22:30.018494] [TDMA] TX UPLINK: frame=1807 records=0
[2026-02-11T19:22:30.038707] BRAGE,181826,1,1807,0,0,9,NONE,
[2026-02-11T19:22:30.118057] [TDMA] TX UPLINK: frame=1808 records=0
[2026-02-11T19:22:30.137916] BRAGE,181926,1,1808,0,0,9,NONE,
[2026-02-11T19:22:30.218045] [TDMA] TX UPLINK: frame=1809 records=0
[2026-02-11T19:22:30.237359] BRAGE,182026,1,1809,0,0,9,NONE,
[2026-02-11T19:22:30.317063] [TDMA] TX UPLINK: frame=1810 records=0
[2026-02-11T19:22:30.336804] BRAGE,182126,1,1810,0,0,9,NONE,
[2026-02-11T19:22:30.415986] [TDMA] TX UPLINK: frame=1811 records=0
[2026-02-11T19:22:30.435587] BRAGE,182226,1,1811,0,0,9,NONE,
[2026-02-11T19:22:30.454089] RX CAN id=0x720 dlc=8
[2026-02-11T19:22:30.516004] [TDMA] TX UPLINK: frame=1812 records=0
[2026-02-11T19:22:30.535242] BRAGE,182326,1,1812,-72,5,9,UL,
[2026-02-11T19:22:30.614709] [TDMA] TX UPLINK: frame=1813 records=0
[2026-02-11T19:22:30.635000] BRAGE,182426,1,1813,0,0,9,NONE,
[2026-02-11T19:22:30.714477] [TDMA] TX UPLINK: frame=1814 records=0
[2026-02-11T19:22:30.734603] BRAGE,182526,1,1814,0,0,9,NONE,
[2026-02-11T19:22:30.813846] [TDMA] TX UPLINK: frame=1815 records=0
[2026-02-11T19:22:30.833887] BRAGE,182626,1,1815,0,0,9,NONE,
[2026-02-11T19:22:30.913018] [TDMA] TX UPLINK: frame=1816 records=0
[2026-02-11T19:22:30.934594] BRAGE,182726,1,1816,0,0,9,NONE,
[2026-02-11T19:22:31.012527] [TDMA] TX UPLINK: frame=1817 records=0
[2026-02-11T19:22:31.031816] BRAGE,182826,1,1817,0,0,9,NONE,
[2026-02-11T19:22:31.111262] [TDMA] TX UPLINK: frame=1818 records=0
[2026-02-11T19:22:31.131453] BRAGE,182926,1,1818,0,0,9,NONE,
[2026-02-11T19:22:31.210914] [TDMA] TX UPLINK: frame=1819 records=0
[2026-02-11T19:22:31.231016] BRAGE,183026,1,1819,0,0,9,NONE,
[2026-02-11T19:22:31.310073] [TDMA] TX UPLINK: frame=1820 records=0
[2026-02-11T19:22:31.329981] BRAGE,183126,1,1820,0,0,9,NONE,
[2026-02-11T19:22:31.409282] [TDMA] TX UPLINK: frame=1821 records=0
[2026-02-11T19:22:31.429522] BRAGE,183226,1,1821,0,0,9,NONE,
[2026-02-11T19:22:31.447707] RX CAN id=0x720 dlc=8
[2026-02-11T19:22:31.508593] [TDMA] TX UPLINK: frame=1822 records=0
[2026-02-11T19:22:31.528501] BRAGE,183326,1,1822,-67,7,10,UL,
[2026-02-11T19:22:31.608031] [TDMA] TX UPLINK: frame=1823 records=0
[2026-02-11T19:22:31.628166] BRAGE,183426,1,1823,0,0,10,NONE,
[2026-02-11T19:22:31.708037] [TDMA] TX UPLINK: frame=1824 records=0
[2026-02-11T19:22:31.727089] BRAGE,183526,1,1824,0,0,10,NONE,
[2026-02-11T19:22:31.806650] [TDMA] TX UPLINK: frame=1825 records=0
[2026-02-11T19:22:31.826565] BRAGE,183626,1,1825,0,0,10,NONE,
[2026-02-11T19:22:31.905965] [TDMA] TX UPLINK: frame=1826 records=0
[2026-02-11T19:22:31.926176] BRAGE,183726,1,1826,0,0,10,NONE,
[2026-02-11T19:22:32.005605] [TDMA] TX UPLINK: frame=1827 records=0
[2026-02-11T19:22:32.025220] BRAGE,183826,1,1827,0,0,10,NONE,
[2026-02-11T19:22:32.104666] [TDMA] TX UPLINK: frame=1828 records=0
[2026-02-11T19:22:32.124584] BRAGE,183926,1,1828,0,0,10,NONE,
[2026-02-11T19:22:32.210030] [TDMA] TX UPLINK: frame=1829 records=0
[2026-02-11T19:22:32.224933] BRAGE,184026,1,1829,0,0,10,NONE,
[2026-02-11T19:22:32.303980] [TDMA] TX UPLINK: frame=1830 records=0
[2026-02-11T19:22:32.323824] BRAGE,184126,1,1830,0,0,10,NONE,
[2026-02-11T19:22:32.402944] [TDMA] TX UPLINK: frame=1831 records=0
[2026-02-11T19:22:32.422894] BRAGE,184226,1,1831,0,0,10,NONE,
[2026-02-11T19:22:32.502313] [TDMA] TX UPLINK: frame=1832 records=0
[2026-02-11T19:22:32.522460] BRAGE,184326,1,1832,0,0,9,NONE,
[2026-02-11T19:22:32.602041] [TDMA] TX UPLINK: frame=1833 records=0
[2026-02-11T19:22:32.621300] BRAGE,184426,1,1833,0,0,9,NONE,
[2026-02-11T19:22:32.701035] [TDMA] TX UPLINK: frame=1834 records=0
[2026-02-11T19:22:32.723082] BRAGE,184526,1,1834,0,0,9,NONE,
[2026-02-11T19:22:32.800582] [TDMA] TX UPLINK: frame=1835 records=0
[2026-02-11T19:22:32.820230] BRAGE,184626,1,1835,0,0,9,NONE,
[2026-02-11T19:22:32.900146] [TDMA] TX UPLINK: frame=1836 records=0
[2026-02-11T19:22:32.919453] BRAGE,184726,1,1836,0,0,9,NONE,
[2026-02-11T19:22:32.999581] [TDMA] TX UPLINK: frame=1837 records=0
[2026-02-11T19:22:33.018778] BRAGE,184826,1,1837,0,0,9,NONE,
[2026-02-11T19:22:33.098614] [TDMA] TX UPLINK: frame=1838 records=0
[2026-02-11T19:22:33.118486] BRAGE,184926,1,1838,0,0,9,NONE,
[2026-02-11T19:22:33.197191] [TDMA] TX UPLINK: frame=1839 records=0
[2026-02-11T19:22:33.217192] BRAGE,185026,1,1839,0,0,9,NONE,
[2026-02-11T19:22:33.297128] [TDMA] TX UPLINK: frame=1840 records=0
[2026-02-11T19:22:33.318209] BRAGE,185126,1,1840,0,0,9,NONE,
[2026-02-11T19:22:33.396632] [TDMA] TX UPLINK: frame=1841 records=0
[2026-02-11T19:22:33.416184] BRAGE,185226,1,1841,0,0,9,NONE,
[2026-02-11T19:22:33.434569] RX CAN id=0x720 dlc=8
[2026-02-11T19:22:33.495363] [TDMA] TX UPLINK: frame=1842 records=0
[2026-02-11T19:22:33.515581] BRAGE,185326,1,1842,-67,7,9,UL,
[2026-02-11T19:22:33.595131] [TDMA] TX UPLINK: frame=1843 records=0
[2026-02-11T19:22:33.615029] BRAGE,185426,1,1843,0,0,9,NONE,
[2026-02-11T19:22:33.694057] [TDMA] TX UPLINK: frame=1844 records=0
[2026-02-11T19:22:33.714257] BRAGE,185526,1,1844,0,0,9,NONE,
[2026-02-11T19:22:33.793415] [TDMA] TX UPLINK: frame=1845 records=0
[2026-02-11T19:22:33.813677] BRAGE,185626,1,1845,0,0,9,NONE,
[2026-02-11T19:22:33.893127] [TDMA] TX UPLINK: frame=1846 records=0
[2026-02-11T19:22:33.912616] BRAGE,185726,1,1846,0,0,9,NONE,
[2026-02-11T19:22:33.992342] [TDMA] TX UPLINK: frame=1847 records=0
[2026-02-11T19:22:34.013886] BRAGE,185826,1,1847,0,0,9,NONE,
[2026-02-11T19:22:34.091336] [TDMA] TX UPLINK: frame=1848 records=0
[2026-02-11T19:22:34.111215] BRAGE,185926,1,1848,0,0,9,NONE,
[2026-02-11T19:22:34.190892] [TDMA] TX UPLINK: frame=1849 records=0
[2026-02-11T19:22:34.210690] BRAGE,186026,1,1849,0,0,9,NONE,
[2026-02-11T19:22:34.290071] [TDMA] TX UPLINK: frame=1850 records=0
[2026-02-11T19:22:34.310363] BRAGE,186126,1,1850,0,0,9,NONE,
[2026-02-11T19:22:34.390093] [TDMA] TX UPLINK: frame=1851 records=0
[2026-02-11T19:22:34.409893] BRAGE,186226,1,1851,0,0,9,NONE,
[2026-02-11T19:22:34.428068] RX CAN id=0x720 dlc=8
[2026-02-11T19:22:34.488685] [TDMA] TX UPLINK: frame=1852 records=0
[2026-02-11T19:22:34.511904] BRAGE,186326,1,1852,-67,7,9,UL,
[2026-02-11T19:22:34.588534] [TDMA] TX UPLINK: frame=1853 records=0
[2026-02-11T19:22:34.608351] BRAGE,186426,1,1853,0,0,9,NONE,
[2026-02-11T19:22:34.688077] [TDMA] TX UPLINK: frame=1854 records=0
[2026-02-11T19:22:34.708561] BRAGE,186526,1,1854,0,0,9,NONE,
[2026-02-11T19:22:34.786880] [TDMA] TX UPLINK: frame=1855 records=0
[2026-02-11T19:22:34.806762] BRAGE,186626,1,1855,0,0,9,NONE,
[2026-02-11T19:22:34.886572] [TDMA] TX UPLINK: frame=1856 records=0
[2026-02-11T19:22:34.906428] BRAGE,186726,1,1856,0,0,9,NONE,
[2026-02-11T19:22:34.985601] [TDMA] TX UPLINK: frame=1857 records=0
[2026-02-11T19:22:35.005771] BRAGE,186826,1,1857,0,0,9,NONE,
[2026-02-11T19:22:35.084867] [TDMA] TX UPLINK: frame=1858 records=0
[2026-02-11T19:22:35.105133] BRAGE,186926,1,1858,0,0,9,NONE,
[2026-02-11T19:22:35.184113] [TDMA] TX UPLINK: frame=1859 records=0
[2026-02-11T19:22:35.204039] BRAGE,187026,1,1859,0,0,9,NONE,
[2026-02-11T19:22:35.284083] [TDMA] TX UPLINK: frame=1860 records=0
[2026-02-11T19:22:35.303442] BRAGE,187126,1,1860,0,0,9,NONE,
[2026-02-11T19:22:35.383409] [TDMA] TX UPLINK: frame=1861 records=0
[2026-02-11T19:22:35.403062] BRAGE,187226,1,1861,0,0,9,NONE,
[2026-02-11T19:22:35.421529] RX CAN id=0x720 dlc=8
[2026-02-11T19:22:35.482561] [TDMA] TX UPLINK: frame=1862 records=0
[2026-02-11T19:22:35.502405] BRAGE,187326,1,1862,-72,6,9,UL,
[2026-02-11T19:22:35.581671] [TDMA] TX UPLINK: frame=1863 records=0
[2026-02-11T19:22:35.601260] BRAGE,187426,1,1863,0,0,9,NONE,
[2026-02-11T19:22:35.680911] [TDMA] TX UPLINK: frame=1864 records=0
[2026-02-11T19:22:35.701156] BRAGE,187526,1,1864,0,0,9,NONE,
[2026-02-11T19:22:35.780622] [TDMA] TX UPLINK: frame=1865 records=0
[2026-02-11T19:22:35.800174] BRAGE,187626,1,1865,0,0,9,NONE,
[2026-02-11T19:22:35.880204] [TDMA] TX UPLINK: frame=1866 records=0
[2026-02-11T19:22:35.900159] BRAGE,187726,1,1866,0,0,9,NONE,
[2026-02-11T19:22:35.979091] [TDMA] TX UPLINK: frame=1867 records=0
[2026-02-11T19:22:35.999070] BRAGE,187826,1,1867,0,0,9,NONE,
[2026-02-11T19:22:36.078564] [TDMA] TX UPLINK: frame=1868 records=0
[2026-02-11T19:22:36.098109] BRAGE,187926,1,1868,0,0,9,NONE,
[2026-02-11T19:22:36.178131] [TDMA] TX UPLINK: frame=1869 records=0
[2026-02-11T19:22:36.198142] BRAGE,188026,1,1869,0,0,9,NONE,
[2026-02-11T19:22:36.277220] [TDMA] TX UPLINK: frame=1870 records=0
[2026-02-11T19:22:36.297138] BRAGE,188126,1,1870,0,0,9,NONE,
[2026-02-11T19:22:36.376508] [TDMA] TX UPLINK: frame=1871 records=0
[2026-02-11T19:22:36.396471] BRAGE,188226,1,1871,0,0,9,NONE,
[2026-02-11T19:22:36.415038] RX CAN id=0x720 dlc=8
[2026-02-11T19:22:36.476185] [TDMA] TX UPLINK: frame=1872 records=0
[2026-02-11T19:22:36.496148] BRAGE,188326,1,1872,-67,6,9,UL,
[2026-02-11T19:22:36.574974] [TDMA] TX UPLINK: frame=1873 records=0
[2026-02-11T19:22:36.595214] BRAGE,188426,1,1873,0,0,9,NONE,
[2026-02-11T19:22:36.674358] [TDMA] TX UPLINK: frame=1874 records=0
[2026-02-11T19:22:36.694681] BRAGE,188526,1,1874,0,0,9,NONE,
[2026-02-11T19:22:36.773748] [TDMA] TX UPLINK: frame=1875 records=0
[2026-02-11T19:22:36.793562] BRAGE,188626,1,1875,0,0,9,NONE,
[2026-02-11T19:22:36.873445] [TDMA] TX UPLINK: frame=1876 records=0
[2026-02-11T19:22:36.893275] BRAGE,188726,1,1876,0,0,9,NONE,
[2026-02-11T19:22:36.972483] [TDMA] TX UPLINK: frame=1877 records=0
[2026-02-11T19:22:36.992556] BRAGE,188826,1,1877,0,0,9,NONE,
[2026-02-11T19:22:37.072516] [TDMA] TX UPLINK: frame=1878 records=0
[2026-02-11T19:22:37.091557] BRAGE,188926,1,1878,0,0,9,NONE,
[2026-02-11T19:22:37.171451] [TDMA] TX UPLINK: frame=1879 records=0
[2026-02-11T19:22:37.191276] BRAGE,189026,1,1879,0,0,9,NONE,
[2026-02-11T19:22:37.270721] [TDMA] TX UPLINK: frame=1880 records=0
[2026-02-11T19:22:37.290591] BRAGE,189126,1,1880,0,0,9,NONE,
[2026-02-11T19:22:37.370266] [TDMA] TX UPLINK: frame=1881 records=0
[2026-02-11T19:22:37.389969] BRAGE,189226,1,1881,0,0,9,NONE,
[2026-02-11T19:22:37.408367] RX CAN id=0x720 dlc=8
[2026-02-11T19:22:37.469491] [TDMA] TX UPLINK: frame=1882 records=0
[2026-02-11T19:22:37.489356] BRAGE,189326,1,1882,-67,6,9,UL,
[2026-02-11T19:22:37.573927] [TDMA] TX UPLINK: frame=1883 records=0
[2026-02-11T19:22:37.589163] BRAGE,189426,1,1883,0,0,9,NONE,
[2026-02-11T19:22:37.668050] [TDMA] TX UPLINK: frame=1884 records=0
[2026-02-11T19:22:37.687586] BRAGE,189526,1,1884,0,0,9,NONE,
[2026-02-11T19:22:37.767036] [TDMA] TX UPLINK: frame=1885 records=0
[2026-02-11T19:22:37.787282] BRAGE,189626,1,1885,0,0,9,NONE,
[2026-02-11T19:22:37.866352] [TDMA] TX UPLINK: frame=1886 records=0
[2026-02-11T19:22:37.886720] BRAGE,189726,1,1886,0,0,9,NONE,
[2026-02-11T19:22:37.966120] [TDMA] TX UPLINK: frame=1887 records=0
[2026-02-11T19:22:37.986321] BRAGE,189826,1,1887,0,0,9,NONE,
[2026-02-11T19:22:38.065476] [TDMA] TX UPLINK: frame=1888 records=0
[2026-02-11T19:22:38.085425] BRAGE,189926,1,1888,0,0,9,NONE,
[2026-02-11T19:22:38.164847] [TDMA] TX UPLINK: frame=1889 records=0
[2026-02-11T19:22:38.184293] BRAGE,190026,1,1889,0,0,9,NONE,
[2026-02-11T19:22:38.263815] [TDMA] TX UPLINK: frame=1890 records=0
[2026-02-11T19:22:38.283610] BRAGE,190126,1,1890,0,0,9,NONE,
[2026-02-11T19:22:38.362989] [TDMA] TX UPLINK: frame=1891 records=0
[2026-02-11T19:22:38.383343] BRAGE,190226,1,1891,0,0,9,NONE,
[2026-02-11T19:22:38.401683] RX CAN id=0x720 dlc=8
[2026-02-11T19:22:38.462822] [TDMA] TX UPLINK: frame=1892 records=0
[2026-02-11T19:22:38.482694] BRAGE,190326,1,1892,-67,7,9,UL,
[2026-02-11T19:22:38.561780] [TDMA] TX UPLINK: frame=1893 records=0
[2026-02-11T19:22:38.582271] BRAGE,190426,1,1893,0,0,9,NONE,
[2026-02-11T19:22:38.661695] [TDMA] TX UPLINK: frame=1894 records=0
[2026-02-11T19:22:38.681283] BRAGE,190526,1,1894,0,0,9,NONE,
[2026-02-11T19:22:38.760875] [TDMA] TX UPLINK: frame=1895 records=0
[2026-02-11T19:22:38.780579] BRAGE,190626,1,1895,0,0,9,NONE,
[2026-02-11T19:22:38.860533] [TDMA] TX UPLINK: frame=1896 records=0
[2026-02-11T19:22:38.879990] BRAGE,190726,1,1896,0,0,9,NONE,
[2026-02-11T19:22:38.959448] [TDMA] TX UPLINK: frame=1897 records=0
[2026-02-11T19:22:38.978977] BRAGE,190826,1,1897,0,0,9,NONE,
[2026-02-11T19:22:39.058751] [TDMA] TX UPLINK: frame=1898 records=0
[2026-02-11T19:22:39.078596] BRAGE,190926,1,1898,0,0,9,NONE,
[2026-02-11T19:22:39.158115] [TDMA] TX UPLINK: frame=1899 records=0
[2026-02-11T19:22:39.177959] BRAGE,191026,1,1899,0,0,9,NONE,
[2026-02-11T19:22:39.257206] [TDMA] TX UPLINK: frame=1900 records=0
[2026-02-11T19:22:39.276931] BRAGE,191126,1,1900,0,0,9,NONE,
[2026-02-11T19:22:39.359161] [TDMA] TX UPLINK: frame=1901 records=0
[2026-02-11T19:22:39.376396] BRAGE,191226,1,1901,0,0,9,NONE,
[2026-02-11T19:22:39.456123] [TDMA] TX UPLINK: frame=1902 records=0
[2026-02-11T19:22:39.475988] BRAGE,191326,1,1902,0,0,8,NONE,
[2026-02-11T19:22:39.555808] [TDMA] TX UPLINK: frame=1903 records=0
[2026-02-11T19:22:39.574914] BRAGE,191426,1,1903,0,0,8,NONE,
[2026-02-11T19:22:39.654363] [TDMA] TX UPLINK: frame=1904 records=0
[2026-02-11T19:22:39.674940] BRAGE,191526,1,1904,0,0,8,NONE,
[2026-02-11T19:22:39.754107] [TDMA] TX UPLINK: frame=1905 records=0
[2026-02-11T19:22:39.773983] BRAGE,191626,1,1905,0,0,8,NONE,
[2026-02-11T19:22:39.853021] [TDMA] TX UPLINK: frame=1906 records=0
[2026-02-11T19:22:39.873234] BRAGE,191726,1,1906,0,0,8,NONE,
[2026-02-11T19:22:39.952795] [TDMA] TX UPLINK: frame=1907 records=0
[2026-02-11T19:22:39.972784] BRAGE,191826,1,1907,0,0,8,NONE,
[2026-02-11T19:22:40.052037] [TDMA] TX UPLINK: frame=1908 records=0
[2026-02-11T19:22:40.071377] BRAGE,191926,1,1908,0,0,8,NONE,
[2026-02-11T19:22:40.151060] [TDMA] TX UPLINK: frame=1909 records=0
[2026-02-11T19:22:40.171327] BRAGE,192026,1,1909,0,0,8,NONE,
[2026-02-11T19:22:40.250818] [TDMA] TX UPLINK: frame=1910 records=0
[2026-02-11T19:22:40.270877] BRAGE,192126,1,1910,0,0,8,NONE,
[2026-02-11T19:22:40.350066] [TDMA] TX UPLINK: frame=1911 records=0
[2026-02-11T19:22:40.370010] BRAGE,192226,1,1911,0,0,8,NONE,
[2026-02-11T19:22:40.388336] RX CAN id=0x720 dlc=8
[2026-02-11T19:22:40.449685] [TDMA] TX UPLINK: frame=1912 records=0
[2026-02-11T19:22:40.469398] BRAGE,192326,1,1912,-67,6,8,UL,
[2026-02-11T19:22:40.548957] [TDMA] TX UPLINK: frame=1913 records=0
[2026-02-11T19:22:40.568778] BRAGE,192426,1,1913,0,0,8,NONE,
[2026-02-11T19:22:40.648058] [TDMA] TX UPLINK: frame=1914 records=0
[2026-02-11T19:22:40.667995] BRAGE,192526,1,1914,0,0,8,NONE,
[2026-02-11T19:22:40.747584] [TDMA] TX UPLINK: frame=1915 records=0
[2026-02-11T19:22:40.766976] BRAGE,192626,1,1915,0,0,8,NONE,
[2026-02-11T19:22:40.846777] [TDMA] TX UPLINK: frame=1916 records=0
[2026-02-11T19:22:40.866460] BRAGE,192726,1,1916,0,0,8,NONE,
[2026-02-11T19:22:40.946128] [TDMA] TX UPLINK: frame=1917 records=0
[2026-02-11T19:22:40.966039] BRAGE,192826,1,1917,0,0,8,NONE,
[2026-02-11T19:22:41.045477] [TDMA] TX UPLINK: frame=1918 records=0
[2026-02-11T19:22:41.065052] BRAGE,192926,1,1918,0,0,8,NONE,
[2026-02-11T19:22:41.144560] [TDMA] TX UPLINK: frame=1919 records=0
[2026-02-11T19:22:41.164496] BRAGE,193026,1,1919,0,0,8,NONE,
[2026-02-11T19:22:41.244137] [TDMA] TX UPLINK: frame=1920 records=0
[2026-02-11T19:22:41.264073] BRAGE,193126,1,1920,0,0,8,NONE,
[2026-02-11T19:22:41.343536] [TDMA] TX UPLINK: frame=1921 records=0
[2026-02-11T19:22:41.363433] BRAGE,193226,1,1921,0,0,8,NONE,
[2026-02-11T19:22:41.381633] RX CAN id=0x720 dlc=8
[2026-02-11T19:22:41.442401] [TDMA] TX UPLINK: frame=1922 records=0
[2026-02-11T19:22:41.462811] BRAGE,193326,1,1922,-67,7,8,UL,
[2026-02-11T19:22:41.542171] [TDMA] TX UPLINK: frame=1923 records=0
[2026-02-11T19:22:41.562054] BRAGE,193426,1,1923,0,0,8,NONE,
[2026-02-11T19:22:41.641359] [TDMA] TX UPLINK: frame=1924 records=0
[2026-02-11T19:22:41.661602] BRAGE,193526,1,1924,0,0,8,NONE,
[2026-02-11T19:22:41.740854] [TDMA] TX UPLINK: frame=1925 records=0
[2026-02-11T19:22:41.760744] BRAGE,193626,1,1925,0,0,8,NONE,
[2026-02-11T19:22:41.840405] [TDMA] TX UPLINK: frame=1926 records=0
[2026-02-11T19:22:41.860196] BRAGE,193726,1,1926,0,0,8,NONE,
[2026-02-11T19:22:41.939604] [TDMA] TX UPLINK: frame=1927 records=0
[2026-02-11T19:22:41.959620] BRAGE,193826,1,1927,0,0,8,NONE,
[2026-02-11T19:22:42.038864] [TDMA] TX UPLINK: frame=1928 records=0
[2026-02-11T19:22:42.058777] BRAGE,193926,1,1928,0,0,8,NONE,
[2026-02-11T19:22:42.138228] [TDMA] TX UPLINK: frame=1929 records=0
[2026-02-11T19:22:42.157719] BRAGE,194026,1,1929,0,0,8,NONE,
[2026-02-11T19:22:42.237115] [TDMA] TX UPLINK: frame=1930 records=0
[2026-02-11T19:22:42.257376] BRAGE,194126,1,1930,0,0,8,NONE,
[2026-02-11T19:22:42.336917] [TDMA] TX UPLINK: frame=1931 records=0
[2026-02-11T19:22:42.356473] BRAGE,194226,1,1931,0,0,8,NONE,
[2026-02-11T19:22:42.375413] RX CAN id=0x720 dlc=8
[2026-02-11T19:22:42.435804] [TDMA] TX UPLINK: frame=1932 records=0
[2026-02-11T19:22:42.455713] BRAGE,194326,1,1932,-67,6,9,UL,
[2026-02-11T19:22:42.535840] [TDMA] TX UPLINK: frame=1933 records=0
[2026-02-11T19:22:42.555506] BRAGE,194426,1,1933,0,0,9,NONE,
[2026-02-11T19:22:42.635736] [TDMA] TX UPLINK: frame=1934 records=0
[2026-02-11T19:22:42.655268] BRAGE,194526,1,1934,0,0,9,NONE,
[2026-02-11T19:22:42.733884] [TDMA] TX UPLINK: frame=1935 records=0
[2026-02-11T19:22:42.754185] BRAGE,194626,1,1935,0,0,9,NONE,
[2026-02-11T19:22:42.833841] [TDMA] TX UPLINK: frame=1936 records=0
[2026-02-11T19:22:42.853560] BRAGE,194726,1,1936,0,0,9,NONE,
[2026-02-11T19:22:42.932609] [TDMA] TX UPLINK: frame=1937 records=0
[2026-02-11T19:22:42.952801] BRAGE,194826,1,1937,0,0,9,NONE,
[2026-02-11T19:22:43.032085] [TDMA] TX UPLINK: frame=1938 records=0
[2026-02-11T19:22:43.052165] BRAGE,194926,1,1938,0,0,9,NONE,
[2026-02-11T19:22:43.131566] [TDMA] TX UPLINK: frame=1939 records=0
[2026-02-11T19:22:43.150970] BRAGE,195026,1,1939,0,0,9,NONE,
[2026-02-11T19:22:43.230919] [TDMA] TX UPLINK: frame=1940 records=0
[2026-02-11T19:22:43.250796] BRAGE,195126,1,1940,0,0,9,NONE,
[2026-02-11T19:22:43.329923] [TDMA] TX UPLINK: frame=1941 records=0
[2026-02-11T19:22:43.350326] BRAGE,195226,1,1941,0,0,9,NONE,
[2026-02-11T19:22:43.368491] RX CAN id=0x720 dlc=8
[2026-02-11T19:22:43.429411] [TDMA] TX UPLINK: frame=1942 records=0
[2026-02-11T19:22:43.450980] BRAGE,195326,1,1942,-67,6,9,UL,
[2026-02-11T19:22:43.528598] [TDMA] TX UPLINK: frame=1943 records=0
[2026-02-11T19:22:43.549302] BRAGE,195426,1,1943,0,0,9,NONE,
[2026-02-11T19:22:43.628197] [TDMA] TX UPLINK: frame=1944 records=0
[2026-02-11T19:22:43.648272] BRAGE,195526,1,1944,0,0,9,NONE,
[2026-02-11T19:22:43.727798] [TDMA] TX UPLINK: frame=1945 records=0
[2026-02-11T19:22:43.747077] BRAGE,195626,1,1945,0,0,9,NONE,
[2026-02-11T19:22:43.827132] [TDMA] TX UPLINK: frame=1946 records=0
[2026-02-11T19:22:43.847008] BRAGE,195726,1,1946,0,0,9,NONE,
[2026-02-11T19:22:43.926602] [TDMA] TX UPLINK: frame=1947 records=0
[2026-02-11T19:22:43.948082] BRAGE,195826,1,1947,0,0,9,NONE,
[2026-02-11T19:22:44.025725] [TDMA] TX UPLINK: frame=1948 records=0
[2026-02-11T19:22:44.045274] BRAGE,195926,1,1948,0,0,9,NONE,
[2026-02-11T19:22:44.124803] [TDMA] TX UPLINK: frame=1949 records=0
[2026-02-11T19:22:44.145548] BRAGE,196026,1,1949,0,0,9,NONE,
[2026-02-11T19:22:44.224214] [TDMA] TX UPLINK: frame=1950 records=0
[2026-02-11T19:22:44.243889] BRAGE,196126,1,1950,0,0,9,NONE,
[2026-02-11T19:22:44.323930] [TDMA] TX UPLINK: frame=1951 records=0
[2026-02-11T19:22:44.343979] BRAGE,196226,1,1951,0,0,9,NONE,
[2026-02-11T19:22:44.361892] RX CAN id=0x720 dlc=8
[2026-02-11T19:22:44.422920] [TDMA] TX UPLINK: frame=1952 records=0
[2026-02-11T19:22:44.442997] BRAGE,196326,1,1952,-67,7,9,UL,
[2026-02-11T19:22:44.522051] [TDMA] TX UPLINK: frame=1953 records=0
[2026-02-11T19:22:44.542222] BRAGE,196426,1,1953,0,0,9,NONE,
[2026-02-11T19:22:44.621371] [TDMA] TX UPLINK: frame=1954 records=0
[2026-02-11T19:22:44.641449] BRAGE,196526,1,1954,0,0,9,NONE,
[2026-02-11T19:22:44.720982] [TDMA] TX UPLINK: frame=1955 records=0
[2026-02-11T19:22:44.740260] BRAGE,196626,1,1955,0,0,9,NONE,
[2026-02-11T19:22:44.820084] [TDMA] TX UPLINK: frame=1956 records=0
[2026-02-11T19:22:44.840077] BRAGE,196726,1,1956,0,0,9,NONE,
[2026-02-11T19:22:44.919135] [TDMA] TX UPLINK: frame=1957 records=0
[2026-02-11T19:22:44.939625] BRAGE,196826,1,1957,0,0,9,NONE,
[2026-02-11T19:22:45.019000] [TDMA] TX UPLINK: frame=1958 records=0
[2026-02-11T19:22:45.038836] BRAGE,196926,1,1958,0,0,9,NONE,
[2026-02-11T19:22:45.118386] [TDMA] TX UPLINK: frame=1959 records=0
[2026-02-11T19:22:45.138241] BRAGE,197026,1,1959,0,0,9,NONE,
[2026-02-11T19:22:45.217432] [TDMA] TX UPLINK: frame=1960 records=0
[2026-02-11T19:22:45.237251] BRAGE,197126,1,1960,0,0,9,NONE,
[2026-02-11T19:22:45.317230] [TDMA] TX UPLINK: frame=1961 records=0
[2026-02-11T19:22:45.336708] BRAGE,197226,1,1961,0,0,9,NONE,
[2026-02-11T19:22:45.355273] RX CAN id=0x720 dlc=8
[2026-02-11T19:22:45.416348] [TDMA] TX UPLINK: frame=1962 records=0
[2026-02-11T19:22:45.435783] BRAGE,197326,1,1962,-67,6,9,UL,
[2026-02-11T19:22:45.515391] [TDMA] TX UPLINK: frame=1963 records=0
[2026-02-11T19:22:45.536035] BRAGE,197426,1,1963,0,0,9,NONE,
[2026-02-11T19:22:45.615056] [TDMA] TX UPLINK: frame=1964 records=0
[2026-02-11T19:22:45.634262] BRAGE,197526,1,1964,0,0,9,NONE,
[2026-02-11T19:22:45.714305] [TDMA] TX UPLINK: frame=1965 records=0
[2026-02-11T19:22:45.735201] BRAGE,197626,1,1965,0,0,9,NONE,
[2026-02-11T19:22:45.813115] [TDMA] TX UPLINK: frame=1966 records=0
[2026-02-11T19:22:45.833349] BRAGE,197726,1,1966,0,0,9,NONE,
[2026-02-11T19:22:45.912466] [TDMA] TX UPLINK: frame=1967 records=0
[2026-02-11T19:22:45.933518] BRAGE,197826,1,1967,0,0,9,NONE,
[2026-02-11T19:22:46.012320] [TDMA] TX UPLINK: frame=1968 records=0
[2026-02-11T19:22:46.031814] BRAGE,197926,1,1968,0,0,9,NONE,
[2026-02-11T19:22:46.111783] [TDMA] TX UPLINK: frame=1969 records=0
[2026-02-11T19:22:46.131391] BRAGE,198026,1,1969,0,0,9,NONE,
[2026-02-11T19:22:46.210482] [TDMA] TX UPLINK: frame=1970 records=0
[2026-02-11T19:22:46.230940] BRAGE,198126,1,1970,0,0,9,NONE,
[2026-02-11T19:22:46.310192] [TDMA] TX UPLINK: frame=1971 records=0
[2026-02-11T19:22:46.330198] BRAGE,198226,1,1971,0,0,9,NONE,
[2026-02-11T19:22:46.348350] RX CAN id=0x720 dlc=8
[2026-02-11T19:22:46.409815] [TDMA] TX UPLINK: frame=1972 records=0
[2026-02-11T19:22:46.429340] BRAGE,198326,1,1972,-67,7,9,UL,
[2026-02-11T19:22:46.508427] [TDMA] TX UPLINK: frame=1973 records=0
[2026-02-11T19:22:46.528257] BRAGE,198426,1,1973,0,0,9,NONE,
[2026-02-11T19:22:46.608190] [TDMA] TX UPLINK: frame=1974 records=0
[2026-02-11T19:22:46.627879] BRAGE,198526,1,1974,0,0,9,NONE,
[2026-02-11T19:22:46.707220] [TDMA] TX UPLINK: frame=1975 records=0
[2026-02-11T19:22:46.727350] BRAGE,198626,1,1975,0,0,9,NONE,
[2026-02-11T19:22:46.807024] [TDMA] TX UPLINK: frame=1976 records=0
[2026-02-11T19:22:46.826973] BRAGE,198726,1,1976,0,0,9,NONE,
[2026-02-11T19:22:46.906221] [TDMA] TX UPLINK: frame=1977 records=0
[2026-02-11T19:22:46.925943] BRAGE,198826,1,1977,0,0,9,NONE,
[2026-02-11T19:22:47.010744] [TDMA] TX UPLINK: frame=1978 records=0
[2026-02-11T19:22:47.025367] BRAGE,198926,1,1978,0,0,9,NONE,
[2026-02-11T19:22:47.104908] [TDMA] TX UPLINK: frame=1979 records=0
[2026-02-11T19:22:47.124854] BRAGE,199026,1,1979,0,0,9,NONE,
[2026-02-11T19:22:47.203618] [TDMA] TX UPLINK: frame=1980 records=0
[2026-02-11T19:22:47.223909] BRAGE,199126,1,1980,0,0,9,NONE,
[2026-02-11T19:22:47.303188] [TDMA] TX UPLINK: frame=1981 records=0
[2026-02-11T19:22:47.322972] BRAGE,199226,1,1981,0,0,9,NONE,
[2026-02-11T19:22:47.341434] RX CAN id=0x720 dlc=8
[2026-02-11T19:22:47.404087] [TDMA] TX UPLINK: frame=1982 records=0
[2026-02-11T19:22:47.423173] BRAGE,199326,1,1982,-67,7,9,UL,
[2026-02-11T19:22:47.501922] [TDMA] TX UPLINK: frame=1983 records=0
[2026-02-11T19:22:47.522132] BRAGE,199426,1,1983,0,0,9,NONE,
[2026-02-11T19:22:47.601502] [TDMA] TX UPLINK: frame=1984 records=0
[2026-02-11T19:22:47.621078] BRAGE,199526,1,1984,0,0,9,NONE,
[2026-02-11T19:22:47.700943] [TDMA] TX UPLINK: frame=1985 records=0
[2026-02-11T19:22:47.720773] BRAGE,199626,1,1985,0,0,9,NONE,
[2026-02-11T19:22:47.800275] [TDMA] TX UPLINK: frame=1986 records=0
[2026-02-11T19:22:47.820111] BRAGE,199726,1,1986,0,0,9,NONE,
[2026-02-11T19:22:47.899567] [TDMA] TX UPLINK: frame=1987 records=0
[2026-02-11T19:22:47.919464] BRAGE,199826,1,1987,0,0,9,NONE,
[2026-02-11T19:22:47.998441] [TDMA] TX UPLINK: frame=1988 records=0
[2026-02-11T19:22:48.018889] BRAGE,199926,1,1988,0,0,9,NONE,
[2026-02-11T19:22:48.097894] [TDMA] TX UPLINK: frame=1989 records=0
[2026-02-11T19:22:48.118391] BRAGE,200026,1,1989,0,0,9,NONE,
[2026-02-11T19:22:48.197774] [TDMA] TX UPLINK: frame=1990 records=0
[2026-02-11T19:22:48.217346] BRAGE,200126,1,1990,0,0,9,NONE,
[2026-02-11T19:22:48.296528] [TDMA] TX UPLINK: frame=1991 records=0
[2026-02-11T19:22:48.316927] BRAGE,200226,1,1991,0,0,9,NONE,
[2026-02-11T19:22:48.335423] RX CAN id=0x720 dlc=8
[2026-02-11T19:22:48.396191] [TDMA] TX UPLINK: frame=1992 records=0
[2026-02-11T19:22:48.416040] BRAGE,200326,1,1992,-69,6,9,UL,
[2026-02-11T19:22:48.496031] [TDMA] TX UPLINK: frame=1993 records=0
[2026-02-11T19:22:48.515355] BRAGE,200426,1,1993,0,0,9,NONE,
[2026-02-11T19:22:48.595137] [TDMA] TX UPLINK: frame=1994 records=0
[2026-02-11T19:22:48.615117] BRAGE,200526,1,1994,0,0,9,NONE,
[2026-02-11T19:22:48.694100] [TDMA] TX UPLINK: frame=1995 records=0
[2026-02-11T19:22:48.714355] BRAGE,200626,1,1995,0,0,9,NONE,
[2026-02-11T19:22:48.796199] [TDMA] TX UPLINK: frame=1996 records=0
[2026-02-11T19:22:48.813290] BRAGE,200726,1,1996,0,0,9,NONE,
[2026-02-11T19:22:48.892795] [TDMA] TX UPLINK: frame=1997 records=0
[2026-02-11T19:22:48.913137] BRAGE,200826,1,1997,0,0,9,NONE,
[2026-02-11T19:22:48.992017] [TDMA] TX UPLINK: frame=1998 records=0
[2026-02-11T19:22:49.012247] BRAGE,200926,1,1998,0,0,9,NONE,
[2026-02-11T19:22:49.091447] [TDMA] TX UPLINK: frame=1999 records=0
[2026-02-11T19:22:49.111598] BRAGE,201026,1,1999,0,0,9,NONE,
[2026-02-11T19:22:49.191176] [TDMA] TX UPLINK: frame=2000 records=0
[2026-02-11T19:22:49.211215] BRAGE,201126,1,2000,0,0,9,NONE,
[2026-02-11T19:22:49.290696] [TDMA] TX UPLINK: frame=2001 records=0
[2026-02-11T19:22:49.310079] BRAGE,201226,1,2001,0,0,9,NONE,
[2026-02-11T19:22:49.328472] RX CAN id=0x720 dlc=8
[2026-02-11T19:22:49.389228] [TDMA] TX UPLINK: frame=2002 records=0
[2026-02-11T19:22:49.409577] BRAGE,201326,1,2002,-72,5,10,UL,
[2026-02-11T19:22:49.489090] [TDMA] TX UPLINK: frame=2003 records=0
[2026-02-11T19:22:49.508945] BRAGE,201426,1,2003,0,0,10,NONE,
[2026-02-11T19:22:49.588263] [TDMA] TX UPLINK: frame=2004 records=0
[2026-02-11T19:22:49.608142] BRAGE,201526,1,2004,0,0,10,NONE,
[2026-02-11T19:22:49.687260] [TDMA] TX UPLINK: frame=2005 records=0
[2026-02-11T19:22:49.707518] BRAGE,201626,1,2005,0,0,10,NONE,
[2026-02-11T19:22:49.787332] [TDMA] TX UPLINK: frame=2006 records=0
[2026-02-11T19:22:49.807421] BRAGE,201726,1,2006,0,0,10,NONE,
[2026-02-11T19:22:49.886246] [TDMA] TX UPLINK: frame=2007 records=0
[2026-02-11T19:22:49.907016] BRAGE,201826,1,2007,0,0,10,NONE,
[2026-02-11T19:22:49.985503] [TDMA] TX UPLINK: frame=2008 records=0
[2026-02-11T19:22:50.005557] BRAGE,201926,1,2008,0,0,10,NONE,
[2026-02-11T19:22:50.084458] [TDMA] TX UPLINK: frame=2009 records=0
[2026-02-11T19:22:50.104374] BRAGE,202026,1,2009,0,0,10,NONE,
[2026-02-11T19:22:50.184602] [TDMA] TX UPLINK: frame=2010 records=0
[2026-02-11T19:22:50.204418] BRAGE,202126,1,2010,0,0,10,NONE,
[2026-02-11T19:22:50.283472] [TDMA] TX UPLINK: frame=2011 records=0
[2026-02-11T19:22:50.303995] BRAGE,202226,1,2011,0,0,10,NONE,
[2026-02-11T19:22:50.326743] RX CAN id=0x720 dlc=8
[2026-02-11T19:22:50.383236] [TDMA] TX UPLINK: frame=2012 records=0
[2026-02-11T19:22:50.402537] BRAGE,202326,1,2012,-67,7,10,UL,
[2026-02-11T19:22:50.482416] [TDMA] TX UPLINK: frame=2013 records=0
[2026-02-11T19:22:50.502291] BRAGE,202426,1,2013,0,0,10,NONE,
[2026-02-11T19:22:50.581990] [TDMA] TX UPLINK: frame=2014 records=0
[2026-02-11T19:22:50.601841] BRAGE,202526,1,2014,0,0,10,NONE,
[2026-02-11T19:22:50.680737] [TDMA] TX UPLINK: frame=2015 records=0
[2026-02-11T19:22:50.701044] BRAGE,202626,1,2015,0,0,10,NONE,
[2026-02-11T19:22:50.780343] [TDMA] TX UPLINK: frame=2016 records=0
[2026-02-11T19:22:50.800262] BRAGE,202726,1,2016,0,0,10,NONE,
[2026-02-11T19:22:50.879433] [TDMA] TX UPLINK: frame=2017 records=0
[2026-02-11T19:22:50.899016] BRAGE,202826,1,2017,0,0,10,NONE,
[2026-02-11T19:22:50.978665] [TDMA] TX UPLINK: frame=2018 records=0
[2026-02-11T19:22:50.999203] BRAGE,202926,1,2018,0,0,10,NONE,
[2026-02-11T19:22:51.078443] [TDMA] TX UPLINK: frame=2019 records=0
[2026-02-11T19:22:51.098384] BRAGE,203026,1,2019,0,0,10,NONE,
[2026-02-11T19:22:51.177782] [TDMA] TX UPLINK: frame=2020 records=0
[2026-02-11T19:22:51.197624] BRAGE,203126,1,2020,0,0,10,NONE,
[2026-02-11T19:22:51.276665] [TDMA] TX UPLINK: frame=2021 records=0
[2026-02-11T19:22:51.297103] BRAGE,203226,1,2021,0,0,10,NONE,
[2026-02-11T19:22:51.315593] RX CAN id=0x720 dlc=8
[2026-02-11T19:22:51.376575] [TDMA] TX UPLINK: frame=2022 records=0
[2026-02-11T19:22:51.396550] BRAGE,203326,1,2022,-67,7,10,UL,
[2026-02-11T19:22:51.476092] [TDMA] TX UPLINK: frame=2023 records=0
[2026-02-11T19:22:51.496060] BRAGE,203426,1,2023,0,0,10,NONE,
[2026-02-11T19:22:51.574508] [TDMA] TX UPLINK: frame=2024 records=0
[2026-02-11T19:22:51.595064] BRAGE,203526,1,2024,0,0,10,NONE,
[2026-02-11T19:22:51.674212] [TDMA] TX UPLINK: frame=2025 records=0
[2026-02-11T19:22:51.693880] BRAGE,203626,1,2025,0,0,10,NONE,
[2026-02-11T19:22:51.774110] [TDMA] TX UPLINK: frame=2026 records=0
[2026-02-11T19:22:51.793605] BRAGE,203726,1,2026,0,0,10,NONE,
[2026-02-11T19:22:51.872985] [TDMA] TX UPLINK: frame=2027 records=0
[2026-02-11T19:22:51.893303] BRAGE,203826,1,2027,0,0,10,NONE,
[2026-02-11T19:22:51.972395] [TDMA] TX UPLINK: frame=2028 records=0
[2026-02-11T19:22:51.992459] BRAGE,203926,1,2028,0,0,10,NONE,
[2026-02-11T19:22:52.071307] [TDMA] TX UPLINK: frame=2029 records=0
[2026-02-11T19:22:52.092066] BRAGE,204026,1,2029,0,0,10,NONE,
[2026-02-11T19:22:52.171329] [TDMA] TX UPLINK: frame=2030 records=0
[2026-02-11T19:22:52.190978] BRAGE,204126,1,2030,0,0,10,NONE,
[2026-02-11T19:22:52.270684] [TDMA] TX UPLINK: frame=2031 records=0
[2026-02-11T19:22:52.290034] BRAGE,204226,1,2031,0,0,10,NONE,
[2026-02-11T19:22:52.308290] RX CAN id=0x720 dlc=8
[2026-02-11T19:22:52.369166] [TDMA] TX UPLINK: frame=2032 records=0
[2026-02-11T19:22:52.389249] BRAGE,204326,1,2032,-67,6,10,UL,
[2026-02-11T19:22:52.469354] [TDMA] TX UPLINK: frame=2033 records=0
[2026-02-11T19:22:52.489024] BRAGE,204426,1,2033,0,0,10,NONE,
[2026-02-11T19:22:52.568386] [TDMA] TX UPLINK: frame=2034 records=0
[2026-02-11T19:22:52.588165] BRAGE,204526,1,2034,0,0,10,NONE,
[2026-02-11T19:22:52.667615] [TDMA] TX UPLINK: frame=2035 records=0
[2026-02-11T19:22:52.687922] BRAGE,204626,1,2035,0,0,10,NONE,
[2026-02-11T19:22:52.767931] [TDMA] TX UPLINK: frame=2036 records=0
[2026-02-11T19:22:52.787336] BRAGE,204726,1,2036,0,0,10,NONE,
[2026-02-11T19:22:52.866342] [TDMA] TX UPLINK: frame=2037 records=0
[2026-02-11T19:22:52.886348] BRAGE,204826,1,2037,0,0,10,NONE,
[2026-02-11T19:22:52.965839] [TDMA] TX UPLINK: frame=2038 records=0
[2026-02-11T19:22:52.985411] BRAGE,204926,1,2038,0,0,10,NONE,
[2026-02-11T19:22:53.065274] [TDMA] TX UPLINK: frame=2039 records=0
[2026-02-11T19:22:53.085363] BRAGE,205026,1,2039,0,0,10,NONE,
[2026-02-11T19:22:53.164118] [TDMA] TX UPLINK: frame=2040 records=0
[2026-02-11T19:22:53.184672] BRAGE,205126,1,2040,0,0,10,NONE,
[2026-02-11T19:22:53.264063] [TDMA] TX UPLINK: frame=2041 records=0
[2026-02-11T19:22:53.283630] BRAGE,205226,1,2041,0,0,10,NONE,
[2026-02-11T19:22:53.302313] RX CAN id=0x720 dlc=8
[2026-02-11T19:22:53.362903] [TDMA] TX UPLINK: frame=2042 records=0
[2026-02-11T19:22:53.383176] BRAGE,205326,1,2042,-67,6,10,UL,
[2026-02-11T19:22:53.462503] [TDMA] TX UPLINK: frame=2043 records=0
[2026-02-11T19:22:53.482662] BRAGE,205426,1,2043,0,0,10,NONE,
[2026-02-11T19:22:53.562065] [TDMA] TX UPLINK: frame=2044 records=0
[2026-02-11T19:22:53.581239] BRAGE,205526,1,2044,0,0,10,NONE,
[2026-02-11T19:22:53.661217] [TDMA] TX UPLINK: frame=2045 records=0
[2026-02-11T19:22:53.680582] BRAGE,205626,1,2045,0,0,10,NONE,
[2026-02-11T19:22:53.760487] [TDMA] TX UPLINK: frame=2046 records=0
[2026-02-11T19:22:53.780570] BRAGE,205726,1,2046,0,0,10,NONE,
[2026-02-11T19:22:53.859282] [TDMA] TX UPLINK: frame=2047 records=0
[2026-02-11T19:22:53.880218] BRAGE,205826,1,2047,0,0,10,NONE,
[2026-02-11T19:22:53.959173] [TDMA] TX UPLINK: frame=2048 records=0
[2026-02-11T19:22:53.979133] BRAGE,205926,1,2048,0,0,10,NONE,
[2026-02-11T19:22:54.058449] [TDMA] TX UPLINK: frame=2049 records=0
[2026-02-11T19:22:54.078443] BRAGE,206026,1,2049,0,0,10,NONE,
[2026-02-11T19:22:54.157429] [TDMA] TX UPLINK: frame=2050 records=0
[2026-02-11T19:22:54.177229] BRAGE,206126,1,2050,0,0,10,NONE,
[2026-02-11T19:22:54.257200] [TDMA] TX UPLINK: frame=2051 records=0
[2026-02-11T19:22:54.277154] BRAGE,206226,1,2051,0,0,10,NONE,
[2026-02-11T19:22:54.295043] RX CAN id=0x720 dlc=8
[2026-02-11T19:22:54.356778] [TDMA] TX UPLINK: frame=2052 records=0
[2026-02-11T19:22:54.376106] BRAGE,206326,1,2052,-69,6,10,UL,
[2026-02-11T19:22:54.455790] [TDMA] TX UPLINK: frame=2053 records=0
[2026-02-11T19:22:54.475764] BRAGE,206426,1,2053,0,0,10,NONE,
[2026-02-11T19:22:54.555270] [TDMA] TX UPLINK: frame=2054 records=0
[2026-02-11T19:22:54.575048] BRAGE,206526,1,2054,0,0,10,NONE,
[2026-02-11T19:22:54.654173] [TDMA] TX UPLINK: frame=2055 records=0
[2026-02-11T19:22:54.676049] BRAGE,206626,1,2055,0,0,10,NONE,
[2026-02-11T19:22:54.753828] [TDMA] TX UPLINK: frame=2056 records=0
[2026-02-11T19:22:54.773780] BRAGE,206726,1,2056,0,0,10,NONE,
[2026-02-11T19:22:54.852880] [TDMA] TX UPLINK: frame=2057 records=0
[2026-02-11T19:22:54.872761] BRAGE,206826,1,2057,0,0,10,NONE,
[2026-02-11T19:22:54.952495] [TDMA] TX UPLINK: frame=2058 records=0
[2026-02-11T19:22:54.972072] BRAGE,206926,1,2058,0,0,10,NONE,
[2026-02-11T19:22:55.051968] [TDMA] TX UPLINK: frame=2059 records=0
[2026-02-11T19:22:55.071501] BRAGE,207026,1,2059,0,0,10,NONE,
[2026-02-11T19:22:55.151258] [TDMA] TX UPLINK: frame=2060 records=0
[2026-02-11T19:22:55.173675] BRAGE,207126,1,2060,0,0,10,NONE,
[2026-02-11T19:22:55.250746] [TDMA] TX UPLINK: frame=2061 records=0
[2026-02-11T19:22:55.270138] BRAGE,207226,1,2061,0,0,10,NONE,
[2026-02-11T19:22:55.288862] RX CAN id=0x720 dlc=8
[2026-02-11T19:22:55.349982] [TDMA] TX UPLINK: frame=2062 records=0
[2026-02-11T19:22:55.370898] BRAGE,207326,1,2062,-67,6,10,UL,
[2026-02-11T19:22:55.449162] [TDMA] TX UPLINK: frame=2063 records=0
[2026-02-11T19:22:55.468781] BRAGE,207426,1,2063,0,0,10,NONE,
[2026-02-11T19:22:55.548582] [TDMA] TX UPLINK: frame=2064 records=0
[2026-02-11T19:22:55.568452] BRAGE,207526,1,2064,0,0,10,NONE,
[2026-02-11T19:22:55.647908] [TDMA] TX UPLINK: frame=2065 records=0
[2026-02-11T19:22:55.667818] BRAGE,207626,1,2065,0,0,10,NONE,
[2026-02-11T19:22:55.747142] [TDMA] TX UPLINK: frame=2066 records=0
[2026-02-11T19:22:55.767289] BRAGE,207726,1,2066,0,0,10,NONE,
[2026-02-11T19:22:55.846918] [TDMA] TX UPLINK: frame=2067 records=0
[2026-02-11T19:22:55.866344] BRAGE,207826,1,2067,0,0,10,NONE,
[2026-02-11T19:22:55.945515] [TDMA] TX UPLINK: frame=2068 records=0
[2026-02-11T19:22:55.965456] BRAGE,207926,1,2068,0,0,10,NONE,
[2026-02-11T19:22:56.045107] [TDMA] TX UPLINK: frame=2069 records=0
[2026-02-11T19:22:56.065299] BRAGE,208026,1,2069,0,0,10,NONE,
[2026-02-11T19:22:56.145060] [TDMA] TX UPLINK: frame=2070 records=0
[2026-02-11T19:22:56.164726] BRAGE,208126,1,2070,0,0,10,NONE,
[2026-02-11T19:22:56.244238] [TDMA] TX UPLINK: frame=2071 records=0
[2026-02-11T19:22:56.264302] BRAGE,208226,1,2071,0,0,10,NONE,
[2026-02-11T19:22:56.282720] RX CAN id=0x720 dlc=8
[2026-02-11T19:22:56.343150] [TDMA] TX UPLINK: frame=2072 records=0
[2026-02-11T19:22:56.363540] BRAGE,208326,1,2072,-67,7,10,UL,
[2026-02-11T19:22:56.443105] [TDMA] TX UPLINK: frame=2073 records=0
[2026-02-11T19:22:56.462588] BRAGE,208426,1,2073,0,0,10,NONE,
[2026-02-11T19:22:56.542387] [TDMA] TX UPLINK: frame=2074 records=0
[2026-02-11T19:22:56.562030] BRAGE,208526,1,2074,0,0,10,NONE,
[2026-02-11T19:22:56.641118] [TDMA] TX UPLINK: frame=2075 records=0
[2026-02-11T19:22:56.661700] BRAGE,208626,1,2075,0,0,10,NONE,
[2026-02-11T19:22:56.740405] [TDMA] TX UPLINK: frame=2076 records=0
[2026-02-11T19:22:56.760530] BRAGE,208726,1,2076,0,0,10,NONE,
[2026-02-11T19:22:56.840389] [TDMA] TX UPLINK: frame=2077 records=0
[2026-02-11T19:22:56.860043] BRAGE,208826,1,2077,0,0,10,NONE,
[2026-02-11T19:22:56.939280] [TDMA] TX UPLINK: frame=2078 records=0
[2026-02-11T19:22:56.959325] BRAGE,208926,1,2078,0,0,10,NONE,
[2026-02-11T19:22:57.038282] [TDMA] TX UPLINK: frame=2079 records=0
[2026-02-11T19:22:57.058030] BRAGE,209026,1,2079,0,0,10,NONE,
[2026-02-11T19:22:57.138034] [TDMA] TX UPLINK: frame=2080 records=0
[2026-02-11T19:22:57.157422] BRAGE,209126,1,2080,0,0,10,NONE,
[2026-02-11T19:22:57.237448] [TDMA] TX UPLINK: frame=2081 records=0
[2026-02-11T19:22:57.257398] BRAGE,209226,1,2081,0,0,10,NONE,
[2026-02-11T19:22:57.275569] RX CAN id=0x720 dlc=8
[2026-02-11T19:22:57.336346] [TDMA] TX UPLINK: frame=2082 records=0
[2026-02-11T19:22:57.356413] BRAGE,209326,1,2082,-67,6,10,UL,
[2026-02-11T19:22:57.435760] [TDMA] TX UPLINK: frame=2083 records=0
[2026-02-11T19:22:57.455925] BRAGE,209426,1,2083,0,0,10,NONE,
[2026-02-11T19:22:57.535464] [TDMA] TX UPLINK: frame=2084 records=0
[2026-02-11T19:22:57.555387] BRAGE,209526,1,2084,0,0,10,NONE,
[2026-02-11T19:22:57.634518] [TDMA] TX UPLINK: frame=2085 records=0
[2026-02-11T19:22:57.654214] BRAGE,209626,1,2085,0,0,10,NONE,
[2026-02-11T19:22:57.733606] [TDMA] TX UPLINK: frame=2086 records=0
[2026-02-11T19:22:57.754234] BRAGE,209726,1,2086,0,0,10,NONE,
[2026-02-11T19:22:57.833027] [TDMA] TX UPLINK: frame=2087 records=0
[2026-02-11T19:22:57.853388] BRAGE,209826,1,2087,0,0,10,NONE,
[2026-02-11T19:22:57.932665] [TDMA] TX UPLINK: frame=2088 records=0
[2026-02-11T19:22:57.952465] BRAGE,209926,1,2088,0,0,10,NONE,
[2026-02-11T19:22:58.032034] [TDMA] TX UPLINK: frame=2089 records=0
[2026-02-11T19:22:58.051536] BRAGE,210026,1,2089,0,0,10,NONE,
[2026-02-11T19:22:58.131029] [TDMA] TX UPLINK: frame=2090 records=0
[2026-02-11T19:22:58.151409] BRAGE,210126,1,2090,0,0,10,NONE,
[2026-02-11T19:22:58.235892] [TDMA] TX UPLINK: frame=2091 records=0
[2026-02-11T19:22:58.250368] BRAGE,210226,1,2091,0,0,10,NONE,
[2026-02-11T19:22:58.268918] RX CAN id=0x720 dlc=8
[2026-02-11T19:22:58.330072] [TDMA] TX UPLINK: frame=2092 records=0
[2026-02-11T19:22:58.349530] BRAGE,210326,1,2092,-67,7,10,UL,
[2026-02-11T19:22:58.430559] [TDMA] TX UPLINK: frame=2093 records=0
[2026-02-11T19:22:58.448846] BRAGE,210426,1,2093,0,0,10,NONE,
[2026-02-11T19:22:58.528213] [TDMA] TX UPLINK: frame=2094 records=0
[2026-02-11T19:22:58.548200] BRAGE,210526,1,2094,0,0,10,NONE,
[2026-02-11T19:22:58.627680] [TDMA] TX UPLINK: frame=2095 records=0
[2026-02-11T19:22:58.647808] BRAGE,210626,1,2095,0,0,10,NONE,
[2026-02-11T19:22:58.727039] [TDMA] TX UPLINK: frame=2096 records=0
[2026-02-11T19:22:58.747070] BRAGE,210726,1,2096,0,0,10,NONE,
[2026-02-11T19:22:58.826344] [TDMA] TX UPLINK: frame=2097 records=0
[2026-02-11T19:22:58.846592] BRAGE,210826,1,2097,0,0,10,NONE,
[2026-02-11T19:22:58.925664] [TDMA] TX UPLINK: frame=2098 records=0
[2026-02-11T19:22:58.945555] BRAGE,210926,1,2098,0,0,10,NONE,
[2026-02-11T19:22:59.024932] [TDMA] TX UPLINK: frame=2099 records=0
[2026-02-11T19:22:59.044935] BRAGE,211026,1,2099,0,0,10,NONE,
[2026-02-11T19:22:59.124355] [TDMA] TX UPLINK: frame=2100 records=0
[2026-02-11T19:22:59.144202] BRAGE,211126,1,2100,0,0,10,NONE,
[2026-02-11T19:22:59.223735] [TDMA] TX UPLINK: frame=2101 records=0
[2026-02-11T19:22:59.243959] BRAGE,211226,1,2101,0,0,10,NONE,
[2026-02-11T19:22:59.262562] RX CAN id=0x720 dlc=8
[2026-02-11T19:22:59.323498] [TDMA] TX UPLINK: frame=2102 records=0
[2026-02-11T19:22:59.343236] BRAGE,211326,1,2102,-67,6,10,UL,
[2026-02-11T19:22:59.422769] [TDMA] TX UPLINK: frame=2103 records=0
[2026-02-11T19:22:59.442541] BRAGE,211426,1,2103,0,0,10,NONE,
[2026-02-11T19:22:59.524424] [TDMA] TX UPLINK: frame=2104 records=0
[2026-02-11T19:22:59.541921] BRAGE,211526,1,2104,0,0,10,NONE,
[2026-02-11T19:22:59.621490] [TDMA] TX UPLINK: frame=2105 records=0
[2026-02-11T19:22:59.641143] BRAGE,211626,1,2105,0,0,10,NONE,
[2026-02-11T19:22:59.720755] [TDMA] TX UPLINK: frame=2106 records=0
[2026-02-11T19:22:59.740744] BRAGE,211726,1,2106,0,0,10,NONE,
[2026-02-11T19:22:59.820082] [TDMA] TX UPLINK: frame=2107 records=0
[2026-02-11T19:22:59.839986] BRAGE,211826,1,2107,0,0,10,NONE,
[2026-02-11T19:22:59.919563] [TDMA] TX UPLINK: frame=2108 records=0
[2026-02-11T19:22:59.938880] BRAGE,211926,1,2108,0,0,10,NONE,
[2026-02-11T19:23:00.022264] [TDMA] TX UPLINK: frame=2109 records=0
[2026-02-11T19:23:00.038621] BRAGE,212026,1,2109,0,0,10,NONE,
[2026-02-11T19:23:00.118118] [TDMA] TX UPLINK: frame=2110 records=0
[2026-02-11T19:23:00.138175] BRAGE,212126,1,2110,0,0,10,NONE,
[2026-02-11T19:23:00.216961] [TDMA] TX UPLINK: frame=2111 records=0
[2026-02-11T19:23:00.237049] BRAGE,212226,1,2111,0,0,10,NONE,
[2026-02-11T19:23:00.255615] RX CAN id=0x720 dlc=8
[2026-02-11T19:23:00.316320] [TDMA] TX UPLINK: frame=2112 records=0
[2026-02-11T19:23:00.336820] BRAGE,212326,1,2112,-67,6,10,UL,
[2026-02-11T19:23:00.416099] [TDMA] TX UPLINK: frame=2113 records=0
[2026-02-11T19:23:00.436017] BRAGE,212426,1,2113,0,0,10,NONE,
[2026-02-11T19:23:00.515348] [TDMA] TX UPLINK: frame=2114 records=0
[2026-02-11T19:23:00.535173] BRAGE,212526,1,2114,0,0,10,NONE,
[2026-02-11T19:23:00.615090] [TDMA] TX UPLINK: frame=2115 records=0
[2026-02-11T19:23:00.634789] BRAGE,212626,1,2115,0,0,10,NONE,
[2026-02-11T19:23:00.714011] [TDMA] TX UPLINK: frame=2116 records=0
[2026-02-11T19:23:00.733493] BRAGE,212726,1,2116,0,0,10,NONE,
[2026-02-11T19:23:00.813042] [TDMA] TX UPLINK: frame=2117 records=0
[2026-02-11T19:23:00.833220] BRAGE,212826,1,2117,0,0,10,NONE,
[2026-02-11T19:23:00.912768] [TDMA] TX UPLINK: frame=2118 records=0
[2026-02-11T19:23:00.932798] BRAGE,212926,1,2118,0,0,10,NONE,
[2026-02-11T19:23:01.012092] [TDMA] TX UPLINK: frame=2119 records=0
[2026-02-11T19:23:01.031974] BRAGE,213026,1,2119,0,0,10,NONE,
[2026-02-11T19:23:01.111044] [TDMA] TX UPLINK: frame=2120 records=0
[2026-02-11T19:23:01.131309] BRAGE,213126,1,2120,0,0,10,NONE,
[2026-02-11T19:23:01.210914] [TDMA] TX UPLINK: frame=2121 records=0
[2026-02-11T19:23:01.230885] BRAGE,213226,1,2121,0,0,10,NONE,
[2026-02-11T19:23:01.248999] RX CAN id=0x720 dlc=8
[2026-02-11T19:23:01.310632] [TDMA] TX UPLINK: frame=2122 records=0
[2026-02-11T19:23:01.329583] BRAGE,213326,1,2122,-67,6,10,UL,
[2026-02-11T19:23:01.409687] [TDMA] TX UPLINK: frame=2123 records=0
[2026-02-11T19:23:01.429295] BRAGE,213426,1,2123,0,0,10,NONE,
[2026-02-11T19:23:01.508410] [TDMA] TX UPLINK: frame=2124 records=0
[2026-02-11T19:23:01.528176] BRAGE,213526,1,2124,0,0,10,NONE,
[2026-02-11T19:23:01.607818] [TDMA] TX UPLINK: frame=2125 records=0
[2026-02-11T19:23:01.628143] BRAGE,213626,1,2125,0,0,10,NONE,
[2026-02-11T19:23:01.707118] [TDMA] TX UPLINK: frame=2126 records=0
[2026-02-11T19:23:01.727293] BRAGE,213726,1,2126,0,0,10,NONE,
[2026-02-11T19:23:01.807523] [TDMA] TX UPLINK: frame=2127 records=0
[2026-02-11T19:23:01.826248] BRAGE,213826,1,2127,0,0,10,NONE,
[2026-02-11T19:23:01.906095] [TDMA] TX UPLINK: frame=2128 records=0
[2026-02-11T19:23:01.925990] BRAGE,213926,1,2128,0,0,10,NONE,
[2026-02-11T19:23:02.005106] [TDMA] TX UPLINK: frame=2129 records=0
[2026-02-11T19:23:02.025256] BRAGE,214026,1,2129,0,0,10,NONE,
[2026-02-11T19:23:02.104199] [TDMA] TX UPLINK: frame=2130 records=0
[2026-02-11T19:23:02.124507] BRAGE,214126,1,2130,0,0,10,NONE,
[2026-02-11T19:23:02.204104] [TDMA] TX UPLINK: frame=2131 records=0
[2026-02-11T19:23:02.223574] BRAGE,214226,1,2131,0,0,10,NONE,
[2026-02-11T19:23:02.241962] RX CAN id=0x720 dlc=8
[2026-02-11T19:23:02.303402] [TDMA] TX UPLINK: frame=2132 records=0
[2026-02-11T19:23:02.323392] BRAGE,214326,1,2132,-67,6,10,UL,
[2026-02-11T19:23:02.402344] [TDMA] TX UPLINK: frame=2133 records=0
[2026-02-11T19:23:02.422222] BRAGE,214426,1,2133,0,0,10,NONE,
[2026-02-11T19:23:02.502132] [TDMA] TX UPLINK: frame=2134 records=0
[2026-02-11T19:23:02.522053] BRAGE,214526,1,2134,0,0,10,NONE,
[2026-02-11T19:23:02.601308] [TDMA] TX UPLINK: frame=2135 records=0
[2026-02-11T19:23:02.621215] BRAGE,214626,1,2135,0,0,10,NONE,
[2026-02-11T19:23:02.700934] [TDMA] TX UPLINK: frame=2136 records=0
[2026-02-11T19:23:02.720734] BRAGE,214726,1,2136,0,0,10,NONE,
[2026-02-11T19:23:02.800276] [TDMA] TX UPLINK: frame=2137 records=0
[2026-02-11T19:23:02.819609] BRAGE,214826,1,2137,0,0,10,NONE,
[2026-02-11T19:23:02.899392] [TDMA] TX UPLINK: frame=2138 records=0
[2026-02-11T19:23:02.919232] BRAGE,214926,1,2138,0,0,10,NONE,
[2026-02-11T19:23:02.998760] [TDMA] TX UPLINK: frame=2139 records=0
[2026-02-11T19:23:03.018666] BRAGE,215026,1,2139,0,0,10,NONE,
[2026-02-11T19:23:03.098307] [TDMA] TX UPLINK: frame=2140 records=0
[2026-02-11T19:23:03.117535] BRAGE,215126,1,2140,0,0,10,NONE,
[2026-02-11T19:23:03.197939] [TDMA] TX UPLINK: frame=2141 records=0
[2026-02-11T19:23:03.217023] BRAGE,215226,1,2141,0,0,10,NONE,
[2026-02-11T19:23:03.235113] RX CAN id=0x720 dlc=8
[2026-02-11T19:23:03.296689] [TDMA] TX UPLINK: frame=2142 records=0
[2026-02-11T19:23:03.316773] BRAGE,215326,1,2142,-67,7,10,UL,
[2026-02-11T19:23:03.395760] [TDMA] TX UPLINK: frame=2143 records=0
[2026-02-11T19:23:03.415871] BRAGE,215426,1,2143,0,0,10,NONE,
[2026-02-11T19:23:03.495371] [TDMA] TX UPLINK: frame=2144 records=0
[2026-02-11T19:23:03.515233] BRAGE,215526,1,2144,0,0,10,NONE,
[2026-02-11T19:23:03.594833] [TDMA] TX UPLINK: frame=2145 records=0
[2026-02-11T19:23:03.614554] BRAGE,215626,1,2145,0,0,10,NONE,
[2026-02-11T19:23:03.693513] [TDMA] TX UPLINK: frame=2146 records=0
[2026-02-11T19:23:03.713984] BRAGE,215726,1,2146,0,0,10,NONE,
[2026-02-11T19:23:03.793271] [TDMA] TX UPLINK: frame=2147 records=0
[2026-02-11T19:23:03.813215] BRAGE,215826,1,2147,0,0,10,NONE,
[2026-02-11T19:23:03.892826] [TDMA] TX UPLINK: frame=2148 records=0
[2026-02-11T19:23:03.912796] BRAGE,215926,1,2148,0,0,10,NONE,
[2026-02-11T19:23:03.991624] [TDMA] TX UPLINK: frame=2149 records=0
[2026-02-11T19:23:04.011939] BRAGE,216026,1,2149,0,0,10,NONE,
[2026-02-11T19:23:04.091338] [TDMA] TX UPLINK: frame=2150 records=0
[2026-02-11T19:23:04.110790] BRAGE,216126,1,2150,0,0,10,NONE,
[2026-02-11T19:23:04.190840] [TDMA] TX UPLINK: frame=2151 records=0
[2026-02-11T19:23:04.210236] BRAGE,216226,1,2151,0,0,10,NONE,
[2026-02-11T19:23:04.228912] RX CAN id=0x720 dlc=8
[2026-02-11T19:23:04.289850] [TDMA] TX UPLINK: frame=2152 records=0
[2026-02-11T19:23:04.310541] BRAGE,216326,1,2152,-67,7,10,UL,
[2026-02-11T19:23:04.388942] [TDMA] TX UPLINK: frame=2153 records=0
[2026-02-11T19:23:04.408894] BRAGE,216426,1,2153,0,0,10,NONE,
[2026-02-11T19:23:04.488203] [TDMA] TX UPLINK: frame=2154 records=0
[2026-02-11T19:23:04.508828] BRAGE,216526,1,2154,0,0,10,NONE,
[2026-02-11T19:23:04.587557] [TDMA] TX UPLINK: frame=2155 records=0
[2026-02-11T19:23:04.612124] BRAGE,216626,1,2155,0,0,10,NONE,
[2026-02-11T19:23:04.687029] [TDMA] TX UPLINK: frame=2156 records=0
[2026-02-11T19:23:04.706810] BRAGE,216726,1,2156,0,0,10,NONE,
[2026-02-11T19:23:04.786916] [TDMA] TX UPLINK: frame=2157 records=0
[2026-02-11T19:23:04.806247] BRAGE,216826,1,2157,0,0,10,NONE,
[2026-02-11T19:23:04.886045] [TDMA] TX UPLINK: frame=2158 records=0
[2026-02-11T19:23:04.905962] BRAGE,216926,1,2158,0,0,10,NONE,
[2026-02-11T19:23:04.984978] [TDMA] TX UPLINK: frame=2159 records=0
[2026-02-11T19:23:05.005175] BRAGE,217026,1,2159,0,0,10,NONE,
[2026-02-11T19:23:05.084905] [TDMA] TX UPLINK: frame=2160 records=0
[2026-02-11T19:23:05.104185] BRAGE,217126,1,2160,0,0,10,NONE,
[2026-02-11T19:23:05.183977] [TDMA] TX UPLINK: frame=2161 records=0
[2026-02-11T19:23:05.203895] BRAGE,217226,1,2161,0,0,10,NONE,
[2026-02-11T19:23:05.222215] RX CAN id=0x720 dlc=8
[2026-02-11T19:23:05.282900] [TDMA] TX UPLINK: frame=2162 records=0
[2026-02-11T19:23:05.303047] BRAGE,217326,1,2162,-67,6,10,UL,
[2026-02-11T19:23:05.382869] [TDMA] TX UPLINK: frame=2163 records=0
[2026-02-11T19:23:05.402438] BRAGE,217426,1,2163,0,0,10,NONE,
[2026-02-11T19:23:05.481989] [TDMA] TX UPLINK: frame=2164 records=0
[2026-02-11T19:23:05.501915] BRAGE,217526,1,2164,0,0,10,NONE,
[2026-02-11T19:23:05.580886] [TDMA] TX UPLINK: frame=2165 records=0
[2026-02-11T19:23:05.601194] BRAGE,217626,1,2165,0,0,10,NONE,
[2026-02-11T19:23:05.680498] [TDMA] TX UPLINK: frame=2166 records=0
[2026-02-11T19:23:05.700482] BRAGE,217726,1,2166,0,0,10,NONE,
[2026-02-11T19:23:05.779947] [TDMA] TX UPLINK: frame=2167 records=0
[2026-02-11T19:23:05.800104] BRAGE,217826,1,2167,0,0,10,NONE,
[2026-02-11T19:23:05.879215] [TDMA] TX UPLINK: frame=2168 records=0
[2026-02-11T19:23:05.898811] BRAGE,217926,1,2168,0,0,10,NONE,
[2026-02-11T19:23:05.978550] [TDMA] TX UPLINK: frame=2169 records=0
[2026-02-11T19:23:05.998020] BRAGE,218026,1,2169,0,0,10,NONE,
[2026-02-11T19:23:06.078086] [TDMA] TX UPLINK: frame=2170 records=0
[2026-02-11T19:23:06.097961] BRAGE,218126,1,2170,0,0,10,NONE,
[2026-02-11T19:23:06.177336] [TDMA] TX UPLINK: frame=2171 records=0
[2026-02-11T19:23:06.197369] BRAGE,218226,1,2171,0,0,10,NONE,
[2026-02-11T19:23:06.215949] RX CAN id=0x720 dlc=8
[2026-02-11T19:23:06.276726] [TDMA] TX UPLINK: frame=2172 records=0
[2026-02-11T19:23:06.296080] BRAGE,218326,1,2172,-70,6,10,UL,
[2026-02-11T19:23:06.376169] [TDMA] TX UPLINK: frame=2173 records=0
[2026-02-11T19:23:06.397841] BRAGE,218426,1,2173,0,0,10,NONE,
[2026-02-11T19:23:06.475401] [TDMA] TX UPLINK: frame=2174 records=0
[2026-02-11T19:23:06.495217] BRAGE,218526,1,2174,0,0,10,NONE,
[2026-02-11T19:23:06.574063] [TDMA] TX UPLINK: frame=2175 records=0
[2026-02-11T19:23:06.594874] BRAGE,218626,1,2175,0,0,10,NONE,
[2026-02-11T19:23:06.674180] [TDMA] TX UPLINK: frame=2176 records=0
[2026-02-11T19:23:06.694028] BRAGE,218726,1,2176,0,0,10,NONE,
[2026-02-11T19:23:06.773370] [TDMA] TX UPLINK: frame=2177 records=0
[2026-02-11T19:23:06.792824] BRAGE,218826,1,2177,0,0,10,NONE,
[2026-02-11T19:23:06.872361] [TDMA] TX UPLINK: frame=2178 records=0
[2026-02-11T19:23:06.892448] BRAGE,218926,1,2178,0,0,10,NONE,
[2026-02-11T19:23:06.972133] [TDMA] TX UPLINK: frame=2179 records=0
[2026-02-11T19:23:06.991946] BRAGE,219026,1,2179,0,0,10,NONE,
[2026-02-11T19:23:07.071015] [TDMA] TX UPLINK: frame=2180 records=0
[2026-02-11T19:23:07.091005] BRAGE,219126,1,2180,0,0,10,NONE,
[2026-02-11T19:23:07.170123] [TDMA] TX UPLINK: frame=2181 records=0
[2026-02-11T19:23:07.190290] BRAGE,219226,1,2181,0,0,10,NONE,
[2026-02-11T19:23:07.208936] RX CAN id=0x720 dlc=8
[2026-02-11T19:23:07.270030] [TDMA] TX UPLINK: frame=2182 records=0
[2026-02-11T19:23:07.289412] BRAGE,219326,1,2182,-67,7,10,UL,
[2026-02-11T19:23:07.369010] [TDMA] TX UPLINK: frame=2183 records=0
[2026-02-11T19:23:07.389013] BRAGE,219426,1,2183,0,0,10,NONE,
[2026-02-11T19:23:07.468583] [TDMA] TX UPLINK: frame=2184 records=0
[2026-02-11T19:23:07.487972] BRAGE,219526,1,2184,0,0,10,NONE,
[2026-02-11T19:23:07.567811] [TDMA] TX UPLINK: frame=2185 records=0
[2026-02-11T19:23:07.587276] BRAGE,219626,1,2185,0,0,10,NONE,
[2026-02-11T19:23:07.672057] [TDMA] TX UPLINK: frame=2186 records=0
[2026-02-11T19:23:07.686677] BRAGE,219726,1,2186,0,0,10,NONE,
[2026-02-11T19:23:07.766501] [TDMA] TX UPLINK: frame=2187 records=0
[2026-02-11T19:23:07.786358] BRAGE,219826,1,2187,0,0,10,NONE,
[2026-02-11T19:23:07.866023] [TDMA] TX UPLINK: frame=2188 records=0
[2026-02-11T19:23:07.885308] BRAGE,219926,1,2188,0,0,10,NONE,
[2026-02-11T19:23:07.965115] [TDMA] TX UPLINK: frame=2189 records=0
[2026-02-11T19:23:07.985038] BRAGE,220026,1,2189,0,0,10,NONE,
[2026-02-11T19:23:08.064480] [TDMA] TX UPLINK: frame=2190 records=0
[2026-02-11T19:23:08.084363] BRAGE,220126,1,2190,0,0,10,NONE,
[2026-02-11T19:23:08.163426] [TDMA] TX UPLINK: frame=2191 records=0
[2026-02-11T19:23:08.183357] BRAGE,220226,1,2191,0,0,10,NONE,
[2026-02-11T19:23:08.201673] RX CAN id=0x720 dlc=8
[2026-02-11T19:23:08.263477] [TDMA] TX UPLINK: frame=2192 records=0
[2026-02-11T19:23:08.282613] BRAGE,220326,1,2192,-64,8,10,UL,
[2026-02-11T19:23:08.362993] [TDMA] TX UPLINK: frame=2193 records=0
[2026-02-11T19:23:08.381982] BRAGE,220426,1,2193,0,0,10,NONE,
[2026-02-11T19:23:08.461358] [TDMA] TX UPLINK: frame=2194 records=0
[2026-02-11T19:23:08.481818] BRAGE,220526,1,2194,0,0,10,NONE,
[2026-02-11T19:23:08.561338] [TDMA] TX UPLINK: frame=2195 records=0
[2026-02-11T19:23:08.581454] BRAGE,220626,1,2195,0,0,10,NONE,
[2026-02-11T19:23:08.660019] [TDMA] TX UPLINK: frame=2196 records=0
[2026-02-11T19:23:08.680522] BRAGE,220726,1,2196,0,0,10,NONE,
[2026-02-11T19:23:08.760397] [TDMA] TX UPLINK: frame=2197 records=0
[2026-02-11T19:23:08.779609] BRAGE,220826,1,2197,0,0,10,NONE,
[2026-02-11T19:23:08.859192] [TDMA] TX UPLINK: frame=2198 records=0
[2026-02-11T19:23:08.878527] BRAGE,220926,1,2198,0,0,10,NONE,
[2026-02-11T19:23:08.961007] [TDMA] TX UPLINK: frame=2199 records=0
[2026-02-11T19:23:08.978151] BRAGE,221026,1,2199,0,0,10,NONE,
[2026-02-11T19:23:09.057801] [TDMA] TX UPLINK: frame=2200 records=0
[2026-02-11T19:23:09.077630] BRAGE,221126,1,2200,0,0,10,NONE,
[2026-02-11T19:23:09.157329] [TDMA] TX UPLINK: frame=2201 records=0
[2026-02-11T19:23:09.177018] BRAGE,221226,1,2201,0,0,10,NONE,
[2026-02-11T19:23:09.194927] [SX1280] CRC error
[2026-02-11T19:23:09.256619] [TDMA] TX UPLINK: frame=2202 records=0
[2026-02-11T19:23:09.276500] BRAGE,221326,1,2202,0,0,9,NONE,
[2026-02-11T19:23:09.356111] [TDMA] TX UPLINK: frame=2203 records=0
[2026-02-11T19:23:09.376091] BRAGE,221426,1,2203,0,0,9,NONE,
[2026-02-11T19:23:09.456780] [TDMA] TX UPLINK: frame=2204 records=0
[2026-02-11T19:23:09.475750] BRAGE,221526,1,2204,0,0,9,NONE,
[2026-02-11T19:23:09.554682] [TDMA] TX UPLINK: frame=2205 records=0
[2026-02-11T19:23:09.574500] BRAGE,221626,1,2205,0,0,9,NONE,
[2026-02-11T19:23:09.653629] [TDMA] TX UPLINK: frame=2206 records=0
[2026-02-11T19:23:09.673383] BRAGE,221726,1,2206,0,0,9,NONE,
[2026-02-11T19:23:09.752607] [TDMA] TX UPLINK: frame=2207 records=0
[2026-02-11T19:23:09.773532] BRAGE,221826,1,2207,0,0,9,NONE,
[2026-02-11T19:23:09.852714] [TDMA] TX UPLINK: frame=2208 records=0
[2026-02-11T19:23:09.872400] BRAGE,221926,1,2208,0,0,9,NONE,
[2026-02-11T19:23:09.952016] [TDMA] TX UPLINK: frame=2209 records=0
[2026-02-11T19:23:09.971621] BRAGE,222026,1,2209,0,0,9,NONE,
[2026-02-11T19:23:10.050624] [TDMA] TX UPLINK: frame=2210 records=0
[2026-02-11T19:23:10.070504] BRAGE,222126,1,2210,0,0,9,NONE,
[2026-02-11T19:23:10.150369] [TDMA] TX UPLINK: frame=2211 records=0
[2026-02-11T19:23:10.170250] BRAGE,222226,1,2211,0,0,9,NONE,
[2026-02-11T19:23:10.188598] RX CAN id=0x720 dlc=8
[2026-02-11T19:23:10.249354] [TDMA] TX UPLINK: frame=2212 records=0
[2026-02-11T19:23:10.269274] BRAGE,222326,1,2212,-69,6,9,UL,
[2026-02-11T19:23:10.349296] [TDMA] TX UPLINK: frame=2213 records=0
[2026-02-11T19:23:10.369431] BRAGE,222426,1,2213,0,0,9,NONE,
[2026-02-11T19:23:10.448781] [TDMA] TX UPLINK: frame=2214 records=0
[2026-02-11T19:23:10.467914] BRAGE,222526,1,2214,0,0,9,NONE,
[2026-02-11T19:23:10.548190] [TDMA] TX UPLINK: frame=2215 records=0
[2026-02-11T19:23:10.568119] BRAGE,222626,1,2215,0,0,9,NONE,
[2026-02-11T19:23:10.647348] [TDMA] TX UPLINK: frame=2216 records=0
[2026-02-11T19:23:10.666586] BRAGE,222726,1,2216,0,0,9,NONE,
[2026-02-11T19:23:10.746323] [TDMA] TX UPLINK: frame=2217 records=0
[2026-02-11T19:23:10.766132] BRAGE,222826,1,2217,0,0,9,NONE,
[2026-02-11T19:23:10.845422] [TDMA] TX UPLINK: frame=2218 records=0
[2026-02-11T19:23:10.865529] BRAGE,222926,1,2218,0,0,9,NONE,
[2026-02-11T19:23:10.944695] [TDMA] TX UPLINK: frame=2219 records=0
[2026-02-11T19:23:10.965321] BRAGE,223026,1,2219,0,0,9,NONE,
[2026-02-11T19:23:11.044606] [TDMA] TX UPLINK: frame=2220 records=0
[2026-02-11T19:23:11.064388] BRAGE,223126,1,2220,0,0,9,NONE,
[2026-02-11T19:23:11.143424] [TDMA] TX UPLINK: frame=2221 records=0
[2026-02-11T19:23:11.163859] BRAGE,223226,1,2221,0,0,9,NONE,
[2026-02-11T19:23:11.181801] RX CAN id=0x720 dlc=8
[2026-02-11T19:23:11.243243] [TDMA] TX UPLINK: frame=2222 records=0
[2026-02-11T19:23:11.262539] BRAGE,223326,1,2222,-64,8,9,UL,
[2026-02-11T19:23:11.342361] [TDMA] TX UPLINK: frame=2223 records=0
[2026-02-11T19:23:11.361909] BRAGE,223426,1,2223,0,0,9,NONE,
[2026-02-11T19:23:11.441576] [TDMA] TX UPLINK: frame=2224 records=0
[2026-02-11T19:23:11.461548] BRAGE,223526,1,2224,0,0,9,NONE,
[2026-02-11T19:23:11.541388] [TDMA] TX UPLINK: frame=2225 records=0
[2026-02-11T19:23:11.560965] BRAGE,223626,1,2225,0,0,9,NONE,
[2026-02-11T19:23:11.640225] [TDMA] TX UPLINK: frame=2226 records=0
[2026-02-11T19:23:11.659863] BRAGE,223726,1,2226,0,0,9,NONE,
[2026-02-11T19:23:11.739938] [TDMA] TX UPLINK: frame=2227 records=0
[2026-02-11T19:23:11.759462] BRAGE,223826,1,2227,0,0,9,NONE,
[2026-02-11T19:23:11.839472] [TDMA] TX UPLINK: frame=2228 records=0
[2026-02-11T19:23:11.859233] BRAGE,223926,1,2228,0,0,9,NONE,
[2026-02-11T19:23:11.938188] [TDMA] TX UPLINK: frame=2229 records=0
[2026-02-11T19:23:11.958202] BRAGE,224026,1,2229,0,0,9,NONE,
[2026-02-11T19:23:12.037609] [TDMA] TX UPLINK: frame=2230 records=0
[2026-02-11T19:23:12.057422] BRAGE,224126,1,2230,0,0,9,NONE,
[2026-02-11T19:23:12.136681] [TDMA] TX UPLINK: frame=2231 records=0
[2026-02-11T19:23:12.156502] BRAGE,224226,1,2231,0,0,9,NONE,
[2026-02-11T19:23:12.175218] RX CAN id=0x720 dlc=8
[2026-02-11T19:23:12.236286] [TDMA] TX UPLINK: frame=2232 records=0
[2026-02-11T19:23:12.256499] BRAGE,224326,1,2232,-67,6,9,UL,
[2026-02-11T19:23:12.335762] [TDMA] TX UPLINK: frame=2233 records=0
[2026-02-11T19:23:12.355166] BRAGE,224426,1,2233,0,0,9,NONE,
[2026-02-11T19:23:12.435031] [TDMA] TX UPLINK: frame=2234 records=0
[2026-02-11T19:23:12.454990] BRAGE,224526,1,2234,0,0,9,NONE,
[2026-02-11T19:23:12.534264] [TDMA] TX UPLINK: frame=2235 records=0
[2026-02-11T19:23:12.554142] BRAGE,224626,1,2235,0,0,9,NONE,
[2026-02-11T19:23:12.633685] [TDMA] TX UPLINK: frame=2236 records=0
[2026-02-11T19:23:12.653243] BRAGE,224726,1,2236,0,0,9,NONE,
[2026-02-11T19:23:12.733296] [TDMA] TX UPLINK: frame=2237 records=0
[2026-02-11T19:23:12.752850] BRAGE,224826,1,2237,0,0,9,NONE,
[2026-02-11T19:23:12.832536] [TDMA] TX UPLINK: frame=2238 records=0
[2026-02-11T19:23:12.852501] BRAGE,224926,1,2238,0,0,9,NONE,
[2026-02-11T19:23:12.931457] [TDMA] TX UPLINK: frame=2239 records=0
[2026-02-11T19:23:12.951438] BRAGE,225026,1,2239,0,0,9,NONE,
[2026-02-11T19:23:13.031075] [TDMA] TX UPLINK: frame=2240 records=0
[2026-02-11T19:23:13.050970] BRAGE,225126,1,2240,0,0,9,NONE,
[2026-02-11T19:23:13.130541] [TDMA] TX UPLINK: frame=2241 records=0
[2026-02-11T19:23:13.150526] BRAGE,225226,1,2241,0,0,9,NONE,
[2026-02-11T19:23:13.168776] RX CAN id=0x720 dlc=8
[2026-02-11T19:23:13.228982] [TDMA] TX UPLINK: frame=2242 records=0
[2026-02-11T19:23:13.249086] BRAGE,225326,1,2242,-70,5,9,UL,
[2026-02-11T19:23:13.329330] [TDMA] TX UPLINK: frame=2243 records=0
[2026-02-11T19:23:13.348584] BRAGE,225426,1,2243,0,0,9,NONE,
[2026-02-11T19:23:13.428683] [TDMA] TX UPLINK: frame=2244 records=0
[2026-02-11T19:23:13.448535] BRAGE,225526,1,2244,0,0,9,NONE,
[2026-02-11T19:23:13.527832] [TDMA] TX UPLINK: frame=2245 records=0
[2026-02-11T19:23:13.547882] BRAGE,225626,1,2245,0,0,9,NONE,
[2026-02-11T19:23:13.626767] [TDMA] TX UPLINK: frame=2246 records=0
[2026-02-11T19:23:13.646622] BRAGE,225726,1,2246,0,0,9,NONE,
[2026-02-11T19:23:13.726255] [TDMA] TX UPLINK: frame=2247 records=0
[2026-02-11T19:23:13.746557] BRAGE,225826,1,2247,0,0,9,NONE,
[2026-02-11T19:23:13.825387] [TDMA] TX UPLINK: frame=2248 records=0
[2026-02-11T19:23:13.845589] BRAGE,225926,1,2248,0,0,9,NONE,
[2026-02-11T19:23:13.925008] [TDMA] TX UPLINK: frame=2249 records=0
[2026-02-11T19:23:13.944419] BRAGE,226026,1,2249,0,0,9,NONE,
[2026-02-11T19:23:14.024610] [TDMA] TX UPLINK: frame=2250 records=0
[2026-02-11T19:23:14.047886] BRAGE,226126,1,2250,0,0,9,NONE,
[2026-02-11T19:23:14.123693] [TDMA] TX UPLINK: frame=2251 records=0
[2026-02-11T19:23:14.143582] BRAGE,226226,1,2251,0,0,9,NONE,
[2026-02-11T19:23:14.161908] RX CAN id=0x720 dlc=8
[2026-02-11T19:23:14.222396] [TDMA] TX UPLINK: frame=2252 records=0
[2026-02-11T19:23:14.242281] BRAGE,226326,1,2252,-67,7,9,UL,
[2026-02-11T19:23:14.322274] [TDMA] TX UPLINK: frame=2253 records=0
[2026-02-11T19:23:14.342375] BRAGE,226426,1,2253,0,0,9,NONE,
[2026-02-11T19:23:14.421684] [TDMA] TX UPLINK: frame=2254 records=0
[2026-02-11T19:23:14.441600] BRAGE,226526,1,2254,0,0,9,NONE,
[2026-02-11T19:23:14.520386] [TDMA] TX UPLINK: frame=2255 records=0
[2026-02-11T19:23:14.540568] BRAGE,226626,1,2255,0,0,9,NONE,
[2026-02-11T19:23:14.620096] [TDMA] TX UPLINK: frame=2256 records=0
[2026-02-11T19:23:14.641612] BRAGE,226726,1,2256,0,0,9,NONE,
[2026-02-11T19:23:14.719123] [TDMA] TX UPLINK: frame=2257 records=0
[2026-02-11T19:23:14.739083] BRAGE,226826,1,2257,0,0,9,NONE,
[2026-02-11T19:23:14.818498] [TDMA] TX UPLINK: frame=2258 records=0
[2026-02-11T19:23:14.838565] BRAGE,226926,1,2258,0,0,9,NONE,
[2026-02-11T19:23:14.918076] [TDMA] TX UPLINK: frame=2259 records=0
[2026-02-11T19:23:14.937579] BRAGE,227026,1,2259,0,0,9,NONE,
[2026-02-11T19:23:15.017405] [TDMA] TX UPLINK: frame=2260 records=0
[2026-02-11T19:23:15.037348] BRAGE,227126,1,2260,0,0,9,NONE,
[2026-02-11T19:23:15.116678] [TDMA] TX UPLINK: frame=2261 records=0
[2026-02-11T19:23:15.136537] BRAGE,227226,1,2261,0,0,9,NONE,
[2026-02-11T19:23:15.154941] RX CAN id=0x720 dlc=8
[2026-02-11T19:23:15.216047] [TDMA] TX UPLINK: frame=2262 records=0
[2026-02-11T19:23:15.235737] BRAGE,227326,1,2262,-67,6,9,UL,
[2026-02-11T19:23:15.315013] [TDMA] TX UPLINK: frame=2263 records=0
[2026-02-11T19:23:15.334885] BRAGE,227426,1,2263,0,0,9,NONE,
[2026-02-11T19:23:15.414678] [TDMA] TX UPLINK: frame=2264 records=0
[2026-02-11T19:23:15.434127] BRAGE,227526,1,2264,0,0,9,NONE,
[2026-02-11T19:23:15.513922] [TDMA] TX UPLINK: frame=2265 records=0
[2026-02-11T19:23:15.533502] BRAGE,227626,1,2265,0,0,9,NONE,
[2026-02-11T19:23:15.613098] [TDMA] TX UPLINK: frame=2266 records=0
[2026-02-11T19:23:15.633416] BRAGE,227726,1,2266,0,0,9,NONE,
[2026-02-11T19:23:15.712714] [TDMA] TX UPLINK: frame=2267 records=0
[2026-02-11T19:23:15.732460] BRAGE,227826,1,2267,0,0,9,NONE,
[2026-02-11T19:23:15.811605] [TDMA] TX UPLINK: frame=2268 records=0
[2026-02-11T19:23:15.832547] BRAGE,227926,1,2268,0,0,9,NONE,
[2026-02-11T19:23:15.911483] [TDMA] TX UPLINK: frame=2269 records=0
[2026-02-11T19:23:15.930903] BRAGE,228026,1,2269,0,0,9,NONE,
[2026-02-11T19:23:16.010795] [TDMA] TX UPLINK: frame=2270 records=0
[2026-02-11T19:23:16.031139] BRAGE,228126,1,2270,0,0,9,NONE,
[2026-02-11T19:23:16.109570] [TDMA] TX UPLINK: frame=2271 records=0
[2026-02-11T19:23:16.129585] BRAGE,228226,1,2271,0,0,9,NONE,
[2026-02-11T19:23:16.148410] RX CAN id=0x720 dlc=8
[2026-02-11T19:23:16.209082] [TDMA] TX UPLINK: frame=2272 records=0
[2026-02-11T19:23:16.228846] BRAGE,228326,1,2272,-67,7,9,UL,
[2026-02-11T19:23:16.308250] [TDMA] TX UPLINK: frame=2273 records=0
[2026-02-11T19:23:16.328446] BRAGE,228426,1,2273,0,0,9,NONE,
[2026-02-11T19:23:16.407821] [TDMA] TX UPLINK: frame=2274 records=0
[2026-02-11T19:23:16.428023] BRAGE,228526,1,2274,0,0,9,NONE,
[2026-02-11T19:23:16.507260] [TDMA] TX UPLINK: frame=2275 records=0
[2026-02-11T19:23:16.527132] BRAGE,228626,1,2275,0,0,9,NONE,
[2026-02-11T19:23:16.606458] [TDMA] TX UPLINK: frame=2276 records=0
[2026-02-11T19:23:16.626616] BRAGE,228726,1,2276,0,0,9,NONE,
[2026-02-11T19:23:16.706018] [TDMA] TX UPLINK: frame=2277 records=0
[2026-02-11T19:23:16.726001] BRAGE,228826,1,2277,0,0,9,NONE,
[2026-02-11T19:23:16.805765] [TDMA] TX UPLINK: frame=2278 records=0
[2026-02-11T19:23:16.824616] BRAGE,228926,1,2278,0,0,9,NONE,
[2026-02-11T19:23:16.904164] [TDMA] TX UPLINK: frame=2279 records=0
[2026-02-11T19:23:16.924777] BRAGE,229026,1,2279,0,0,9,NONE,
[2026-02-11T19:23:17.004091] [TDMA] TX UPLINK: frame=2280 records=0
[2026-02-11T19:23:17.024027] BRAGE,229126,1,2280,0,0,9,NONE,
[2026-02-11T19:23:17.108284] [TDMA] TX UPLINK: frame=2281 records=0
[2026-02-11T19:23:17.122945] BRAGE,229226,1,2281,0,0,9,NONE,
[2026-02-11T19:23:17.141008] RX CAN id=0x720 dlc=8
[2026-02-11T19:23:17.202811] [TDMA] TX UPLINK: frame=2282 records=0
[2026-02-11T19:23:17.222795] BRAGE,229326,1,2282,-67,6,9,UL,
[2026-02-11T19:23:17.301834] [TDMA] TX UPLINK: frame=2283 records=0
[2026-02-11T19:23:17.321328] BRAGE,229426,1,2283,0,0,9,NONE,
[2026-02-11T19:23:17.401048] [TDMA] TX UPLINK: frame=2284 records=0
[2026-02-11T19:23:17.421053] BRAGE,229526,1,2284,0,0,9,NONE,
[2026-02-11T19:23:17.500846] [TDMA] TX UPLINK: frame=2285 records=0
[2026-02-11T19:23:17.520744] BRAGE,229626,1,2285,0,0,9,NONE,
[2026-02-11T19:23:17.599451] [TDMA] TX UPLINK: frame=2286 records=0
[2026-02-11T19:23:17.619575] BRAGE,229726,1,2286,0,0,9,NONE,
[2026-02-11T19:23:17.699088] [TDMA] TX UPLINK: frame=2287 records=0
[2026-02-11T19:23:17.719179] BRAGE,229826,1,2287,0,0,9,NONE,
[2026-02-11T19:23:17.798863] [TDMA] TX UPLINK: frame=2288 records=0
[2026-02-11T19:23:17.818146] BRAGE,229926,1,2288,0,0,9,NONE,
[2026-02-11T19:23:17.897685] [TDMA] TX UPLINK: frame=2289 records=0
[2026-02-11T19:23:17.917830] BRAGE,230026,1,2289,0,0,9,NONE,
[2026-02-11T19:23:17.996902] [TDMA] TX UPLINK: frame=2290 records=0
[2026-02-11T19:23:18.017178] BRAGE,230126,1,2290,0,0,9,NONE,
[2026-02-11T19:23:18.096622] [TDMA] TX UPLINK: frame=2291 records=0
[2026-02-11T19:23:18.115930] BRAGE,230226,1,2291,0,0,9,NONE,
[2026-02-11T19:23:18.134761] RX CAN id=0x720 dlc=8
[2026-02-11T19:23:18.195358] [TDMA] TX UPLINK: frame=2292 records=0
[2026-02-11T19:23:18.215589] BRAGE,230326,1,2292,-70,6,9,UL,
[2026-02-11T19:23:18.295186] [TDMA] TX UPLINK: frame=2293 records=0
[2026-02-11T19:23:18.314919] BRAGE,230426,1,2293,0,0,9,NONE,
[2026-02-11T19:23:18.395714] [TDMA] TX UPLINK: frame=2294 records=0
[2026-02-11T19:23:18.414010] BRAGE,230526,1,2294,0,0,9,NONE,
[2026-02-11T19:23:18.493459] [TDMA] TX UPLINK: frame=2295 records=0
[2026-02-11T19:23:18.513797] BRAGE,230626,1,2295,0,0,9,NONE,
[2026-02-11T19:23:18.593151] [TDMA] TX UPLINK: frame=2296 records=0
[2026-02-11T19:23:18.613215] BRAGE,230726,1,2296,0,0,9,NONE,
[2026-02-11T19:23:18.693131] [TDMA] TX UPLINK: frame=2297 records=0
[2026-02-11T19:23:18.711845] BRAGE,230826,1,2297,0,0,9,NONE,
[2026-02-11T19:23:18.792023] [TDMA] TX UPLINK: frame=2298 records=0
[2026-02-11T19:23:18.811813] BRAGE,230926,1,2298,0,0,9,NONE,
[2026-02-11T19:23:18.893896] [TDMA] TX UPLINK: frame=2299 records=0
[2026-02-11T19:23:18.910549] BRAGE,231026,1,2299,0,0,9,NONE,
[2026-02-11T19:23:18.989904] [TDMA] TX UPLINK: frame=2300 records=0
[2026-02-11T19:23:19.010079] BRAGE,231126,1,2300,0,0,9,NONE,
[2026-02-11T19:23:19.090209] [TDMA] TX UPLINK: frame=2301 records=0
[2026-02-11T19:23:19.109900] BRAGE,231226,1,2301,0,0,9,NONE,
[2026-02-11T19:23:19.127425] RX CAN id=0x720 dlc=8
[2026-02-11T19:23:19.189175] [TDMA] TX UPLINK: frame=2302 records=0
[2026-02-11T19:23:19.208792] BRAGE,231326,1,2302,-64,8,10,UL,
[2026-02-11T19:23:19.288025] [TDMA] TX UPLINK: frame=2303 records=0
[2026-02-11T19:23:19.308025] BRAGE,231426,1,2303,0,0,10,NONE,
[2026-02-11T19:23:19.387948] [TDMA] TX UPLINK: frame=2304 records=0
[2026-02-11T19:23:19.407490] BRAGE,231526,1,2304,0,0,10,NONE,
[2026-02-11T19:23:19.487066] [TDMA] TX UPLINK: frame=2305 records=0
[2026-02-11T19:23:19.507037] BRAGE,231626,1,2305,0,0,10,NONE,
[2026-02-11T19:23:19.586045] [TDMA] TX UPLINK: frame=2306 records=0
[2026-02-11T19:23:19.606747] BRAGE,231726,1,2306,0,0,10,NONE,
[2026-02-11T19:23:19.685960] [TDMA] TX UPLINK: frame=2307 records=0
[2026-02-11T19:23:19.705009] BRAGE,231826,1,2307,0,0,10,NONE,
[2026-02-11T19:23:19.785181] [TDMA] TX UPLINK: frame=2308 records=0
[2026-02-11T19:23:19.805766] BRAGE,231926,1,2308,0,0,10,NONE,
[2026-02-11T19:23:19.884086] [TDMA] TX UPLINK: frame=2309 records=0
[2026-02-11T19:23:19.903722] BRAGE,232026,1,2309,0,0,10,NONE,
[2026-02-11T19:23:19.983841] [TDMA] TX UPLINK: frame=2310 records=0
[2026-02-11T19:23:20.003624] BRAGE,232126,1,2310,0,0,10,NONE,
[2026-02-11T19:23:20.082683] [TDMA] TX UPLINK: frame=2311 records=0
[2026-02-11T19:23:20.102776] BRAGE,232226,1,2311,0,0,10,NONE,
[2026-02-11T19:23:20.121064] RX CAN id=0x720 dlc=8
[2026-02-11T19:23:20.183043] [TDMA] TX UPLINK: frame=2312 records=0
[2026-02-11T19:23:20.202330] BRAGE,232326,1,2312,-67,6,10,UL,
[2026-02-11T19:23:20.281502] [TDMA] TX UPLINK: frame=2313 records=0
[2026-02-11T19:23:20.302135] BRAGE,232426,1,2313,0,0,10,NONE,
[2026-02-11T19:23:20.380786] [TDMA] TX UPLINK: frame=2314 records=0
[2026-02-11T19:23:20.401011] BRAGE,232526,1,2314,0,0,10,NONE,
[2026-02-11T19:23:20.480060] [TDMA] TX UPLINK: frame=2315 records=0
[2026-02-11T19:23:20.500169] BRAGE,232626,1,2315,0,0,10,NONE,
[2026-02-11T19:23:20.579625] [TDMA] TX UPLINK: frame=2316 records=0
[2026-02-11T19:23:20.599479] BRAGE,232726,1,2316,0,0,10,NONE,
[2026-02-11T19:23:20.680534] [TDMA] TX UPLINK: frame=2317 records=0
[2026-02-11T19:23:20.698766] BRAGE,232826,1,2317,0,0,10,NONE,
[2026-02-11T19:23:20.777848] [TDMA] TX UPLINK: frame=2318 records=0
[2026-02-11T19:23:20.798074] BRAGE,232926,1,2318,0,0,10,NONE,
[2026-02-11T19:23:20.877654] [TDMA] TX UPLINK: frame=2319 records=0
[2026-02-11T19:23:20.897325] BRAGE,233026,1,2319,0,0,10,NONE,
[2026-02-11T19:23:20.976820] [TDMA] TX UPLINK: frame=2320 records=0
[2026-02-11T19:23:20.996701] BRAGE,233126,1,2320,0,0,10,NONE,
[2026-02-11T19:23:21.076206] [TDMA] TX UPLINK: frame=2321 records=0
[2026-02-11T19:23:21.096061] BRAGE,233226,1,2321,0,0,10,NONE,
[2026-02-11T19:23:21.114313] RX CAN id=0x720 dlc=8
[2026-02-11T19:23:21.175400] [TDMA] TX UPLINK: frame=2322 records=0
[2026-02-11T19:23:21.195351] BRAGE,233326,1,2322,-69,6,10,UL,
[2026-02-11T19:23:21.274832] [TDMA] TX UPLINK: frame=2323 records=0
[2026-02-11T19:23:21.294191] BRAGE,233426,1,2323,0,0,10,NONE,
[2026-02-11T19:23:21.374092] [TDMA] TX UPLINK: frame=2324 records=0
[2026-02-11T19:23:21.393968] BRAGE,233526,1,2324,0,0,10,NONE,
[2026-02-11T19:23:21.472987] [TDMA] TX UPLINK: frame=2325 records=0
[2026-02-11T19:23:21.492615] BRAGE,233626,1,2325,0,0,10,NONE,
[2026-02-11T19:23:21.572764] [TDMA] TX UPLINK: frame=2326 records=0
[2026-02-11T19:23:21.592223] BRAGE,233726,1,2326,0,0,10,NONE,
[2026-02-11T19:23:21.672042] [TDMA] TX UPLINK: frame=2327 records=0
[2026-02-11T19:23:21.691998] BRAGE,233826,1,2327,0,0,10,NONE,
[2026-02-11T19:23:21.770995] [TDMA] TX UPLINK: frame=2328 records=0
[2026-02-11T19:23:21.791257] BRAGE,233926,1,2328,0,0,10,NONE,
[2026-02-11T19:23:21.870377] [TDMA] TX UPLINK: frame=2329 records=0
[2026-02-11T19:23:21.890329] BRAGE,234026,1,2329,0,0,10,NONE,
[2026-02-11T19:23:21.969670] [TDMA] TX UPLINK: frame=2330 records=0
[2026-02-11T19:23:21.989979] BRAGE,234126,1,2330,0,0,10,NONE,
[2026-02-11T19:23:22.069366] [TDMA] TX UPLINK: frame=2331 records=0
[2026-02-11T19:23:22.089058] BRAGE,234226,1,2331,0,0,10,NONE,
[2026-02-11T19:23:22.107891] RX CAN id=0x720 dlc=8
[2026-02-11T19:23:22.168271] [TDMA] TX UPLINK: frame=2332 records=0
[2026-02-11T19:23:22.188227] BRAGE,234326,1,2332,-67,6,10,UL,
[2026-02-11T19:23:22.268089] [TDMA] TX UPLINK: frame=2333 records=0
[2026-02-11T19:23:22.287658] BRAGE,234426,1,2333,0,0,10,NONE,
[2026-02-11T19:23:22.367345] [TDMA] TX UPLINK: frame=2334 records=0
[2026-02-11T19:23:22.387237] BRAGE,234526,1,2334,0,0,10,NONE,
[2026-02-11T19:23:22.466372] [TDMA] TX UPLINK: frame=2335 records=0
[2026-02-11T19:23:22.486810] BRAGE,234626,1,2335,0,0,10,NONE,
[2026-02-11T19:23:22.566030] [TDMA] TX UPLINK: frame=2336 records=0
[2026-02-11T19:23:22.585554] BRAGE,234726,1,2336,0,0,10,NONE,
[2026-02-11T19:23:22.665190] [TDMA] TX UPLINK: frame=2337 records=0
[2026-02-11T19:23:22.685036] BRAGE,234826,1,2337,0,0,10,NONE,
[2026-02-11T19:23:22.764992] [TDMA] TX UPLINK: frame=2338 records=0
[2026-02-11T19:23:22.785113] BRAGE,234926,1,2338,0,0,10,NONE,
[2026-02-11T19:23:22.864323] [TDMA] TX UPLINK: frame=2339 records=0
[2026-02-11T19:23:22.883380] BRAGE,235026,1,2339,0,0,10,NONE,
[2026-02-11T19:23:22.963522] [TDMA] TX UPLINK: frame=2340 records=0
[2026-02-11T19:23:22.983229] BRAGE,235126,1,2340,0,0,10,NONE,
[2026-02-11T19:23:23.063061] [TDMA] TX UPLINK: frame=2341 records=0
[2026-02-11T19:23:23.083003] BRAGE,235226,1,2341,0,0,10,NONE,
[2026-02-11T19:23:23.101207] RX CAN id=0x720 dlc=8
[2026-02-11T19:23:23.161914] [TDMA] TX UPLINK: frame=2342 records=0
[2026-02-11T19:23:23.181284] BRAGE,235326,1,2342,-67,7,10,UL,
[2026-02-11T19:23:23.261157] [TDMA] TX UPLINK: frame=2343 records=0
[2026-02-11T19:23:23.280859] BRAGE,235426,1,2343,0,0,10,NONE,
[2026-02-11T19:23:23.360565] [TDMA] TX UPLINK: frame=2344 records=0
[2026-02-11T19:23:23.380957] BRAGE,235526,1,2344,0,0,10,NONE,
[2026-02-11T19:23:23.459779] [TDMA] TX UPLINK: frame=2345 records=0
[2026-02-11T19:23:23.479662] BRAGE,235626,1,2345,0,0,10,NONE,
[2026-02-11T19:23:23.559460] [TDMA] TX UPLINK: frame=2346 records=0
[2026-02-11T19:23:23.579466] BRAGE,235726,1,2346,0,0,10,NONE,
[2026-02-11T19:23:23.658990] [TDMA] TX UPLINK: frame=2347 records=0
[2026-02-11T19:23:23.677947] BRAGE,235826,1,2347,0,0,10,NONE,
[2026-02-11T19:23:23.757306] [TDMA] TX UPLINK: frame=2348 records=0
[2026-02-11T19:23:23.777325] BRAGE,235926,1,2348,0,0,10,NONE,
[2026-02-11T19:23:23.856988] [TDMA] TX UPLINK: frame=2349 records=0
[2026-02-11T19:23:23.877342] BRAGE,236026,1,2349,0,0,10,NONE,
[2026-02-11T19:23:23.956114] [TDMA] TX UPLINK: frame=2350 records=0
[2026-02-11T19:23:23.976090] BRAGE,236126,1,2350,0,0,10,NONE,
[2026-02-11T19:23:24.055534] [TDMA] TX UPLINK: frame=2351 records=0
[2026-02-11T19:23:24.076147] BRAGE,236226,1,2351,0,0,10,NONE,
[2026-02-11T19:23:24.093994] RX CAN id=0x720 dlc=8
[2026-02-11T19:23:24.155419] [TDMA] TX UPLINK: frame=2352 records=0
[2026-02-11T19:23:24.175293] BRAGE,236326,1,2352,-67,6,10,UL,
[2026-02-11T19:23:24.254388] [TDMA] TX UPLINK: frame=2353 records=0
[2026-02-11T19:23:24.274113] BRAGE,236426,1,2353,0,0,10,NONE,
[2026-02-11T19:23:24.354083] [TDMA] TX UPLINK: frame=2354 records=0
[2026-02-11T19:23:24.374182] BRAGE,236526,1,2354,0,0,10,NONE,
[2026-02-11T19:23:24.452995] [TDMA] TX UPLINK: frame=2355 records=0
[2026-02-11T19:23:24.472603] BRAGE,236626,1,2355,0,0,10,NONE,
[2026-02-11T19:23:24.553063] [TDMA] TX UPLINK: frame=2356 records=0
[2026-02-11T19:23:24.572989] BRAGE,236726,1,2356,0,0,10,NONE,
[2026-02-11T19:23:24.652263] [TDMA] TX UPLINK: frame=2357 records=0
[2026-02-11T19:23:24.671206] BRAGE,236826,1,2357,0,0,10,NONE,
[2026-02-11T19:23:24.751698] [TDMA] TX UPLINK: frame=2358 records=0
[2026-02-11T19:23:24.771495] BRAGE,236926,1,2358,0,0,10,NONE,
[2026-02-11T19:23:24.850724] [TDMA] TX UPLINK: frame=2359 records=0
[2026-02-11T19:23:24.870579] BRAGE,237026,1,2359,0,0,10,NONE,
[2026-02-11T19:23:24.950135] [TDMA] TX UPLINK: frame=2360 records=0
[2026-02-11T19:23:24.969004] BRAGE,237126,1,2360,0,0,10,NONE,
[2026-02-11T19:23:25.048548] [TDMA] TX UPLINK: frame=2361 records=0
[2026-02-11T19:23:25.068756] BRAGE,237226,1,2361,0,0,10,NONE,
[2026-02-11T19:23:25.087199] RX CAN id=0x720 dlc=8
[2026-02-11T19:23:25.148439] [TDMA] TX UPLINK: frame=2362 records=0
[2026-02-11T19:23:25.168626] BRAGE,237326,1,2362,-67,7,10,UL,
[2026-02-11T19:23:25.248006] [TDMA] TX UPLINK: frame=2363 records=0
[2026-02-11T19:23:25.271352] BRAGE,237426,1,2363,0,0,10,NONE,
[2026-02-11T19:23:25.347083] [TDMA] TX UPLINK: frame=2364 records=0
[2026-02-11T19:23:25.367049] BRAGE,237526,1,2364,0,0,10,NONE,
[2026-02-11T19:23:25.446036] [TDMA] TX UPLINK: frame=2365 records=0
[2026-02-11T19:23:25.465873] BRAGE,237626,1,2365,0,0,10,NONE,
[2026-02-11T19:23:25.546560] [TDMA] TX UPLINK: frame=2366 records=0
[2026-02-11T19:23:25.565734] BRAGE,237726,1,2366,0,0,10,NONE,
[2026-02-11T19:23:25.645265] [TDMA] TX UPLINK: frame=2367 records=0
[2026-02-11T19:23:25.665065] BRAGE,237826,1,2367,0,0,10,NONE,
[2026-02-11T19:23:25.744453] [TDMA] TX UPLINK: frame=2368 records=0
[2026-02-11T19:23:25.764024] BRAGE,237926,1,2368,0,0,10,NONE,
[2026-02-11T19:23:25.844082] [TDMA] TX UPLINK: frame=2369 records=0
[2026-02-11T19:23:25.863383] BRAGE,238026,1,2369,0,0,10,NONE,
[2026-02-11T19:23:25.943299] [TDMA] TX UPLINK: frame=2370 records=0
[2026-02-11T19:23:25.962602] BRAGE,238126,1,2370,0,0,10,NONE,
[2026-02-11T19:23:26.042438] [TDMA] TX UPLINK: frame=2371 records=0
[2026-02-11T19:23:26.062063] BRAGE,238226,1,2371,0,0,10,NONE,
[2026-02-11T19:23:26.081228] RX CAN id=0x720 dlc=8
[2026-02-11T19:23:26.142299] [TDMA] TX UPLINK: frame=2372 records=0
[2026-02-11T19:23:26.162008] BRAGE,238326,1,2372,-67,7,10,UL,
[2026-02-11T19:23:26.241331] [TDMA] TX UPLINK: frame=2373 records=0
[2026-02-11T19:23:26.260586] BRAGE,238426,1,2373,0,0,10,NONE,
[2026-02-11T19:23:26.340107] [TDMA] TX UPLINK: frame=2374 records=0
[2026-02-11T19:23:26.360086] BRAGE,238526,1,2374,0,0,10,NONE,
[2026-02-11T19:23:26.440310] [TDMA] TX UPLINK: frame=2375 records=0
[2026-02-11T19:23:26.460056] BRAGE,238626,1,2375,0,0,10,NONE,
[2026-02-11T19:23:26.539295] [TDMA] TX UPLINK: frame=2376 records=0
[2026-02-11T19:23:26.558474] BRAGE,238726,1,2376,0,0,10,NONE,
[2026-02-11T19:23:26.638079] [TDMA] TX UPLINK: frame=2377 records=0
[2026-02-11T19:23:26.658152] BRAGE,238826,1,2377,0,0,10,NONE,
[2026-02-11T19:23:26.737404] [TDMA] TX UPLINK: frame=2378 records=0
[2026-02-11T19:23:26.757592] BRAGE,238926,1,2378,0,0,10,NONE,
[2026-02-11T19:23:26.837084] [TDMA] TX UPLINK: frame=2379 records=0
[2026-02-11T19:23:26.857072] BRAGE,239026,1,2379,0,0,10,NONE,
[2026-02-11T19:23:26.936231] [TDMA] TX UPLINK: frame=2380 records=0
[2026-02-11T19:23:26.956289] BRAGE,239126,1,2380,0,0,10,NONE,
[2026-02-11T19:23:27.035802] [TDMA] TX UPLINK: frame=2381 records=0
[2026-02-11T19:23:27.055596] BRAGE,239226,1,2381,0,0,10,NONE,
[2026-02-11T19:23:27.074026] RX CAN id=0x720 dlc=8
[2026-02-11T19:23:27.135103] [TDMA] TX UPLINK: frame=2382 records=0
[2026-02-11T19:23:27.154549] BRAGE,239326,1,2382,-67,7,10,UL,
[2026-02-11T19:23:27.234240] [TDMA] TX UPLINK: frame=2383 records=0
[2026-02-11T19:23:27.254537] BRAGE,239426,1,2383,0,0,10,NONE,
[2026-02-11T19:23:27.333874] [TDMA] TX UPLINK: frame=2384 records=0
[2026-02-11T19:23:27.353924] BRAGE,239526,1,2384,0,0,10,NONE,
[2026-02-11T19:23:27.433353] [TDMA] TX UPLINK: frame=2385 records=0
[2026-02-11T19:23:27.453329] BRAGE,239626,1,2385,0,0,10,NONE,
[2026-02-11T19:23:27.532410] [TDMA] TX UPLINK: frame=2386 records=0
[2026-02-11T19:23:27.552446] BRAGE,239726,1,2386,0,0,10,NONE,
[2026-02-11T19:23:27.631411] [TDMA] TX UPLINK: frame=2387 records=0
[2026-02-11T19:23:27.651337] BRAGE,239826,1,2387,0,0,10,NONE,
[2026-02-11T19:23:27.731361] [TDMA] TX UPLINK: frame=2388 records=0
[2026-02-11T19:23:27.751011] BRAGE,239926,1,2388,0,0,10,NONE,
[2026-02-11T19:23:27.829906] [TDMA] TX UPLINK: frame=2389 records=0
[2026-02-11T19:23:27.849870] BRAGE,240026,1,2389,0,0,10,NONE,
[2026-02-11T19:23:27.929545] [TDMA] TX UPLINK: frame=2390 records=0
[2026-02-11T19:23:27.949396] BRAGE,240126,1,2390,0,0,10,NONE,
[2026-02-11T19:23:28.028525] [TDMA] TX UPLINK: frame=2391 records=0
[2026-02-11T19:23:28.048802] BRAGE,240226,1,2391,0,0,10,NONE,
[2026-02-11T19:23:28.066879] RX CAN id=0x720 dlc=8
[2026-02-11T19:23:28.128562] [TDMA] TX UPLINK: frame=2392 records=0
[2026-02-11T19:23:28.148445] BRAGE,240326,1,2392,-66,7,10,UL,
[2026-02-11T19:23:28.227675] [TDMA] TX UPLINK: frame=2393 records=0
[2026-02-11T19:23:28.247426] BRAGE,240426,1,2393,0,0,10,NONE,
[2026-02-11T19:23:28.331147] [TDMA] TX UPLINK: frame=2394 records=0
[2026-02-11T19:23:28.347062] BRAGE,240526,1,2394,0,0,10,NONE,
[2026-02-11T19:23:28.426329] [TDMA] TX UPLINK: frame=2395 records=0
[2026-02-11T19:23:28.446171] BRAGE,240626,1,2395,0,0,10,NONE,
[2026-02-11T19:23:28.525236] [TDMA] TX UPLINK: frame=2396 records=0
[2026-02-11T19:23:28.545281] BRAGE,240726,1,2396,0,0,10,NONE,
[2026-02-11T19:23:28.624739] [TDMA] TX UPLINK: frame=2397 records=0
[2026-02-11T19:23:28.645022] BRAGE,240826,1,2397,0,0,10,NONE,
[2026-02-11T19:23:28.724109] [TDMA] TX UPLINK: frame=2398 records=0
[2026-02-11T19:23:28.744228] BRAGE,240926,1,2398,0,0,10,NONE,
[2026-02-11T19:23:28.823694] [TDMA] TX UPLINK: frame=2399 records=0
[2026-02-11T19:23:28.843555] BRAGE,241026,1,2399,0,0,10,NONE,
[2026-02-11T19:23:28.923257] [TDMA] TX UPLINK: frame=2400 records=0
[2026-02-11T19:23:28.942909] BRAGE,241126,1,2400,0,0,10,NONE,
[2026-02-11T19:23:29.022326] [TDMA] TX UPLINK: frame=2401 records=0
[2026-02-11T19:23:29.041726] BRAGE,241226,1,2401,0,0,10,NONE,
[2026-02-11T19:23:29.059936] RX CAN id=0x720 dlc=8
[2026-02-11T19:23:29.121176] [TDMA] TX UPLINK: frame=2402 records=0
[2026-02-11T19:23:29.140903] BRAGE,241326,1,2402,-64,7,10,UL,
[2026-02-11T19:23:29.220566] [TDMA] TX UPLINK: frame=2403 records=0
[2026-02-11T19:23:29.240212] BRAGE,241426,1,2403,0,0,10,NONE,
[2026-02-11T19:23:29.320241] [TDMA] TX UPLINK: frame=2404 records=0
[2026-02-11T19:23:29.340147] BRAGE,241526,1,2404,0,0,10,NONE,
[2026-02-11T19:23:29.419894] [TDMA] TX UPLINK: frame=2405 records=0
[2026-02-11T19:23:29.439781] BRAGE,241626,1,2405,0,0,10,NONE,
[2026-02-11T19:23:29.518580] [TDMA] TX UPLINK: frame=2406 records=0
[2026-02-11T19:23:29.538850] BRAGE,241726,1,2406,0,0,10,NONE,
[2026-02-11T19:23:29.617953] [TDMA] TX UPLINK: frame=2407 records=0
[2026-02-11T19:23:29.638552] BRAGE,241826,1,2407,0,0,10,NONE,
[2026-02-11T19:23:29.717892] [TDMA] TX UPLINK: frame=2408 records=0
[2026-02-11T19:23:29.737743] BRAGE,241926,1,2408,0,0,10,NONE,
[2026-02-11T19:23:29.816584] [TDMA] TX UPLINK: frame=2409 records=0
[2026-02-11T19:23:29.836431] BRAGE,242026,1,2409,0,0,10,NONE,
[2026-02-11T19:23:29.916875] [TDMA] TX UPLINK: frame=2410 records=0
[2026-02-11T19:23:29.936247] BRAGE,242126,1,2410,0,0,10,NONE,
[2026-02-11T19:23:30.015935] [TDMA] TX UPLINK: frame=2411 records=0
[2026-02-11T19:23:30.035815] BRAGE,242226,1,2411,0,0,10,NONE,
[2026-02-11T19:23:30.054197] RX CAN id=0x720 dlc=8
[2026-02-11T19:23:30.116005] [TDMA] TX UPLINK: frame=2412 records=0
[2026-02-11T19:23:30.134309] BRAGE,242326,1,2412,-67,7,10,UL,
[2026-02-11T19:23:30.214235] [TDMA] TX UPLINK: frame=2413 records=0
[2026-02-11T19:23:30.234184] BRAGE,242426,1,2413,0,0,10,NONE,
[2026-02-11T19:23:30.313405] [TDMA] TX UPLINK: frame=2414 records=0
[2026-02-11T19:23:30.334689] BRAGE,242526,1,2414,0,0,10,NONE,
[2026-02-11T19:23:30.412870] [TDMA] TX UPLINK: frame=2415 records=0
[2026-02-11T19:23:30.433003] BRAGE,242626,1,2415,0,0,10,NONE,
[2026-02-11T19:23:30.512551] [TDMA] TX UPLINK: frame=2416 records=0
[2026-02-11T19:23:30.532267] BRAGE,242726,1,2416,0,0,10,NONE,
[2026-02-11T19:23:30.611140] [TDMA] TX UPLINK: frame=2417 records=0
[2026-02-11T19:23:30.631013] BRAGE,242826,1,2417,0,0,10,NONE,
[2026-02-11T19:23:30.711319] [TDMA] TX UPLINK: frame=2418 records=0
[2026-02-11T19:23:30.731297] BRAGE,242926,1,2418,0,0,10,NONE,
[2026-02-11T19:23:30.810168] [TDMA] TX UPLINK: frame=2419 records=0
[2026-02-11T19:23:30.829774] BRAGE,243026,1,2419,0,0,10,NONE,
[2026-02-11T19:23:30.909142] [TDMA] TX UPLINK: frame=2420 records=0
[2026-02-11T19:23:30.929710] BRAGE,243126,1,2420,0,0,10,NONE,
[2026-02-11T19:23:31.009569] [TDMA] TX UPLINK: frame=2421 records=0
[2026-02-11T19:23:31.028685] BRAGE,243226,1,2421,0,0,10,NONE,
[2026-02-11T19:23:31.046570] RX CAN id=0x720 dlc=8
[2026-02-11T19:23:31.108276] [TDMA] TX UPLINK: frame=2422 records=0
[2026-02-11T19:23:31.127692] BRAGE,243326,1,2422,-67,6,10,UL,
[2026-02-11T19:23:31.207581] [TDMA] TX UPLINK: frame=2423 records=0
[2026-02-11T19:23:31.227329] BRAGE,243426,1,2423,0,0,10,NONE,
[2026-02-11T19:23:31.307418] [TDMA] TX UPLINK: frame=2424 records=0
[2026-02-11T19:23:31.326732] BRAGE,243526,1,2424,0,0,10,NONE,
[2026-02-11T19:23:31.405831] [TDMA] TX UPLINK: frame=2425 records=0
[2026-02-11T19:23:31.426065] BRAGE,243626,1,2425,0,0,10,NONE,
[2026-02-11T19:23:31.505865] [TDMA] TX UPLINK: frame=2426 records=0
[2026-02-11T19:23:31.525280] BRAGE,243726,1,2426,0,0,10,NONE,
[2026-02-11T19:23:31.604814] [TDMA] TX UPLINK: frame=2427 records=0
[2026-02-11T19:23:31.624769] BRAGE,243826,1,2427,0,0,10,NONE,
[2026-02-11T19:23:31.704918] [TDMA] TX UPLINK: frame=2428 records=0
[2026-02-11T19:23:31.724379] BRAGE,243926,1,2428,0,0,10,NONE,
[2026-02-11T19:23:31.803942] [TDMA] TX UPLINK: frame=2429 records=0
[2026-02-11T19:23:31.824062] BRAGE,244026,1,2429,0,0,10,NONE,
[2026-02-11T19:23:31.902891] [TDMA] TX UPLINK: frame=2430 records=0
[2026-02-11T19:23:31.922476] BRAGE,244126,1,2430,0,0,10,NONE,
[2026-02-11T19:23:31.941171] RX CAN id=0x720 dlc=8
[2026-02-11T19:23:32.002383] [TDMA] TX UPLINK: frame=2431 records=0
[2026-02-11T19:23:32.022369] BRAGE,244226,1,2431,-67,6,11,UL,
[2026-02-11T19:23:32.102357] [TDMA] TX UPLINK: frame=2432 records=0
[2026-02-11T19:23:32.121082] BRAGE,244326,1,2432,0,0,10,NONE,
[2026-02-11T19:23:32.200786] [TDMA] TX UPLINK: frame=2433 records=0
[2026-02-11T19:23:32.220420] BRAGE,244426,1,2433,0,0,10,NONE,
[2026-02-11T19:23:32.300408] [TDMA] TX UPLINK: frame=2434 records=0
[2026-02-11T19:23:32.320104] BRAGE,244526,1,2434,0,0,10,NONE,
[2026-02-11T19:23:32.399611] [TDMA] TX UPLINK: frame=2435 records=0
[2026-02-11T19:23:32.419039] BRAGE,244626,1,2435,0,0,10,NONE,
[2026-02-11T19:23:32.498938] [TDMA] TX UPLINK: frame=2436 records=0
[2026-02-11T19:23:32.518935] BRAGE,244726,1,2436,0,0,10,NONE,
[2026-02-11T19:23:32.598382] [TDMA] TX UPLINK: frame=2437 records=0
[2026-02-11T19:23:32.617625] BRAGE,244826,1,2437,0,0,10,NONE,
[2026-02-11T19:23:32.697126] [TDMA] TX UPLINK: frame=2438 records=0
[2026-02-11T19:23:32.717693] BRAGE,244926,1,2438,0,0,10,NONE,
[2026-02-11T19:23:32.796879] [TDMA] TX UPLINK: frame=2439 records=0
[2026-02-11T19:23:32.816753] BRAGE,245026,1,2439,0,0,10,NONE,
[2026-02-11T19:23:32.896112] [TDMA] TX UPLINK: frame=2440 records=0
[2026-02-11T19:23:32.916073] BRAGE,245126,1,2440,0,0,10,NONE,
[2026-02-11T19:23:32.935361] RX CAN id=0x720 dlc=8
[2026-02-11T19:23:32.995102] [TDMA] TX UPLINK: frame=2441 records=0
[2026-02-11T19:23:33.015427] BRAGE,245226,1,2441,-67,6,11,UL,
[2026-02-11T19:23:33.094829] [TDMA] TX UPLINK: frame=2442 records=0
[2026-02-11T19:23:33.114633] BRAGE,245326,1,2442,0,0,10,NONE,
[2026-02-11T19:23:33.193695] [TDMA] TX UPLINK: frame=2443 records=0
[2026-02-11T19:23:33.214061] BRAGE,245426,1,2443,0,0,10,NONE,
[2026-02-11T19:23:33.293255] [TDMA] TX UPLINK: frame=2444 records=0
[2026-02-11T19:23:33.313305] BRAGE,245526,1,2444,0,0,10,NONE,
[2026-02-11T19:23:33.392779] [TDMA] TX UPLINK: frame=2445 records=0
[2026-02-11T19:23:33.412281] BRAGE,245626,1,2445,0,0,10,NONE,
[2026-02-11T19:23:33.492114] [TDMA] TX UPLINK: frame=2446 records=0
[2026-02-11T19:23:33.511987] BRAGE,245726,1,2446,0,0,10,NONE,
[2026-02-11T19:23:33.591516] [TDMA] TX UPLINK: frame=2447 records=0
[2026-02-11T19:23:33.610921] BRAGE,245826,1,2447,0,0,10,NONE,
[2026-02-11T19:23:33.690748] [TDMA] TX UPLINK: frame=2448 records=0
[2026-02-11T19:23:33.710251] BRAGE,245926,1,2448,0,0,10,NONE,
[2026-02-11T19:23:33.790110] [TDMA] TX UPLINK: frame=2449 records=0
[2026-02-11T19:23:33.810037] BRAGE,246026,1,2449,0,0,10,NONE,
[2026-02-11T19:23:33.889141] [TDMA] TX UPLINK: frame=2450 records=0
[2026-02-11T19:23:33.909235] BRAGE,246126,1,2450,0,0,10,NONE,
[2026-02-11T19:23:33.927690] RX CAN id=0x720 dlc=8
[2026-02-11T19:23:33.988347] [TDMA] TX UPLINK: frame=2451 records=0
[2026-02-11T19:23:34.008192] BRAGE,246226,1,2451,-67,6,11,UL,
[2026-02-11T19:23:34.088115] [TDMA] TX UPLINK: frame=2452 records=0
[2026-02-11T19:23:34.107961] BRAGE,246326,1,2452,0,0,10,NONE,
[2026-02-11T19:23:34.187539] [TDMA] TX UPLINK: frame=2453 records=0
[2026-02-11T19:23:34.206930] BRAGE,246426,1,2453,0,0,10,NONE,
[2026-02-11T19:23:34.286687] [TDMA] TX UPLINK: frame=2454 records=0
[2026-02-11T19:23:34.306753] BRAGE,246526,1,2454,0,0,10,NONE,
[2026-02-11T19:23:34.385694] [TDMA] TX UPLINK: frame=2455 records=0
[2026-02-11T19:23:34.405714] BRAGE,246626,1,2455,0,0,10,NONE,
[2026-02-11T19:23:34.486046] [TDMA] TX UPLINK: frame=2456 records=0
[2026-02-11T19:23:34.504947] BRAGE,246726,1,2456,0,0,10,NONE,
[2026-02-11T19:23:34.584602] [TDMA] TX UPLINK: frame=2457 records=0
[2026-02-11T19:23:34.604570] BRAGE,246826,1,2457,0,0,10,NONE,
[2026-02-11T19:23:34.684325] [TDMA] TX UPLINK: frame=2458 records=0
[2026-02-11T19:23:34.704041] BRAGE,246926,1,2458,0,0,10,NONE,
[2026-02-11T19:23:34.783539] [TDMA] TX UPLINK: frame=2459 records=0
[2026-02-11T19:23:34.803526] BRAGE,247026,1,2459,0,0,10,NONE,
[2026-02-11T19:23:34.882793] [TDMA] TX UPLINK: frame=2460 records=0
[2026-02-11T19:23:34.902471] BRAGE,247126,1,2460,0,0,10,NONE,
[2026-02-11T19:23:34.921030] RX CAN id=0x720 dlc=8
[2026-02-11T19:23:34.981624] [TDMA] TX UPLINK: frame=2461 records=0
[2026-02-11T19:23:35.001838] BRAGE,247226,1,2461,-70,6,11,UL,
[2026-02-11T19:23:35.080971] [TDMA] TX UPLINK: frame=2462 records=0
[2026-02-11T19:23:35.100878] BRAGE,247326,1,2462,0,0,10,NONE,
[2026-02-11T19:23:35.180741] [TDMA] TX UPLINK: frame=2463 records=0
[2026-02-11T19:23:35.200209] BRAGE,247426,1,2463,0,0,10,NONE,
[2026-02-11T19:23:35.279978] [TDMA] TX UPLINK: frame=2464 records=0
[2026-02-11T19:23:35.299970] BRAGE,247526,1,2464,0,0,10,NONE,
[2026-02-11T19:23:35.379586] [TDMA] TX UPLINK: frame=2465 records=0
[2026-02-11T19:23:35.398932] BRAGE,247626,1,2465,0,0,10,NONE,
[2026-02-11T19:23:35.478632] [TDMA] TX UPLINK: frame=2466 records=0
[2026-02-11T19:23:35.498484] BRAGE,247726,1,2466,0,0,10,NONE,
[2026-02-11T19:23:35.578091] [TDMA] TX UPLINK: frame=2467 records=0
[2026-02-11T19:23:35.597377] BRAGE,247826,1,2467,0,0,10,NONE,
[2026-02-11T19:23:35.676816] [TDMA] TX UPLINK: frame=2468 records=0
[2026-02-11T19:23:35.696915] BRAGE,247926,1,2468,0,0,10,NONE,
[2026-02-11T19:23:35.776585] [TDMA] TX UPLINK: frame=2469 records=0
[2026-02-11T19:23:35.796848] BRAGE,248026,1,2469,0,0,10,NONE,
[2026-02-11T19:23:35.876023] [TDMA] TX UPLINK: frame=2470 records=0
[2026-02-11T19:23:35.895720] BRAGE,248126,1,2470,0,0,10,NONE,
[2026-02-11T19:23:35.914053] RX CAN id=0x720 dlc=8
[2026-02-11T19:23:35.975287] [TDMA] TX UPLINK: frame=2471 records=0
[2026-02-11T19:23:35.995478] BRAGE,248226,1,2471,-67,6,11,UL,
[2026-02-11T19:23:36.074959] [TDMA] TX UPLINK: frame=2472 records=0
[2026-02-11T19:23:36.094874] BRAGE,248326,1,2472,0,0,10,NONE,
[2026-02-11T19:23:36.173431] [TDMA] TX UPLINK: frame=2473 records=0
[2026-02-11T19:23:36.193834] BRAGE,248426,1,2473,0,0,10,NONE,
[2026-02-11T19:23:36.273687] [TDMA] TX UPLINK: frame=2474 records=0
[2026-02-11T19:23:36.293622] BRAGE,248526,1,2474,0,0,10,NONE,
[2026-02-11T19:23:36.372923] [TDMA] TX UPLINK: frame=2475 records=0
[2026-02-11T19:23:36.392629] BRAGE,248626,1,2475,0,0,10,NONE,
[2026-02-11T19:23:36.471808] [TDMA] TX UPLINK: frame=2476 records=0
[2026-02-11T19:23:36.493539] BRAGE,248726,1,2476,0,0,10,NONE,
[2026-02-11T19:23:36.571026] [TDMA] TX UPLINK: frame=2477 records=0
[2026-02-11T19:23:36.591860] BRAGE,248826,1,2477,0,0,10,NONE,
[2026-02-11T19:23:36.670938] [TDMA] TX UPLINK: frame=2478 records=0
[2026-02-11T19:23:36.692170] BRAGE,248926,1,2478,0,0,10,NONE,
[2026-02-11T19:23:36.769712] [TDMA] TX UPLINK: frame=2479 records=0
[2026-02-11T19:23:36.789598] BRAGE,249026,1,2479,0,0,10,NONE,
[2026-02-11T19:23:36.869947] [TDMA] TX UPLINK: frame=2480 records=0
[2026-02-11T19:23:36.889022] BRAGE,249126,1,2480,0,0,10,NONE,
[2026-02-11T19:23:36.907911] RX CAN id=0x720 dlc=8
[2026-02-11T19:23:36.968582] [TDMA] TX UPLINK: frame=2481 records=0
[2026-02-11T19:23:36.988200] BRAGE,249226,1,2481,-67,6,11,UL,
[2026-02-11T19:23:37.068053] [TDMA] TX UPLINK: frame=2482 records=0
[2026-02-11T19:23:37.087986] BRAGE,249326,1,2482,0,0,10,NONE,
[2026-02-11T19:23:37.167041] [TDMA] TX UPLINK: frame=2483 records=0
[2026-02-11T19:23:37.186737] BRAGE,249426,1,2483,0,0,10,NONE,
[2026-02-11T19:23:37.266594] [TDMA] TX UPLINK: frame=2484 records=0
[2026-02-11T19:23:37.286685] BRAGE,249526,1,2484,0,0,10,NONE,
[2026-02-11T19:23:37.365438] [TDMA] TX UPLINK: frame=2485 records=0
[2026-02-11T19:23:37.385716] BRAGE,249626,1,2485,0,0,10,NONE,
[2026-02-11T19:23:37.464730] [TDMA] TX UPLINK: frame=2486 records=0
[2026-02-11T19:23:37.485023] BRAGE,249726,1,2486,0,0,10,NONE,
[2026-02-11T19:23:37.564304] [TDMA] TX UPLINK: frame=2487 records=0
[2026-02-11T19:23:37.584336] BRAGE,249826,1,2487,0,0,10,NONE,
[2026-02-11T19:23:37.663798] [TDMA] TX UPLINK: frame=2488 records=0
[2026-02-11T19:23:37.683279] BRAGE,249926,1,2488,0,0,10,NONE,
[2026-02-11T19:23:37.763061] [TDMA] TX UPLINK: frame=2489 records=0
[2026-02-11T19:23:37.783647] BRAGE,250026,1,2489,0,0,10,NONE,
[2026-02-11T19:23:37.862357] [TDMA] TX UPLINK: frame=2490 records=0
[2026-02-11T19:23:37.882273] BRAGE,250126,1,2490,0,0,10,NONE,
[2026-02-11T19:23:37.900700] RX CAN id=0x720 dlc=8
[2026-02-11T19:23:37.961986] [TDMA] TX UPLINK: frame=2491 records=0
[2026-02-11T19:23:37.981595] BRAGE,250226,1,2491,-67,7,11,UL,
[2026-02-11T19:23:38.061076] [TDMA] TX UPLINK: frame=2492 records=0
[2026-02-11T19:23:38.081256] BRAGE,250326,1,2492,0,0,10,NONE,
[2026-02-11T19:23:38.160438] [TDMA] TX UPLINK: frame=2493 records=0
[2026-02-11T19:23:38.180241] BRAGE,250426,1,2493,0,0,10,NONE,
[2026-02-11T19:23:38.259786] [TDMA] TX UPLINK: frame=2494 records=0
[2026-02-11T19:23:38.282309] BRAGE,250526,1,2494,0,0,10,NONE,
[2026-02-11T19:23:38.359325] [TDMA] TX UPLINK: frame=2495 records=0
[2026-02-11T19:23:38.378529] BRAGE,250626,1,2495,0,0,10,NONE,
[2026-02-11T19:23:38.458200] [TDMA] TX UPLINK: frame=2496 records=0
[2026-02-11T19:23:38.478009] BRAGE,250726,1,2496,0,0,10,NONE,
[2026-02-11T19:23:38.557248] [TDMA] TX UPLINK: frame=2497 records=0
[2026-02-11T19:23:38.577906] BRAGE,250826,1,2497,0,0,10,NONE,
[2026-02-11T19:23:38.657252] [TDMA] TX UPLINK: frame=2498 records=0
[2026-02-11T19:23:38.677099] BRAGE,250926,1,2498,0,0,10,NONE,
[2026-02-11T19:23:38.756137] [TDMA] TX UPLINK: frame=2499 records=0
[2026-02-11T19:23:38.776061] BRAGE,251026,1,2499,0,0,10,NONE,
[2026-02-11T19:23:38.856037] [TDMA] TX UPLINK: frame=2500 records=0
[2026-02-11T19:23:38.875947] BRAGE,251126,1,2500,0,0,10,NONE,
[2026-02-11T19:23:38.894058] RX CAN id=0x720 dlc=8
[2026-02-11T19:23:38.955172] [TDMA] TX UPLINK: frame=2501 records=0
[2026-02-11T19:23:38.974867] BRAGE,251226,1,2501,-67,6,11,UL,
[2026-02-11T19:23:39.054123] [TDMA] TX UPLINK: frame=2502 records=0
[2026-02-11T19:23:39.074320] BRAGE,251326,1,2502,0,0,10,NONE,
[2026-02-11T19:23:39.153206] [TDMA] TX UPLINK: frame=2503 records=0
[2026-02-11T19:23:39.173536] BRAGE,251426,1,2503,0,0,10,NONE,
[2026-02-11T19:23:39.252974] [TDMA] TX UPLINK: frame=2504 records=0
[2026-02-11T19:23:39.272813] BRAGE,251526,1,2504,0,0,10,NONE,
[2026-02-11T19:23:39.352257] [TDMA] TX UPLINK: frame=2505 records=0
[2026-02-11T19:23:39.372190] BRAGE,251626,1,2505,0,0,10,NONE,
[2026-02-11T19:23:39.451674] [TDMA] TX UPLINK: frame=2506 records=0
[2026-02-11T19:23:39.471454] BRAGE,251726,1,2506,0,0,10,NONE,
[2026-02-11T19:23:39.551135] [TDMA] TX UPLINK: frame=2507 records=0
[2026-02-11T19:23:39.571136] BRAGE,251826,1,2507,0,0,10,NONE,
[2026-02-11T19:23:39.650417] [TDMA] TX UPLINK: frame=2508 records=0
[2026-02-11T19:23:39.670175] BRAGE,251926,1,2508,0,0,10,NONE,
[2026-02-11T19:23:39.749793] [TDMA] TX UPLINK: frame=2509 records=0
[2026-02-11T19:23:39.769291] BRAGE,252026,1,2509,0,0,10,NONE,
[2026-02-11T19:23:39.848465] [TDMA] TX UPLINK: frame=2510 records=0
[2026-02-11T19:23:39.868867] BRAGE,252126,1,2510,0,0,10,NONE,
[2026-02-11T19:23:39.887404] RX CAN id=0x720 dlc=8
[2026-02-11T19:23:39.949243] [TDMA] TX UPLINK: frame=2511 records=0
[2026-02-11T19:23:39.968162] BRAGE,252226,1,2511,-64,7,11,UL,
[2026-02-11T19:23:40.047491] [TDMA] TX UPLINK: frame=2512 records=0
[2026-02-11T19:23:40.068622] BRAGE,252326,1,2512,0,0,10,NONE,
[2026-02-11T19:23:40.146911] [TDMA] TX UPLINK: frame=2513 records=0
[2026-02-11T19:23:40.166886] BRAGE,252426,1,2513,0,0,10,NONE,
[2026-02-11T19:23:40.246201] [TDMA] TX UPLINK: frame=2514 records=0
[2026-02-11T19:23:40.265789] BRAGE,252526,1,2514,0,0,10,NONE,
[2026-02-11T19:23:40.345478] [TDMA] TX UPLINK: frame=2515 records=0
[2026-02-11T19:23:40.365019] BRAGE,252626,1,2515,0,0,10,NONE,
[2026-02-11T19:23:40.445027] [TDMA] TX UPLINK: frame=2516 records=0
[2026-02-11T19:23:40.464727] BRAGE,252726,1,2516,0,0,10,NONE,
[2026-02-11T19:23:40.544203] [TDMA] TX UPLINK: frame=2517 records=0
[2026-02-11T19:23:40.564183] BRAGE,252826,1,2517,0,0,10,NONE,
[2026-02-11T19:23:40.643109] [TDMA] TX UPLINK: frame=2518 records=0
[2026-02-11T19:23:40.663366] BRAGE,252926,1,2518,0,0,10,NONE,
[2026-02-11T19:23:40.742947] [TDMA] TX UPLINK: frame=2519 records=0
[2026-02-11T19:23:40.762903] BRAGE,253026,1,2519,0,0,10,NONE,
[2026-02-11T19:23:40.842153] [TDMA] TX UPLINK: frame=2520 records=0
[2026-02-11T19:23:40.861851] BRAGE,253126,1,2520,0,0,10,NONE,
[2026-02-11T19:23:40.880031] RX CAN id=0x720 dlc=8
[2026-02-11T19:23:40.941081] [TDMA] TX UPLINK: frame=2521 records=0
[2026-02-11T19:23:40.962106] BRAGE,253226,1,2521,-67,6,11,UL,
[2026-02-11T19:23:41.040925] [TDMA] TX UPLINK: frame=2522 records=0
[2026-02-11T19:23:41.060302] BRAGE,253326,1,2522,0,0,10,NONE,
[2026-02-11T19:23:41.140129] [TDMA] TX UPLINK: frame=2523 records=0
[2026-02-11T19:23:41.160021] BRAGE,253426,1,2523,0,0,10,NONE,
[2026-02-11T19:23:41.239214] [TDMA] TX UPLINK: frame=2524 records=0
[2026-02-11T19:23:41.259326] BRAGE,253526,1,2524,0,0,10,NONE,
[2026-02-11T19:23:41.338388] [TDMA] TX UPLINK: frame=2525 records=0
[2026-02-11T19:23:41.358258] BRAGE,253626,1,2525,0,0,10,NONE,
[2026-02-11T19:23:41.438122] [TDMA] TX UPLINK: frame=2526 records=0
[2026-02-11T19:23:41.457990] BRAGE,253726,1,2526,0,0,10,NONE,
[2026-02-11T19:23:41.537854] [TDMA] TX UPLINK: frame=2527 records=0
[2026-02-11T19:23:41.557096] BRAGE,253826,1,2527,0,0,10,NONE,
[2026-02-11T19:23:41.636734] [TDMA] TX UPLINK: frame=2528 records=0
[2026-02-11T19:23:41.656168] BRAGE,253926,1,2528,0,0,10,NONE,
[2026-02-11T19:23:41.736073] [TDMA] TX UPLINK: frame=2529 records=0
[2026-02-11T19:23:41.755970] BRAGE,254026,1,2529,0,0,10,NONE,
[2026-02-11T19:23:41.835360] [TDMA] TX UPLINK: frame=2530 records=0
[2026-02-11T19:23:41.855247] BRAGE,254126,1,2530,0,0,10,NONE,
[2026-02-11T19:23:41.874023] RX CAN id=0x720 dlc=8
[2026-02-11T19:23:41.934305] [TDMA] TX UPLINK: frame=2531 records=0
[2026-02-11T19:23:41.954474] BRAGE,254226,1,2531,-67,6,10,UL,
[2026-02-11T19:23:42.034084] [TDMA] TX UPLINK: frame=2532 records=0
[2026-02-11T19:23:42.054090] BRAGE,254326,1,2532,0,0,10,NONE,
[2026-02-11T19:23:42.133334] [TDMA] TX UPLINK: frame=2533 records=0
[2026-02-11T19:23:42.153034] BRAGE,254426,1,2533,0,0,10,NONE,
[2026-02-11T19:23:42.232259] [TDMA] TX UPLINK: frame=2534 records=0
[2026-02-11T19:23:42.252182] BRAGE,254526,1,2534,0,0,10,NONE,
[2026-02-11T19:23:42.332036] [TDMA] TX UPLINK: frame=2535 records=0
[2026-02-11T19:23:42.352181] BRAGE,254626,1,2535,0,0,10,NONE,
[2026-02-11T19:23:42.431543] [TDMA] TX UPLINK: frame=2536 records=0
[2026-02-11T19:23:42.451436] BRAGE,254726,1,2536,0,0,10,NONE,
[2026-02-11T19:23:42.530456] [TDMA] TX UPLINK: frame=2537 records=0
[2026-02-11T19:23:42.550406] BRAGE,254826,1,2537,0,0,10,NONE,
[2026-02-11T19:23:42.629906] [TDMA] TX UPLINK: frame=2538 records=0
[2026-02-11T19:23:42.649376] BRAGE,254926,1,2538,0,0,10,NONE,
[2026-02-11T19:23:42.729506] [TDMA] TX UPLINK: frame=2539 records=0
[2026-02-11T19:23:42.749398] BRAGE,255026,1,2539,0,0,10,NONE,
[2026-02-11T19:23:42.828670] [TDMA] TX UPLINK: frame=2540 records=0
[2026-02-11T19:23:42.848998] BRAGE,255126,1,2540,0,0,10,NONE,
[2026-02-11T19:23:42.866437] RX CAN id=0x720 dlc=8
[2026-02-11T19:23:42.927478] [TDMA] TX UPLINK: frame=2541 records=0
[2026-02-11T19:23:42.947464] BRAGE,255226,1,2541,-67,6,10,UL,
[2026-02-11T19:23:43.026974] [TDMA] TX UPLINK: frame=2542 records=0
[2026-02-11T19:23:43.047047] BRAGE,255326,1,2542,0,0,10,NONE,
[2026-02-11T19:23:43.127687] [TDMA] TX UPLINK: frame=2543 records=0
[2026-02-11T19:23:43.146570] BRAGE,255426,1,2543,0,0,10,NONE,
[2026-02-11T19:23:43.225999] [TDMA] TX UPLINK: frame=2544 records=0
[2026-02-11T19:23:43.246037] BRAGE,255526,1,2544,0,0,10,NONE,
[2026-02-11T19:23:43.325177] [TDMA] TX UPLINK: frame=2545 records=0
[2026-02-11T19:23:43.345524] BRAGE,255626,1,2545,0,0,10,NONE,
[2026-02-11T19:23:43.424573] [TDMA] TX UPLINK: frame=2546 records=0
[2026-02-11T19:23:43.444116] BRAGE,255726,1,2546,0,0,10,NONE,
[2026-02-11T19:23:43.523578] [TDMA] TX UPLINK: frame=2547 records=0
[2026-02-11T19:23:43.543802] BRAGE,255826,1,2547,0,0,10,NONE,
[2026-02-11T19:23:43.622995] [TDMA] TX UPLINK: frame=2548 records=0
[2026-02-11T19:23:43.642805] BRAGE,255926,1,2548,0,0,10,NONE,
[2026-02-11T19:23:43.722867] [TDMA] TX UPLINK: frame=2549 records=0
[2026-02-11T19:23:43.742722] BRAGE,256026,1,2549,0,0,10,NONE,
[2026-02-11T19:23:43.821530] [TDMA] TX UPLINK: frame=2550 records=0
[2026-02-11T19:23:43.842118] BRAGE,256126,1,2550,0,0,10,NONE,
[2026-02-11T19:23:43.860194] RX CAN id=0x720 dlc=8
[2026-02-11T19:23:43.920795] [TDMA] TX UPLINK: frame=2551 records=0
[2026-02-11T19:23:43.941486] BRAGE,256226,1,2551,-67,6,10,UL,
[2026-02-11T19:23:44.021077] [TDMA] TX UPLINK: frame=2552 records=0
[2026-02-11T19:23:44.040715] BRAGE,256326,1,2552,0,0,10,NONE,
[2026-02-11T19:23:44.119787] [TDMA] TX UPLINK: frame=2553 records=0
[2026-02-11T19:23:44.140421] BRAGE,256426,1,2553,0,0,10,NONE,
[2026-02-11T19:23:44.219092] [TDMA] TX UPLINK: frame=2554 records=0
[2026-02-11T19:23:44.238578] BRAGE,256526,1,2554,0,0,10,NONE,
[2026-02-11T19:23:44.319109] [TDMA] TX UPLINK: frame=2555 records=0
[2026-02-11T19:23:44.338496] BRAGE,256626,1,2555,0,0,10,NONE,
[2026-02-11T19:23:44.417389] [TDMA] TX UPLINK: frame=2556 records=0
[2026-02-11T19:23:44.438108] BRAGE,256726,1,2556,0,0,10,NONE,
[2026-02-11T19:23:44.517416] [TDMA] TX UPLINK: frame=2557 records=0
[2026-02-11T19:23:44.536692] BRAGE,256826,1,2557,0,0,10,NONE,
[2026-02-11T19:23:44.616014] [TDMA] TX UPLINK: frame=2558 records=0
[2026-02-11T19:23:44.636588] BRAGE,256926,1,2558,0,0,10,NONE,
[2026-02-11T19:23:44.716309] [TDMA] TX UPLINK: frame=2559 records=0
[2026-02-11T19:23:44.736133] BRAGE,257026,1,2559,0,0,10,NONE,
[2026-02-11T19:23:44.814794] [TDMA] TX UPLINK: frame=2560 records=0
[2026-02-11T19:23:44.835177] BRAGE,257126,1,2560,0,0,10,NONE,
[2026-02-11T19:23:44.853893] RX CAN id=0x720 dlc=8
[2026-02-11T19:23:44.914566] [TDMA] TX UPLINK: frame=2561 records=0
[2026-02-11T19:23:44.934329] BRAGE,257226,1,2561,-67,6,10,UL,
[2026-02-11T19:23:45.013871] [TDMA] TX UPLINK: frame=2562 records=0
[2026-02-11T19:23:45.033726] BRAGE,257326,1,2562,0,0,10,NONE,
[2026-02-11T19:23:45.113306] [TDMA] TX UPLINK: frame=2563 records=0
[2026-02-11T19:23:45.132666] BRAGE,257426,1,2563,0,0,10,NONE,
[2026-02-11T19:23:45.212773] [TDMA] TX UPLINK: frame=2564 records=0
[2026-02-11T19:23:45.232041] BRAGE,257526,1,2564,0,0,10,NONE,
[2026-02-11T19:23:45.311850] [TDMA] TX UPLINK: frame=2565 records=0
[2026-02-11T19:23:45.331736] BRAGE,257626,1,2565,0,0,10,NONE,
[2026-02-11T19:23:45.411345] [TDMA] TX UPLINK: frame=2566 records=0
[2026-02-11T19:23:45.431075] BRAGE,257726,1,2566,0,0,10,NONE,
[2026-02-11T19:23:45.510455] [TDMA] TX UPLINK: frame=2567 records=0
[2026-02-11T19:23:45.530036] BRAGE,257826,1,2567,0,0,10,NONE,
[2026-02-11T19:23:45.609607] [TDMA] TX UPLINK: frame=2568 records=0
[2026-02-11T19:23:45.629291] BRAGE,257926,1,2568,0,0,10,NONE,
[2026-02-11T19:23:45.709037] [TDMA] TX UPLINK: frame=2569 records=0
[2026-02-11T19:23:45.729366] BRAGE,258026,1,2569,0,0,10,NONE,
[2026-02-11T19:23:45.808975] [TDMA] TX UPLINK: frame=2570 records=0
[2026-02-11T19:23:45.828282] BRAGE,258126,1,2570,0,0,10,NONE,
[2026-02-11T19:23:45.846910] RX CAN id=0x720 dlc=8
[2026-02-11T19:23:45.908160] [TDMA] TX UPLINK: frame=2571 records=0
[2026-02-11T19:23:45.932481] BRAGE,258226,1,2571,-67,6,10,UL,
[2026-02-11T19:23:46.007264] [TDMA] TX UPLINK: frame=2572 records=0
[2026-02-11T19:23:46.027387] BRAGE,258326,1,2572,0,0,10,NONE,
[2026-02-11T19:23:46.107206] [TDMA] TX UPLINK: frame=2573 records=0
[2026-02-11T19:23:46.125964] BRAGE,258426,1,2573,0,0,10,NONE,
[2026-02-11T19:23:46.205765] [TDMA] TX UPLINK: frame=2574 records=0
[2026-02-11T19:23:46.225262] BRAGE,258526,1,2574,0,0,10,NONE,
[2026-02-11T19:23:46.305188] [TDMA] TX UPLINK: frame=2575 records=0
[2026-02-11T19:23:46.326482] BRAGE,258626,1,2575,0,0,10,NONE,
[2026-02-11T19:23:46.403898] [TDMA] TX UPLINK: frame=2576 records=0
[2026-02-11T19:23:46.424502] BRAGE,258726,1,2576,0,0,10,NONE,
[2026-02-11T19:23:46.503792] [TDMA] TX UPLINK: frame=2577 records=0
[2026-02-11T19:23:46.523141] BRAGE,258826,1,2577,0,0,10,NONE,
[2026-02-11T19:23:46.603214] [TDMA] TX UPLINK: frame=2578 records=0
[2026-02-11T19:23:46.623188] BRAGE,258926,1,2578,0,0,10,NONE,
[2026-02-11T19:23:46.702192] [TDMA] TX UPLINK: frame=2579 records=0
[2026-02-11T19:23:46.721933] BRAGE,259026,1,2579,0,0,10,NONE,
[2026-02-11T19:23:46.801758] [TDMA] TX UPLINK: frame=2580 records=0
[2026-02-11T19:23:46.821310] BRAGE,259126,1,2580,0,0,10,NONE,
[2026-02-11T19:23:46.839932] RX CAN id=0x720 dlc=8
[2026-02-11T19:23:46.901019] [TDMA] TX UPLINK: frame=2581 records=0
[2026-02-11T19:23:46.920915] BRAGE,259226,1,2581,-72,5,10,UL,
[2026-02-11T19:23:47.000614] [TDMA] TX UPLINK: frame=2582 records=0
[2026-02-11T19:23:47.020416] BRAGE,259326,1,2582,0,0,10,NONE,
[2026-02-11T19:23:47.099713] [TDMA] TX UPLINK: frame=2583 records=0
[2026-02-11T19:23:47.119453] BRAGE,259426,1,2583,0,0,10,NONE,
[2026-02-11T19:23:47.199489] [TDMA] TX UPLINK: frame=2584 records=0
[2026-02-11T19:23:47.218959] BRAGE,259526,1,2584,0,0,10,NONE,
[2026-02-11T19:23:47.298443] [TDMA] TX UPLINK: frame=2585 records=0
[2026-02-11T19:23:47.318471] BRAGE,259626,1,2585,0,0,10,NONE,
[2026-02-11T19:23:47.397574] [TDMA] TX UPLINK: frame=2586 records=0
[2026-02-11T19:23:47.417075] BRAGE,259726,1,2586,0,0,10,NONE,
[2026-02-11T19:23:47.496559] [TDMA] TX UPLINK: frame=2587 records=0
[2026-02-11T19:23:47.517261] BRAGE,259826,1,2587,0,0,10,NONE,
[2026-02-11T19:23:47.596524] [TDMA] TX UPLINK: frame=2588 records=0
[2026-02-11T19:23:47.616482] BRAGE,259926,1,2588,0,0,10,NONE,
[2026-02-11T19:23:47.695880] [TDMA] TX UPLINK: frame=2589 records=0
[2026-02-11T19:23:47.717587] BRAGE,260026,1,2589,0,0,10,NONE,
[2026-02-11T19:23:47.795329] [TDMA] TX UPLINK: frame=2590 records=0
[2026-02-11T19:23:47.815225] BRAGE,260126,1,2590,0,0,10,NONE,
[2026-02-11T19:23:47.833088] RX CAN id=0x720 dlc=8
[2026-02-11T19:23:47.894526] [TDMA] TX UPLINK: frame=2591 records=0
[2026-02-11T19:23:47.915988] BRAGE,260226,1,2591,-67,6,10,UL,
[2026-02-11T19:23:47.993773] [TDMA] TX UPLINK: frame=2592 records=0
[2026-02-11T19:23:48.013799] BRAGE,260326,1,2592,0,0,10,NONE,
[2026-02-11T19:23:48.093553] [TDMA] TX UPLINK: frame=2593 records=0
[2026-02-11T19:23:48.113012] BRAGE,260426,1,2593,0,0,10,NONE,
[2026-02-11T19:23:48.192908] [TDMA] TX UPLINK: frame=2594 records=0
[2026-02-11T19:23:48.212789] BRAGE,260526,1,2594,0,0,10,NONE,
[2026-02-11T19:23:48.291610] [TDMA] TX UPLINK: frame=2595 records=0
[2026-02-11T19:23:48.311459] BRAGE,260626,1,2595,0,0,10,NONE,
[2026-02-11T19:23:48.391346] [TDMA] TX UPLINK: frame=2596 records=0
[2026-02-11T19:23:48.410794] BRAGE,260726,1,2596,0,0,10,NONE,
[2026-02-11T19:23:48.490241] [TDMA] TX UPLINK: frame=2597 records=0
[2026-02-11T19:23:48.510222] BRAGE,260826,1,2597,0,0,10,NONE,
[2026-02-11T19:23:48.589535] [TDMA] TX UPLINK: frame=2598 records=0
[2026-02-11T19:23:48.609448] BRAGE,260926,1,2598,0,0,10,NONE,
[2026-02-11T19:23:48.688906] [TDMA] TX UPLINK: frame=2599 records=0
[2026-02-11T19:23:48.708447] BRAGE,261026,1,2599,0,0,10,NONE,
[2026-02-11T19:23:48.788381] [TDMA] TX UPLINK: frame=2600 records=0
[2026-02-11T19:23:48.808260] BRAGE,261126,1,2600,0,0,10,NONE,
[2026-02-11T19:23:48.826587] RX CAN id=0x720 dlc=8
[2026-02-11T19:23:48.887607] [TDMA] TX UPLINK: frame=2601 records=0
[2026-02-11T19:23:48.907424] BRAGE,261226,1,2601,-67,7,10,UL,
[2026-02-11T19:23:48.986996] [TDMA] TX UPLINK: frame=2602 records=0
[2026-02-11T19:23:49.006531] BRAGE,261326,1,2602,0,0,10,NONE,
[2026-02-11T19:23:49.086351] [TDMA] TX UPLINK: frame=2603 records=0
[2026-02-11T19:23:49.106196] BRAGE,261426,1,2603,0,0,10,NONE,
[2026-02-11T19:23:49.185561] [TDMA] TX UPLINK: frame=2604 records=0
[2026-02-11T19:23:49.205354] BRAGE,261526,1,2604,0,0,10,NONE,
[2026-02-11T19:23:49.284859] [TDMA] TX UPLINK: frame=2605 records=0
[2026-02-11T19:23:49.304570] BRAGE,261626,1,2605,0,0,10,NONE,
[2026-02-11T19:23:49.384382] [TDMA] TX UPLINK: frame=2606 records=0
[2026-02-11T19:23:49.403894] BRAGE,261726,1,2606,0,0,10,NONE,
[2026-02-11T19:23:49.483503] [TDMA] TX UPLINK: frame=2607 records=0
[2026-02-11T19:23:49.503433] BRAGE,261826,1,2607,0,0,10,NONE,
[2026-02-11T19:23:49.582485] [TDMA] TX UPLINK: frame=2608 records=0
[2026-02-11T19:23:49.602619] BRAGE,261926,1,2608,0,0,10,NONE,
[2026-02-11T19:23:49.682342] [TDMA] TX UPLINK: frame=2609 records=0
[2026-02-11T19:23:49.701615] BRAGE,262026,1,2609,0,0,10,NONE,
[2026-02-11T19:23:49.781619] [TDMA] TX UPLINK: frame=2610 records=0
[2026-02-11T19:23:49.801332] BRAGE,262126,1,2610,0,0,10,NONE,
[2026-02-11T19:23:49.819954] RX CAN id=0x720 dlc=8
[2026-02-11T19:23:49.881015] [TDMA] TX UPLINK: frame=2611 records=0
[2026-02-11T19:23:49.900609] BRAGE,262226,1,2611,-67,6,10,UL,
[2026-02-11T19:23:49.980433] [TDMA] TX UPLINK: frame=2612 records=0
[2026-02-11T19:23:50.000289] BRAGE,262326,1,2612,0,0,10,NONE,
[2026-02-11T19:23:50.079690] [TDMA] TX UPLINK: frame=2613 records=0
[2026-02-11T19:23:50.099617] BRAGE,262426,1,2613,0,0,10,NONE,
[2026-02-11T19:23:50.178577] [TDMA] TX UPLINK: frame=2614 records=0
[2026-02-11T19:23:50.198478] BRAGE,262526,1,2614,0,0,10,NONE,
[2026-02-11T19:23:50.280157] [TDMA] TX UPLINK: frame=2615 records=0
[2026-02-11T19:23:50.297518] BRAGE,262626,1,2615,0,0,10,NONE,
[2026-02-11T19:23:50.377511] [TDMA] TX UPLINK: frame=2616 records=0
[2026-02-11T19:23:50.397679] BRAGE,262726,1,2616,0,0,10,NONE,
[2026-02-11T19:23:50.476762] [TDMA] TX UPLINK: frame=2617 records=0
[2026-02-11T19:23:50.496676] BRAGE,262826,1,2617,0,0,10,NONE,
[2026-02-11T19:23:50.576013] [TDMA] TX UPLINK: frame=2618 records=0
[2026-02-11T19:23:50.595613] BRAGE,262926,1,2618,0,0,10,NONE,
[2026-02-11T19:23:50.675724] [TDMA] TX UPLINK: frame=2619 records=0
[2026-02-11T19:23:50.695555] BRAGE,263026,1,2619,0,0,10,NONE,
[2026-02-11T19:23:50.778202] [TDMA] TX UPLINK: frame=2620 records=0
[2026-02-11T19:23:50.794474] BRAGE,263126,1,2620,0,0,10,NONE,
[2026-02-11T19:23:50.812933] RX CAN id=0x720 dlc=8
[2026-02-11T19:23:50.873524] [TDMA] TX UPLINK: frame=2621 records=0
[2026-02-11T19:23:50.893609] BRAGE,263226,1,2621,-67,6,10,UL,
[2026-02-11T19:23:50.973403] [TDMA] TX UPLINK: frame=2622 records=0
[2026-02-11T19:23:50.993390] BRAGE,263326,1,2622,0,0,10,NONE,
[2026-02-11T19:23:51.072296] [TDMA] TX UPLINK: frame=2623 records=0
[2026-02-11T19:23:51.092118] BRAGE,263426,1,2623,0,0,10,NONE,
[2026-02-11T19:23:51.171547] [TDMA] TX UPLINK: frame=2624 records=0
[2026-02-11T19:23:51.191923] BRAGE,263526,1,2624,0,0,10,NONE,
[2026-02-11T19:23:51.271182] [TDMA] TX UPLINK: frame=2625 records=0
[2026-02-11T19:23:51.291060] BRAGE,263626,1,2625,0,0,10,NONE,
[2026-02-11T19:23:51.371207] [TDMA] TX UPLINK: frame=2626 records=0
[2026-02-11T19:23:51.390739] BRAGE,263726,1,2626,0,0,10,NONE,
[2026-02-11T19:23:51.469922] [TDMA] TX UPLINK: frame=2627 records=0
[2026-02-11T19:23:51.489417] BRAGE,263826,1,2627,0,0,10,NONE,
[2026-02-11T19:23:51.568904] [TDMA] TX UPLINK: frame=2628 records=0
[2026-02-11T19:23:51.589075] BRAGE,263926,1,2628,0,0,10,NONE,
[2026-02-11T19:23:51.668232] [TDMA] TX UPLINK: frame=2629 records=0
[2026-02-11T19:23:51.688725] BRAGE,264026,1,2629,0,0,10,NONE,
[2026-02-11T19:23:51.767886] [TDMA] TX UPLINK: frame=2630 records=0
[2026-02-11T19:23:51.787780] BRAGE,264126,1,2630,0,0,10,NONE,
[2026-02-11T19:23:51.806382] RX CAN id=0x720 dlc=8
[2026-02-11T19:23:51.866863] [TDMA] TX UPLINK: frame=2631 records=0
[2026-02-11T19:23:51.887074] BRAGE,264226,1,2631,-67,6,10,UL,
[2026-02-11T19:23:51.966533] [TDMA] TX UPLINK: frame=2632 records=0
[2026-02-11T19:23:51.986411] BRAGE,264326,1,2632,0,0,10,NONE,
[2026-02-11T19:23:52.067151] [TDMA] TX UPLINK: frame=2633 records=0
[2026-02-11T19:23:52.085703] BRAGE,264426,1,2633,0,0,10,NONE,
[2026-02-11T19:23:52.164899] [TDMA] TX UPLINK: frame=2634 records=0
[2026-02-11T19:23:52.184703] BRAGE,264526,1,2634,0,0,10,NONE,
[2026-02-11T19:23:52.265026] [TDMA] TX UPLINK: frame=2635 records=0
[2026-02-11T19:23:52.284771] BRAGE,264626,1,2635,0,0,10,NONE,
[2026-02-11T19:23:52.364016] [TDMA] TX UPLINK: frame=2636 records=0
[2026-02-11T19:23:52.384070] BRAGE,264726,1,2636,0,0,10,NONE,
[2026-02-11T19:23:52.463015] [TDMA] TX UPLINK: frame=2637 records=0
[2026-02-11T19:23:52.482845] BRAGE,264826,1,2637,0,0,10,NONE,
[2026-02-11T19:23:52.563238] [TDMA] TX UPLINK: frame=2638 records=0
[2026-02-11T19:23:52.581895] BRAGE,264926,1,2638,0,0,10,NONE,
[2026-02-11T19:23:52.662036] [TDMA] TX UPLINK: frame=2639 records=0
[2026-02-11T19:23:52.681957] BRAGE,265026,1,2639,0,0,10,NONE,
[2026-02-11T19:23:52.760623] [TDMA] TX UPLINK: frame=2640 records=0
[2026-02-11T19:23:52.780591] BRAGE,265126,1,2640,0,0,10,NONE,
[2026-02-11T19:23:52.799438] RX CAN id=0x720 dlc=8
[2026-02-11T19:23:52.860758] [TDMA] TX UPLINK: frame=2641 records=0
[2026-02-11T19:23:52.879858] BRAGE,265226,1,2641,-67,6,10,UL,
[2026-02-11T19:23:52.959961] [TDMA] TX UPLINK: frame=2642 records=0
[2026-02-11T19:23:52.979917] BRAGE,265326,1,2642,0,0,10,NONE,
[2026-02-11T19:23:53.058934] [TDMA] TX UPLINK: frame=2643 records=0
[2026-02-11T19:23:53.078789] BRAGE,265426,1,2643,0,0,10,NONE,
[2026-02-11T19:23:53.158900] [TDMA] TX UPLINK: frame=2644 records=0
[2026-02-11T19:23:53.178500] BRAGE,265526,1,2644,0,0,10,NONE,
[2026-02-11T19:23:53.257761] [TDMA] TX UPLINK: frame=2645 records=0
[2026-02-11T19:23:53.277147] BRAGE,265626,1,2645,0,0,10,NONE,
[2026-02-11T19:23:53.357210] [TDMA] TX UPLINK: frame=2646 records=0
[2026-02-11T19:23:53.376982] BRAGE,265726,1,2646,0,0,10,NONE,
[2026-02-11T19:23:53.456563] [TDMA] TX UPLINK: frame=2647 records=0
[2026-02-11T19:23:53.475997] BRAGE,265826,1,2647,0,0,10,NONE,
[2026-02-11T19:23:53.555709] [TDMA] TX UPLINK: frame=2648 records=0
[2026-02-11T19:23:53.575632] BRAGE,265926,1,2648,0,0,10,NONE,
[2026-02-11T19:23:53.654940] [TDMA] TX UPLINK: frame=2649 records=0
[2026-02-11T19:23:53.674997] BRAGE,266026,1,2649,0,0,10,NONE,
[2026-02-11T19:23:53.754390] [TDMA] TX UPLINK: frame=2650 records=0
[2026-02-11T19:23:53.774148] BRAGE,266126,1,2650,0,0,10,NONE,
[2026-02-11T19:23:53.793244] RX CAN id=0x720 dlc=8
[2026-02-11T19:23:53.853422] [TDMA] TX UPLINK: frame=2651 records=0
[2026-02-11T19:23:53.873198] BRAGE,266226,1,2651,-64,7,10,UL,
[2026-02-11T19:23:53.953115] [TDMA] TX UPLINK: frame=2652 records=0
[2026-02-11T19:23:53.973030] BRAGE,266326,1,2652,0,0,10,NONE,
[2026-02-11T19:23:54.052196] [TDMA] TX UPLINK: frame=2653 records=0
[2026-02-11T19:23:54.071992] BRAGE,266426,1,2653,0,0,10,NONE,
[2026-02-11T19:23:54.151778] [TDMA] TX UPLINK: frame=2654 records=0
[2026-02-11T19:23:54.171680] BRAGE,266526,1,2654,0,0,10,NONE,
[2026-02-11T19:23:54.250809] [TDMA] TX UPLINK: frame=2655 records=0
[2026-02-11T19:23:54.271033] BRAGE,266626,1,2655,0,0,10,NONE,
[2026-02-11T19:23:54.350078] [TDMA] TX UPLINK: frame=2656 records=0
[2026-02-11T19:23:54.370288] BRAGE,266726,1,2656,0,0,10,NONE,
[2026-02-11T19:23:54.449597] [TDMA] TX UPLINK: frame=2657 records=0
[2026-02-11T19:23:54.469920] BRAGE,266826,1,2657,0,0,10,NONE,
[2026-02-11T19:23:54.549171] [TDMA] TX UPLINK: frame=2658 records=0
[2026-02-11T19:23:54.569044] BRAGE,266926,1,2658,0,0,10,NONE,
[2026-02-11T19:23:54.648774] [TDMA] TX UPLINK: frame=2659 records=0
[2026-02-11T19:23:54.668616] BRAGE,267026,1,2659,0,0,10,NONE,
[2026-02-11T19:23:54.748083] [TDMA] TX UPLINK: frame=2660 records=0
[2026-02-11T19:23:54.767845] BRAGE,267126,1,2660,0,0,10,NONE,
[2026-02-11T19:23:54.786014] RX CAN id=0x720 dlc=8
[2026-02-11T19:23:54.847092] [TDMA] TX UPLINK: frame=2661 records=0
[2026-02-11T19:23:54.866740] BRAGE,267226,1,2661,-67,5,10,UL,
[2026-02-11T19:23:54.946910] [TDMA] TX UPLINK: frame=2662 records=0
[2026-02-11T19:23:54.966363] BRAGE,267326,1,2662,0,0,10,NONE,
[2026-02-11T19:23:55.045748] [TDMA] TX UPLINK: frame=2663 records=0
[2026-02-11T19:23:55.065707] BRAGE,267426,1,2663,0,0,10,NONE,
[2026-02-11T19:23:55.144729] [TDMA] TX UPLINK: frame=2664 records=0
[2026-02-11T19:23:55.164969] BRAGE,267526,1,2664,0,0,10,NONE,
[2026-02-11T19:23:55.244427] [TDMA] TX UPLINK: frame=2665 records=0
[2026-02-11T19:23:55.263893] BRAGE,267626,1,2665,0,0,10,NONE,
[2026-02-11T19:23:55.343703] [TDMA] TX UPLINK: frame=2666 records=0
[2026-02-11T19:23:55.363144] BRAGE,267726,1,2666,0,0,10,NONE,
[2026-02-11T19:23:55.442722] [TDMA] TX UPLINK: frame=2667 records=0
[2026-02-11T19:23:55.462622] BRAGE,267826,1,2667,0,0,10,NONE,
[2026-02-11T19:23:55.542407] [TDMA] TX UPLINK: frame=2668 records=0
[2026-02-11T19:23:55.562454] BRAGE,267926,1,2668,0,0,10,NONE,
[2026-02-11T19:23:55.641406] [TDMA] TX UPLINK: frame=2669 records=0
[2026-02-11T19:23:55.661911] BRAGE,268026,1,2669,0,0,10,NONE,
[2026-02-11T19:23:55.740787] [TDMA] TX UPLINK: frame=2670 records=0
[2026-02-11T19:23:55.761060] BRAGE,268126,1,2670,0,0,10,NONE,
[2026-02-11T19:23:55.779032] RX CAN id=0x720 dlc=8
[2026-02-11T19:23:55.840374] [TDMA] TX UPLINK: frame=2671 records=0
[2026-02-11T19:23:55.860250] BRAGE,268226,1,2671,-72,5,10,UL,
[2026-02-11T19:23:55.939356] [TDMA] TX UPLINK: frame=2672 records=0
[2026-02-11T19:23:55.959281] BRAGE,268326,1,2672,0,0,10,NONE,
[2026-02-11T19:23:56.040068] [TDMA] TX UPLINK: frame=2673 records=0
[2026-02-11T19:23:56.059427] BRAGE,268426,1,2673,0,0,10,NONE,
[2026-02-11T19:23:56.138348] [TDMA] TX UPLINK: frame=2674 records=0
[2026-02-11T19:23:56.158249] BRAGE,268526,1,2674,0,0,10,NONE,
[2026-02-11T19:23:56.237352] [TDMA] TX UPLINK: frame=2675 records=0
[2026-02-11T19:23:56.257588] BRAGE,268626,1,2675,0,0,10,NONE,
[2026-02-11T19:23:56.336687] [TDMA] TX UPLINK: frame=2676 records=0
[2026-02-11T19:23:56.356584] BRAGE,268726,1,2676,0,0,10,NONE,
[2026-02-11T19:23:56.436029] [TDMA] TX UPLINK: frame=2677 records=0
[2026-02-11T19:23:56.456396] BRAGE,268826,1,2677,0,0,10,NONE,
[2026-02-11T19:23:56.535882] [TDMA] TX UPLINK: frame=2678 records=0
[2026-02-11T19:23:56.556012] BRAGE,268926,1,2678,0,0,10,NONE,
[2026-02-11T19:23:56.634805] [TDMA] TX UPLINK: frame=2679 records=0
[2026-02-11T19:23:56.657061] BRAGE,269026,1,2679,0,0,10,NONE,
[2026-02-11T19:23:56.734553] [TDMA] TX UPLINK: frame=2680 records=0
[2026-02-11T19:23:56.754426] BRAGE,269126,1,2680,0,0,10,NONE,
[2026-02-11T19:23:56.772889] RX CAN id=0x720 dlc=8
[2026-02-11T19:23:56.833829] [TDMA] TX UPLINK: frame=2681 records=0
[2026-02-11T19:23:56.853988] BRAGE,269226,1,2681,-69,6,10,UL,
[2026-02-11T19:23:56.933178] [TDMA] TX UPLINK: frame=2682 records=0
[2026-02-11T19:23:56.953380] BRAGE,269326,1,2682,0,0,10,NONE,
[2026-02-11T19:23:57.033011] [TDMA] TX UPLINK: frame=2683 records=0
[2026-02-11T19:23:57.052445] BRAGE,269426,1,2683,0,0,10,NONE,
[2026-02-11T19:23:57.132028] [TDMA] TX UPLINK: frame=2684 records=0
[2026-02-11T19:23:57.154888] BRAGE,269526,1,2684,0,0,10,NONE,
[2026-02-11T19:23:57.230844] [TDMA] TX UPLINK: frame=2685 records=0
[2026-02-11T19:23:57.250736] BRAGE,269626,1,2685,0,0,10,NONE,
[2026-02-11T19:23:57.330502] [TDMA] TX UPLINK: frame=2686 records=0
[2026-02-11T19:23:57.349977] BRAGE,269726,1,2686,0,0,10,NONE,
[2026-02-11T19:23:57.429163] [TDMA] TX UPLINK: frame=2687 records=0
[2026-02-11T19:23:57.450061] BRAGE,269826,1,2687,0,0,10,NONE,
[2026-02-11T19:23:57.529128] [TDMA] TX UPLINK: frame=2688 records=0
[2026-02-11T19:23:57.548824] BRAGE,269926,1,2688,0,0,10,NONE,
[2026-02-11T19:23:57.627797] [TDMA] TX UPLINK: frame=2689 records=0
[2026-02-11T19:23:57.647970] BRAGE,270026,1,2689,0,0,10,NONE,
[2026-02-11T19:23:57.727205] [TDMA] TX UPLINK: frame=2690 records=0
[2026-02-11T19:23:57.747295] BRAGE,270126,1,2690,0,0,10,NONE,
[2026-02-11T19:23:57.766057] RX CAN id=0x720 dlc=8
[2026-02-11T19:23:57.827316] [TDMA] TX UPLINK: frame=2691 records=0
[2026-02-11T19:23:57.847043] BRAGE,270226,1,2691,-64,7,10,UL,
[2026-02-11T19:23:57.926206] [TDMA] TX UPLINK: frame=2692 records=0
[2026-02-11T19:23:57.946378] BRAGE,270326,1,2692,0,0,10,NONE,
[2026-02-11T19:23:58.025826] [TDMA] TX UPLINK: frame=2693 records=0
[2026-02-11T19:23:58.045889] BRAGE,270426,1,2693,0,0,10,NONE,
[2026-02-11T19:23:58.124524] [TDMA] TX UPLINK: frame=2694 records=0
[2026-02-11T19:23:58.144522] BRAGE,270526,1,2694,0,0,10,NONE,
[2026-02-11T19:23:58.224772] [TDMA] TX UPLINK: frame=2695 records=0
[2026-02-11T19:23:58.244000] BRAGE,270626,1,2695,0,0,10,NONE,
[2026-02-11T19:23:58.324001] [TDMA] TX UPLINK: frame=2696 records=0
[2026-02-11T19:23:58.343883] BRAGE,270726,1,2696,0,0,10,NONE,
[2026-02-11T19:23:58.423176] [TDMA] TX UPLINK: frame=2697 records=0
[2026-02-11T19:23:58.443954] BRAGE,270826,1,2697,0,0,10,NONE,
[2026-02-11T19:23:58.521836] [TDMA] TX UPLINK: frame=2698 records=0
[2026-02-11T19:23:58.541505] BRAGE,270926,1,2698,0,0,10,NONE,
[2026-02-11T19:23:58.621505] [TDMA] TX UPLINK: frame=2699 records=0
[2026-02-11T19:23:58.640912] BRAGE,271026,1,2699,0,0,10,NONE,
[2026-02-11T19:23:58.721036] [TDMA] TX UPLINK: frame=2700 records=0
[2026-02-11T19:23:58.740999] BRAGE,271126,1,2700,0,0,10,NONE,
[2026-02-11T19:23:58.759317] RX CAN id=0x720 dlc=8
[2026-02-11T19:23:58.819704] [TDMA] TX UPLINK: frame=2701 records=0
[2026-02-11T19:23:58.840042] BRAGE,271226,1,2701,-67,6,10,UL,
[2026-02-11T19:23:58.920021] [TDMA] TX UPLINK: frame=2702 records=0
[2026-02-11T19:23:58.940955] BRAGE,271326,1,2702,0,0,10,NONE,
[2026-02-11T19:23:59.018913] [TDMA] TX UPLINK: frame=2703 records=0
[2026-02-11T19:23:59.038836] BRAGE,271426,1,2703,0,0,10,NONE,
[2026-02-11T19:23:59.118137] [TDMA] TX UPLINK: frame=2704 records=0
[2026-02-11T19:23:59.137876] BRAGE,271526,1,2704,0,0,10,NONE,
[2026-02-11T19:23:59.217586] [TDMA] TX UPLINK: frame=2705 records=0
[2026-02-11T19:23:59.237029] BRAGE,271626,1,2705,0,0,10,NONE,
[2026-02-11T19:23:59.317143] [TDMA] TX UPLINK: frame=2706 records=0
[2026-02-11T19:23:59.337311] BRAGE,271726,1,2706,0,0,10,NONE,
[2026-02-11T19:23:59.415541] [TDMA] TX UPLINK: frame=2707 records=0
[2026-02-11T19:23:59.435977] BRAGE,271826,1,2707,0,0,10,NONE,
[2026-02-11T19:23:59.516098] [TDMA] TX UPLINK: frame=2708 records=0
[2026-02-11T19:23:59.535017] BRAGE,271926,1,2708,0,0,10,NONE,
[2026-02-11T19:23:59.614436] [TDMA] TX UPLINK: frame=2709 records=0
[2026-02-11T19:23:59.634744] BRAGE,272026,1,2709,0,0,10,NONE,
[2026-02-11T19:23:59.714179] [TDMA] TX UPLINK: frame=2710 records=0
[2026-02-11T19:23:59.734009] BRAGE,272126,1,2710,0,0,10,NONE,
[2026-02-11T19:23:59.752327] RX CAN id=0x720 dlc=8
[2026-02-11T19:23:59.813721] [TDMA] TX UPLINK: frame=2711 records=0
[2026-02-11T19:23:59.833013] BRAGE,272226,1,2711,-64,6,10,UL,
[2026-02-11T19:23:59.912361] [TDMA] TX UPLINK: frame=2712 records=0
[2026-02-11T19:23:59.932175] BRAGE,272326,1,2712,0,0,10,NONE,
[2026-02-11T19:24:00.012064] [TDMA] TX UPLINK: frame=2713 records=0
[2026-02-11T19:24:00.031929] BRAGE,272426,1,2713,0,0,10,NONE,
[2026-02-11T19:24:00.111058] [TDMA] TX UPLINK: frame=2714 records=0
[2026-02-11T19:24:00.131181] BRAGE,272526,1,2714,0,0,10,NONE,
[2026-02-11T19:24:00.215992] [TDMA] TX UPLINK: frame=2715 records=0
[2026-02-11T19:24:00.230196] BRAGE,272626,1,2715,0,0,10,NONE,
[2026-02-11T19:24:00.310073] [TDMA] TX UPLINK: frame=2716 records=0
[2026-02-11T19:24:00.330062] BRAGE,272726,1,2716,0,0,10,NONE,
[2026-02-11T19:24:00.409332] [TDMA] TX UPLINK: frame=2717 records=0
[2026-02-11T19:24:00.429268] BRAGE,272826,1,2717,0,0,10,NONE,
[2026-02-11T19:24:00.508593] [TDMA] TX UPLINK: frame=2718 records=0
[2026-02-11T19:24:00.528162] BRAGE,272926,1,2718,0,0,10,NONE,
[2026-02-11T19:24:00.608064] [TDMA] TX UPLINK: frame=2719 records=0
[2026-02-11T19:24:00.628198] BRAGE,273026,1,2719,0,0,10,NONE,
[2026-02-11T19:24:00.707443] [TDMA] TX UPLINK: frame=2720 records=0
[2026-02-11T19:24:00.726809] BRAGE,273126,1,2720,0,0,10,NONE,
[2026-02-11T19:24:00.745350] RX CAN id=0x720 dlc=8
[2026-02-11T19:24:00.807018] [TDMA] TX UPLINK: frame=2721 records=0
[2026-02-11T19:24:00.826432] BRAGE,273226,1,2721,-67,7,10,UL,
[2026-02-11T19:24:00.905878] [TDMA] TX UPLINK: frame=2722 records=0
[2026-02-11T19:24:00.925665] BRAGE,273326,1,2722,0,0,10,NONE,
[2026-02-11T19:24:01.005135] [TDMA] TX UPLINK: frame=2723 records=0
[2026-02-11T19:24:01.025342] BRAGE,273426,1,2723,0,0,10,NONE,
[2026-02-11T19:24:01.104525] [TDMA] TX UPLINK: frame=2724 records=0
[2026-02-11T19:24:01.124176] BRAGE,273526,1,2724,0,0,10,NONE,
[2026-02-11T19:24:01.203557] [TDMA] TX UPLINK: frame=2725 records=0
[2026-02-11T19:24:01.224025] BRAGE,273626,1,2725,0,0,10,NONE,
[2026-02-11T19:24:01.304197] [TDMA] TX UPLINK: frame=2726 records=0
[2026-02-11T19:24:01.323152] BRAGE,273726,1,2726,0,0,10,NONE,
[2026-02-11T19:24:01.402244] [TDMA] TX UPLINK: frame=2727 records=0
[2026-02-11T19:24:01.422077] BRAGE,273826,1,2727,0,0,10,NONE,
[2026-02-11T19:24:01.501589] [TDMA] TX UPLINK: frame=2728 records=0
[2026-02-11T19:24:01.521370] BRAGE,273926,1,2728,0,0,10,NONE,
[2026-02-11T19:24:01.601238] [TDMA] TX UPLINK: frame=2729 records=0
[2026-02-11T19:24:01.621245] BRAGE,274026,1,2729,0,0,10,NONE,
[2026-02-11T19:24:01.700114] [TDMA] TX UPLINK: frame=2730 records=0
[2026-02-11T19:24:01.720060] BRAGE,274126,1,2730,0,0,10,NONE,
[2026-02-11T19:24:01.739111] RX CAN id=0x720 dlc=8
[2026-02-11T19:24:01.799885] [TDMA] TX UPLINK: frame=2731 records=0
[2026-02-11T19:24:01.820034] BRAGE,274226,1,2731,-67,6,10,UL,
[2026-02-11T19:24:01.899436] [TDMA] TX UPLINK: frame=2732 records=0
[2026-02-11T19:24:01.919097] BRAGE,274326,1,2732,0,0,10,NONE,
[2026-02-11T19:24:02.001327] [TDMA] TX UPLINK: frame=2733 records=0
[2026-02-11T19:24:02.018387] BRAGE,274426,1,2733,0,0,10,NONE,
[2026-02-11T19:24:02.098176] [TDMA] TX UPLINK: frame=2734 records=0
[2026-02-11T19:24:02.117322] BRAGE,274526,1,2734,0,0,10,NONE,
[2026-02-11T19:24:02.197166] [TDMA] TX UPLINK: frame=2735 records=0
[2026-02-11T19:24:02.217182] BRAGE,274626,1,2735,0,0,10,NONE,
[2026-02-11T19:24:02.296286] [TDMA] TX UPLINK: frame=2736 records=0
[2026-02-11T19:24:02.316835] BRAGE,274726,1,2736,0,0,10,NONE,
[2026-02-11T19:24:02.396191] [TDMA] TX UPLINK: frame=2737 records=0
[2026-02-11T19:24:02.415989] BRAGE,274826,1,2737,0,0,10,NONE,
[2026-02-11T19:24:02.495318] [TDMA] TX UPLINK: frame=2738 records=0
[2026-02-11T19:24:02.516977] BRAGE,274926,1,2738,0,0,10,NONE,
[2026-02-11T19:24:02.594709] [TDMA] TX UPLINK: frame=2739 records=0
[2026-02-11T19:24:02.614484] BRAGE,275026,1,2739,0,0,10,NONE,
[2026-02-11T19:24:02.693876] [TDMA] TX UPLINK: frame=2740 records=0
[2026-02-11T19:24:02.713931] BRAGE,275126,1,2740,0,0,10,NONE,
[2026-02-11T19:24:02.731699] RX CAN id=0x720 dlc=8
[2026-02-11T19:24:02.792857] [TDMA] TX UPLINK: frame=2741 records=0
[2026-02-11T19:24:02.813046] BRAGE,275226,1,2741,-69,5,10,UL,
[2026-02-11T19:24:02.892526] [TDMA] TX UPLINK: frame=2742 records=0
[2026-02-11T19:24:02.912323] BRAGE,275326,1,2742,0,0,10,NONE,
[2026-02-11T19:24:02.991833] [TDMA] TX UPLINK: frame=2743 records=0
[2026-02-11T19:24:03.011333] BRAGE,275426,1,2743,0,0,10,NONE,
[2026-02-11T19:24:03.091141] [TDMA] TX UPLINK: frame=2744 records=0
[2026-02-11T19:24:03.111044] BRAGE,275526,1,2744,0,0,10,NONE,
[2026-02-11T19:24:03.190532] [TDMA] TX UPLINK: frame=2745 records=0
[2026-02-11T19:24:03.210181] BRAGE,275626,1,2745,0,0,10,NONE,
[2026-02-11T19:24:03.289557] [TDMA] TX UPLINK: frame=2746 records=0
[2026-02-11T19:24:03.309298] BRAGE,275726,1,2746,0,0,10,NONE,
[2026-02-11T19:24:03.389407] [TDMA] TX UPLINK: frame=2747 records=0
[2026-02-11T19:24:03.409043] BRAGE,275826,1,2747,0,0,10,NONE,
[2026-02-11T19:24:03.488204] [TDMA] TX UPLINK: frame=2748 records=0
[2026-02-11T19:24:03.508276] BRAGE,275926,1,2748,0,0,10,NONE,
[2026-02-11T19:24:03.587390] [TDMA] TX UPLINK: frame=2749 records=0
[2026-02-11T19:24:03.607672] BRAGE,276026,1,2749,0,0,10,NONE,
[2026-02-11T19:24:03.687201] [TDMA] TX UPLINK: frame=2750 records=0
[2026-02-11T19:24:03.707137] BRAGE,276126,1,2750,0,0,10,NONE,
[2026-02-11T19:24:03.725211] RX CAN id=0x720 dlc=8
[2026-02-11T19:24:03.788300] [TDMA] TX UPLINK: frame=2751 records=0
[2026-02-11T19:24:03.806265] BRAGE,276226,1,2751,-67,7,10,UL,
[2026-02-11T19:24:03.885695] [TDMA] TX UPLINK: frame=2752 records=0
[2026-02-11T19:24:03.905692] BRAGE,276326,1,2752,0,0,10,NONE,
[2026-02-11T19:24:03.985599] [TDMA] TX UPLINK: frame=2753 records=0
[2026-02-11T19:24:04.004512] BRAGE,276426,1,2753,0,0,10,NONE,
[2026-02-11T19:24:04.084368] [TDMA] TX UPLINK: frame=2754 records=0
[2026-02-11T19:24:04.104336] BRAGE,276526,1,2754,0,0,10,NONE,
[2026-02-11T19:24:04.183811] [TDMA] TX UPLINK: frame=2755 records=0
[2026-02-11T19:24:04.203680] BRAGE,276626,1,2755,0,0,10,NONE,
[2026-02-11T19:24:04.283125] [TDMA] TX UPLINK: frame=2756 records=0
[2026-02-11T19:24:04.302616] BRAGE,276726,1,2756,0,0,10,NONE,
[2026-02-11T19:24:04.382546] [TDMA] TX UPLINK: frame=2757 records=0
[2026-02-11T19:24:04.402302] BRAGE,276826,1,2757,0,0,10,NONE,
[2026-02-11T19:24:04.481792] [TDMA] TX UPLINK: frame=2758 records=0
[2026-02-11T19:24:04.501829] BRAGE,276926,1,2758,0,0,10,NONE,
[2026-02-11T19:24:04.580707] [TDMA] TX UPLINK: frame=2759 records=0
[2026-02-11T19:24:04.600689] BRAGE,277026,1,2759,0,0,10,NONE,
[2026-02-11T19:24:04.680443] [TDMA] TX UPLINK: frame=2760 records=0
[2026-02-11T19:24:04.700356] BRAGE,277126,1,2760,0,0,10,NONE,
[2026-02-11T19:24:04.718341] RX CAN id=0x720 dlc=8
[2026-02-11T19:24:04.779985] [TDMA] TX UPLINK: frame=2761 records=0
[2026-02-11T19:24:04.799704] BRAGE,277226,1,2761,-67,8,10,UL,
[2026-02-11T19:24:04.878725] [TDMA] TX UPLINK: frame=2762 records=0
[2026-02-11T19:24:04.898699] BRAGE,277326,1,2762,0,0,10,NONE,
[2026-02-11T19:24:04.978816] [TDMA] TX UPLINK: frame=2763 records=0
[2026-02-11T19:24:04.997889] BRAGE,277426,1,2763,0,0,10,NONE,
[2026-02-11T19:24:05.077579] [TDMA] TX UPLINK: frame=2764 records=0
[2026-02-11T19:24:05.097278] BRAGE,277526,1,2764,0,0,10,NONE,
[2026-02-11T19:24:05.176811] [TDMA] TX UPLINK: frame=2765 records=0
[2026-02-11T19:24:05.197242] BRAGE,277626,1,2765,0,0,10,NONE,
[2026-02-11T19:24:05.276595] [TDMA] TX UPLINK: frame=2766 records=0
[2026-02-11T19:24:05.296731] BRAGE,277726,1,2766,0,0,10,NONE,
[2026-02-11T19:24:05.375827] [TDMA] TX UPLINK: frame=2767 records=0
[2026-02-11T19:24:05.395679] BRAGE,277826,1,2767,0,0,10,NONE,
[2026-02-11T19:24:05.475449] [TDMA] TX UPLINK: frame=2768 records=0
[2026-02-11T19:24:05.495266] BRAGE,277926,1,2768,0,0,10,NONE,
[2026-02-11T19:24:05.574539] [TDMA] TX UPLINK: frame=2769 records=0
[2026-02-11T19:24:05.594245] BRAGE,278026,1,2769,0,0,10,NONE,
[2026-02-11T19:24:05.673878] [TDMA] TX UPLINK: frame=2770 records=0
[2026-02-11T19:24:05.693728] BRAGE,278126,1,2770,0,0,10,NONE,
[2026-02-11T19:24:05.773462] [TDMA] TX UPLINK: frame=2771 records=0
[2026-02-11T19:24:05.792615] BRAGE,278226,1,2771,0,0,9,NONE,
[2026-02-11T19:24:05.872584] [TDMA] TX UPLINK: frame=2772 records=0
[2026-02-11T19:24:05.892000] BRAGE,278326,1,2772,0,0,9,NONE,
[2026-02-11T19:24:05.971872] [TDMA] TX UPLINK: frame=2773 records=0
[2026-02-11T19:24:05.991727] BRAGE,278426,1,2773,0,0,9,NONE,
[2026-02-11T19:24:06.070817] [TDMA] TX UPLINK: frame=2774 records=0
[2026-02-11T19:24:06.090698] BRAGE,278526,1,2774,0,0,9,NONE,
[2026-02-11T19:24:06.170056] [TDMA] TX UPLINK: frame=2775 records=0
[2026-02-11T19:24:06.189891] BRAGE,278626,1,2775,0,0,9,NONE,
[2026-02-11T19:24:06.269503] [TDMA] TX UPLINK: frame=2776 records=0
[2026-02-11T19:24:06.289686] BRAGE,278726,1,2776,0,0,9,NONE,
[2026-02-11T19:24:06.368810] [TDMA] TX UPLINK: frame=2777 records=0
[2026-02-11T19:24:06.388711] BRAGE,278826,1,2777,0,0,9,NONE,
[2026-02-11T19:24:06.469515] [TDMA] TX UPLINK: frame=2778 records=0
[2026-02-11T19:24:06.488042] BRAGE,278926,1,2778,0,0,9,NONE,
[2026-02-11T19:24:06.568017] [TDMA] TX UPLINK: frame=2779 records=0
[2026-02-11T19:24:06.587529] BRAGE,279026,1,2779,0,0,9,NONE,
[2026-02-11T19:24:06.667552] [TDMA] TX UPLINK: frame=2780 records=0
[2026-02-11T19:24:06.686874] BRAGE,279126,1,2780,0,0,9,NONE,
[2026-02-11T19:24:06.706005] RX CAN id=0x720 dlc=8
[2026-02-11T19:24:06.766148] [TDMA] TX UPLINK: frame=2781 records=0
[2026-02-11T19:24:06.785737] BRAGE,279226,1,2781,-73,9,9,UL,
[2026-02-11T19:24:06.865596] [TDMA] TX UPLINK: frame=2782 records=0
[2026-02-11T19:24:06.885351] BRAGE,279326,1,2782,0,0,9,NONE,
[2026-02-11T19:24:06.965288] [TDMA] TX UPLINK: frame=2783 records=0
[2026-02-11T19:24:06.984506] BRAGE,279426,1,2783,0,0,9,NONE,
[2026-02-11T19:24:07.064330] [TDMA] TX UPLINK: frame=2784 records=0
[2026-02-11T19:24:07.084597] BRAGE,279526,1,2784,0,0,9,NONE,
[2026-02-11T19:24:07.163218] [TDMA] TX UPLINK: frame=2785 records=0
[2026-02-11T19:24:07.183204] BRAGE,279626,1,2785,0,0,9,NONE,
