received_at,timestamp_ms,sync_state,frame_num,rssi,snr,lq,msg_type,payload_hex
2026-02-11T19:18:34.432491,77383,1,1,-62,11,1,DL,
2026-02-11T19:18:34.531570,77483,1,2,-67,7,2,DL,
2026-02-11T19:18:34.631100,77583,1,3,-64,9,3,DL,
2026-02-11T19:18:34.730482,77683,1,4,-64,9,4,DL,
2026-02-11T19:18:34.829241,77783,1,5,-64,9,5,DL,
2026-02-11T19:18:34.928806,77883,1,6,-64,9,6,DL,
2026-02-11T19:18:35.028384,77983,1,7,-64,9,7,DL,
2026-02-11T19:18:35.128382,78084,1,8,-64,9,8,DL,
2026-02-11T19:18:35.227280,78184,1,9,-67,8,9,DL,
2026-02-11T19:18:35.326840,78284,1,10,-67,8,10,DL,
2026-02-11T19:18:35.426222,78384,1,11,-67,7,11,DL,
2026-02-11T19:18:35.526296,78484,1,12,-67,8,12,DL,
2026-02-11T19:18:35.624887,78584,1,13,-67,8,13,DL,
2026-02-11T19:18:35.724428,78684,1,14,-67,7,14,DL,
2026-02-11T19:18:35.823882,78784,1,15,-67,7,15,DL,
2026-02-11T19:18:35.923214,78884,1,16,-67,8,16,DL,
2026-02-11T19:18:36.025266,78985,1,17,-67,8,17,DL,
2026-02-11T19:18:36.122314,79085,1,18,-67,7,18,DL,
2026-02-11T19:18:36.221228,79185,1,19,-67,7,19,DL,
2026-02-11T19:18:36.320867,79285,1,20,-67,8,20,DL,
2026-02-11T19:18:36.420303,79385,1,21,-67,8,21,DL,
2026-02-11T19:18:36.519267,79485,1,22,-67,8,22,DL,
2026-02-11T19:18:36.619309,79585,1,23,-67,7,23,DL,
2026-02-11T19:18:36.718696,79685,1,24,-72,6,24,DL,
2026-02-11T19:18:36.817446,79785,1,25,-67,7,25,DL,
2026-02-11T19:18:36.917359,79886,1,26,-67,7,26,DL,
2026-02-11T19:18:37.016749,79986,1,27,-67,8,27,DL,
2026-02-11T19:18:37.115764,80086,1,28,-67,7,28,DL,
2026-02-11T19:18:37.215501,80186,1,29,-70,7,29,DL,
2026-02-11T19:18:37.314816,80286,1,30,0,0,29,NONE,
2026-02-11T19:18:37.414137,80386,1,31,-64,9,30,DL,
2026-02-11T19:18:37.514006,80486,1,32,-67,8,31,DL,
2026-02-11T19:18:37.613432,80586,1,33,-70,7,32,DL,
2026-02-11T19:18:37.712532,80686,1,34,-70,6,33,DL,
2026-02-11T19:18:37.812011,80787,1,35,-67,8,34,DL,
2026-02-11T19:18:37.911303,80887,1,36,-67,8,35,DL,
2026-02-11T19:18:38.010786,80987,1,37,-67,8,36,DL,
2026-02-11T19:18:38.110191,81087,1,38,-67,7,37,DL,
2026-02-11T19:18:38.209588,81187,1,39,-67,7,38,DL,
2026-02-11T19:18:38.309015,81287,1,40,-67,8,39,DL,
2026-02-11T19:18:38.408350,81387,1,41,-67,8,40,DL,
2026-02-11T19:18:38.507988,81487,1,42,-64,9,41,DL,
2026-02-11T19:18:38.606813,81587,1,43,-67,8,42,DL,
2026-02-11T19:18:38.706189,81688,1,44,-67,8,43,DL,
2026-02-11T19:18:38.805987,81788,1,45,-64,9,44,DL,
2026-02-11T19:18:38.905435,81888,1,46,-67,7,45,DL,
2026-02-11T19:18:39.004496,81988,1,47,-67,7,46,DL,
2026-02-11T19:18:39.104306,82088,1,48,-64,9,47,DL,
2026-02-11T19:18:39.203521,82188,1,49,-67,8,48,DL,
2026-02-11T19:18:39.302844,82288,1,50,-64,9,49,DL,
2026-02-11T19:18:39.402537,82388,1,51,-64,9,50,DL,
2026-02-11T19:18:39.501745,82488,1,52,-64,9,51,DL,
2026-02-11T19:18:39.601130,82588,1,53,-64,9,52,DL,
2026-02-11T19:18:39.700581,82689,1,54,-64,9,53,DL,
2026-02-11T19:18:39.799879,82789,1,55,-64,9,54,DL,
2026-02-11T19:18:39.899557,82889,1,56,-64,8,55,DL,
2026-02-11T19:18:39.998719,82989,1,57,-72,6,56,DL,
2026-02-11T19:18:40.098401,83089,1,58,-64,9,57,DL,
2026-02-11T19:18:40.198555,83189,1,59,-64,9,58,DL,
2026-02-11T19:18:40.297078,83289,1,60,-64,9,59,DL,
2026-02-11T19:18:40.396183,83389,1,61,-64,9,60,DL,
2026-02-11T19:18:40.495604,83489,1,62,-64,9,61,DL,
2026-02-11T19:18:40.594601,83589,1,63,-64,9,62,DL,
2026-02-11T19:18:40.694864,83689,1,64,-64,9,63,DL,
2026-02-11T19:18:40.794074,83789,1,65,-72,6,64,DL,
2026-02-11T19:18:40.892755,83890,1,66,-64,9,65,DL,
2026-02-11T19:18:40.992241,83990,1,67,-64,9,66,DL,
2026-02-11T19:18:41.091965,84090,1,68,-64,9,67,DL,
2026-02-11T19:18:41.190988,84190,1,69,-64,9,68,DL,
2026-02-11T19:18:41.290756,84290,1,70,-64,9,69,DL,
2026-02-11T19:18:41.390078,84390,1,71,-64,9,70,DL,
2026-02-11T19:18:41.489182,84490,1,72,-72,6,71,DL,
2026-02-11T19:18:41.589095,84590,1,73,-64,9,72,DL,
2026-02-11T19:18:41.688689,84690,1,74,-64,9,73,DL,
2026-02-11T19:18:41.787095,84790,1,75,-64,9,74,DL,
2026-02-11T19:18:41.889515,84890,1,76,-64,9,75,DL,
2026-02-11T19:18:41.986353,84990,1,77,-64,9,76,DL,
2026-02-11T19:18:42.085741,85090,1,78,-64,9,77,DL,
2026-02-11T19:18:42.184750,85190,1,79,-72,6,78,DL,
2026-02-11T19:18:42.284726,85290,1,80,0,0,78,NONE,
2026-02-11T19:18:42.383910,85391,1,81,-73,6,79,DL,
2026-02-11T19:18:42.482930,85491,1,82,-64,9,80,DL,
2026-02-11T19:18:42.582728,85591,1,83,-64,10,81,DL,
2026-02-11T19:18:42.681731,85691,1,84,-64,9,82,DL,
2026-02-11T19:18:42.781012,85791,1,85,-64,9,83,DL,
2026-02-11T19:18:42.880759,85891,1,86,0,0,83,NONE,
2026-02-11T19:18:42.980144,85991,1,87,-64,9,84,DL,
2026-02-11T19:18:43.087744,86091,1,88,-64,9,85,DL,
2026-02-11T19:18:43.179730,86191,1,89,0,0,85,NONE,
2026-02-11T19:18:43.278127,86291,1,90,0,0,85,NONE,
2026-02-11T19:18:43.377515,86391,1,91,-64,10,86,DL,
2026-02-11T19:18:43.477284,86491,1,92,-64,10,87,DL,
2026-02-11T19:18:43.576967,86592,1,93,-61,12,88,DL,
2026-02-11T19:18:43.675925,86692,1,94,0,0,88,NONE,
2026-02-11T19:18:43.775287,86792,1,95,0,0,88,NONE,
2026-02-11T19:18:43.874888,86892,1,96,0,0,88,NONE,
2026-02-11T19:18:43.973839,86992,1,97,0,0,88,NONE,
2026-02-11T19:18:44.072933,87092,1,98,0,0,88,NONE,
2026-02-11T19:18:44.172291,87192,1,99,0,0,88,NONE,
2026-02-11T19:18:44.272184,87292,1,100,-64,10,89,DL,
2026-02-11T19:18:44.371155,87392,1,101,-64,8,89,DL,
2026-02-11T19:18:44.470881,87492,1,102,-64,9,89,DL,
2026-02-11T19:18:44.570695,87592,1,103,-72,6,89,DL,
2026-02-11T19:18:44.669106,87692,1,104,0,0,88,NONE,
2026-02-11T19:18:44.769253,87792,1,105,-64,9,88,DL,
2026-02-11T19:18:44.868904,87893,1,106,-64,9,88,DL,
2026-02-11T19:18:44.967481,87993,1,107,-64,9,88,DL,
2026-02-11T19:18:45.067363,88093,1,108,-64,9,88,DL,
2026-02-11T19:18:45.166553,88193,1,109,-64,9,88,DL,
2026-02-11T19:18:45.265490,88293,1,110,-64,10,88,DL,
2026-02-11T19:18:45.365383,88393,1,111,-64,9,88,DL,
2026-02-11T19:18:45.465111,88493,1,112,-64,9,88,DL,
2026-02-11T19:18:45.563991,88593,1,113,0,0,87,NONE,
2026-02-11T19:18:45.664223,88693,1,114,0,0,86,NONE,
2026-02-11T19:18:45.762993,88793,1,115,-72,6,86,DL,
2026-02-11T19:18:45.862151,88893,1,116,-64,9,86,DL,
2026-02-11T19:18:45.961465,88993,1,117,-64,9,86,DL,
2026-02-11T19:18:46.061026,89094,1,118,-64,9,86,DL,
2026-02-11T19:18:46.160832,89194,1,119,-64,9,86,DL,
2026-02-11T19:18:46.259401,89294,1,120,-72,6,86,DL,
2026-02-11T19:18:46.359478,89394,1,121,0,0,85,NONE,
2026-02-11T19:18:46.459048,89494,1,122,-64,9,85,DL,
2026-02-11T19:18:46.557573,89594,1,123,0,0,84,NONE,
2026-02-11T19:18:46.657544,89694,1,124,-72,6,84,DL,
2026-02-11T19:18:46.757050,89794,1,125,-64,9,84,DL,
2026-02-11T19:18:46.856204,89894,1,126,-64,9,84,DL,
2026-02-11T19:18:46.956164,89994,1,127,-64,8,84,DL,
2026-02-11T19:18:47.055181,90094,1,128,0,0,83,NONE,
2026-02-11T19:18:47.154032,90194,1,129,-72,6,83,DL,
2026-02-11T19:18:47.253338,90294,1,130,0,0,83,NONE,
2026-02-11T19:18:47.353311,90394,1,131,-58,12,83,DL,
2026-02-11T19:18:47.451941,90495,1,132,-64,9,83,DL,
2026-02-11T19:18:47.551680,90595,1,133,-64,9,83,DL,
2026-02-11T19:18:47.651225,90695,1,134,-64,9,83,DL,
2026-02-11T19:18:47.755262,90795,1,135,-64,9,83,DL,
2026-02-11T19:18:47.849965,90895,1,136,-64,9,83,DL,
2026-02-11T19:18:47.949323,90995,1,137,-64,9,83,DL,
2026-02-11T19:18:48.048299,91095,1,138,-64,9,83,DL,
2026-02-11T19:18:48.155631,91195,1,139,-64,9,83,DL,
2026-02-11T19:18:48.247491,91295,1,140,-64,9,83,DL,
2026-02-11T19:18:48.346489,91395,1,141,-64,8,83,DL,
2026-02-11T19:18:48.446216,91495,1,142,-64,9,83,DL,
2026-02-11T19:18:48.546107,91595,1,143,-64,9,83,DL,
2026-02-11T19:18:48.645019,91696,1,144,-64,9,83,DL,
2026-02-11T19:18:48.744173,91796,1,145,-64,9,83,DL,
2026-02-11T19:18:48.843776,91896,1,146,0,0,82,NONE,
2026-02-11T19:18:48.943171,91996,1,147,-67,7,82,DL,
2026-02-11T19:18:49.042040,92096,1,148,-64,9,82,DL,
2026-02-11T19:18:49.142444,92196,1,149,-64,10,82,DL,
2026-02-11T19:18:49.241290,92296,1,150,-64,9,82,DL,
2026-02-11T19:18:49.340925,92396,1,151,-64,10,82,DL,
2026-02-11T19:18:49.440130,92496,1,152,-67,8,82,DL,
2026-02-11T19:18:49.539779,92596,1,153,-64,9,82,DL,
2026-02-11T19:18:49.638937,92696,1,154,-67,7,82,DL,
2026-02-11T19:18:49.738250,92797,1,155,-64,9,82,DL,
2026-02-11T19:18:49.837295,92897,1,156,-64,9,82,DL,
2026-02-11T19:18:49.937364,92997,1,157,-64,9,82,DL,
2026-02-11T19:18:50.036803,93097,1,158,-64,9,82,DL,
2026-02-11T19:18:50.135584,93197,1,159,-64,9,82,DL,
2026-02-11T19:18:50.235370,93297,1,160,-64,9,82,DL,
2026-02-11T19:18:50.334964,93397,1,161,-64,9,82,DL,
2026-02-11T19:18:50.434545,93497,1,162,-64,9,82,DL,
2026-02-11T19:18:50.533598,93597,1,163,-59,12,82,DL,
2026-02-11T19:18:50.632550,93697,1,164,-64,9,82,DL,
2026-02-11T19:18:50.732569,93797,1,165,-64,9,82,DL,
2026-02-11T19:18:50.831902,93897,1,166,-72,6,82,DL,
2026-02-11T19:18:50.930719,93998,1,167,-64,9,82,DL,
2026-02-11T19:18:51.030708,94098,1,168,-64,9,82,DL,
2026-02-11T19:18:51.130459,94198,1,169,-64,9,82,DL,
2026-02-11T19:18:51.228819,94298,1,170,-64,8,82,DL,
2026-02-11T19:18:51.328061,94398,1,171,-64,8,82,DL,
2026-02-11T19:18:51.427345,94498,1,172,-64,9,82,DL,
2026-02-11T19:18:51.526957,94598,1,173,-72,6,82,DL,
2026-02-11T19:18:51.626335,94698,1,174,-64,9,82,DL,
2026-02-11T19:18:51.725704,94798,1,175,-64,9,82,DL,
2026-02-11T19:18:51.825286,94898,1,176,-64,9,82,DL,
2026-02-11T19:18:51.924452,94998,1,177,-72,6,82,DL,
2026-02-11T19:18:52.024092,95099,1,178,-64,9,82,DL,
2026-02-11T19:18:52.123166,95199,1,179,-64,9,82,DL,
2026-02-11T19:18:52.222700,95299,1,180,-72,6,83,DL,
2026-02-11T19:18:52.322471,95399,1,181,-64,9,83,DL,
2026-02-11T19:18:52.421347,95499,1,182,-67,8,83,DL,
2026-02-11T19:18:52.520586,95599,1,183,-64,9,83,DL,
2026-02-11T19:18:52.620841,95699,1,184,-64,9,83,DL,
2026-02-11T19:18:52.719598,95799,1,185,-72,6,83,DL,
2026-02-11T19:18:52.819018,95899,1,186,-64,9,84,DL,
2026-02-11T19:18:52.919001,95999,1,187,-64,9,84,DL,
2026-02-11T19:18:53.018224,96099,1,188,-64,9,84,DL,
2026-02-11T19:18:53.122373,96199,1,189,-64,9,85,DL,
2026-02-11T19:18:53.216895,96300,1,190,-64,9,86,DL,
2026-02-11T19:18:53.316861,96400,1,191,-64,10,86,DL,
2026-02-11T19:18:53.415495,96500,1,192,-64,9,86,DL,
2026-02-11T19:18:53.515544,96600,1,193,-64,8,86,DL,
2026-02-11T19:18:53.614044,96700,1,194,-64,9,87,DL,
2026-02-11T19:18:53.713816,96800,1,195,-64,9,88,DL,
2026-02-11T19:18:53.814055,96900,1,196,-64,9,89,DL,
2026-02-11T19:18:53.912921,97000,1,197,-64,9,90,DL,
2026-02-11T19:18:54.012151,97100,1,198,-64,9,91,DL,
2026-02-11T19:18:54.111191,97200,1,199,-64,9,92,DL,
2026-02-11T19:18:54.211230,97300,1,200,-64,9,92,DL,
2026-02-11T19:18:54.310210,97401,1,201,-73,6,92,DL,
2026-02-11T19:18:54.409184,97501,1,202,-64,9,92,DL,
2026-02-11T19:18:54.508897,97601,1,203,-64,8,92,DL,
2026-02-11T19:18:54.608283,97701,1,204,-64,9,93,DL,
2026-02-11T19:18:54.707330,97801,1,205,-64,9,93,DL,
2026-02-11T19:18:54.815163,97901,1,206,-72,6,93,DL,
2026-02-11T19:18:54.906649,98001,1,207,-59,12,93,DL,
2026-02-11T19:18:55.005833,98101,1,208,-64,8,93,DL,
2026-02-11T19:18:55.104753,98201,1,209,-64,9,93,DL,
2026-02-11T19:18:55.204440,98301,1,210,-64,9,93,DL,
2026-02-11T19:18:55.303512,98401,1,211,-64,9,93,DL,
2026-02-11T19:18:55.403104,98501,1,212,0,0,92,NONE,
2026-02-11T19:18:55.502726,98601,1,213,-64,9,93,DL,
2026-02-11T19:18:55.601826,98701,1,214,0,0,93,NONE,
2026-02-11T19:18:55.700938,98801,1,215,0,0,92,NONE,
2026-02-11T19:18:55.800755,98901,1,216,0,0,91,NONE,
2026-02-11T19:18:55.900258,99002,1,217,-64,9,91,DL,
2026-02-11T19:18:55.999932,99102,1,218,-64,9,91,DL,
2026-02-11T19:18:56.099122,99202,1,219,-64,9,91,DL,
2026-02-11T19:18:56.198032,99302,1,220,-72,6,91,DL,
2026-02-11T19:18:56.298439,99402,1,221,-64,9,92,DL,
2026-02-11T19:18:56.397209,99502,1,222,-64,9,92,DL,
2026-02-11T19:18:56.496798,99602,1,223,-64,9,93,DL,
2026-02-11T19:18:56.595735,99702,1,224,-72,5,93,DL,
2026-02-11T19:18:56.694623,99802,1,225,-64,8,93,DL,
2026-02-11T19:18:56.794700,99902,1,226,0,0,92,NONE,
2026-02-11T19:18:56.894990,100003,1,227,-72,6,92,DL,
2026-02-11T19:18:56.992981,100103,1,228,-64,9,93,DL,
2026-02-11T19:18:57.092185,100203,1,229,-64,9,93,DL,
2026-02-11T19:18:57.191906,100303,1,230,-64,9,94,DL,
2026-02-11T19:18:57.291369,100403,1,231,-64,9,94,DL,
2026-02-11T19:18:57.390873,100503,1,232,-72,6,94,DL,
2026-02-11T19:18:57.489708,100603,1,233,-64,9,94,DL,
2026-02-11T19:18:57.589202,100703,1,234,-64,8,94,DL,
2026-02-11T19:18:57.688949,100803,1,235,-72,6,94,DL,
2026-02-11T19:18:57.788168,100903,1,236,-72,6,94,DL,
2026-02-11T19:18:57.887239,101003,1,237,-72,6,94,DL,
2026-02-11T19:18:57.986938,101103,1,238,-72,6,94,DL,
2026-02-11T19:18:58.086307,101203,1,239,-72,6,94,DL,
2026-02-11T19:18:58.185289,101303,1,240,0,0,93,NONE,
2026-02-11T19:18:58.285041,101404,1,241,-64,9,93,DL,
2026-02-11T19:18:58.384494,101504,1,242,-73,6,93,DL,
2026-02-11T19:18:58.484210,101604,1,243,-72,6,93,DL,
2026-02-11T19:18:58.583295,101704,1,244,-64,9,93,DL,
2026-02-11T19:18:58.682858,101804,1,245,-64,9,93,DL,
2026-02-11T19:18:58.781597,101904,1,246,-64,9,94,DL,
2026-02-11T19:18:58.881141,102004,1,247,0,0,93,NONE,
2026-02-11T19:18:58.980056,102104,1,248,-64,9,93,DL,
2026-02-11T19:18:59.079875,102204,1,249,-64,8,93,DL,
2026-02-11T19:18:59.179514,102304,1,250,-67,8,93,DL,
2026-02-11T19:18:59.279190,102404,1,251,-64,9,93,DL,
2026-02-11T19:18:59.378279,102504,1,252,-72,6,93,DL,
2026-02-11T19:18:59.477693,102604,1,253,-64,9,93,DL,
2026-02-11T19:18:59.577055,102705,1,254,-72,6,93,DL,
2026-02-11T19:18:59.676301,102805,1,255,-64,9,93,DL,
2026-02-11T19:18:59.775191,102905,1,256,0,0,92,NONE,
2026-02-11T19:18:59.877016,103005,1,257,-72,6,92,DL,
2026-02-11T19:18:59.973913,103105,1,258,0,0,91,NONE,
2026-02-11T19:19:00.073303,103205,1,259,-70,6,91,DL,
2026-02-11T19:19:00.173096,103305,1,260,-72,6,91,DL,
2026-02-11T19:19:00.272463,103405,1,261,-72,6,91,DL,
2026-02-11T19:19:00.371430,103505,1,262,-64,8,91,DL,
2026-02-11T19:19:00.471335,103605,1,263,-72,6,91,DL,
2026-02-11T19:19:00.570373,103705,1,264,-64,9,91,DL,
2026-02-11T19:19:00.669924,103805,1,265,-72,5,91,DL,
2026-02-11T19:19:00.771015,103905,1,266,-64,9,91,DL,
2026-02-11T19:19:00.868985,104005,1,267,-64,8,91,DL,
2026-02-11T19:19:00.967571,104105,1,268,0,0,90,NONE,
2026-02-11T19:19:01.067891,104205,1,269,0,0,89,NONE,
2026-02-11T19:19:01.166758,104306,1,270,-64,9,89,DL,
2026-02-11T19:19:01.266096,104406,1,271,-64,9,89,DL,
2026-02-11T19:19:01.365807,104506,1,272,-72,6,89,DL,
2026-02-11T19:19:01.465308,104606,1,273,-64,8,89,DL,
2026-02-11T19:19:01.564673,104706,1,274,-64,9,89,DL,
2026-02-11T19:19:01.663927,104806,1,275,-64,9,89,DL,
2026-02-11T19:19:01.763352,104906,1,276,-64,9,89,DL,
2026-02-11T19:19:01.862710,105006,1,277,-64,9,89,DL,
2026-02-11T19:19:01.962287,105106,1,278,0,0,88,NONE,
2026-02-11T19:19:02.061565,105206,1,279,-73,6,88,DL,
2026-02-11T19:19:02.160822,105307,1,280,-72,6,88,DL,
2026-02-11T19:19:02.259626,105407,1,281,-72,6,88,DL,
2026-02-11T19:19:02.359355,105507,1,282,-64,9,88,DL,
2026-02-11T19:19:02.458968,105607,1,283,-72,7,88,DL,
2026-02-11T19:19:02.559077,105707,1,284,-67,7,88,DL,
2026-02-11T19:19:02.657633,105807,1,285,-72,6,88,DL,
2026-02-11T19:19:02.757225,105907,1,286,-64,9,88,DL,
2026-02-11T19:19:02.855719,106007,1,287,-64,9,88,DL,
2026-02-11T19:19:02.955872,106107,1,288,-64,9,88,DL,
2026-02-11T19:19:03.055568,106207,1,289,-64,9,88,DL,
2026-02-11T19:19:03.154109,106307,1,290,-72,6,88,DL,
2026-02-11T19:19:03.254546,106407,1,291,-64,8,88,DL,
2026-02-11T19:19:03.353701,106507,1,292,0,0,87,NONE,
2026-02-11T19:19:03.452214,106608,1,293,-55,12,87,DL,
2026-02-11T19:19:03.552396,106708,1,294,0,0,86,NONE,
2026-02-11T19:19:03.651866,106808,1,295,-64,8,86,DL,
2026-02-11T19:19:03.751233,106908,1,296,-64,9,86,DL,
2026-02-11T19:19:03.850321,107008,1,297,-64,8,86,DL,
2026-02-11T19:19:03.949616,107108,1,298,-64,8,86,DL,
2026-02-11T19:19:04.048923,107208,1,299,-64,8,86,DL,
2026-02-11T19:19:04.148314,107308,1,300,0,0,85,NONE,
2026-02-11T19:19:04.247882,107408,1,301,-64,8,85,DL,
2026-02-11T19:19:04.346951,107508,1,302,0,0,84,NONE,
2026-02-11T19:19:04.446294,107608,1,303,0,0,83,NONE,
2026-02-11T19:19:04.545726,107708,1,304,0,0,82,NONE,
2026-02-11T19:19:04.644981,107808,1,305,0,0,81,NONE,
2026-02-11T19:19:04.744354,107909,1,306,-62,11,81,DL,
2026-02-11T19:19:04.843998,108009,1,307,0,0,80,NONE,
2026-02-11T19:19:04.942917,108109,1,308,-64,8,80,DL,
2026-02-11T19:19:05.042612,108209,1,309,-67,7,80,DL,
2026-02-11T19:19:05.141952,108309,1,310,-64,8,80,DL,
2026-02-11T19:19:05.241601,108409,1,311,-64,8,80,DL,
2026-02-11T19:19:05.340901,108509,1,312,-64,8,81,DL,
2026-02-11T19:19:05.440455,108609,1,313,-64,9,81,DL,
2026-02-11T19:19:05.539806,108709,1,314,-64,9,82,DL,
2026-02-11T19:19:05.638990,108809,1,315,-64,8,83,DL,
2026-02-11T19:19:05.738209,108910,1,316,-67,7,84,DL,
2026-02-11T19:19:05.837869,109010,1,317,0,0,83,NONE,
2026-02-11T19:19:05.936852,109110,1,318,0,0,82,NONE,
2026-02-11T19:19:06.036911,109210,1,319,-64,8,82,DL,
2026-02-11T19:19:06.135661,109310,1,320,-64,9,82,DL,
2026-02-11T19:19:06.235080,109410,1,321,-72,6,82,DL,
2026-02-11T19:19:06.334373,109510,1,322,-72,5,82,DL,
2026-02-11T19:19:06.434522,109610,1,323,-64,8,82,DL,
2026-02-11T19:19:06.533918,109710,1,324,0,0,81,NONE,
2026-02-11T19:19:06.636315,109810,1,325,-65,10,81,DL,
2026-02-11T19:19:06.731850,109910,1,326,-73,7,82,DL,
2026-02-11T19:19:06.831737,110010,1,327,0,0,81,NONE,
2026-02-11T19:19:06.930880,110111,1,328,-64,9,81,DL,
2026-02-11T19:19:07.030247,110211,1,329,-67,8,81,DL,
2026-02-11T19:19:07.129809,110311,1,330,-72,6,81,DL,
2026-02-11T19:19:07.228810,110411,1,331,-72,7,81,DL,
2026-02-11T19:19:07.328906,110511,1,332,-64,8,81,DL,
2026-02-11T19:19:07.427699,110611,1,333,-68,11,81,DL,
2026-02-11T19:19:07.526706,110711,1,334,0,0,80,NONE,
2026-02-11T19:19:07.626697,110811,1,335,-64,10,80,DL,
2026-02-11T19:19:07.726103,110911,1,336,-64,10,80,DL,
2026-02-11T19:19:07.825385,111011,1,337,-64,10,80,DL,
2026-02-11T19:19:07.924712,111111,1,338,-62,12,80,DL,
2026-02-11T19:19:08.025347,111211,1,339,-73,6,80,DL,
2026-02-11T19:19:08.123281,111312,1,340,-64,9,81,DL,
2026-02-11T19:19:08.223045,111412,1,341,-72,6,81,DL,
2026-02-11T19:19:08.322882,111512,1,342,-64,9,81,DL,
2026-02-11T19:19:08.421811,111612,1,343,-64,9,81,DL,
2026-02-11T19:19:08.521135,111712,1,344,-64,9,81,DL,
2026-02-11T19:19:08.620873,111812,1,345,-64,10,81,DL,
2026-02-11T19:19:08.720205,111912,1,346,-64,9,81,DL,
2026-02-11T19:19:08.819017,112012,1,347,-65,9,82,DL,
2026-02-11T19:19:08.919125,112112,1,348,-64,10,82,DL,
2026-02-11T19:19:09.018260,112212,1,349,-67,8,82,DL,
2026-02-11T19:19:09.117264,112312,1,350,-65,10,82,DL,
2026-02-11T19:19:09.217235,112413,1,351,-72,6,82,DL,
2026-02-11T19:19:09.316411,112513,1,352,-64,10,82,DL,
2026-02-11T19:19:09.415759,112613,1,353,-64,10,82,DL,
2026-02-11T19:19:09.515255,112713,1,354,-64,9,82,DL,
2026-02-11T19:19:09.614221,112813,1,355,-67,8,82,DL,
2026-02-11T19:19:09.714303,112913,1,356,-64,10,83,DL,
2026-02-11T19:19:09.812659,113013,1,357,-64,10,83,DL,
2026-02-11T19:19:09.912480,113113,1,358,-67,8,84,DL,
2026-02-11T19:19:10.011984,113213,1,359,-64,9,84,DL,
2026-02-11T19:19:10.111081,113313,1,360,-72,6,84,DL,
2026-02-11T19:19:10.210777,113413,1,361,-72,6,84,DL,
2026-02-11T19:19:10.309874,113513,1,362,-64,9,84,DL,
2026-02-11T19:19:10.409707,113614,1,363,-64,9,84,DL,
2026-02-11T19:19:10.508777,113714,1,364,-64,9,84,DL,
2026-02-11T19:19:10.607578,113814,1,365,-73,6,84,DL,
2026-02-11T19:19:10.706918,113914,1,366,-64,10,84,DL,
2026-02-11T19:19:10.806839,114014,1,367,-64,9,84,DL,
2026-02-11T19:19:10.906355,114114,1,368,-64,10,85,DL,
2026-02-11T19:19:11.005255,114214,1,369,-64,9,86,DL,
2026-02-11T19:19:11.105057,114314,1,370,-64,9,86,DL,
2026-02-11T19:19:11.204326,114414,1,371,-64,9,86,DL,
2026-02-11T19:19:11.303708,114514,1,372,-64,10,86,DL,
2026-02-11T19:19:11.403089,114614,1,373,-64,10,86,DL,
2026-02-11T19:19:11.502464,114714,1,374,-65,10,86,DL,
2026-02-11T19:19:11.601512,114815,1,375,-64,10,86,DL,
2026-02-11T19:19:11.701281,114915,1,376,-72,6,86,DL,
2026-02-11T19:19:11.800297,115015,1,377,-64,10,86,DL,
2026-02-11T19:19:11.900064,115115,1,378,-64,10,87,DL,
2026-02-11T19:19:11.998903,115215,1,379,-64,9,87,DL,
2026-02-11T19:19:12.098838,115315,1,380,-64,10,87,DL,
2026-02-11T19:19:12.198157,115415,1,381,-64,10,87,DL,
2026-02-11T19:19:12.297154,115515,1,382,-64,9,87,DL,
2026-02-11T19:19:12.396807,115615,1,383,-65,10,87,DL,
2026-02-11T19:19:12.495928,115715,1,384,-65,10,87,DL,
2026-02-11T19:19:12.595284,115815,1,385,-65,10,87,DL,
2026-02-11T19:19:12.694514,115915,1,386,-65,10,87,DL,
2026-02-11T19:19:12.794132,116016,1,387,-65,10,87,DL,
2026-02-11T19:19:12.893269,116116,1,388,0,0,86,NONE,
2026-02-11T19:19:12.992814,116216,1,389,-73,7,86,DL,
2026-02-11T19:19:13.093118,116316,1,390,-73,6,86,DL,
2026-02-11T19:19:13.191704,116416,1,391,-73,6,86,DL,
2026-02-11T19:19:13.291146,116516,1,392,-65,10,87,DL,
2026-02-11T19:19:13.390006,116616,1,393,-65,10,87,DL,
2026-02-11T19:19:13.489924,116716,1,394,-64,10,88,DL,
2026-02-11T19:19:13.590469,116816,1,395,-65,10,88,DL,
2026-02-11T19:19:13.688616,116916,1,396,-73,6,88,DL,
2026-02-11T19:19:13.788129,117016,1,397,-73,6,88,DL,
2026-02-11T19:19:13.887102,117116,1,398,-64,10,88,DL,
2026-02-11T19:19:13.986829,117216,1,399,-65,10,88,DL,
2026-02-11T19:19:14.086320,117317,1,400,-65,10,89,DL,
2026-02-11T19:19:14.185281,117417,1,401,-65,10,89,DL,
2026-02-11T19:19:14.287994,117517,1,402,-65,10,90,DL,
2026-02-11T19:19:14.384208,117617,1,403,-65,10,91,DL,
2026-02-11T19:19:14.483178,117717,1,404,-65,10,92,DL,
2026-02-11T19:19:14.583302,117817,1,405,-73,6,93,DL,
2026-02-11T19:19:14.682429,117917,1,406,-65,10,93,DL,
2026-02-11T19:19:14.781165,118017,1,407,-65,10,94,DL,
2026-02-11T19:19:14.881297,118117,1,408,-65,10,94,DL,
2026-02-11T19:19:14.979849,118217,1,409,-64,10,94,DL,
2026-02-11T19:19:15.082628,118317,1,410,-72,6,94,DL,
2026-02-11T19:19:15.179073,118417,1,411,-73,6,94,DL,
2026-02-11T19:19:15.278806,118517,1,412,-65,9,94,DL,
2026-02-11T19:19:15.377974,118618,1,413,-73,6,94,DL,
2026-02-11T19:19:15.477620,118718,1,414,-72,6,94,DL,
2026-02-11T19:19:15.576215,118818,1,415,-64,10,94,DL,
2026-02-11T19:19:15.676110,118918,1,416,-72,6,94,DL,
2026-02-11T19:19:15.775757,119018,1,417,-64,10,95,DL,
2026-02-11T19:19:15.874920,119118,1,418,-64,10,96,DL,
2026-02-11T19:19:15.974205,119218,1,419,-72,6,96,DL,
2026-02-11T19:19:16.073723,119318,1,420,-72,6,96,DL,
2026-02-11T19:19:16.173223,119418,1,421,-73,6,96,DL,
2026-02-11T19:19:16.272517,119518,1,422,-73,6,96,DL,
2026-02-11T19:19:16.371101,119618,1,423,-72,6,96,DL,
2026-02-11T19:19:16.471254,119718,1,424,-64,10,97,DL,
2026-02-11T19:19:16.570595,119818,1,425,-64,10,97,DL,
2026-02-11T19:19:16.669945,119918,1,426,-73,6,97,DL,
2026-02-11T19:19:16.769562,120019,1,427,-65,10,98,DL,
2026-02-11T19:19:16.868732,120119,1,428,-72,6,98,DL,
2026-02-11T19:19:16.967879,120219,1,429,-65,10,98,DL,
2026-02-11T19:19:17.067173,120319,1,430,-64,10,98,DL,
2026-02-11T19:19:17.166943,120419,1,431,-65,11,98,DL,
2026-02-11T19:19:17.266270,120519,1,432,-73,6,98,DL,
2026-02-11T19:19:17.364952,120619,1,433,-73,7,98,DL,
2026-02-11T19:19:17.464189,120719,1,434,-65,11,99,DL,
2026-02-11T19:19:17.564247,120819,1,435,-65,11,99,DL,
2026-02-11T19:19:17.663906,120919,1,436,-64,10,99,DL,
2026-02-11T19:19:17.763319,121019,1,437,-72,6,99,DL,
2026-02-11T19:19:17.862358,121119,1,438,-73,6,99,DL,
2026-02-11T19:19:17.962728,121219,1,439,-65,11,99,DL,
2026-02-11T19:19:18.061101,121319,1,440,-65,11,99,DL,
2026-02-11T19:19:18.160394,121420,1,441,-65,11,99,DL,
2026-02-11T19:19:18.259398,121520,1,442,-65,11,99,DL,
2026-02-11T19:19:18.359383,121620,1,443,-73,6,99,DL,
2026-02-11T19:19:18.458511,121720,1,444,-65,10,99,DL,
2026-02-11T19:19:18.557467,121820,1,445,-65,10,99,DL,
2026-02-11T19:19:18.656894,121920,1,446,-73,6,99,DL,
2026-02-11T19:19:18.757680,122020,1,447,-73,6,99,DL,
2026-02-11T19:19:18.855876,122120,1,448,-72,7,99,DL,
2026-02-11T19:19:18.955404,122220,1,449,-65,10,99,DL,
2026-02-11T19:19:19.054871,122320,1,450,-65,10,99,DL,
2026-02-11T19:19:19.153711,122420,1,451,-65,11,99,DL,
2026-02-11T19:19:19.253131,122520,1,452,-64,12,99,DL,
2026-02-11T19:19:19.352350,122620,1,453,0,0,98,NONE,
2026-02-11T19:19:19.452038,122720,1,454,0,0,97,NONE,
2026-02-11T19:19:19.551574,122820,1,455,0,0,96,NONE,
2026-02-11T19:19:19.650766,122920,1,456,0,0,95,NONE,
2026-02-11T19:19:19.749679,123020,1,457,0,0,94,NONE,
2026-02-11T19:19:19.849126,123120,1,458,0,0,93,NONE,
2026-02-11T19:19:19.948792,123220,1,459,0,0,92,NONE,
2026-02-11T19:19:20.047885,123320,1,460,0,0,91,NONE,
2026-02-11T19:19:20.147019,123420,1,461,0,0,90,NONE,
2026-02-11T19:19:20.346592,123621,1,463,-67,12,90,DL,
2026-02-11T19:19:20.445764,123721,1,464,0,0,89,NONE,
2026-02-11T19:19:20.545142,123821,1,465,0,0,88,NONE,
2026-02-11T19:19:20.644443,123921,1,466,0,0,87,NONE,
2026-02-11T19:19:20.743752,124021,1,467,0,0,86,NONE,
2026-02-11T19:19:20.842571,124121,1,468,0,0,85,NONE,
2026-02-11T19:19:20.942112,124221,1,469,0,0,84,NONE,
2026-02-11T19:19:21.041752,124321,1,470,0,0,83,NONE,
2026-02-11T19:19:21.140866,124421,1,471,0,0,82,NONE,
2026-02-11T19:19:21.240119,124521,1,472,0,0,81,NONE,
2026-02-11T19:19:21.638015,124922,1,476,-71,12,81,DL,
2026-02-11T19:19:21.737141,125022,1,477,-72,6,81,DL,
2026-02-11T19:19:21.836560,125122,1,478,-73,6,81,DL,
2026-02-11T19:19:21.938224,125222,1,479,-72,6,81,DL,
2026-02-11T19:19:22.035534,125322,1,480,-64,8,81,DL,
2026-02-11T19:19:22.135669,125423,1,481,-73,6,81,DL,
2026-02-11T19:19:22.234142,125523,1,482,0,0,80,NONE,
2026-02-11T19:19:22.333458,125623,1,483,-73,7,80,DL,
2026-02-11T19:19:22.433352,125723,1,484,-65,11,80,DL,
2026-02-11T19:19:22.532775,125823,1,485,-66,12,80,DL,
2026-02-11T19:19:22.631711,125923,1,486,-68,11,80,DL,
2026-02-11T19:19:22.731345,126023,1,487,-71,12,80,DL,
2026-02-11T19:19:22.830725,126123,1,488,-75,13,80,DL,
2026-02-11T19:19:22.930315,126223,1,489,-74,12,80,DL,
2026-02-11T19:19:23.029528,126323,1,490,-66,11,80,DL,
2026-02-11T19:19:23.128857,126423,1,491,-69,12,80,DL,
2026-02-11T19:19:23.227594,126523,1,492,-73,9,81,DL,
2026-02-11T19:19:23.327271,126624,1,493,-65,12,81,DL,
2026-02-11T19:19:23.427068,126724,1,494,-67,12,81,DL,
2026-02-11T19:19:23.526318,126824,1,495,-65,12,81,DL,
2026-02-11T19:19:23.625760,126924,1,496,-65,11,81,DL,
2026-02-11T19:19:23.725026,127024,1,497,-73,7,81,DL,
2026-02-11T19:19:23.824326,127124,1,498,-73,7,81,DL,
2026-02-11T19:19:23.923318,127224,1,499,-73,7,81,DL,
2026-02-11T19:19:24.025068,127324,1,500,-65,11,81,DL,
2026-02-11T19:19:24.122142,127424,1,501,0,0,80,NONE,
2026-02-11T19:19:24.221683,127524,1,502,-65,11,80,DL,
2026-02-11T19:19:24.320735,127624,1,503,0,0,79,NONE,
2026-02-11T19:19:24.420397,127724,1,504,0,0,78,NONE,
2026-02-11T19:19:24.519393,127824,1,505,-73,8,78,DL,
2026-02-11T19:19:24.619240,127925,1,506,-66,12,78,DL,
2026-02-11T19:19:24.718767,128025,1,507,-74,9,78,DL,
2026-02-11T19:19:24.818023,128125,1,508,-86,11,78,DL,
2026-02-11T19:19:24.916900,128225,1,509,-74,11,78,DL,
2026-02-11T19:19:25.016501,128325,1,510,-65,12,78,DL,
2026-02-11T19:19:25.115542,128425,1,511,-73,7,78,DL,
2026-02-11T19:19:25.215207,128525,1,512,0,0,77,NONE,
2026-02-11T19:19:25.315182,128625,1,513,-65,11,77,DL,
2026-02-11T19:19:25.414405,128725,1,514,-69,12,77,DL,
2026-02-11T19:19:25.513409,128825,1,515,-74,12,77,DL,
2026-02-11T19:19:25.613034,128925,1,516,-73,7,77,DL,
2026-02-11T19:19:25.712520,129025,1,517,-68,12,77,DL,
2026-02-11T19:19:25.811432,129125,1,518,0,0,76,NONE,
2026-02-11T19:19:25.911139,129225,1,519,0,0,75,NONE,
2026-02-11T19:19:26.010594,129325,1,520,0,0,74,NONE,
2026-02-11T19:19:26.109024,129425,1,521,0,0,73,NONE,
2026-02-11T19:19:26.208967,129525,1,522,0,0,72,NONE,
2026-02-11T19:19:26.307716,129625,1,523,0,0,71,NONE,
2026-02-11T19:19:26.407589,129725,1,524,0,0,70,NONE,
2026-02-11T19:19:26.506750,129825,1,525,0,0,69,NONE,
2026-02-11T19:19:26.605974,129925,1,526,0,0,68,NONE,
2026-02-11T19:19:30.512006,133860,1,0,-76,12,68,DL,
2026-02-11T19:19:30.610976,133960,1,1,-70,13,68,DL,
2026-02-11T19:19:30.710424,134060,1,2,-69,12,68,DL,
2026-02-11T19:19:30.809867,134160,1,3,-74,12,68,DL,
2026-02-11T19:19:30.908937,134260,1,4,-66,13,68,DL,
2026-02-11T19:19:31.008811,134360,1,5,-68,11,68,DL,
2026-02-11T19:19:31.108127,134460,1,6,-68,12,68,DL,
2026-02-11T19:19:31.207261,134560,1,7,-73,8,68,DL,
2026-02-11T19:19:31.306867,134660,1,8,-66,12,68,DL,
2026-02-11T19:19:31.406003,134760,1,9,-67,12,68,DL,
2026-02-11T19:19:31.505481,134860,1,10,-67,12,68,DL,
2026-02-11T19:19:31.604881,134960,1,11,-68,12,68,DL,
2026-02-11T19:19:31.704180,135061,1,12,-69,12,68,DL,
2026-02-11T19:19:31.803520,135161,1,13,-69,12,68,DL,
2026-02-11T19:19:31.902878,135261,1,14,-72,12,68,DL,
2026-02-11T19:19:32.002501,135361,1,15,-73,11,68,DL,
2026-02-11T19:19:32.102360,135461,1,16,-73,9,68,DL,
2026-02-11T19:19:32.201307,135561,1,17,-68,11,68,DL,
2026-02-11T19:19:32.300398,135661,1,18,-67,12,68,DL,
2026-02-11T19:19:32.399903,135761,1,19,-73,7,68,DL,
2026-02-11T19:19:32.499181,135861,1,20,-65,11,68,DL,
2026-02-11T19:19:32.598509,135961,1,21,-65,12,68,DL,
2026-02-11T19:19:32.698423,136061,1,22,-65,11,68,DL,
2026-02-11T19:19:32.797298,136162,1,23,-65,11,68,DL,
2026-02-11T19:19:32.896730,136262,1,24,-73,7,68,DL,
2026-02-11T19:19:32.995945,136362,1,25,-65,11,68,DL,
2026-02-11T19:19:33.095600,136462,1,26,-65,11,68,DL,
2026-02-11T19:19:33.194463,136562,1,27,-73,7,68,DL,
2026-02-11T19:19:33.293832,136662,1,28,-65,11,68,DL,
2026-02-11T19:19:33.393457,136762,1,29,-65,11,68,DL,
2026-02-11T19:19:33.493423,136862,1,30,-66,13,69,DL,
2026-02-11T19:19:33.592321,136962,1,31,0,0,69,NONE,
2026-02-11T19:19:33.691828,137062,1,32,-66,12,70,DL,
2026-02-11T19:19:33.791114,137162,1,33,-66,12,71,DL,
2026-02-11T19:19:33.890502,137262,1,34,-66,12,72,DL,
2026-02-11T19:19:33.989911,137363,1,35,-66,12,73,DL,
2026-02-11T19:19:34.089513,137463,1,36,-66,12,74,DL,
2026-02-11T19:19:34.188347,137563,1,37,-66,12,75,DL,
2026-02-11T19:19:34.287747,137663,1,38,-66,11,76,DL,
2026-02-11T19:19:34.387021,137763,1,39,-66,12,76,DL,
2026-02-11T19:19:34.486794,137863,1,40,-66,12,77,DL,
2026-02-11T19:19:34.586233,137963,1,41,-73,8,78,DL,
2026-02-11T19:19:34.685164,138063,1,42,-66,11,79,DL,
2026-02-11T19:19:34.791671,138163,1,43,-73,7,80,DL,
2026-02-11T19:19:34.884670,138263,1,44,-66,12,81,DL,
2026-02-11T19:19:34.983513,138363,1,45,-73,7,82,DL,
2026-02-11T19:19:35.082935,138463,1,46,-73,7,83,DL,
2026-02-11T19:19:35.182205,138563,1,47,0,0,83,NONE,
2026-02-11T19:19:35.281321,138664,1,48,-66,12,84,DL,
2026-02-11T19:19:35.380759,138764,1,49,-73,7,84,DL,
2026-02-11T19:19:35.479869,138864,1,50,-73,7,84,DL,
2026-02-11T19:19:35.579150,138964,1,51,-73,7,84,DL,
2026-02-11T19:19:35.678712,139064,1,52,-73,7,84,DL,
2026-02-11T19:19:35.777883,139164,1,53,0,0,83,NONE,
2026-02-11T19:19:35.877649,139264,1,54,-73,8,83,DL,
2026-02-11T19:19:35.976366,139364,1,55,0,0,83,NONE,
2026-02-11T19:19:36.076296,139464,1,56,-65,11,83,DL,
2026-02-11T19:19:36.175525,139564,1,57,-66,12,83,DL,
2026-02-11T19:19:36.274892,139664,1,58,-73,8,83,DL,
2026-02-11T19:19:36.374257,139764,1,59,-73,8,83,DL,
2026-02-11T19:19:36.473584,139864,1,60,-67,12,83,DL,
2026-02-11T19:19:36.573520,139964,1,61,-68,11,83,DL,
2026-02-11T19:19:36.672672,140065,1,62,-69,12,83,DL,
2026-02-11T19:19:36.771766,140165,1,63,-68,12,83,DL,
2026-02-11T19:19:36.871779,140265,1,64,-68,12,83,DL,
2026-02-11T19:19:36.970576,140365,1,65,-67,12,83,DL,
2026-02-11T19:19:37.070269,140465,1,66,-68,12,83,DL,
2026-02-11T19:19:37.169152,140565,1,67,-68,12,83,DL,
2026-02-11T19:19:37.268575,140665,1,68,-67,12,83,DL,
2026-02-11T19:19:37.368953,140765,1,69,-66,13,83,DL,
2026-02-11T19:19:37.467686,140865,1,70,-73,8,83,DL,
2026-02-11T19:19:37.567204,140965,1,71,-73,7,83,DL,
2026-02-11T19:19:37.667487,141065,1,72,-73,7,83,DL,
2026-02-11T19:19:37.766162,141166,1,73,-66,12,83,DL,
2026-02-11T19:19:37.865351,141266,1,74,-66,12,84,DL,
2026-02-11T19:19:37.964441,141366,1,75,-67,12,84,DL,
2026-02-11T19:19:38.064349,141466,1,76,-66,12,85,DL,
2026-02-11T19:19:38.163512,141566,1,77,-67,11,86,DL,
2026-02-11T19:19:38.262071,141666,1,78,-69,12,86,DL,
2026-02-11T19:19:38.362658,141766,1,79,-68,12,86,DL,
2026-02-11T19:19:38.461391,141866,1,80,-68,11,86,DL,
2026-02-11T19:19:38.560818,141966,1,81,-73,8,86,DL,
2026-02-11T19:19:38.660499,142066,1,82,-68,11,86,DL,
2026-02-11T19:19:38.759731,142166,1,83,-73,8,86,DL,
2026-02-11T19:19:38.859892,142266,1,84,-73,8,86,DL,
2026-02-11T19:19:38.958343,142367,1,85,-73,8,87,DL,
2026-02-11T19:19:39.057710,142467,1,86,-73,8,87,DL,
2026-02-11T19:19:39.157154,142567,1,87,-73,8,87,DL,
2026-02-11T19:19:39.256431,142667,1,88,-68,11,87,DL,
2026-02-11T19:19:39.355856,142767,1,89,-73,7,87,DL,
2026-02-11T19:19:39.454960,142867,1,90,-73,8,87,DL,
2026-02-11T19:19:39.554198,142967,1,91,0,0,87,NONE,
2026-02-11T19:19:39.653450,143067,1,92,-73,8,88,DL,
2026-02-11T19:19:39.752889,143167,1,93,-73,8,89,DL,
2026-02-11T19:19:39.854969,143267,1,94,-73,8,90,DL,
2026-02-11T19:19:39.952223,143367,1,95,0,0,90,NONE,
2026-02-11T19:19:40.051347,143467,1,96,-73,7,91,DL,
2026-02-11T19:19:40.151011,143567,1,97,-73,8,92,DL,
2026-02-11T19:19:40.250335,143667,1,98,-68,12,93,DL,
2026-02-11T19:19:40.349353,143767,1,99,-67,13,94,DL,
2026-02-11T19:19:40.449259,143868,1,100,-68,11,94,DL,
2026-02-11T19:19:40.548167,143968,1,101,-73,7,94,DL,
2026-02-11T19:19:40.647248,144068,1,102,-73,8,94,DL,
2026-02-11T19:19:40.746806,144168,1,103,-71,12,94,DL,
2026-02-11T19:19:40.845936,144268,1,104,-70,12,94,DL,
2026-02-11T19:19:40.945593,144368,1,105,-73,7,94,DL,
2026-02-11T19:19:41.045013,144468,1,106,-65,11,94,DL,
2026-02-11T19:19:41.144367,144568,1,107,-65,12,94,DL,
2026-02-11T19:19:41.244036,144668,1,108,-67,9,94,DL,
2026-02-11T19:19:41.342740,144768,1,109,-67,9,94,DL,
2026-02-11T19:19:41.443055,144868,1,110,-73,7,94,DL,
2026-02-11T19:19:41.542238,144969,1,111,-67,9,94,DL,
2026-02-11T19:19:41.640806,145069,1,112,-66,12,94,DL,
2026-02-11T19:19:41.741065,145169,1,113,-73,7,94,DL,
2026-02-11T19:19:41.839539,145269,1,114,-65,11,94,DL,
2026-02-11T19:19:41.939252,145369,1,115,-73,6,94,DL,
2026-02-11T19:19:42.038985,145469,1,116,-65,10,94,DL,
2026-02-11T19:19:42.138471,145569,1,117,-73,7,94,DL,
2026-02-11T19:19:42.237149,145669,1,118,-65,11,94,DL,
2026-02-11T19:19:42.336913,145769,1,119,-68,10,94,DL,
2026-02-11T19:19:42.436530,145869,1,120,-68,10,94,DL,
2026-02-11T19:19:42.535731,145969,1,121,-66,13,94,DL,
2026-02-11T19:19:42.635472,146069,1,122,-68,11,94,DL,
2026-02-11T19:19:42.734130,146170,1,123,-73,8,94,DL,
2026-02-11T19:19:42.834299,146270,1,124,-68,11,94,DL,
2026-02-11T19:19:42.933395,146370,1,125,-73,8,94,DL,
2026-02-11T19:19:43.034274,146470,1,126,-68,13,94,DL,
2026-02-11T19:19:43.132351,146570,1,127,-73,9,94,DL,
2026-02-11T19:19:43.230982,146670,1,128,-68,11,94,DL,
2026-02-11T19:19:43.331065,146770,1,129,-68,12,94,DL,
2026-02-11T19:19:43.430196,146870,1,130,-68,11,94,DL,
2026-02-11T19:19:43.531012,146970,1,131,-68,12,95,DL,
2026-02-11T19:19:43.628841,147070,1,132,-68,11,95,DL,
2026-02-11T19:19:43.728472,147170,1,133,-68,11,95,DL,
2026-02-11T19:19:43.827270,147270,1,134,-67,12,95,DL,
2026-02-11T19:19:43.927182,147371,1,135,-70,10,95,DL,
2026-02-11T19:19:44.026451,147471,1,136,-68,12,95,DL,
2026-02-11T19:19:44.125866,147571,1,137,-68,13,95,DL,
2026-02-11T19:19:44.225335,147671,1,138,-69,11,95,DL,
2026-02-11T19:19:44.324262,147771,1,139,-71,11,95,DL,
2026-02-11T19:19:44.423848,147871,1,140,-69,13,95,DL,
2026-02-11T19:19:44.523510,147971,1,141,-70,12,95,DL,
2026-02-11T19:19:44.622669,148071,1,142,-69,12,95,DL,
2026-02-11T19:19:44.722212,148171,1,143,-69,12,95,DL,
2026-02-11T19:19:44.821310,148271,1,144,-69,12,95,DL,
2026-02-11T19:19:44.922953,148371,1,145,-73,9,95,DL,
2026-02-11T19:19:45.020315,148472,1,146,-68,12,95,DL,
2026-02-11T19:19:45.119176,148572,1,147,-73,9,96,DL,
2026-02-11T19:19:45.218913,148672,1,148,-73,9,96,DL,
2026-02-11T19:19:45.318372,148772,1,149,-68,12,96,DL,
2026-02-11T19:19:45.417272,148872,1,150,-69,13,96,DL,
2026-02-11T19:19:45.517057,148972,1,151,-73,9,96,DL,
2026-02-11T19:19:45.616117,149072,1,152,-69,13,96,DL,
2026-02-11T19:19:45.715409,149172,1,153,-73,9,97,DL,
2026-02-11T19:19:45.815327,149272,1,154,-70,12,97,DL,
2026-02-11T19:19:45.914699,149372,1,155,-74,11,98,DL,
2026-02-11T19:19:46.013891,149472,1,156,-72,11,98,DL,
2026-02-11T19:19:46.113523,149572,1,157,-74,12,98,DL,
2026-02-11T19:19:46.212364,149672,1,158,-72,12,98,DL,
2026-02-11T19:19:46.311722,149773,1,159,-71,12,98,DL,
2026-02-11T19:19:46.411494,149873,1,160,-74,11,98,DL,
2026-02-11T19:19:46.511084,149973,1,161,-72,13,98,DL,
2026-02-11T19:19:46.610248,150073,1,162,-74,10,98,DL,
2026-02-11T19:19:46.709534,150173,1,163,-71,12,98,DL,
2026-02-11T19:19:46.809101,150273,1,164,-70,12,98,DL,
2026-02-11T19:19:46.908551,150373,1,165,-69,11,98,DL,
2026-02-11T19:19:47.007426,150473,1,166,-73,10,98,DL,
2026-02-11T19:19:47.107136,150573,1,167,-69,12,98,DL,
2026-02-11T19:19:47.206356,150673,1,168,-73,9,98,DL,
2026-02-11T19:19:47.305211,150773,1,169,-69,13,98,DL,
2026-02-11T19:19:47.404894,150873,1,170,-69,12,98,DL,
2026-02-11T19:19:47.504472,150974,1,171,-69,12,98,DL,
2026-02-11T19:19:47.603925,151074,1,172,-73,9,98,DL,
2026-02-11T19:19:47.703137,151174,1,173,-68,12,98,DL,
2026-02-11T19:19:47.802488,151274,1,174,-73,8,98,DL,
2026-02-11T19:19:47.901901,151374,1,175,-68,11,98,DL,
2026-02-11T19:19:48.001293,151474,1,176,-73,8,98,DL,
2026-02-11T19:19:48.100667,151574,1,177,-73,8,98,DL,
2026-02-11T19:19:48.200139,151674,1,178,-73,8,98,DL,
2026-02-11T19:19:48.299888,151774,1,179,-73,7,98,DL,
2026-02-11T19:19:48.398294,151874,1,180,-66,12,98,DL,
2026-02-11T19:19:48.497861,151974,1,181,-67,12,98,DL,
2026-02-11T19:19:48.597201,152074,1,182,-73,8,98,DL,
2026-02-11T19:19:48.696812,152174,1,183,-66,12,98,DL,
2026-02-11T19:19:48.796346,152274,1,184,-73,7,98,DL,
2026-02-11T19:19:48.895100,152375,1,185,-73,7,98,DL,
2026-02-11T19:19:48.994584,152475,1,186,-73,7,98,DL,
2026-02-11T19:19:49.094179,152575,1,187,0,0,97,NONE,
2026-02-11T19:19:49.193600,152675,1,188,-73,7,97,DL,
2026-02-11T19:19:49.292975,152775,1,189,-73,7,97,DL,
2026-02-11T19:19:49.397301,152875,1,190,-73,7,97,DL,
2026-02-11T19:19:49.491136,152975,1,191,-73,8,98,DL,
2026-02-11T19:19:49.591049,153075,1,192,-73,7,98,DL,
2026-02-11T19:19:49.690355,153175,1,193,0,0,97,NONE,
2026-02-11T19:19:49.789798,153275,1,194,-73,8,97,DL,
2026-02-11T19:19:49.889340,153375,1,195,-73,8,98,DL,
2026-02-11T19:19:49.990760,153475,1,196,-73,7,98,DL,
2026-02-11T19:19:50.087563,153575,1,197,-73,8,98,DL,
2026-02-11T19:19:50.186937,153675,1,198,-73,8,98,DL,
2026-02-11T19:19:50.288169,153776,1,199,-68,13,98,DL,
2026-02-11T19:19:50.386180,153876,1,200,-73,8,98,DL,
2026-02-11T19:19:50.484778,153976,1,201,-69,12,98,DL,
2026-02-11T19:19:50.584823,154076,1,202,-73,8,98,DL,
2026-02-11T19:19:50.683932,154176,1,203,-68,12,98,DL,
2026-02-11T19:19:50.784038,154276,1,204,-73,8,98,DL,
2026-02-11T19:19:50.883113,154376,1,205,-67,12,98,DL,
2026-02-11T19:19:50.982386,154476,1,206,-73,8,98,DL,
2026-02-11T19:19:51.081143,154576,1,207,-68,11,98,DL,
2026-02-11T19:19:51.182556,154676,1,208,-73,8,98,DL,
2026-02-11T19:19:51.280273,154776,1,209,-73,8,98,DL,
2026-02-11T19:19:51.379585,154876,1,210,-73,8,98,DL,
2026-02-11T19:19:51.478959,154977,1,211,-73,9,98,DL,
2026-02-11T19:19:51.578383,155077,1,212,-67,13,98,DL,
2026-02-11T19:19:51.677881,155177,1,213,-73,7,98,DL,
2026-02-11T19:19:51.777075,155277,1,214,-66,13,98,DL,
2026-02-11T19:19:51.876781,155377,1,215,-73,8,98,DL,
2026-02-11T19:19:51.975956,155477,1,216,-67,12,98,DL,
2026-02-11T19:19:52.075001,155577,1,217,-73,8,98,DL,
2026-02-11T19:19:52.174454,155677,1,218,-67,13,98,DL,
2026-02-11T19:19:52.274085,155777,1,219,-73,7,98,DL,
2026-02-11T19:19:52.373947,155877,1,220,-66,12,98,DL,
2026-02-11T19:19:52.472764,155977,1,221,-73,7,98,DL,
2026-02-11T19:19:52.571380,156077,1,222,-66,13,98,DL,
2026-02-11T19:19:52.670831,156177,1,223,-73,7,98,DL,
2026-02-11T19:19:52.770737,156278,1,224,-66,12,98,DL,
2026-02-11T19:19:52.870151,156378,1,225,-73,7,98,DL,
2026-02-11T19:19:52.969133,156478,1,226,-66,11,98,DL,
2026-02-11T19:19:53.068417,156578,1,227,-73,8,98,DL,
2026-02-11T19:19:53.168290,156678,1,228,-73,7,98,DL,
2026-02-11T19:19:53.266951,156778,1,229,-73,7,98,DL,
2026-02-11T19:19:53.366895,156878,1,230,-66,13,98,DL,
2026-02-11T19:19:53.466443,156978,1,231,-68,10,98,DL,
2026-02-11T19:19:53.565809,157078,1,232,-73,7,98,DL,
2026-02-11T19:19:53.665296,157178,1,233,-68,11,98,DL,
2026-02-11T19:19:53.764440,157278,1,234,0,0,97,NONE,
2026-02-11T19:19:53.863794,157378,1,235,-73,7,97,DL,
2026-02-11T19:19:53.963201,157478,1,236,-73,6,97,DL,
2026-02-11T19:19:54.062427,157579,1,237,-64,10,97,DL,
2026-02-11T19:19:54.162207,157679,1,238,0,0,96,NONE,
2026-02-11T19:19:54.260963,157779,1,239,0,0,95,NONE,
2026-02-11T19:19:54.359853,157879,1,240,0,0,94,NONE,
2026-02-11T19:19:54.459856,157979,1,241,-73,7,94,DL,
2026-02-11T19:19:54.559143,158079,1,242,-65,11,94,DL,
2026-02-11T19:19:54.657964,158179,1,243,-65,11,94,DL,
2026-02-11T19:19:54.757421,158279,1,244,-65,11,94,DL,
2026-02-11T19:19:54.856622,158379,1,245,-73,7,94,DL,
2026-02-11T19:19:54.956716,158479,1,246,-73,7,94,DL,
2026-02-11T19:19:55.056197,158579,1,247,-66,12,94,DL,
2026-02-11T19:19:55.155509,158679,1,248,-68,11,94,DL,
2026-02-11T19:19:55.254731,158779,1,249,0,0,93,NONE,
2026-02-11T19:19:55.353926,158880,1,250,-73,7,93,DL,
2026-02-11T19:19:55.453475,158980,1,251,-73,7,93,DL,
2026-02-11T19:19:55.552919,159080,1,252,-65,12,93,DL,
2026-02-11T19:19:55.652185,159180,1,253,-73,7,93,DL,
2026-02-11T19:19:55.752478,159280,1,254,-65,11,93,DL,
2026-02-11T19:19:55.850890,159380,1,255,-65,10,93,DL,
2026-02-11T19:19:55.950560,159480,1,256,-65,11,93,DL,
2026-02-11T19:19:56.049786,159580,1,257,-73,6,93,DL,
2026-02-11T19:19:56.148705,159680,1,258,-65,12,93,DL,
2026-02-11T19:19:56.248356,159780,1,259,-65,11,93,DL,
2026-02-11T19:19:56.347976,159880,1,260,-65,11,93,DL,
2026-02-11T19:19:56.446720,159981,1,261,-65,12,93,DL,
2026-02-11T19:19:56.546374,160081,1,262,-65,10,93,DL,
2026-02-11T19:19:56.645527,160181,1,263,-65,11,93,DL,
2026-02-11T19:19:56.744729,160281,1,264,-73,7,93,DL,
2026-02-11T19:19:56.844533,160381,1,265,-67,9,93,DL,
2026-02-11T19:19:56.944251,160481,1,266,-73,7,93,DL,
2026-02-11T19:19:57.046913,160581,1,267,-73,7,93,DL,
2026-02-11T19:19:57.142224,160681,1,268,-73,7,93,DL,
2026-02-11T19:19:57.242009,160781,1,269,-73,7,93,DL,
2026-02-11T19:19:57.341020,160881,1,270,-73,7,93,DL,
2026-02-11T19:19:57.440741,160981,1,271,-65,12,93,DL,
2026-02-11T19:19:57.540056,161081,1,272,-65,12,93,DL,
2026-02-11T19:19:57.639092,161182,1,273,-65,12,93,DL,
2026-02-11T19:19:57.738245,161282,1,274,-65,12,93,DL,
2026-02-11T19:19:57.838625,161382,1,275,-73,7,93,DL,
2026-02-11T19:19:57.937690,161482,1,276,-65,11,93,DL,
2026-02-11T19:19:58.036439,161582,1,277,-73,6,93,DL,
2026-02-11T19:19:58.136396,161682,1,278,-65,11,93,DL,
2026-02-11T19:19:58.235911,161782,1,279,-73,7,93,DL,
2026-02-11T19:19:58.335751,161882,1,280,-65,12,93,DL,
2026-02-11T19:19:58.434477,161982,1,281,-73,7,93,DL,
2026-02-11T19:19:58.533910,162082,1,282,-65,11,93,DL,
2026-02-11T19:19:58.632834,162182,1,283,-73,7,93,DL,
2026-02-11T19:19:58.732593,162282,1,284,-73,7,93,DL,
2026-02-11T19:19:58.832591,162382,1,285,-73,7,93,DL,
2026-02-11T19:19:58.930862,162482,1,286,-73,7,93,DL,
2026-02-11T19:19:59.029982,162583,1,287,-73,7,94,DL,
2026-02-11T19:19:59.129295,162683,1,288,-73,7,94,DL,
2026-02-11T19:19:59.229047,162783,1,289,-73,7,94,DL,
2026-02-11T19:19:59.328359,162883,1,290,-73,7,94,DL,
2026-02-11T19:19:59.427759,162983,1,291,-73,7,94,DL,
2026-02-11T19:19:59.527492,163083,1,292,-73,6,94,DL,
2026-02-11T19:19:59.625833,163183,1,293,-73,7,95,DL,
2026-02-11T19:19:59.726256,163283,1,294,-73,7,95,DL,
2026-02-11T19:19:59.825323,163383,1,295,-73,7,95,DL,
2026-02-11T19:19:59.924087,163483,1,296,-73,7,95,DL,
2026-02-11T19:20:00.023474,163583,1,297,-73,7,95,DL,
2026-02-11T19:20:00.125357,163683,1,298,-73,7,95,DL,
2026-02-11T19:20:00.222500,163783,1,299,-73,7,95,DL,
2026-02-11T19:20:00.321366,163883,1,300,-65,11,95,DL,
2026-02-11T19:20:00.421461,163983,1,301,-73,7,95,DL,
2026-02-11T19:20:00.520566,164084,1,302,-73,7,95,DL,
2026-02-11T19:20:00.619990,164184,1,303,-65,12,95,DL,
2026-02-11T19:20:00.719424,164284,1,304,-72,7,95,DL,
2026-02-11T19:20:00.819129,164384,1,305,-73,7,95,DL,
2026-02-11T19:20:00.918391,164484,1,306,-73,7,95,DL,
2026-02-11T19:20:01.017354,164584,1,307,-73,7,95,DL,
2026-02-11T19:20:01.116813,164684,1,308,-65,10,95,DL,
2026-02-11T19:20:01.216064,164784,1,309,-65,11,95,DL,
2026-02-11T19:20:01.315195,164884,1,310,-73,7,95,DL,
2026-02-11T19:20:01.414851,164984,1,311,-73,7,95,DL,
2026-02-11T19:20:01.513719,165084,1,312,-65,12,95,DL,
2026-02-11T19:20:01.613729,165184,1,313,-73,7,95,DL,
2026-02-11T19:20:01.712866,165284,1,314,0,0,94,NONE,
2026-02-11T19:20:01.811882,165384,1,315,-73,7,94,DL,
2026-02-11T19:20:01.911579,165485,1,316,-65,12,94,DL,
2026-02-11T19:20:02.010979,165585,1,317,-65,11,94,DL,
2026-02-11T19:20:02.110258,165685,1,318,-73,7,94,DL,
2026-02-11T19:20:02.209094,165785,1,319,-73,6,94,DL,
2026-02-11T19:20:02.309094,165885,1,320,-65,12,94,DL,
2026-02-11T19:20:02.408350,165985,1,321,-73,7,94,DL,
2026-02-11T19:20:02.507802,166085,1,322,-73,6,94,DL,
2026-02-11T19:20:02.607171,166185,1,323,-65,12,94,DL,
2026-02-11T19:20:02.706588,166285,1,324,-73,7,94,DL,
2026-02-11T19:20:02.805880,166385,1,325,-73,7,94,DL,
2026-02-11T19:20:02.905209,166485,1,326,-73,7,94,DL,
2026-02-11T19:20:03.005387,166585,1,327,-73,7,94,DL,
2026-02-11T19:20:03.103903,166685,1,328,-73,6,94,DL,
2026-02-11T19:20:03.203518,166785,1,329,-73,7,94,DL,
2026-02-11T19:20:03.301997,166885,1,330,-73,7,94,DL,
2026-02-11T19:20:03.401547,166986,1,331,-73,8,94,DL,
2026-02-11T19:20:03.501393,167086,1,332,-73,7,94,DL,
2026-02-11T19:20:03.601089,167186,1,333,-73,7,94,DL,
2026-02-11T19:20:03.699615,167286,1,334,0,0,94,NONE,
2026-02-11T19:20:03.799350,167386,1,335,-70,8,94,DL,
2026-02-11T19:20:03.898805,167486,1,336,-73,7,94,DL,
2026-02-11T19:20:03.998271,167586,1,337,0,0,93,NONE,
2026-02-11T19:20:04.097424,167686,1,338,-70,7,94,DL,
2026-02-11T19:20:04.196621,167786,1,339,-72,7,95,DL,
2026-02-11T19:20:04.295850,167886,1,340,-73,6,96,DL,
2026-02-11T19:20:04.395763,167986,1,341,-70,8,96,DL,
2026-02-11T19:20:04.494920,168086,1,342,0,0,95,NONE,
2026-02-11T19:20:04.594218,168186,1,343,-67,9,95,DL,
2026-02-11T19:20:04.693703,168286,1,344,-73,6,95,DL,
2026-02-11T19:20:04.793025,168386,1,345,-70,7,95,DL,
2026-02-11T19:20:04.892351,168486,1,346,-72,7,95,DL,
2026-02-11T19:20:04.991219,168586,1,347,-73,6,95,DL,
2026-02-11T19:20:05.091000,168687,1,348,-73,7,95,DL,
2026-02-11T19:20:05.190388,168787,1,349,0,0,95,NONE,
2026-02-11T19:20:05.289333,168887,1,350,-73,6,95,DL,
2026-02-11T19:20:05.388801,168987,1,351,-73,6,95,DL,
2026-02-11T19:20:05.487881,169087,1,352,-73,7,95,DL,
2026-02-11T19:20:05.587216,169187,1,353,-73,7,95,DL,
2026-02-11T19:20:05.687449,169287,1,354,-72,7,95,DL,
2026-02-11T19:20:05.786969,169387,1,355,-65,11,95,DL,
2026-02-11T19:20:05.885797,169487,1,356,-70,8,95,DL,
2026-02-11T19:20:05.984904,169587,1,357,-73,7,95,DL,
2026-02-11T19:20:06.084447,169687,1,358,-73,7,95,DL,
2026-02-11T19:20:06.184263,169787,1,359,-72,6,95,DL,
2026-02-11T19:20:06.283462,169887,1,360,-73,6,95,DL,
2026-02-11T19:20:06.382754,169987,1,361,-73,8,95,DL,
2026-02-11T19:20:06.487477,170087,1,362,-73,7,95,DL,
2026-02-11T19:20:06.581189,170187,1,363,0,0,94,NONE,
2026-02-11T19:20:06.680618,170288,1,364,-73,6,94,DL,
2026-02-11T19:20:06.780154,170388,1,365,-73,7,94,DL,
2026-02-11T19:20:06.878993,170488,1,366,-73,7,94,DL,
2026-02-11T19:20:06.978116,170588,1,367,-72,12,94,DL,
2026-02-11T19:20:07.078184,170688,1,368,-75,12,94,DL,
2026-02-11T19:20:07.177021,170788,1,369,-71,12,94,DL,
2026-02-11T19:20:07.276927,170888,1,370,-73,9,94,DL,
2026-02-11T19:20:07.375828,170988,1,371,-73,8,94,DL,
2026-02-11T19:20:07.475372,171088,1,372,-68,12,94,DL,
2026-02-11T19:20:07.574916,171188,1,373,-74,12,94,DL,
2026-02-11T19:20:07.674336,171288,1,374,-73,9,94,DL,
2026-02-11T19:20:07.773708,171388,1,375,-73,9,94,DL,
2026-02-11T19:20:07.872982,171488,1,376,-73,12,94,DL,
2026-02-11T19:20:07.972324,171588,1,377,-71,13,94,DL,
2026-02-11T19:20:08.071171,171688,1,378,0,0,93,NONE,
2026-02-11T19:20:08.171124,171788,1,379,-65,11,93,DL,
2026-02-11T19:20:08.270448,171889,1,380,-73,7,93,DL,
2026-02-11T19:20:08.369696,171989,1,381,-73,8,93,DL,
2026-02-11T19:20:08.468690,172089,1,382,-73,8,93,DL,
2026-02-11T19:20:08.568340,172189,1,383,-74,10,93,DL,
2026-02-11T19:20:08.667763,172289,1,384,-72,6,93,DL,
2026-02-11T19:20:08.767312,172389,1,385,-73,7,93,DL,
2026-02-11T19:20:08.866015,172489,1,386,-73,6,93,DL,
2026-02-11T19:20:08.965282,172589,1,387,-64,9,93,DL,
2026-02-11T19:20:09.064950,172689,1,388,-73,8,93,DL,
2026-02-11T19:20:09.164066,172789,1,389,-73,6,93,DL,
2026-02-11T19:20:09.263904,172889,1,390,-73,6,93,DL,
2026-02-11T19:20:09.362792,172989,1,391,-73,7,93,DL,
2026-02-11T19:20:09.461970,173089,1,392,-73,7,93,DL,
2026-02-11T19:20:09.561919,173189,1,393,-73,7,93,DL,
2026-02-11T19:20:09.661313,173289,1,394,-73,7,93,DL,
2026-02-11T19:20:09.760584,173389,1,395,-73,8,93,DL,
2026-02-11T19:20:09.860050,173489,1,396,-74,11,93,DL,
2026-02-11T19:20:09.959500,173590,1,397,-73,9,93,DL,
2026-02-11T19:20:10.058306,173690,1,398,-73,8,93,DL,
2026-02-11T19:20:10.157494,173790,1,399,-73,7,93,DL,
2026-02-11T19:20:10.256611,173890,1,400,-73,7,93,DL,
2026-02-11T19:20:10.356058,173990,1,401,-73,7,93,DL,
2026-02-11T19:20:10.456343,174090,1,402,-73,7,93,DL,
2026-02-11T19:20:10.555165,174190,1,403,-73,7,93,DL,
2026-02-11T19:20:10.654928,174290,1,404,-73,7,93,DL,
2026-02-11T19:20:10.754460,174390,1,405,-73,7,93,DL,
2026-02-11T19:20:10.852856,174490,1,406,-73,7,93,DL,
2026-02-11T19:20:10.952735,174590,1,407,-73,7,93,DL,
2026-02-11T19:20:11.052098,174690,1,408,-73,7,93,DL,
2026-02-11T19:20:11.151200,174790,1,409,-70,8,93,DL,
2026-02-11T19:20:11.251102,174890,1,410,-73,7,93,DL,
2026-02-11T19:20:11.350055,174990,1,411,0,0,92,NONE,
2026-02-11T19:20:11.449674,175090,1,412,-70,8,92,DL,
2026-02-11T19:20:11.549337,175190,1,413,-73,7,92,DL,
2026-02-11T19:20:11.647978,175291,1,414,-66,12,93,DL,
2026-02-11T19:20:11.747834,175391,1,415,-73,7,93,DL,
2026-02-11T19:20:11.852733,175491,1,416,0,0,92,NONE,
2026-02-11T19:20:11.945874,175591,1,417,-73,8,92,DL,
2026-02-11T19:20:12.045495,175691,1,418,-73,8,92,DL,
2026-02-11T19:20:12.145111,175791,1,419,-73,7,92,DL,
2026-02-11T19:20:12.243964,175891,1,420,-73,7,92,DL,
2026-02-11T19:20:12.344188,175991,1,421,-73,7,92,DL,
2026-02-11T19:20:12.442800,176091,1,422,-73,7,92,DL,
2026-02-11T19:20:12.542709,176191,1,423,-66,12,92,DL,
2026-02-11T19:20:12.641382,176291,1,424,-73,7,92,DL,
2026-02-11T19:20:12.741590,176391,1,425,-66,12,92,DL,
2026-02-11T19:20:12.840417,176491,1,426,-73,8,92,DL,
2026-02-11T19:20:12.939755,176591,1,427,0,0,91,NONE,
2026-02-11T19:20:13.039440,176691,1,428,-73,7,91,DL,
2026-02-11T19:20:13.138457,176791,1,429,-73,8,91,DL,
2026-02-11T19:20:13.237414,176892,1,430,-66,12,91,DL,
2026-02-11T19:20:13.337177,176992,1,431,0,0,90,NONE,
2026-02-11T19:20:13.436580,177092,1,432,-73,7,90,DL,
2026-02-11T19:20:13.535509,177192,1,433,-66,12,90,DL,
2026-02-11T19:20:13.640017,177292,1,434,-73,8,91,DL,
2026-02-11T19:20:13.734603,177392,1,435,-73,7,91,DL,
2026-02-11T19:20:13.833301,177492,1,436,-73,8,91,DL,
2026-02-11T19:20:13.933311,177592,1,437,-66,12,92,DL,
2026-02-11T19:20:14.032805,177692,1,438,-73,8,92,DL,
2026-02-11T19:20:14.132021,177792,1,439,-73,7,92,DL,
2026-02-11T19:20:14.230805,177892,1,440,-66,12,92,DL,
2026-02-11T19:20:14.330776,177992,1,441,-73,8,92,DL,
2026-02-11T19:20:14.429773,178092,1,442,0,0,92,NONE,
2026-02-11T19:20:14.529382,178192,1,443,-73,8,92,DL,
2026-02-11T19:20:14.629016,178292,1,444,0,0,91,NONE,
2026-02-11T19:20:14.728359,178392,1,445,-70,9,91,DL,
2026-02-11T19:20:14.827851,178493,1,446,-73,8,91,DL,
2026-02-11T19:20:14.927631,178593,1,447,-67,11,91,DL,
2026-02-11T19:20:15.026542,178693,1,448,-73,7,91,DL,
2026-02-11T19:20:15.125432,178793,1,449,-67,13,92,DL,
2026-02-11T19:20:15.225108,178893,1,450,-73,7,92,DL,
2026-02-11T19:20:15.324632,178993,1,451,0,0,91,NONE,
2026-02-11T19:20:15.425585,179093,1,452,-70,9,91,DL,
2026-02-11T19:20:15.522331,179193,1,453,-66,13,91,DL,
2026-02-11T19:20:15.622586,179293,1,454,-73,7,91,DL,
2026-02-11T19:20:15.721235,179393,1,455,-73,8,91,DL,
2026-02-11T19:20:15.820461,179493,1,456,-73,8,91,DL,
2026-02-11T19:20:15.920730,179593,1,457,-66,12,91,DL,
2026-02-11T19:20:16.019342,179693,1,458,-73,7,91,DL,
2026-02-11T19:20:16.119335,179793,1,459,-73,7,91,DL,
2026-02-11T19:20:16.218698,179893,1,460,-73,8,91,DL,
2026-02-11T19:20:16.317875,179993,1,461,-73,7,91,DL,
2026-02-11T19:20:16.417509,180094,1,462,-73,8,91,DL,
2026-02-11T19:20:16.516329,180194,1,463,-73,8,92,DL,
2026-02-11T19:20:16.616100,180294,1,464,-73,7,92,DL,
2026-02-11T19:20:16.714510,180394,1,465,-73,8,92,DL,
2026-02-11T19:20:16.814463,180494,1,466,-73,7,92,DL,
2026-02-11T19:20:16.913920,180594,1,467,-70,9,92,DL,
2026-02-11T19:20:17.013468,180694,1,468,-73,7,92,DL,
2026-02-11T19:20:17.112833,180794,1,469,-73,7,92,DL,
2026-02-11T19:20:17.212189,180894,1,470,-73,7,92,DL,
2026-02-11T19:20:17.310737,180994,1,471,-73,8,92,DL,
2026-02-11T19:20:17.410840,181094,1,472,-73,8,92,DL,
2026-02-11T19:20:17.510130,181194,1,473,-73,8,92,DL,
2026-02-11T19:20:17.609161,181294,1,474,-67,12,92,DL,
2026-02-11T19:20:17.709087,181394,1,475,-67,11,92,DL,
2026-02-11T19:20:17.808162,181494,1,476,-73,9,92,DL,
2026-02-11T19:20:17.907481,181594,1,477,0,0,91,NONE,
2026-02-11T19:20:18.006298,181694,1,478,-70,9,92,DL,
2026-02-11T19:20:18.106299,181794,1,479,-73,8,92,DL,
2026-02-11T19:20:18.205773,181895,1,480,-73,8,92,DL,
2026-02-11T19:20:18.304688,181995,1,481,-73,8,92,DL,
2026-02-11T19:20:18.404052,182095,1,482,-70,9,92,DL,
2026-02-11T19:20:18.503202,182195,1,483,0,0,91,NONE,
2026-02-11T19:20:18.602117,182295,1,484,-68,11,91,DL,
2026-02-11T19:20:18.702563,182395,1,485,-73,7,91,DL,
2026-02-11T19:20:18.801307,182495,1,486,-73,8,91,DL,
2026-02-11T19:20:18.900709,182595,1,487,-73,7,91,DL,
2026-02-11T19:20:18.999974,182695,1,488,-73,7,91,DL,
2026-02-11T19:20:19.099770,182795,1,489,-73,8,91,DL,
2026-02-11T19:20:19.198159,182895,1,490,-73,7,91,DL,
2026-02-11T19:20:19.298396,182995,1,491,-73,8,91,DL,
2026-02-11T19:20:19.397894,183095,1,492,-73,8,91,DL,
2026-02-11T19:20:19.496600,183195,1,493,-73,8,91,DL,
2026-02-11T19:20:19.596461,183295,1,494,0,0,90,NONE,
2026-02-11T19:20:19.696016,183395,1,495,-73,8,90,DL,
2026-02-11T19:20:19.794798,183495,1,496,-66,13,90,DL,
2026-02-11T19:20:19.893883,183595,1,497,-66,12,90,DL,
2026-02-11T19:20:19.993428,183696,1,498,-66,13,90,DL,
2026-02-11T19:20:20.092708,183796,1,499,-73,7,90,DL,
2026-02-11T19:20:20.192191,183896,1,500,-66,12,90,DL,
2026-02-11T19:20:20.291762,183996,1,501,-73,8,90,DL,
2026-02-11T19:20:20.391329,184096,1,502,-73,7,90,DL,
2026-02-11T19:20:20.490730,184196,1,503,-73,7,90,DL,
2026-02-11T19:20:20.589625,184296,1,504,-66,13,90,DL,
2026-02-11T19:20:20.689040,184396,1,505,-73,7,90,DL,
2026-02-11T19:20:20.788005,184496,1,506,-73,7,90,DL,
2026-02-11T19:20:20.887536,184596,1,507,0,0,89,NONE,
2026-02-11T19:20:20.986589,184696,1,508,-73,7,89,DL,
2026-02-11T19:20:21.086687,184796,1,509,-73,7,89,DL,
2026-02-11T19:20:21.186159,184896,1,510,-73,7,89,DL,
2026-02-11T19:20:21.285397,184996,1,511,-73,7,90,DL,
2026-02-11T19:20:21.384097,185096,1,512,-73,7,90,DL,
2026-02-11T19:20:21.484527,185197,1,513,-73,8,90,DL,
2026-02-11T19:20:21.583529,185297,1,514,-73,7,90,DL,
2026-02-11T19:20:21.683255,185397,1,515,-73,7,90,DL,
2026-02-11T19:20:21.781692,185497,1,516,-73,7,91,DL,
2026-02-11T19:20:21.881296,185597,1,517,-73,7,91,DL,
2026-02-11T19:20:21.981325,185697,1,518,-73,7,91,DL,
2026-02-11T19:20:22.079824,185797,1,519,-66,12,91,DL,
2026-02-11T19:20:22.179514,185897,1,520,-73,8,91,DL,
2026-02-11T19:20:22.278527,185997,1,521,-66,13,91,DL,
2026-02-11T19:20:22.377970,186097,1,522,-73,8,91,DL,
2026-02-11T19:20:22.479246,186197,1,523,0,0,90,NONE,
2026-02-11T19:20:22.576844,186297,1,524,-73,8,90,DL,
2026-02-11T19:20:22.676121,186397,1,525,-73,7,90,DL,
2026-02-11T19:20:22.775791,186497,1,526,-73,7,90,DL,
2026-02-11T19:20:22.875106,186597,1,527,-73,7,91,DL,
2026-02-11T19:20:22.974307,186697,1,528,0,0,90,NONE,
2026-02-11T19:20:23.078837,186798,1,529,-70,9,90,DL,
2026-02-11T19:20:23.173012,186898,1,530,-73,9,90,DL,
2026-02-11T19:20:23.271998,186998,1,531,-73,9,91,DL,
2026-02-11T19:20:23.371298,187098,1,532,-73,8,91,DL,
2026-02-11T19:20:23.471508,187198,1,533,-73,8,91,DL,
2026-02-11T19:20:23.570333,187298,1,534,0,0,90,NONE,
2026-02-11T19:20:23.669793,187398,1,535,-68,11,90,DL,
2026-02-11T19:20:23.769516,187498,1,536,-73,8,90,DL,
2026-02-11T19:20:23.868798,187598,1,537,-73,7,90,DL,
2026-02-11T19:20:23.967682,187698,1,538,-66,13,90,DL,
2026-02-11T19:20:24.067408,187798,1,539,-73,8,90,DL,
2026-02-11T19:20:24.166317,187898,1,540,-73,7,90,DL,
2026-02-11T19:20:24.265510,187998,1,541,-73,7,90,DL,
2026-02-11T19:20:24.365900,188098,1,542,-73,7,91,DL,
2026-02-11T19:20:24.467240,188198,1,543,-66,12,91,DL,
2026-02-11T19:20:24.564017,188298,1,544,-73,8,92,DL,
2026-02-11T19:20:24.663006,188398,1,545,-66,13,92,DL,
2026-02-11T19:20:24.762721,188498,1,546,-73,8,92,DL,
2026-02-11T19:20:24.864459,188598,1,547,0,0,91,NONE,
2026-02-11T19:20:24.961510,188699,1,548,-70,10,91,DL,
2026-02-11T19:20:25.060715,188799,1,549,0,0,90,NONE,
2026-02-11T19:20:25.160234,188899,1,550,-68,11,90,DL,
2026-02-11T19:20:25.259759,188999,1,551,-67,13,91,DL,
2026-02-11T19:20:25.359080,189099,1,552,-73,8,91,DL,
2026-02-11T19:20:25.458213,189199,1,553,-73,8,91,DL,
2026-02-11T19:20:25.557141,189299,1,554,-73,7,91,DL,
2026-02-11T19:20:25.656229,189399,1,555,-66,12,91,DL,
2026-02-11T19:20:25.756312,189499,1,556,-73,7,91,DL,
2026-02-11T19:20:25.855435,189599,1,557,0,0,90,NONE,
2026-02-11T19:20:25.955186,189699,1,558,-70,8,90,DL,
2026-02-11T19:20:26.054351,189799,1,559,-73,7,90,DL,
2026-02-11T19:20:26.153204,189899,1,560,-73,7,90,DL,
2026-02-11T19:20:26.252847,189999,1,561,0,0,89,NONE,
2026-02-11T19:20:26.352045,190099,1,562,-73,7,89,DL,
2026-02-11T19:20:26.451070,190199,1,563,-73,7,89,DL,
2026-02-11T19:20:26.550964,190299,1,564,-73,7,89,DL,
2026-02-11T19:20:26.650278,190400,1,565,-70,8,89,DL,
2026-02-11T19:20:26.749483,190500,1,566,0,0,88,NONE,
2026-02-11T19:20:26.848608,190600,1,567,-68,11,88,DL,
2026-02-11T19:20:26.947872,190700,1,568,-73,7,88,DL,
2026-02-11T19:20:27.047854,190800,1,569,-73,7,88,DL,
2026-02-11T19:20:27.146619,190900,1,570,-73,7,88,DL,
2026-02-11T19:20:27.246087,191000,1,571,-66,12,88,DL,
2026-02-11T19:20:27.345909,191100,1,572,-73,8,88,DL,
2026-02-11T19:20:27.444346,191200,1,573,0,0,87,NONE,
2026-02-11T19:20:27.544695,191300,1,574,-73,8,87,DL,
2026-02-11T19:20:27.643895,191400,1,575,-66,12,87,DL,
2026-02-11T19:20:27.743156,191500,1,576,-73,7,87,DL,
2026-02-11T19:20:27.843319,191600,1,577,-73,7,88,DL,
2026-02-11T19:20:27.941490,191700,1,578,-73,7,88,DL,
2026-02-11T19:20:28.041190,191800,1,579,-73,7,88,DL,
2026-02-11T19:20:28.140827,191900,1,580,-70,8,88,DL,
2026-02-11T19:20:28.239309,192000,1,581,-73,7,88,DL,
2026-02-11T19:20:28.338420,192101,1,582,-70,8,88,DL,
2026-02-11T19:20:28.438340,192201,1,583,0,0,88,NONE,
2026-02-11T19:20:28.537818,192301,1,584,-73,8,88,DL,
2026-02-11T19:20:28.636855,192401,1,585,-73,8,88,DL,
2026-02-11T19:20:28.736160,192501,1,586,-73,7,88,DL,
2026-02-11T19:20:28.835896,192601,1,587,-73,7,88,DL,
2026-02-11T19:20:28.935299,192701,1,588,-73,7,88,DL,
2026-02-11T19:20:29.034186,192801,1,589,-73,7,88,DL,
2026-02-11T19:20:29.134275,192901,1,590,-73,7,88,DL,
2026-02-11T19:20:29.232979,193001,1,591,-70,9,88,DL,
2026-02-11T19:20:29.332475,193101,1,592,0,0,87,NONE,
2026-02-11T19:20:29.432309,193201,1,593,-70,9,87,DL,
2026-02-11T19:20:29.533252,193301,1,594,-73,8,88,DL,
2026-02-11T19:20:29.630195,193401,1,595,-73,8,88,DL,
2026-02-11T19:20:29.730097,193501,1,596,-73,8,88,DL,
2026-02-11T19:20:29.829241,193601,1,597,-73,8,88,DL,
2026-02-11T19:20:29.928900,193701,1,598,-73,8,88,DL,
2026-02-11T19:20:30.028273,193801,1,599,-67,13,88,DL,
2026-02-11T19:20:30.127574,193902,1,600,-73,8,88,DL,
2026-02-11T19:20:30.225881,194002,1,601,-73,8,88,DL,
2026-02-11T19:20:30.325580,194102,1,602,-73,8,88,DL,
2026-02-11T19:20:30.425049,194202,1,603,0,0,87,NONE,
2026-02-11T19:20:30.524877,194302,1,604,-70,9,87,DL,
2026-02-11T19:20:30.623839,194402,1,605,-73,7,87,DL,
2026-02-11T19:20:30.723687,194502,1,606,-65,12,87,DL,
2026-02-11T19:20:30.822614,194602,1,607,-73,7,88,DL,
2026-02-11T19:20:30.922174,194702,1,608,-70,8,88,DL,
2026-02-11T19:20:31.021126,194802,1,609,0,0,87,NONE,
2026-02-11T19:20:31.120765,194902,1,610,-73,7,87,DL,
2026-02-11T19:20:31.220285,195002,1,611,-73,7,87,DL,
2026-02-11T19:20:31.318903,195102,1,612,-73,8,87,DL,
2026-02-11T19:20:31.418079,195202,1,613,-73,7,87,DL,
2026-02-11T19:20:31.518459,195302,1,614,-73,7,87,DL,
2026-02-11T19:20:31.617539,195402,1,615,-73,7,87,DL,
2026-02-11T19:20:31.717146,195502,1,616,-73,7,87,DL,
2026-02-11T19:20:31.816603,195603,1,617,-70,9,87,DL,
2026-02-11T19:20:31.915181,195703,1,618,-73,7,87,DL,
2026-02-11T19:20:32.014629,195803,1,619,-73,8,87,DL,
2026-02-11T19:20:32.113725,195903,1,620,0,0,86,NONE,
2026-02-11T19:20:32.213268,196003,1,621,-68,11,86,DL,
2026-02-11T19:20:32.313205,196103,1,622,-73,8,86,DL,
2026-02-11T19:20:32.412353,196203,1,623,-70,10,87,DL,
2026-02-11T19:20:32.515346,196303,1,624,-73,8,87,DL,
2026-02-11T19:20:32.610539,196403,1,625,-73,8,87,DL,
2026-02-11T19:20:32.710295,196503,1,626,-73,8,87,DL,
2026-02-11T19:20:32.809363,196603,1,627,-73,8,87,DL,
2026-02-11T19:20:32.909004,196703,1,628,-73,8,88,DL,
2026-02-11T19:20:33.008296,196803,1,629,-73,8,88,DL,
2026-02-11T19:20:33.107584,196903,1,630,-73,8,88,DL,
2026-02-11T19:20:33.207421,197003,1,631,-73,8,88,DL,
2026-02-11T19:20:33.306815,197103,1,632,-70,10,88,DL,
2026-02-11T19:20:33.405527,197203,1,633,-73,8,88,DL,
2026-02-11T19:20:33.504914,197303,1,634,-70,9,89,DL,
2026-02-11T19:20:33.604399,197403,1,635,-73,7,89,DL,
2026-02-11T19:20:33.703951,197503,1,636,-70,9,89,DL,
2026-02-11T19:20:33.803060,197604,1,637,-73,8,89,DL,
2026-02-11T19:20:33.902624,197704,1,638,-73,8,89,DL,
2026-02-11T19:20:34.001959,197804,1,639,-73,7,89,DL,
2026-02-11T19:20:34.100596,197904,1,640,-73,8,89,DL,
2026-02-11T19:20:34.200758,198004,1,641,-70,9,89,DL,
2026-02-11T19:20:34.301187,198104,1,642,-73,7,89,DL,
2026-02-11T19:20:34.398911,198204,1,643,-73,8,89,DL,
2026-02-11T19:20:34.498930,198304,1,644,-73,8,89,DL,
2026-02-11T19:20:34.599753,198404,1,645,0,0,88,NONE,
2026-02-11T19:20:34.697235,198504,1,646,-70,9,88,DL,
2026-02-11T19:20:34.796483,198604,1,647,-73,8,89,DL,
2026-02-11T19:20:34.895878,198704,1,648,-73,8,89,DL,
2026-02-11T19:20:34.995209,198804,1,649,-68,12,90,DL,
2026-02-11T19:20:35.094331,198904,1,650,-66,12,90,DL,
2026-02-11T19:20:35.194120,199004,1,651,-73,8,90,DL,
2026-02-11T19:20:35.293301,199104,1,652,-73,8,90,DL,
2026-02-11T19:20:35.392498,199204,1,653,-70,9,90,DL,
2026-02-11T19:20:35.492130,199304,1,654,-67,12,90,DL,
2026-02-11T19:20:35.590929,199404,1,655,-67,11,90,DL,
2026-02-11T19:20:35.690209,199504,1,656,-73,7,90,DL,
2026-02-11T19:20:35.789972,199605,1,657,-73,8,91,DL,
2026-02-11T19:20:35.888960,199705,1,658,-73,8,91,DL,
2026-02-11T19:20:35.988471,199805,1,659,-70,9,91,DL,
2026-02-11T19:20:36.087864,199905,1,660,-70,9,91,DL,
2026-02-11T19:20:36.186902,200005,1,661,-73,8,92,DL,
2026-02-11T19:20:36.286858,200105,1,662,-73,7,92,DL,
2026-02-11T19:20:36.386135,200205,1,663,-73,7,92,DL,
2026-02-11T19:20:36.485801,200305,1,664,-73,7,92,DL,
2026-02-11T19:20:36.584852,200405,1,665,0,0,91,NONE,
2026-02-11T19:20:36.684451,200505,1,666,-68,11,92,DL,
2026-02-11T19:20:36.783051,200605,1,667,-73,7,92,DL,
2026-02-11T19:20:36.882041,200705,1,668,-70,9,92,DL,
2026-02-11T19:20:36.981417,200805,1,669,-73,8,92,DL,
2026-02-11T19:20:37.080667,200905,1,670,0,0,91,NONE,
2026-02-11T19:20:37.180828,201005,1,671,-70,9,91,DL,
2026-02-11T19:20:37.279748,201105,1,672,-66,12,91,DL,
2026-02-11T19:20:37.379398,201205,1,673,-73,7,92,DL,
2026-02-11T19:20:37.479125,201305,1,674,-73,7,92,DL,
2026-02-11T19:20:37.578025,201405,1,675,-73,7,92,DL,
2026-02-11T19:20:37.677415,201506,1,676,-73,7,92,DL,
2026-02-11T19:20:37.776966,201606,1,677,-70,8,92,DL,
2026-02-11T19:20:37.876167,201706,1,678,-73,7,92,DL,
2026-02-11T19:20:37.975492,201806,1,679,-68,10,92,DL,
2026-02-11T19:20:38.074935,201906,1,680,-73,8,92,DL,
2026-02-11T19:20:38.174220,202006,1,681,-70,8,92,DL,
2026-02-11T19:20:38.273528,202106,1,682,-73,7,92,DL,
2026-02-11T19:20:38.372938,202206,1,683,-67,10,93,DL,
2026-02-11T19:20:38.472287,202306,1,684,-70,8,93,DL,
2026-02-11T19:20:38.571782,202406,1,685,-73,7,93,DL,
2026-02-11T19:20:38.671170,202506,1,686,-65,12,93,DL,
2026-02-11T19:20:38.770198,202606,1,687,0,0,92,NONE,
2026-02-11T19:20:38.869347,202706,1,688,-70,8,92,DL,
2026-02-11T19:20:38.968717,202806,1,689,-73,7,92,DL,
2026-02-11T19:20:39.068592,202906,1,690,-70,9,92,DL,
2026-02-11T19:20:39.167286,203006,1,691,0,0,91,NONE,
2026-02-11T19:20:39.267156,203106,1,692,-68,11,92,DL,
2026-02-11T19:20:39.366382,203206,1,693,-67,12,92,DL,
2026-02-11T19:20:39.465808,203306,1,694,-73,9,92,DL,
2026-02-11T19:20:39.565007,203406,1,695,0,0,91,NONE,
2026-02-11T19:20:39.664428,203507,1,696,-68,12,91,DL,
2026-02-11T19:20:39.763989,203607,1,697,-73,9,91,DL,
2026-02-11T19:20:39.863299,203707,1,698,-70,9,91,DL,
2026-02-11T19:20:39.962119,203807,1,699,-73,9,91,DL,
2026-02-11T19:20:40.062224,203907,1,700,-73,8,91,DL,
2026-02-11T19:20:40.160511,204007,1,701,0,0,90,NONE,
2026-02-11T19:20:40.260590,204107,1,702,-70,9,90,DL,
2026-02-11T19:20:40.360004,204207,1,703,-73,8,91,DL,
2026-02-11T19:20:40.458715,204307,1,704,-73,8,91,DL,
2026-02-11T19:20:40.558515,204407,1,705,-73,8,91,DL,
2026-02-11T19:20:40.658048,204507,1,706,-73,8,91,DL,
2026-02-11T19:20:40.757381,204607,1,707,-70,9,91,DL,
2026-02-11T19:20:40.856554,204707,1,708,-73,8,91,DL,
2026-02-11T19:20:40.956035,204807,1,709,-70,9,92,DL,
2026-02-11T19:20:41.054968,204907,1,710,-73,7,92,DL,
2026-02-11T19:20:41.154624,205007,1,711,-68,11,92,DL,
2026-02-11T19:20:41.254090,205107,1,712,-73,7,92,DL,
2026-02-11T19:20:41.353347,205207,1,713,-70,10,92,DL,
2026-02-11T19:20:41.452471,205307,1,714,-70,9,92,DL,
2026-02-11T19:20:41.552329,205407,1,715,-70,10,92,DL,
2026-02-11T19:20:41.651328,205507,1,716,-70,9,92,DL,
2026-02-11T19:20:41.750732,205608,1,717,-73,8,92,DL,
2026-02-11T19:20:41.850364,205708,1,718,-68,12,92,DL,
2026-02-11T19:20:41.954021,205808,1,719,-70,10,92,DL,
2026-02-11T19:20:42.048513,205908,1,720,-70,9,93,DL,
2026-02-11T19:20:42.148349,206008,1,721,-73,8,93,DL,
2026-02-11T19:20:42.246717,206108,1,722,-68,11,93,DL,
2026-02-11T19:20:42.346831,206208,1,723,-68,11,93,DL,
2026-02-11T19:20:42.446353,206308,1,724,-67,10,93,DL,
2026-02-11T19:20:42.544771,206408,1,725,-68,9,93,DL,
2026-02-11T19:20:42.644361,206508,1,726,-70,8,93,DL,
2026-02-11T19:20:42.744405,206608,1,727,-70,8,93,DL,
2026-02-11T19:20:42.843572,206708,1,728,-73,6,93,DL,
2026-02-11T19:20:42.964185,206808,1,729,-70,8,93,DL,
2026-02-11T19:20:43.041865,206908,1,730,-73,7,93,DL,
2026-02-11T19:20:43.141329,207008,1,731,-70,8,93,DL,
2026-02-11T19:20:43.240748,207108,1,732,-73,8,93,DL,
2026-02-11T19:20:43.340014,207208,1,733,-70,8,93,DL,
2026-02-11T19:20:43.439767,207308,1,734,-73,8,93,DL,
2026-02-11T19:20:43.538739,207408,1,735,-68,11,93,DL,
2026-02-11T19:20:43.637515,207508,1,736,-70,9,93,DL,
2026-02-11T19:20:43.741896,207608,1,737,-70,10,93,DL,
2026-02-11T19:20:43.836729,207708,1,738,-73,8,93,DL,
2026-02-11T19:20:43.935547,207808,1,739,-71,10,93,DL,
2026-02-11T19:20:44.035268,207908,1,740,-73,8,93,DL,
2026-02-11T19:20:44.134740,208008,1,741,-70,9,93,DL,
2026-02-11T19:20:44.234040,208108,1,742,-73,8,93,DL,
2026-02-11T19:20:44.334157,208209,1,743,-73,8,93,DL,
2026-02-11T19:20:44.432976,208309,1,744,-68,12,93,DL,
2026-02-11T19:20:44.532017,208409,1,745,-73,8,94,DL,
2026-02-11T19:20:44.631893,208509,1,746,-68,13,94,DL,
2026-02-11T19:20:44.730992,208609,1,747,-73,8,94,DL,
2026-02-11T19:20:44.830286,208709,1,748,-73,8,94,DL,
2026-02-11T19:20:44.929412,208809,1,749,-71,10,94,DL,
2026-02-11T19:20:45.028973,208909,1,750,-73,8,94,DL,
2026-02-11T19:20:45.128340,209009,1,751,-73,8,94,DL,
2026-02-11T19:20:45.226862,209109,1,752,-67,12,94,DL,
2026-02-11T19:20:45.326958,209209,1,753,-73,8,94,DL,
2026-02-11T19:20:45.425479,209309,1,754,-66,13,94,DL,
2026-02-11T19:20:45.527777,209409,1,755,-68,12,94,DL,
2026-02-11T19:20:45.624419,209509,1,756,-73,7,94,DL,
2026-02-11T19:20:45.724324,209609,1,757,-70,9,94,DL,
2026-02-11T19:20:45.823218,209709,1,758,-73,8,94,DL,
2026-02-11T19:20:45.923206,209809,1,759,-70,9,94,DL,
2026-02-11T19:20:46.022535,209909,1,760,-73,8,94,DL,
2026-02-11T19:20:46.121545,210009,1,761,-70,9,94,DL,
2026-02-11T19:20:46.221119,210109,1,762,-73,7,94,DL,
2026-02-11T19:20:46.320467,210209,1,763,-73,8,94,DL,
2026-02-11T19:20:46.420057,210310,1,764,-73,8,94,DL,
2026-02-11T19:20:46.519187,210410,1,765,-73,8,95,DL,
2026-02-11T19:20:46.618605,210510,1,766,-73,8,95,DL,
2026-02-11T19:20:46.717921,210610,1,767,-73,8,95,DL,
2026-02-11T19:20:46.816910,210710,1,768,-73,9,95,DL,
2026-02-11T19:20:46.916598,210810,1,769,-73,8,95,DL,
2026-02-11T19:20:47.015952,210910,1,770,-71,10,96,DL,
2026-02-11T19:20:47.114988,211010,1,771,-73,9,96,DL,
2026-02-11T19:20:47.214755,211110,1,772,-71,10,96,DL,
2026-02-11T19:20:47.313525,211210,1,773,-73,9,96,DL,
2026-02-11T19:20:47.412541,211310,1,774,-73,8,96,DL,
2026-02-11T19:20:47.512766,211410,1,775,-73,8,96,DL,
2026-02-11T19:20:47.611489,211510,1,776,-73,8,96,DL,
2026-02-11T19:20:47.710821,211610,1,777,-66,12,96,DL,
2026-02-11T19:20:47.810448,211710,1,778,-68,12,96,DL,
2026-02-11T19:20:47.909754,211810,1,779,-73,8,96,DL,
2026-02-11T19:20:48.011412,211910,1,780,-73,8,96,DL,
2026-02-11T19:20:48.108331,212010,1,781,0,0,95,NONE,
2026-02-11T19:20:48.207913,212110,1,782,-70,9,95,DL,
2026-02-11T19:20:48.307271,212210,1,783,-73,8,95,DL,
2026-02-11T19:20:48.406319,212310,1,784,-73,8,95,DL,
2026-02-11T19:20:48.506138,212411,1,785,-73,7,95,DL,
2026-02-11T19:20:48.604931,212511,1,786,-73,7,95,DL,
2026-02-11T19:20:48.704095,212611,1,787,-73,7,96,DL,
2026-02-11T19:20:48.804218,212711,1,788,0,0,95,NONE,
2026-02-11T19:20:48.903873,212811,1,789,-68,11,95,DL,
2026-02-11T19:20:49.002337,212911,1,790,-73,8,95,DL,
2026-02-11T19:20:49.101724,213011,1,791,-73,7,96,DL,
2026-02-11T19:20:49.201036,213111,1,792,-67,12,96,DL,
2026-02-11T19:20:49.300501,213211,1,793,-73,7,96,DL,
2026-02-11T19:20:49.400302,213311,1,794,-70,10,96,DL,
2026-02-11T19:20:49.499577,213411,1,795,-70,10,97,DL,
2026-02-11T19:20:49.598828,213511,1,796,-73,7,97,DL,
2026-02-11T19:20:49.697454,213611,1,797,-73,8,97,DL,
2026-02-11T19:20:49.797685,213711,1,798,-73,8,97,DL,
2026-02-11T19:20:49.896868,213811,1,799,-73,8,97,DL,
2026-02-11T19:20:49.995630,213911,1,800,-67,12,97,DL,
2026-02-11T19:20:50.095502,214011,1,801,0,0,97,NONE,
2026-02-11T19:20:50.194705,214111,1,802,-68,11,97,DL,
2026-02-11T19:20:50.293541,214211,1,803,-67,13,97,DL,
2026-02-11T19:20:50.393196,214312,1,804,-73,8,97,DL,
2026-02-11T19:20:50.493006,214412,1,805,-67,13,97,DL,
2026-02-11T19:20:50.591576,214512,1,806,-70,10,97,DL,
2026-02-11T19:20:50.690931,214612,1,807,-73,8,97,DL,
2026-02-11T19:20:50.790806,214712,1,808,-73,7,97,DL,
2026-02-11T19:20:50.889992,214812,1,809,-66,12,97,DL,
2026-02-11T19:20:50.989824,214912,1,810,-70,9,97,DL,
2026-02-11T19:20:51.089081,215012,1,811,-73,8,97,DL,
2026-02-11T19:20:51.188049,215112,1,812,-73,8,97,DL,
2026-02-11T19:20:51.287354,215212,1,813,-73,8,97,DL,
2026-02-11T19:20:51.387148,215312,1,814,-70,9,97,DL,
2026-02-11T19:20:51.486285,215412,1,815,-73,7,97,DL,
2026-02-11T19:20:51.585391,215512,1,816,-73,7,97,DL,
2026-02-11T19:20:51.684275,215612,1,817,-73,7,97,DL,
2026-02-11T19:20:51.784151,215712,1,818,-73,7,97,DL,
2026-02-11T19:20:51.883071,215812,1,819,-73,6,97,DL,
2026-02-11T19:20:51.982461,215912,1,820,-73,7,97,DL,
2026-02-11T19:20:52.082162,216012,1,821,-73,7,97,DL,
2026-02-11T19:20:52.181299,216112,1,822,-73,7,97,DL,
2026-02-11T19:20:52.280172,216213,1,823,-73,7,97,DL,
2026-02-11T19:20:52.379932,216313,1,824,-66,13,97,DL,
2026-02-11T19:20:52.479392,216413,1,825,-66,13,97,DL,
2026-02-11T19:20:52.579005,216513,1,826,-73,8,97,DL,
2026-02-11T19:20:52.678220,216613,1,827,-73,7,97,DL,
2026-02-11T19:20:52.777337,216713,1,828,0,0,96,NONE,
2026-02-11T19:20:52.877118,216813,1,829,-70,9,96,DL,
2026-02-11T19:20:52.976279,216913,1,830,0,0,95,NONE,
2026-02-11T19:20:53.075372,217013,1,831,-66,12,95,DL,
2026-02-11T19:20:53.175297,217113,1,832,0,0,94,NONE,
2026-02-11T19:20:53.274441,217213,1,833,-73,7,94,DL,
2026-02-11T19:20:53.374314,217313,1,834,-73,7,94,DL,
2026-02-11T19:20:53.472835,217413,1,835,-73,7,94,DL,
2026-02-11T19:20:53.572530,217513,1,836,-70,8,94,DL,
2026-02-11T19:20:53.672023,217613,1,837,-73,7,94,DL,
2026-02-11T19:20:53.770881,217713,1,838,-73,8,94,DL,
2026-02-11T19:20:53.870691,217814,1,839,-73,7,94,DL,
2026-02-11T19:20:53.971343,217914,1,840,-66,13,94,DL,
2026-02-11T19:20:54.069172,218014,1,841,-66,12,94,DL,
2026-02-11T19:20:54.168707,218114,1,842,-66,12,94,DL,
2026-02-11T19:20:54.267945,218214,1,843,0,0,93,NONE,
2026-02-11T19:20:54.367452,218314,1,844,-70,9,93,DL,
2026-02-11T19:20:54.467599,218414,1,845,-73,8,93,DL,
2026-02-11T19:20:54.566128,218514,1,846,-73,7,93,DL,
2026-02-11T19:20:54.665433,218614,1,847,-73,7,93,DL,
2026-02-11T19:20:54.764401,218714,1,848,-66,13,93,DL,
2026-02-11T19:20:54.864252,218814,1,849,-66,12,93,DL,
2026-02-11T19:20:54.965624,218914,1,850,0,0,92,NONE,
2026-02-11T19:20:55.062417,219014,1,851,-68,11,92,DL,
2026-02-11T19:20:55.162736,219114,1,852,0,0,91,NONE,
2026-02-11T19:20:55.261407,219214,1,853,-68,11,91,DL,
2026-02-11T19:20:55.360541,219314,1,854,-73,8,91,DL,
2026-02-11T19:20:55.460626,219414,1,855,-70,8,91,DL,
2026-02-11T19:20:55.559775,219514,1,856,-73,7,91,DL,
2026-02-11T19:20:55.658497,219615,1,857,-70,8,91,DL,
2026-02-11T19:20:55.758300,219715,1,858,-73,7,91,DL,
2026-02-11T19:20:55.857734,219815,1,859,-73,7,91,DL,
2026-02-11T19:20:55.957002,219915,1,860,-73,7,91,DL,
2026-02-11T19:20:56.056435,220015,1,861,-73,7,91,DL,
2026-02-11T19:20:56.155799,220115,1,862,-73,7,91,DL,
2026-02-11T19:20:56.255230,220215,1,863,-73,7,91,DL,
2026-02-11T19:20:56.354979,220315,1,864,-73,7,91,DL,
2026-02-11T19:20:56.454352,220415,1,865,-66,13,91,DL,
2026-02-11T19:20:56.553715,220515,1,866,-67,13,91,DL,
2026-02-11T19:20:56.653065,220615,1,867,-73,9,91,DL,
2026-02-11T19:20:56.751938,220715,1,868,-73,9,91,DL,
2026-02-11T19:20:56.851367,220815,1,869,-73,8,91,DL,
2026-02-11T19:20:56.951067,220915,1,870,-73,6,91,DL,
2026-02-11T19:20:57.050346,221015,1,871,-73,6,91,DL,
2026-02-11T19:20:57.149717,221115,1,872,-73,6,91,DL,
2026-02-11T19:20:57.248586,221216,1,873,-64,10,91,DL,
2026-02-11T19:20:57.348337,221316,1,874,-72,6,91,DL,
2026-02-11T19:20:57.447600,221416,1,875,0,0,90,NONE,
2026-02-11T19:20:57.546341,221516,1,876,-73,7,90,DL,
2026-02-11T19:20:57.646221,221616,1,877,-73,6,90,DL,
2026-02-11T19:20:57.745364,221716,1,878,-73,6,90,DL,
2026-02-11T19:20:57.844777,221816,1,879,-70,7,90,DL,
2026-02-11T19:20:57.943803,221916,1,880,-72,6,90,DL,
2026-02-11T19:20:58.043488,222016,1,881,-72,6,91,DL,
2026-02-11T19:20:58.142706,222116,1,882,-73,7,91,DL,
2026-02-11T19:20:58.242515,222216,1,883,-70,7,91,DL,
2026-02-11T19:20:58.341679,222316,1,884,-72,6,91,DL,
2026-02-11T19:20:58.441088,222416,1,885,-73,7,91,DL,
2026-02-11T19:20:58.540083,222516,1,886,-72,6,91,DL,
2026-02-11T19:20:58.639941,222616,1,887,-73,6,91,DL,
2026-02-11T19:20:58.739411,222716,1,888,-73,7,92,DL,
2026-02-11T19:20:58.838610,222816,1,889,0,0,91,NONE,
2026-02-11T19:20:58.937920,222917,1,890,-70,7,91,DL,
2026-02-11T19:20:59.037413,223017,1,891,-73,6,91,DL,
2026-02-11T19:20:59.136134,223117,1,892,-73,6,91,DL,
2026-02-11T19:20:59.235205,223217,1,893,-65,12,91,DL,
2026-02-11T19:20:59.334517,223317,1,894,-72,6,91,DL,
2026-02-11T19:20:59.434179,223417,1,895,0,0,90,NONE,
2026-02-11T19:20:59.533484,223517,1,896,-67,9,90,DL,
2026-02-11T19:20:59.632768,223617,1,897,-65,10,90,DL,
2026-02-11T19:20:59.732541,223717,1,898,-73,7,90,DL,
2026-02-11T19:20:59.831817,223817,1,899,0,0,89,NONE,
2026-02-11T19:20:59.930800,223917,1,900,-74,10,89,DL,
2026-02-11T19:21:00.030514,224017,1,901,-72,12,90,DL,
2026-02-11T19:21:00.129702,224117,1,902,-73,12,90,DL,
2026-02-11T19:21:00.229355,224217,1,903,-74,12,90,DL,
2026-02-11T19:21:00.328932,224317,1,904,-73,12,90,DL,
2026-02-11T19:21:00.428973,224418,1,905,-74,11,90,DL,
2026-02-11T19:21:00.527765,224518,1,906,-73,11,90,DL,
2026-02-11T19:21:00.626889,224618,1,907,-72,12,90,DL,
2026-02-11T19:21:00.725691,224718,1,908,-73,12,90,DL,
2026-02-11T19:21:00.825731,224818,1,909,-72,11,90,DL,
2026-02-11T19:21:00.925028,224918,1,910,-72,12,90,DL,
2026-02-11T19:21:01.024180,225018,1,911,0,0,89,NONE,
2026-02-11T19:21:01.123391,225118,1,912,-74,11,89,DL,
2026-02-11T19:21:01.222865,225218,1,913,-73,12,89,DL,
2026-02-11T19:21:01.321791,225318,1,914,-72,12,89,DL,
2026-02-11T19:21:01.421717,225418,1,915,-73,11,89,DL,
2026-02-11T19:21:01.520923,225518,1,916,-73,12,89,DL,
2026-02-11T19:21:01.620317,225618,1,917,-74,12,89,DL,
2026-02-11T19:21:01.719829,225718,1,918,0,0,88,NONE,
2026-02-11T19:21:01.819051,225819,1,919,-73,11,88,DL,
2026-02-11T19:21:01.918185,225919,1,920,0,0,87,NONE,
2026-02-11T19:21:02.017669,226019,1,921,-74,11,87,DL,
2026-02-11T19:21:02.116899,226119,1,922,-73,11,87,DL,
2026-02-11T19:21:02.216317,226219,1,923,-75,12,87,DL,
2026-02-11T19:21:02.315188,226319,1,924,0,0,86,NONE,
2026-02-11T19:21:02.415045,226419,1,925,-74,12,86,DL,
2026-02-11T19:21:02.514481,226519,1,926,-73,12,86,DL,
2026-02-11T19:21:02.617870,226619,1,927,-75,13,86,DL,
2026-02-11T19:21:02.713109,226719,1,928,0,0,86,NONE,
2026-02-11T19:21:02.812537,226819,1,929,-75,12,86,DL,
2026-02-11T19:21:02.911681,226919,1,930,-75,12,87,DL,
2026-02-11T19:21:03.010966,227019,1,931,-77,11,87,DL,
2026-02-11T19:21:03.110798,227119,1,932,0,0,87,NONE,
2026-02-11T19:21:03.210098,227219,1,933,-73,7,87,DL,
2026-02-11T19:21:03.309529,227320,1,934,-73,7,87,DL,
2026-02-11T19:21:03.408701,227420,1,935,-65,12,87,DL,
2026-02-11T19:21:03.508039,227520,1,936,0,0,86,NONE,
2026-02-11T19:21:03.607068,227620,1,937,-70,7,86,DL,
2026-02-11T19:21:03.706529,227720,1,938,-65,12,86,DL,
2026-02-11T19:21:03.806198,227820,1,939,-73,7,86,DL,
2026-02-11T19:21:03.904964,227920,1,940,-73,8,86,DL,
2026-02-11T19:21:04.003971,228020,1,941,-73,8,86,DL,
2026-02-11T19:21:04.103916,228120,1,942,-65,12,86,DL,
2026-02-11T19:21:04.202999,228220,1,943,-65,11,87,DL,
2026-02-11T19:21:04.302603,228320,1,944,-72,6,87,DL,
2026-02-11T19:21:04.404203,228420,1,945,-65,11,87,DL,
2026-02-11T19:21:04.500980,228520,1,946,-65,12,87,DL,
2026-02-11T19:21:04.601064,228620,1,947,-66,12,87,DL,
2026-02-11T19:21:04.699908,228720,1,948,-73,7,87,DL,
2026-02-11T19:21:04.801476,228820,1,949,0,0,86,NONE,
2026-02-11T19:21:04.898522,228921,1,950,-65,11,87,DL,
2026-02-11T19:21:04.997970,229021,1,951,-73,7,87,DL,
2026-02-11T19:21:05.097714,229121,1,952,0,0,87,NONE,
2026-02-11T19:21:05.196629,229221,1,953,0,0,86,NONE,
2026-02-11T19:21:05.296169,229321,1,954,-72,7,86,DL,
2026-02-11T19:21:05.395723,229421,1,955,-73,6,86,DL,
2026-02-11T19:21:05.494196,229521,1,956,-65,10,86,DL,
2026-02-11T19:21:05.594165,229621,1,957,0,0,85,NONE,
2026-02-11T19:21:05.693823,229721,1,958,-70,7,85,DL,
2026-02-11T19:21:05.792275,229821,1,959,-72,6,85,DL,
2026-02-11T19:21:05.892237,229921,1,960,-65,10,85,DL,
2026-02-11T19:21:05.991533,230021,1,961,-72,6,85,DL,
2026-02-11T19:21:06.090436,230121,1,962,-72,6,85,DL,
2026-02-11T19:21:06.190231,230221,1,963,-70,7,85,DL,
2026-02-11T19:21:06.289758,230321,1,964,-73,6,85,DL,
2026-02-11T19:21:06.389374,230422,1,965,-72,6,85,DL,
2026-02-11T19:21:06.487814,230522,1,966,-72,6,85,DL,
2026-02-11T19:21:06.587921,230622,1,967,-70,7,85,DL,
2026-02-11T19:21:06.686536,230722,1,968,-73,6,85,DL,
2026-02-11T19:21:06.786291,230822,1,969,-72,6,85,DL,
2026-02-11T19:21:06.885803,230922,1,970,0,0,84,NONE,
2026-02-11T19:21:06.984977,231022,1,971,-72,6,84,DL,
2026-02-11T19:21:07.084875,231122,1,972,-67,8,84,DL,
2026-02-11T19:21:07.183818,231222,1,973,-73,6,84,DL,
2026-02-11T19:21:07.282971,231322,1,974,-67,8,84,DL,
2026-02-11T19:21:07.381980,231422,1,975,-73,6,85,DL,
2026-02-11T19:21:07.481820,231522,1,976,-67,8,85,DL,
2026-02-11T19:21:07.581012,231622,1,977,-72,6,85,DL,
2026-02-11T19:21:07.679848,231722,1,978,-67,9,85,DL,
2026-02-11T19:21:07.779685,231822,1,979,-73,7,85,DL,
2026-02-11T19:21:07.879154,231922,1,980,-74,12,85,DL,
2026-02-11T19:21:07.978264,232022,1,981,-67,13,85,DL,
2026-02-11T19:21:08.077935,232122,1,982,-73,7,85,DL,
2026-02-11T19:21:08.177089,232222,1,983,0,0,84,NONE,
2026-02-11T19:21:08.276301,232323,1,984,-67,9,84,DL,
2026-02-11T19:21:08.375325,232423,1,985,0,0,83,NONE,
2026-02-11T19:21:08.474993,232523,1,986,0,0,82,NONE,
2026-02-11T19:21:08.574183,232623,1,987,0,0,81,NONE,
2026-02-11T19:21:08.673295,232723,1,988,-70,12,81,DL,
2026-02-11T19:21:08.773048,232823,1,989,-71,13,82,DL,
2026-02-11T19:21:08.872335,232923,1,990,0,0,81,NONE,
2026-02-11T19:21:08.971235,233023,1,991,0,0,80,NONE,
2026-02-11T19:21:09.070754,233123,1,992,0,0,79,NONE,
2026-02-11T19:21:09.170163,233223,1,993,-71,13,79,DL,
2026-02-11T19:21:09.269336,233323,1,994,0,0,78,NONE,
2026-02-11T19:21:09.369319,233423,1,995,-67,8,79,DL,
2026-02-11T19:21:09.468138,233523,1,996,-70,7,79,DL,
2026-02-11T19:21:09.567426,233623,1,997,-55,13,79,DL,
2026-02-11T19:21:09.667173,233723,1,998,-70,6,79,DL,
2026-02-11T19:21:09.767467,233823,1,999,-70,6,80,DL,
2026-02-11T19:21:09.865959,233923,1,1000,-52,12,80,DL,
2026-02-11T19:21:09.965136,234023,1,1001,-70,7,80,DL,
2026-02-11T19:21:10.064854,234124,1,1002,-70,6,80,DL,
2026-02-11T19:21:10.164316,234224,1,1003,-64,9,80,DL,
2026-02-11T19:21:10.262783,234324,1,1004,-73,6,80,DL,
2026-02-11T19:21:10.362527,234424,1,1005,-72,6,80,DL,
2026-02-11T19:21:10.461910,234524,1,1006,-72,6,80,DL,
2026-02-11T19:21:10.560874,234624,1,1007,-72,6,80,DL,
2026-02-11T19:21:10.660750,234724,1,1008,-70,6,80,DL,
2026-02-11T19:21:10.759999,234824,1,1009,-51,11,80,DL,
2026-02-11T19:21:10.858807,234924,1,1010,-72,6,80,DL,
2026-02-11T19:21:10.958710,235024,1,1011,-67,7,81,DL,
2026-02-11T19:21:11.057369,235124,1,1012,-69,6,81,DL,
2026-02-11T19:21:11.157441,235224,1,1013,-50,11,81,DL,
2026-02-11T19:21:11.256102,235324,1,1014,-70,7,81,DL,
2026-02-11T19:21:11.356158,235424,1,1015,-70,6,81,DL,
2026-02-11T19:21:11.455142,235524,1,1016,-50,12,81,DL,
2026-02-11T19:21:11.554678,235624,1,1017,-50,12,81,DL,
2026-02-11T19:21:11.653438,235724,1,1018,-67,7,82,DL,
2026-02-11T19:21:11.753252,235824,1,1019,-72,5,82,DL,
2026-02-11T19:21:11.853222,235925,1,1020,-50,11,83,DL,
2026-02-11T19:21:11.952823,236025,1,1021,-50,12,83,DL,
2026-02-11T19:21:12.051807,236125,1,1022,-49,12,83,DL,
2026-02-11T19:21:12.150386,236225,1,1023,-70,7,83,DL,
2026-02-11T19:21:12.250407,236325,1,1024,-70,6,84,DL,
2026-02-11T19:21:12.349192,236425,1,1025,-70,6,84,DL,
2026-02-11T19:21:12.448330,236525,1,1026,-70,6,84,DL,
2026-02-11T19:21:12.548394,236625,1,1027,-70,6,84,DL,
2026-02-11T19:21:12.647981,236725,1,1028,-72,6,85,DL,
2026-02-11T19:21:12.746887,236825,1,1029,-67,7,85,DL,
2026-02-11T19:21:12.846440,236925,1,1030,-72,6,85,DL,
2026-02-11T19:21:12.946086,237025,1,1031,-70,6,85,DL,
2026-02-11T19:21:13.044919,237125,1,1032,-70,6,86,DL,
2026-02-11T19:21:13.144238,237225,1,1033,-72,6,86,DL,
2026-02-11T19:21:13.243678,237325,1,1034,-70,6,86,DL,
2026-02-11T19:21:13.343501,237425,1,1035,-70,6,86,DL,
2026-02-11T19:21:13.442558,237525,1,1036,-67,7,87,DL,
2026-02-11T19:21:13.541728,237626,1,1037,-70,6,87,DL,
2026-02-11T19:21:13.641210,237726,1,1038,-67,7,87,DL,
2026-02-11T19:21:13.740354,237826,1,1039,-72,6,87,DL,
2026-02-11T19:21:13.842086,237926,1,1040,-70,6,87,DL,
2026-02-11T19:21:13.939224,238026,1,1041,-70,7,87,DL,
2026-02-11T19:21:14.038095,238126,1,1042,-72,6,87,DL,
2026-02-11T19:21:14.137778,238226,1,1043,-70,6,87,DL,
2026-02-11T19:21:14.237280,238326,1,1044,-70,6,87,DL,
2026-02-11T19:21:14.336399,238426,1,1045,-69,6,87,DL,
2026-02-11T19:21:14.435822,238526,1,1046,-72,6,87,DL,
2026-02-11T19:21:14.535180,238626,1,1047,-67,7,87,DL,
2026-02-11T19:21:14.634816,238726,1,1048,-52,11,87,DL,
2026-02-11T19:21:14.734109,238826,1,1049,-70,6,88,DL,
2026-02-11T19:21:14.833070,238926,1,1050,-72,6,88,DL,
2026-02-11T19:21:14.932480,239026,1,1051,-64,9,88,DL,
2026-02-11T19:21:15.032201,239126,1,1052,-70,7,89,DL,
2026-02-11T19:21:15.131158,239227,1,1053,-72,6,90,DL,
2026-02-11T19:21:15.230286,239327,1,1054,-70,7,90,DL,
2026-02-11T19:21:15.329949,239427,1,1055,-72,6,90,DL,
2026-02-11T19:21:15.429042,239527,1,1056,-70,6,90,DL,
2026-02-11T19:21:15.528388,239627,1,1057,-72,6,91,DL,
2026-02-11T19:21:15.628176,239727,1,1058,-72,6,91,DL,
2026-02-11T19:21:15.727350,239827,1,1059,-70,7,91,DL,
2026-02-11T19:21:15.826685,239927,1,1060,-72,6,91,DL,
2026-02-11T19:21:15.925807,240027,1,1061,-50,11,91,DL,
2026-02-11T19:21:16.024964,240127,1,1062,-72,6,91,DL,
2026-02-11T19:21:16.124739,240227,1,1063,-50,11,91,DL,
2026-02-11T19:21:16.223927,240327,1,1064,-72,5,91,DL,
2026-02-11T19:21:16.323773,240427,1,1065,-70,6,91,DL,
2026-02-11T19:21:16.422759,240527,1,1066,-51,12,91,DL,
2026-02-11T19:21:16.522107,240627,1,1067,-70,7,91,DL,
2026-02-11T19:21:16.621492,240727,1,1068,-50,12,91,DL,
2026-02-11T19:21:16.720965,240828,1,1069,-50,11,91,DL,
2026-02-11T19:21:16.820334,240928,1,1070,-72,6,92,DL,
2026-02-11T19:21:16.918993,241028,1,1071,-51,12,92,DL,
2026-02-11T19:21:17.019016,241128,1,1072,-70,7,92,DL,
2026-02-11T19:21:17.118446,241228,1,1073,-72,6,92,DL,
2026-02-11T19:21:17.217196,241328,1,1074,-72,6,92,DL,
2026-02-11T19:21:17.316587,241428,1,1075,-72,5,92,DL,
2026-02-11T19:21:17.416402,241528,1,1076,-72,6,92,DL,
2026-02-11T19:21:17.515276,241628,1,1077,-70,6,92,DL,
2026-02-11T19:21:17.615172,241728,1,1078,-72,6,92,DL,
2026-02-11T19:21:17.714673,241828,1,1079,-51,11,92,DL,
2026-02-11T19:21:17.813495,241928,1,1080,-64,8,92,DL,
2026-02-11T19:21:17.913203,242028,1,1081,-67,8,92,DL,
2026-02-11T19:21:18.012268,242128,1,1082,-70,6,92,DL,
2026-02-11T19:21:18.111935,242229,1,1083,-70,6,93,DL,
2026-02-11T19:21:18.210932,242329,1,1084,-70,7,93,DL,
2026-02-11T19:21:18.310880,242429,1,1085,-72,6,94,DL,
2026-02-11T19:21:18.409790,242529,1,1086,-70,6,95,DL,
2026-02-11T19:21:18.508906,242629,1,1087,-51,11,96,DL,
2026-02-11T19:21:18.608797,242729,1,1088,-64,8,96,DL,
2026-02-11T19:21:18.707447,242829,1,1089,-72,6,96,DL,
2026-02-11T19:21:18.806751,242929,1,1090,-67,6,97,DL,
2026-02-11T19:21:18.906470,243029,1,1091,-72,6,98,DL,
2026-02-11T19:21:19.006140,243129,1,1092,-70,7,99,DL,
2026-02-11T19:21:19.105370,243229,1,1093,-50,11,99,DL,
2026-02-11T19:21:19.204620,243329,1,1094,-50,11,100,DL,
2026-02-11T19:21:19.303998,243429,1,1095,-50,12,100,DL,
2026-02-11T19:21:19.402839,243529,1,1096,-50,12,100,DL,
2026-02-11T19:21:19.502570,243629,1,1097,-67,7,100,DL,
2026-02-11T19:21:19.601957,243729,1,1098,-72,6,100,DL,
2026-02-11T19:21:19.701275,243829,1,1099,-73,7,100,DL,
2026-02-11T19:21:19.800154,243930,1,1100,-70,6,100,DL,
2026-02-11T19:21:19.899615,244030,1,1101,-73,7,100,DL,
2026-02-11T19:21:19.999237,244130,1,1102,-70,7,100,DL,
2026-02-11T19:21:20.098609,244230,1,1103,0,0,99,NONE,
2026-02-11T19:21:20.197474,244330,1,1104,-77,11,99,DL,
2026-02-11T19:21:20.298069,244430,1,1105,-73,8,99,DL,
2026-02-11T19:21:20.396360,244530,1,1106,-73,7,99,DL,
2026-02-11T19:21:20.495949,244630,1,1107,-80,10,99,DL,
2026-02-11T19:21:20.595268,244730,1,1108,-74,11,99,DL,
2026-02-11T19:21:20.694157,244830,1,1109,-74,12,99,DL,
2026-02-11T19:21:20.793500,244930,1,1110,-73,9,99,DL,
2026-02-11T19:21:20.892986,245030,1,1111,-73,8,99,DL,
2026-02-11T19:21:20.992036,245130,1,1112,-73,9,99,DL,
2026-02-11T19:21:21.091770,245230,1,1113,-74,10,99,DL,
2026-02-11T19:21:21.191687,245330,1,1114,-77,11,99,DL,
2026-02-11T19:21:21.290625,245430,1,1115,-73,6,99,DL,
2026-02-11T19:21:21.390560,245530,1,1116,-73,6,99,DL,
2026-02-11T19:21:21.494528,245630,1,1117,-72,6,99,DL,
2026-02-11T19:21:21.589117,245731,1,1118,0,0,98,NONE,
2026-02-11T19:21:21.688349,245830,1,1119,0,0,97,NONE,
2026-02-11T19:21:21.787468,245931,1,1120,-65,11,97,DL,
2026-02-11T19:21:21.886948,246031,1,1121,0,0,96,NONE,
2026-02-11T19:21:21.985850,246131,1,1122,-70,7,96,DL,
2026-02-11T19:21:22.085204,246231,1,1123,0,0,95,NONE,
2026-02-11T19:21:22.184908,246331,1,1124,-67,7,95,DL,
2026-02-11T19:21:22.283746,246431,1,1125,-72,6,95,DL,
2026-02-11T19:21:22.384565,246531,1,1126,0,0,94,NONE,
2026-02-11T19:21:22.483203,246631,1,1127,-64,9,94,DL,
2026-02-11T19:21:22.582096,246731,1,1128,-69,6,94,DL,
2026-02-11T19:21:22.681293,246831,1,1129,-70,7,94,DL,
2026-02-11T19:21:22.781727,246931,1,1130,-72,6,94,DL,
2026-02-11T19:21:22.879895,247031,1,1131,-67,7,94,DL,
2026-02-11T19:21:22.979621,247131,1,1132,-72,6,94,DL,
2026-02-11T19:21:23.078958,247231,1,1133,-67,7,94,DL,
2026-02-11T19:21:23.178297,247331,1,1134,-62,10,94,DL,
2026-02-11T19:21:23.279788,247431,1,1135,0,0,93,NONE,
2026-02-11T19:21:23.376629,247532,1,1136,-64,9,93,DL,
2026-02-11T19:21:23.476302,247632,1,1137,-57,12,93,DL,
2026-02-11T19:21:23.575341,247732,1,1138,0,0,92,NONE,
2026-02-11T19:21:23.675025,247832,1,1139,-67,7,92,DL,
2026-02-11T19:21:23.774627,247932,1,1140,-57,12,92,DL,
2026-02-11T19:21:23.873696,248032,1,1141,-62,10,92,DL,
2026-02-11T19:21:23.973098,248132,1,1142,-57,12,92,DL,
2026-02-11T19:21:24.072336,248232,1,1143,-56,12,92,DL,
2026-02-11T19:21:24.171394,248332,1,1144,-70,6,92,DL,
2026-02-11T19:21:24.271094,248432,1,1145,-73,6,92,DL,
2026-02-11T19:21:24.370530,248532,1,1146,-73,7,92,DL,
2026-02-11T19:21:24.469322,248632,1,1147,-65,12,92,DL,
2026-02-11T19:21:24.569175,248732,1,1148,0,0,91,NONE,
2026-02-11T19:21:24.668441,248832,1,1149,-70,7,91,DL,
2026-02-11T19:21:24.767852,248932,1,1150,-72,6,91,DL,
2026-02-11T19:21:24.866914,249032,1,1151,-70,7,91,DL,
2026-02-11T19:21:24.966612,249132,1,1152,-64,8,91,DL,
2026-02-11T19:21:25.067121,249232,1,1153,-70,6,91,DL,
2026-02-11T19:21:25.165209,249333,1,1154,-72,6,91,DL,
2026-02-11T19:21:25.264238,249433,1,1155,-70,6,91,DL,
2026-02-11T19:21:25.363992,249533,1,1156,-72,6,91,DL,
2026-02-11T19:21:25.462901,249633,1,1157,0,0,90,NONE,
2026-02-11T19:21:25.562713,249733,1,1158,-70,6,90,DL,
2026-02-11T19:21:25.662295,249833,1,1159,-64,8,90,DL,
2026-02-11T19:21:25.761046,249933,1,1160,0,0,89,NONE,
2026-02-11T19:21:25.860971,250033,1,1161,-73,5,89,DL,
2026-02-11T19:21:25.960253,250133,1,1162,-67,7,89,DL,
2026-02-11T19:21:26.059092,250233,1,1163,-73,6,89,DL,
2026-02-11T19:21:26.158959,250333,1,1164,-70,6,89,DL,
2026-02-11T19:21:26.258190,250433,1,1165,-72,5,89,DL,
2026-02-11T19:21:26.357984,250533,1,1166,-72,6,89,DL,
2026-02-11T19:21:26.456701,250633,1,1167,-72,6,89,DL,
2026-02-11T19:21:26.556351,250733,1,1168,-72,5,89,DL,
2026-02-11T19:21:26.655701,250834,1,1169,-72,6,89,DL,
2026-02-11T19:21:26.755094,250934,1,1170,-64,9,89,DL,
2026-02-11T19:21:26.854012,251034,1,1171,-73,6,89,DL,
2026-02-11T19:21:26.953426,251134,1,1172,-72,6,89,DL,
2026-02-11T19:21:27.053215,251234,1,1173,-64,9,89,DL,
2026-02-11T19:21:27.152661,251334,1,1174,-64,9,89,DL,
2026-02-11T19:21:27.252127,251434,1,1175,-64,9,89,DL,
2026-02-11T19:21:27.350776,251534,1,1176,-64,9,89,DL,
2026-02-11T19:21:27.452838,251634,1,1177,-64,9,89,DL,
2026-02-11T19:21:27.549825,251734,1,1178,-72,6,89,DL,
2026-02-11T19:21:27.648516,251834,1,1179,-72,6,89,DL,
2026-02-11T19:21:27.749083,251934,1,1180,-70,7,89,DL,
2026-02-11T19:21:27.848419,252034,1,1181,-64,9,89,DL,
2026-02-11T19:21:27.947059,252135,1,1182,-72,6,89,DL,
2026-02-11T19:21:28.046490,252235,1,1183,-72,6,89,DL,
2026-02-11T19:21:28.146296,252335,1,1184,-72,6,89,DL,
2026-02-11T19:21:28.245196,252435,1,1185,-72,6,89,DL,
2026-02-11T19:21:28.344430,252535,1,1186,-64,9,89,DL,
2026-02-11T19:21:28.443865,252635,1,1187,-69,6,89,DL,
2026-02-11T19:21:28.543455,252735,1,1188,-64,9,89,DL,
2026-02-11T19:21:28.642566,252835,1,1189,-72,6,89,DL,
2026-02-11T19:21:28.742010,252935,1,1190,-64,9,89,DL,
2026-02-11T19:21:28.840994,253035,1,1191,-67,7,89,DL,
2026-02-11T19:21:28.940060,253135,1,1192,-62,9,89,DL,
2026-02-11T19:21:29.039948,253235,1,1193,-64,9,89,DL,
2026-02-11T19:21:29.139166,253335,1,1194,-72,6,89,DL,
2026-02-11T19:21:29.238043,253435,1,1195,0,0,88,NONE,
2026-02-11T19:21:29.338186,253535,1,1196,-73,8,88,DL,
2026-02-11T19:21:29.437212,253635,1,1197,0,0,87,NONE,
2026-02-11T19:21:29.536746,253735,1,1198,0,0,86,NONE,
2026-02-11T19:21:29.635419,253835,1,1199,0,0,85,NONE,
2026-02-11T19:21:29.735036,253936,1,1200,-68,12,85,DL,
2026-02-11T19:21:29.835012,254036,1,1201,0,0,84,NONE,
2026-02-11T19:21:29.934287,254136,1,1202,-66,11,84,DL,
2026-02-11T19:21:30.033584,254236,1,1203,-66,12,85,DL,
2026-02-11T19:21:30.132858,254336,1,1204,-72,6,85,DL,
2026-02-11T19:21:30.231469,254436,1,1205,0,0,84,NONE,
2026-02-11T19:21:30.330896,254536,1,1206,-61,11,84,DL,
2026-02-11T19:21:30.430791,254636,1,1207,-70,7,84,DL,
2026-02-11T19:21:30.530132,254736,1,1208,0,0,83,NONE,
2026-02-11T19:21:30.629788,254836,1,1209,-67,9,83,DL,
2026-02-11T19:21:30.728694,254936,1,1210,-65,11,83,DL,
2026-02-11T19:21:30.829201,255036,1,1211,-64,9,83,DL,
2026-02-11T19:21:30.927546,255136,1,1212,-64,10,83,DL,
2026-02-11T19:21:31.026874,255236,1,1213,0,0,82,NONE,
2026-02-11T19:21:31.125904,255337,1,1214,-62,11,82,DL,
2026-02-11T19:21:31.225528,255437,1,1215,-64,9,82,DL,
2026-02-11T19:21:31.325054,255537,1,1216,-62,10,82,DL,
2026-02-11T19:21:31.424427,255637,1,1217,-64,10,82,DL,
2026-02-11T19:21:31.524103,255737,1,1218,-65,10,83,DL,
2026-02-11T19:21:31.623023,255837,1,1219,0,0,83,NONE,
2026-02-11T19:21:31.722293,255937,1,1220,-73,6,83,DL,
2026-02-11T19:21:31.821350,256037,1,1221,-61,11,84,DL,
2026-02-11T19:21:31.921047,256137,1,1222,-60,11,84,DL,
2026-02-11T19:21:32.020194,256237,1,1223,-59,11,85,DL,
2026-02-11T19:21:32.119512,256337,1,1224,-64,9,85,DL,
2026-02-11T19:21:32.222077,256437,1,1225,-72,6,85,DL,
2026-02-11T19:21:32.318757,256537,1,1226,-64,9,86,DL,
2026-02-11T19:21:32.417688,256637,1,1227,-59,11,86,DL,
2026-02-11T19:21:32.519097,256738,1,1228,-64,9,86,DL,
2026-02-11T19:21:32.615953,256838,1,1229,-64,9,86,DL,
2026-02-11T19:21:32.719569,256938,1,1230,-73,6,86,DL,
2026-02-11T19:21:32.814565,257038,1,1231,-72,6,86,DL,
2026-02-11T19:21:32.914868,257138,1,1232,-72,6,86,DL,
2026-02-11T19:21:33.013595,257238,1,1233,0,0,85,NONE,
2026-02-11T19:21:33.113269,257338,1,1234,-60,11,85,DL,
2026-02-11T19:21:33.212938,257438,1,1235,0,0,85,NONE,
2026-02-11T19:21:33.311601,257538,1,1236,-67,8,85,DL,
2026-02-11T19:21:33.411149,257638,1,1237,-72,6,85,DL,
2026-02-11T19:21:33.511003,257738,1,1238,0,0,85,NONE,
2026-02-11T19:21:33.610188,257838,1,1239,-67,7,85,DL,
2026-02-11T19:21:33.708742,257938,1,1240,-60,11,85,DL,
2026-02-11T19:21:33.807998,258038,1,1241,-70,7,85,DL,
2026-02-11T19:21:33.907928,258138,1,1242,-64,9,85,DL,
2026-02-11T19:21:34.007313,258239,1,1243,-73,6,85,DL,
2026-02-11T19:21:34.105944,258339,1,1244,-64,9,85,DL,
2026-02-11T19:21:34.205838,258439,1,1245,-72,6,85,DL,
2026-02-11T19:21:34.304955,258539,1,1246,-72,6,85,DL,
2026-02-11T19:21:34.404082,258639,1,1247,-72,6,85,DL,
2026-02-11T19:21:34.505956,258739,1,1248,-73,6,86,DL,
2026-02-11T19:21:34.602858,258839,1,1249,-64,9,86,DL,
2026-02-11T19:21:34.702433,258939,1,1250,-72,6,86,DL,
2026-02-11T19:21:34.801907,259039,1,1251,-64,9,86,DL,
2026-02-11T19:21:34.901296,259139,1,1252,0,0,85,NONE,
2026-02-11T19:21:34.999985,259239,1,1253,-72,6,85,DL,
2026-02-11T19:21:35.099908,259339,1,1254,0,0,84,NONE,
2026-02-11T19:21:35.199183,259439,1,1255,-73,6,84,DL,
2026-02-11T19:21:35.298109,259539,1,1256,-64,9,84,DL,
2026-02-11T19:21:35.398143,259639,1,1257,0,0,84,NONE,
2026-02-11T19:21:35.497320,259739,1,1258,0,0,83,NONE,
2026-02-11T19:21:35.596117,259840,1,1259,-67,8,83,DL,
2026-02-11T19:21:35.695815,259940,1,1260,0,0,83,NONE,
2026-02-11T19:21:35.795956,260040,1,1261,-62,11,83,DL,
2026-02-11T19:21:35.894354,260140,1,1262,-64,9,83,DL,
2026-02-11T19:21:35.994273,260240,1,1263,-64,9,83,DL,
2026-02-11T19:21:36.093761,260340,1,1264,-64,9,83,DL,
2026-02-11T19:21:36.192541,260440,1,1265,0,0,82,NONE,
2026-02-11T19:21:36.291945,260540,1,1266,-59,11,82,DL,
2026-02-11T19:21:36.391889,260640,1,1267,0,0,81,NONE,
2026-02-11T19:21:36.490904,260740,1,1268,-64,9,81,DL,
2026-02-11T19:21:36.590306,260840,1,1269,0,0,80,NONE,
2026-02-11T19:21:36.689490,260940,1,1270,-67,8,80,DL,
2026-02-11T19:21:36.788909,261040,1,1271,-72,5,80,DL,
2026-02-11T19:21:36.888212,261141,1,1272,-62,10,80,DL,
2026-02-11T19:21:36.987541,261241,1,1273,-64,8,80,DL,
2026-02-11T19:21:37.086511,261341,1,1274,-64,9,80,DL,
2026-02-11T19:21:37.185739,261441,1,1275,0,0,79,NONE,
2026-02-11T19:21:37.285742,261541,1,1276,-64,9,79,DL,
2026-02-11T19:21:37.384883,261641,1,1277,-64,9,79,DL,
2026-02-11T19:21:37.484034,261741,1,1278,-64,9,79,DL,
2026-02-11T19:21:37.583237,261841,1,1279,-65,10,79,DL,
2026-02-11T19:21:37.682441,261941,1,1280,-65,10,79,DL,
2026-02-11T19:21:37.782270,262041,1,1281,-64,10,79,DL,
2026-02-11T19:21:37.881957,262141,1,1282,-64,9,79,DL,
2026-02-11T19:21:37.981218,262241,1,1283,0,0,78,NONE,
2026-02-11T19:21:38.080528,262342,1,1284,-72,6,78,DL,
2026-02-11T19:21:38.179891,262442,1,1285,0,0,77,NONE,
2026-02-11T19:21:38.278574,262542,1,1286,0,0,76,NONE,
2026-02-11T19:21:38.378206,262642,1,1287,0,0,75,NONE,
2026-02-11T19:21:38.478016,262742,1,1288,-64,9,75,DL,
2026-02-11T19:21:38.577334,262842,1,1289,-64,9,75,DL,
2026-02-11T19:21:38.676529,262942,1,1290,0,0,74,NONE,
2026-02-11T19:21:38.775244,263042,1,1291,0,0,73,NONE,
2026-02-11T19:21:38.875221,263142,1,1292,-64,9,73,DL,
2026-02-11T19:21:38.974505,263242,1,1293,0,0,72,NONE,
2026-02-11T19:21:39.073346,263342,1,1294,-64,10,72,DL,
2026-02-11T19:21:39.173173,263442,1,1295,0,0,72,NONE,
2026-02-11T19:21:39.272597,263542,1,1296,0,0,71,NONE,
2026-02-11T19:21:39.371400,263643,1,1297,-62,11,72,DL,
2026-02-11T19:21:39.471451,263743,1,1298,-62,10,73,DL,
2026-02-11T19:21:39.570877,263843,1,1299,-64,9,74,DL,
2026-02-11T19:21:39.669895,263943,1,1300,-64,9,74,DL,
2026-02-11T19:21:39.769515,264043,1,1301,0,0,74,NONE,
2026-02-11T19:21:39.868776,264143,1,1302,-60,12,74,DL,
2026-02-11T19:21:39.968167,264243,1,1303,-64,9,74,DL,
2026-02-11T19:21:40.068009,264343,1,1304,0,0,73,NONE,
2026-02-11T19:21:40.167139,264443,1,1305,-64,9,74,DL,
2026-02-11T19:21:40.266267,264543,1,1306,-60,11,74,DL,
2026-02-11T19:21:40.365820,264643,1,1307,-64,9,74,DL,
2026-02-11T19:21:40.465166,264743,1,1308,0,0,74,NONE,
2026-02-11T19:21:40.564405,264844,1,1309,-60,11,74,DL,
2026-02-11T19:21:40.663139,264944,1,1310,-64,9,74,DL,
2026-02-11T19:21:40.763121,265044,1,1311,-64,9,74,DL,
2026-02-11T19:21:40.862739,265144,1,1312,-64,9,74,DL,
2026-02-11T19:21:40.960973,265244,1,1313,0,0,74,NONE,
2026-02-11T19:21:41.062001,265344,1,1314,0,0,73,NONE,
2026-02-11T19:21:41.160443,265444,1,1315,-64,9,73,DL,
2026-02-11T19:21:41.259383,265544,1,1316,-64,10,73,DL,
2026-02-11T19:21:41.359421,265644,1,1317,-64,9,73,DL,
2026-02-11T19:21:41.458468,265744,1,1318,-64,8,73,DL,
2026-02-11T19:21:41.557827,265844,1,1319,-64,9,74,DL,
2026-02-11T19:21:41.657504,265944,1,1320,-73,6,74,DL,
2026-02-11T19:21:41.756492,266045,1,1321,-64,9,74,DL,
2026-02-11T19:21:41.855913,266145,1,1322,-72,6,74,DL,
2026-02-11T19:21:41.955342,266245,1,1323,-64,9,74,DL,
2026-02-11T19:21:42.054876,266345,1,1324,-61,11,74,DL,
2026-02-11T19:21:42.154205,266445,1,1325,-73,7,74,DL,
2026-02-11T19:21:42.252590,266545,1,1326,-65,11,74,DL,
2026-02-11T19:21:42.352232,266645,1,1327,0,0,73,NONE,
2026-02-11T19:21:42.452162,266745,1,1328,0,0,72,NONE,
2026-02-11T19:21:42.550871,266845,1,1329,0,0,71,NONE,
2026-02-11T19:21:42.650805,266945,1,1330,0,0,70,NONE,
2026-02-11T19:21:42.749704,267045,1,1331,-62,12,70,DL,
2026-02-11T19:21:42.849169,267145,1,1332,-67,13,70,DL,
2026-02-11T19:21:42.948419,267245,1,1333,-78,12,71,DL,
2026-02-11T19:21:43.047540,267345,1,1334,-66,12,71,DL,
2026-02-11T19:21:43.146991,267446,1,1335,-73,7,72,DL,
2026-02-11T19:21:43.246606,267546,1,1336,-87,11,72,DL,
2026-02-11T19:21:43.346074,267646,1,1337,-77,13,72,DL,
2026-02-11T19:21:43.445322,267746,1,1338,-76,13,73,DL,
2026-02-11T19:21:43.544408,267846,1,1339,-69,13,73,DL,
2026-02-11T19:21:43.644087,267946,1,1340,-73,8,73,DL,
2026-02-11T19:21:43.743547,268046,1,1341,-68,11,73,DL,
2026-02-11T19:21:43.842756,268146,1,1342,-66,12,73,DL,
2026-02-11T19:21:43.942059,268246,1,1343,-66,13,73,DL,
2026-02-11T19:21:44.041453,268346,1,1344,-73,7,73,DL,
2026-02-11T19:21:44.140388,268446,1,1345,-73,7,73,DL,
2026-02-11T19:21:44.239687,268546,1,1346,-65,13,73,DL,
2026-02-11T19:21:44.339690,268646,1,1347,-65,12,73,DL,
2026-02-11T19:21:44.438711,268747,1,1348,-65,12,73,DL,
2026-02-11T19:21:44.538224,268847,1,1349,-73,7,73,DL,
2026-02-11T19:21:44.637621,268947,1,1350,-66,12,73,DL,
2026-02-11T19:21:44.736398,269047,1,1351,-73,8,73,DL,
2026-02-11T19:21:44.836402,269147,1,1352,-66,13,74,DL,
2026-02-11T19:21:44.935783,269247,1,1353,-66,13,74,DL,
2026-02-11T19:21:45.035039,269347,1,1354,-66,13,75,DL,
2026-02-11T19:21:45.134522,269447,1,1355,-73,7,75,DL,
2026-02-11T19:21:45.234017,269547,1,1356,-67,13,75,DL,
2026-02-11T19:21:45.333280,269647,1,1357,-73,7,76,DL,
2026-02-11T19:21:45.432549,269747,1,1358,-73,7,77,DL,
2026-02-11T19:21:45.532078,269847,1,1359,-66,13,77,DL,
2026-02-11T19:21:45.631107,269947,1,1360,-67,12,78,DL,
2026-02-11T19:21:45.730628,270047,1,1361,0,0,77,NONE,
2026-02-11T19:21:45.829840,270148,1,1362,-68,12,77,DL,
2026-02-11T19:21:45.929213,270248,1,1363,-68,10,77,DL,
2026-02-11T19:21:46.028115,270348,1,1364,-64,9,77,DL,
2026-02-11T19:21:46.127476,270448,1,1365,-65,11,78,DL,
2026-02-11T19:21:46.226751,270548,1,1366,-65,10,78,DL,
2026-02-11T19:21:46.327419,270648,1,1367,-73,8,79,DL,
2026-02-11T19:21:46.425941,270748,1,1368,-65,10,79,DL,
2026-02-11T19:21:46.525387,270848,1,1369,0,0,79,NONE,
2026-02-11T19:21:46.624787,270948,1,1370,0,0,78,NONE,
2026-02-11T19:21:46.723992,271048,1,1371,-66,13,78,DL,
2026-02-11T19:21:46.824085,271148,1,1372,0,0,77,NONE,
2026-02-11T19:21:46.922704,271248,1,1373,0,0,76,NONE,
2026-02-11T19:21:47.021913,271348,1,1374,0,0,75,NONE,
2026-02-11T19:21:47.121039,271448,1,1375,0,0,75,NONE,
2026-02-11T19:21:47.220514,271548,1,1376,0,0,74,NONE,
2026-02-11T19:21:47.319333,271648,1,1377,0,0,73,NONE,
2026-02-11T19:21:47.419354,271748,1,1378,0,0,72,NONE,
2026-02-11T19:21:47.521946,271848,1,1379,0,0,71,NONE,
2026-02-11T19:21:47.616709,271948,1,1380,0,0,70,NONE,
2026-02-11T19:21:47.816328,272149,1,1382,-72,6,70,DL,
2026-02-11T19:21:47.915820,272249,1,1383,-65,11,70,DL,
2026-02-11T19:21:48.017883,272349,1,1384,-65,11,71,DL,
2026-02-11T19:21:48.114866,272449,1,1385,-65,11,71,DL,
2026-02-11T19:21:48.213589,272549,1,1386,0,0,71,NONE,
2026-02-11T19:21:48.313732,272649,1,1387,0,0,71,NONE,
2026-02-11T19:21:48.412976,272750,1,1388,-72,11,72,DL,
2026-02-11T19:21:48.512442,272850,1,1389,-70,11,72,DL,
2026-02-11T19:21:48.611060,272950,1,1390,0,0,71,NONE,
2026-02-11T19:21:48.710567,273050,1,1391,-77,12,72,DL,
2026-02-11T19:21:48.810315,273150,1,1392,-75,11,73,DL,
2026-02-11T19:21:48.909853,273250,1,1393,-76,11,73,DL,
2026-02-11T19:21:49.009071,273350,1,1394,-76,12,74,DL,
2026-02-11T19:21:49.107930,273450,1,1395,-75,11,74,DL,
2026-02-11T19:21:49.207184,273550,1,1396,-73,7,75,DL,
2026-02-11T19:21:49.306681,273650,1,1397,-70,11,76,DL,
2026-02-11T19:21:49.406578,273750,1,1398,-64,10,76,DL,
2026-02-11T19:21:49.505354,273850,1,1399,-64,9,76,DL,
2026-02-11T19:21:49.605088,273951,1,1400,0,0,75,NONE,
2026-02-11T19:21:49.704754,274051,1,1401,-64,9,75,DL,
2026-02-11T19:21:49.803598,274151,1,1402,-64,9,76,DL,
2026-02-11T19:21:49.902632,274251,1,1403,-72,6,76,DL,
2026-02-11T19:21:50.002541,274351,1,1404,-64,8,76,DL,
2026-02-11T19:21:50.101840,274451,1,1405,-72,6,77,DL,
2026-02-11T19:21:50.201230,274551,1,1406,-64,8,77,DL,
2026-02-11T19:21:50.300765,274651,1,1407,-64,8,77,DL,
2026-02-11T19:21:50.399754,274751,1,1408,-72,6,77,DL,
2026-02-11T19:21:50.499394,274851,1,1409,-64,8,78,DL,
2026-02-11T19:21:50.598034,274951,1,1410,-72,5,78,DL,
2026-02-11T19:21:50.698068,275051,1,1411,-64,8,78,DL,
2026-02-11T19:21:50.797368,275152,1,1412,-64,9,78,DL,
2026-02-11T19:21:50.896822,275252,1,1413,-72,5,78,DL,
2026-02-11T19:21:50.996109,275352,1,1414,-64,8,79,DL,
2026-02-11T19:21:51.094848,275452,1,1415,-64,8,80,DL,
2026-02-11T19:21:51.194241,275552,1,1416,-64,8,80,DL,
2026-02-11T19:21:51.293632,275652,1,1417,-72,5,80,DL,
2026-02-11T19:21:51.392994,275752,1,1418,-64,8,80,DL,
2026-02-11T19:21:51.492912,275852,1,1419,-72,6,80,DL,
2026-02-11T19:21:51.593182,275952,1,1420,-72,6,80,DL,
2026-02-11T19:21:51.691434,276052,1,1421,-64,8,80,DL,
2026-02-11T19:21:51.790989,276152,1,1422,-64,8,80,DL,
2026-02-11T19:21:51.889929,276252,1,1423,-64,9,80,DL,
2026-02-11T19:21:51.989715,276353,1,1424,-72,6,80,DL,
2026-02-11T19:21:52.089049,276453,1,1425,-64,8,80,DL,
2026-02-11T19:21:52.187974,276553,1,1426,-64,8,80,DL,
2026-02-11T19:21:52.287958,276653,1,1427,-64,9,80,DL,
2026-02-11T19:21:52.386715,276753,1,1428,-65,10,81,DL,
2026-02-11T19:21:52.486960,276853,1,1429,-73,7,82,DL,
2026-02-11T19:21:52.586045,276953,1,1430,-68,11,83,DL,
2026-02-11T19:21:52.685205,277053,1,1431,-70,11,84,DL,
2026-02-11T19:21:52.784991,277153,1,1432,-67,11,84,DL,
2026-02-11T19:21:52.884265,277253,1,1433,-68,11,84,DL,
2026-02-11T19:21:52.982764,277353,1,1434,-74,10,84,DL,
2026-02-11T19:21:53.082839,277454,1,1435,-69,12,84,DL,
2026-02-11T19:21:53.182150,277554,1,1436,-73,8,84,DL,
2026-02-11T19:21:53.281451,277654,1,1437,-73,8,84,DL,
2026-02-11T19:21:53.380756,277754,1,1438,-73,9,84,DL,
2026-02-11T19:21:53.479918,277854,1,1439,-73,9,84,DL,
2026-02-11T19:21:53.579253,277954,1,1440,-70,11,84,DL,
2026-02-11T19:21:53.678875,278054,1,1441,0,0,83,NONE,
2026-02-11T19:21:53.778378,278154,1,1442,-68,11,83,DL,
2026-02-11T19:21:53.877729,278254,1,1443,-71,11,83,DL,
2026-02-11T19:21:53.976852,278354,1,1444,-74,11,83,DL,
2026-02-11T19:21:54.076147,278454,1,1445,0,0,82,NONE,
2026-02-11T19:21:54.175879,278554,1,1446,-67,9,82,DL,
2026-02-11T19:21:54.275009,278655,1,1447,-72,11,82,DL,
2026-02-11T19:21:54.374311,278755,1,1448,-67,12,82,DL,
2026-02-11T19:21:54.473366,278855,1,1449,-65,10,82,DL,
2026-02-11T19:21:54.573002,278955,1,1450,-65,10,82,DL,
2026-02-11T19:21:54.672422,279055,1,1451,-68,10,82,DL,
2026-02-11T19:21:54.771819,279155,1,1452,-76,12,82,DL,
2026-02-11T19:21:54.870791,279255,1,1453,-84,10,82,DL,
2026-02-11T19:21:54.970467,279355,1,1454,-73,11,82,DL,
2026-02-11T19:21:55.069847,279455,1,1455,-65,9,82,DL,
2026-02-11T19:21:55.169476,279555,1,1456,-68,11,82,DL,
2026-02-11T19:21:55.268861,279655,1,1457,-65,12,82,DL,
2026-02-11T19:21:55.368242,279755,1,1458,-73,8,82,DL,
2026-02-11T19:21:55.467231,279856,1,1459,-73,8,82,DL,
2026-02-11T19:21:55.566625,279956,1,1460,-73,9,82,DL,
2026-02-11T19:21:55.668752,280056,1,1461,-73,10,82,DL,
2026-02-11T19:21:55.765343,280156,1,1462,-74,11,83,DL,
2026-02-11T19:21:55.864904,280256,1,1463,-70,11,83,DL,
2026-02-11T19:21:55.964067,280356,1,1464,-73,9,83,DL,
2026-02-11T19:21:56.063516,280456,1,1465,-66,12,83,DL,
2026-02-11T19:21:56.162872,280556,1,1466,-73,7,83,DL,
2026-02-11T19:21:56.261935,280656,1,1467,-73,7,83,DL,
2026-02-11T19:21:56.361149,280756,1,1468,-66,12,83,DL,
2026-02-11T19:21:56.460415,280856,1,1469,-73,7,83,DL,
2026-02-11T19:21:56.560364,280956,1,1470,-65,10,84,DL,
2026-02-11T19:21:56.659217,281056,1,1471,0,0,84,NONE,
2026-02-11T19:21:56.759940,281157,1,1472,-73,7,84,DL,
2026-02-11T19:21:56.858529,281257,1,1473,-73,7,85,DL,
2026-02-11T19:21:56.957153,281357,1,1474,-66,12,86,DL,
2026-02-11T19:21:57.056907,281457,1,1475,-67,11,87,DL,
2026-02-11T19:21:57.156279,281557,1,1476,-73,8,88,DL,
2026-02-11T19:21:57.256349,281657,1,1477,-67,9,89,DL,
2026-02-11T19:21:57.355078,281757,1,1478,-73,6,90,DL,
2026-02-11T19:21:57.454708,281857,1,1479,-72,6,91,DL,
2026-02-11T19:21:57.554358,281957,1,1480,-72,6,92,DL,
2026-02-11T19:21:57.653164,282057,1,1481,-72,6,93,DL,
2026-02-11T19:21:57.752322,282157,1,1482,-64,9,93,DL,
2026-02-11T19:21:57.854346,282257,1,1483,-64,8,93,DL,
2026-02-11T19:21:57.951765,282358,1,1484,-64,8,93,DL,
2026-02-11T19:21:58.050720,282458,1,1485,-73,6,93,DL,
2026-02-11T19:21:58.150442,282558,1,1486,-65,10,94,DL,
2026-02-11T19:21:58.249370,282658,1,1487,-64,9,95,DL,
2026-02-11T19:21:58.348448,282758,1,1488,-65,11,95,DL,
2026-02-11T19:21:58.448522,282858,1,1489,-96,5,95,DL,
2026-02-11T19:21:58.547386,282958,1,1490,0,0,95,NONE,
2026-02-11T19:21:58.646721,283058,1,1491,0,0,94,NONE,
2026-02-11T19:21:58.745790,283158,1,1492,0,0,93,NONE,
2026-02-11T19:21:58.845677,283258,1,1493,0,0,92,NONE,
2026-02-11T19:21:58.944532,283358,1,1494,-88,10,92,DL,
2026-02-11T19:21:59.044589,283458,1,1495,-75,12,92,DL,
2026-02-11T19:21:59.144107,283558,1,1496,-69,12,92,DL,
2026-02-11T19:21:59.242457,283658,1,1497,0,0,91,NONE,
2026-02-11T19:21:59.342366,283759,1,1498,-73,9,91,DL,
2026-02-11T19:21:59.442292,283859,1,1499,-72,12,91,DL,
2026-02-11T19:21:59.541548,283959,1,1500,-85,10,92,DL,
2026-02-11T19:21:59.640492,284059,1,1501,-76,13,92,DL,
2026-02-11T19:21:59.740217,284159,1,1502,-73,8,92,DL,
2026-02-11T19:21:59.838939,284259,1,1503,-67,10,92,DL,
2026-02-11T19:21:59.938463,284359,1,1504,-75,14,92,DL,
2026-02-11T19:22:00.038397,284459,1,1505,-73,7,92,DL,
2026-02-11T19:22:00.137562,284559,1,1506,0,0,91,NONE,
2026-02-11T19:22:00.236485,284659,1,1507,-73,7,91,DL,
2026-02-11T19:22:00.336252,284759,1,1508,-70,13,91,DL,
2026-02-11T19:22:00.435840,284860,1,1509,-73,9,91,DL,
2026-02-11T19:22:00.535208,284960,1,1510,-74,12,91,DL,
2026-02-11T19:22:00.634340,285060,1,1511,-72,13,91,DL,
2026-02-11T19:22:00.733537,285160,1,1512,-70,13,91,DL,
2026-02-11T19:22:00.833071,285260,1,1513,-70,12,91,DL,
2026-02-11T19:22:00.932333,285360,1,1514,-73,10,91,DL,
2026-02-11T19:22:01.031733,285460,1,1515,-67,13,91,DL,
2026-02-11T19:22:01.131141,285560,1,1516,-74,11,91,DL,
2026-02-11T19:22:01.230744,285660,1,1517,-69,12,91,DL,
2026-02-11T19:22:01.329620,285760,1,1518,-73,8,91,DL,
2026-02-11T19:22:01.429140,285860,1,1519,-73,9,91,DL,
2026-02-11T19:22:01.528115,285960,1,1520,-71,12,91,DL,
2026-02-11T19:22:01.627517,286060,1,1521,-74,10,91,DL,
2026-02-11T19:22:01.727437,286161,1,1522,-74,13,91,DL,
2026-02-11T19:22:01.826681,286261,1,1523,-74,11,91,DL,
2026-02-11T19:22:01.926254,286361,1,1524,-76,12,91,DL,
2026-02-11T19:22:02.025710,286461,1,1525,-75,12,91,DL,
2026-02-11T19:22:02.123959,286561,1,1526,-73,10,91,DL,
2026-02-11T19:22:02.225205,286661,1,1527,-69,12,91,DL,
2026-02-11T19:22:02.323077,286761,1,1528,-70,12,91,DL,
2026-02-11T19:22:02.422614,286861,1,1529,-70,12,91,DL,
2026-02-11T19:22:02.522489,286961,1,1530,-69,13,91,DL,
2026-02-11T19:22:02.621290,287061,1,1531,-74,12,91,DL,
2026-02-11T19:22:02.720990,287161,1,1532,-72,13,91,DL,
2026-02-11T19:22:02.821339,287261,1,1533,-74,10,91,DL,
2026-02-11T19:22:02.921578,287362,1,1534,-71,12,91,DL,
2026-02-11T19:22:03.018929,287462,1,1535,-73,9,91,DL,
2026-02-11T19:22:03.118116,287562,1,1536,-70,12,91,DL,
2026-02-11T19:22:03.217978,287662,1,1537,-74,12,91,DL,
2026-02-11T19:22:03.318610,287762,1,1538,-70,12,91,DL,
2026-02-11T19:22:03.415812,287862,1,1539,-73,8,91,DL,
2026-02-11T19:22:03.515853,287962,1,1540,-73,8,91,DL,
2026-02-11T19:22:03.615089,288062,1,1541,-66,12,92,DL,
2026-02-11T19:22:03.714258,288162,1,1542,-73,8,92,DL,
2026-02-11T19:22:03.814005,288262,1,1543,-72,6,92,DL,
2026-02-11T19:22:03.912500,288362,1,1544,-73,7,92,DL,
2026-02-11T19:22:04.011956,288462,1,1545,-73,7,93,DL,
2026-02-11T19:22:04.112225,288562,1,1546,-73,8,93,DL,
2026-02-11T19:22:04.211587,288662,1,1547,-73,8,93,DL,
2026-02-11T19:22:04.310423,288763,1,1548,-73,7,93,DL,
2026-02-11T19:22:04.409488,288863,1,1549,-73,7,93,DL,
2026-02-11T19:22:04.509246,288963,1,1550,-73,7,93,DL,
2026-02-11T19:22:04.608188,289063,1,1551,-73,7,93,DL,
2026-02-11T19:22:04.707886,289163,1,1552,-70,9,93,DL,
2026-02-11T19:22:04.807376,289263,1,1553,-66,12,93,DL,
2026-02-11T19:22:04.906615,289363,1,1554,-73,8,93,DL,
2026-02-11T19:22:05.005970,289463,1,1555,-73,8,93,DL,
2026-02-11T19:22:05.105499,289563,1,1556,-72,6,93,DL,
2026-02-11T19:22:05.204233,289663,1,1557,-73,6,93,DL,
2026-02-11T19:22:05.303573,289763,1,1558,-73,6,93,DL,
2026-02-11T19:22:05.403619,289863,1,1559,-73,8,93,DL,
2026-02-11T19:22:05.502720,289963,1,1560,-73,6,93,DL,
2026-02-11T19:22:05.601615,290063,1,1561,0,0,92,NONE,
2026-02-11T19:22:05.701458,290163,1,1562,-67,8,92,DL,
2026-02-11T19:22:05.800766,290263,1,1563,-70,7,92,DL,
2026-02-11T19:22:05.899728,290363,1,1564,-72,6,92,DL,
2026-02-11T19:22:05.999483,290463,1,1565,-67,8,92,DL,
2026-02-11T19:22:06.098893,290564,1,1566,-73,6,92,DL,
2026-02-11T19:22:06.198032,290664,1,1567,-70,7,92,DL,
2026-02-11T19:22:06.296999,290764,1,1568,-70,7,92,DL,
2026-02-11T19:22:06.396868,290864,1,1569,-73,6,92,DL,
2026-02-11T19:22:06.496201,290964,1,1570,-72,12,92,DL,
2026-02-11T19:22:06.595875,291064,1,1571,-72,12,93,DL,
2026-02-11T19:22:06.694499,291164,1,1572,0,0,92,NONE,
2026-02-11T19:22:06.794837,291264,1,1573,-73,8,92,DL,
2026-02-11T19:22:06.893608,291364,1,1574,0,0,91,NONE,
2026-02-11T19:22:06.992616,291464,1,1575,-73,9,91,DL,
2026-02-11T19:22:07.092373,291564,1,1576,-70,13,91,DL,
2026-02-11T19:22:07.191163,291664,1,1577,-73,10,91,DL,
2026-02-11T19:22:07.291131,291764,1,1578,-63,12,91,DL,
2026-02-11T19:22:07.390418,291864,1,1579,-70,7,91,DL,
2026-02-11T19:22:07.489361,291964,1,1580,-72,6,91,DL,
2026-02-11T19:22:07.589088,292064,1,1581,0,0,90,NONE,
2026-02-11T19:22:07.687928,292164,1,1582,-70,6,90,DL,
2026-02-11T19:22:07.787836,292265,1,1583,-64,10,90,DL,
2026-02-11T19:22:07.887348,292365,1,1584,-70,8,90,DL,
2026-02-11T19:22:07.988476,292465,1,1585,-73,8,90,DL,
2026-02-11T19:22:08.085822,292565,1,1586,-73,9,90,DL,
2026-02-11T19:22:08.185184,292665,1,1587,-70,7,90,DL,
2026-02-11T19:22:08.284967,292765,1,1588,-65,9,90,DL,
2026-02-11T19:22:08.384356,292865,1,1589,-73,7,90,DL,
2026-02-11T19:22:08.483462,292965,1,1590,-65,11,91,DL,
2026-02-11T19:22:08.583099,293065,1,1591,0,0,91,NONE,
2026-02-11T19:22:08.682057,293165,1,1592,-68,13,92,DL,
2026-02-11T19:22:08.781146,293265,1,1593,-75,13,93,DL,
2026-02-11T19:22:08.880223,293365,1,1594,-64,9,93,DL,
2026-02-11T19:22:08.980241,293465,1,1595,-67,7,93,DL,
2026-02-11T19:22:09.079530,293565,1,1596,-67,7,93,DL,
2026-02-11T19:22:09.179109,293665,1,1597,-72,6,94,DL,
2026-02-11T19:22:09.277748,293765,1,1598,-48,12,94,DL,
2026-02-11T19:22:09.376959,293865,1,1599,-48,13,94,DL,
2026-02-11T19:22:09.476626,293966,1,1600,-72,6,94,DL,
2026-02-11T19:22:09.576352,294066,1,1601,-49,4,94,DL,
2026-02-11T19:22:09.676017,294166,1,1602,-49,9,94,DL,
2026-02-11T19:22:09.774579,294266,1,1603,-64,3,94,DL,
2026-02-11T19:22:09.873837,294366,1,1604,-49,4,94,DL,
2026-02-11T19:22:09.973443,294466,1,1605,0,0,93,NONE,
2026-02-11T19:22:10.072704,294566,1,1606,-50,7,94,DL,
2026-02-11T19:22:10.172418,294666,1,1607,-72,4,94,DL,
2026-02-11T19:22:10.272136,294766,1,1608,-72,2,94,DL,
2026-02-11T19:22:10.370590,294866,1,1609,-72,3,94,DL,
2026-02-11T19:22:10.472529,294966,1,1610,-72,2,94,DL,
2026-02-11T19:22:10.569775,295066,1,1611,-72,2,94,DL,
2026-02-11T19:22:10.668524,295166,1,1612,0,0,93,NONE,
2026-02-11T19:22:10.768307,295266,1,1613,0,0,92,NONE,
2026-02-11T19:22:10.867927,295367,1,1614,-70,3,92,DL,
2026-02-11T19:22:10.970053,295467,1,1615,0,0,91,NONE,
2026-02-11T19:22:11.066414,295567,1,1616,-67,3,91,DL,
2026-02-11T19:22:11.166154,295667,1,1617,-72,2,91,DL,
2026-02-11T19:22:11.264523,295767,1,1618,-72,3,91,DL,
2026-02-11T19:22:11.363823,295867,1,1619,0,0,90,NONE,
2026-02-11T19:22:11.463943,295967,1,1620,-72,2,90,DL,
2026-02-11T19:22:11.563871,296067,1,1621,0,0,89,NONE,
2026-02-11T19:22:11.661974,296167,1,1622,-64,4,89,DL,
2026-02-11T19:22:11.761300,296267,1,1623,-72,3,89,DL,
2026-02-11T19:22:11.861302,296367,1,1624,-70,2,89,DL,
2026-02-11T19:22:11.960441,296467,1,1625,0,0,88,NONE,
2026-02-11T19:22:12.059974,296567,1,1626,-70,3,88,DL,
2026-02-11T19:22:12.159272,296668,1,1627,-62,3,88,DL,
2026-02-11T19:22:12.259448,296768,1,1628,-67,3,88,DL,
2026-02-11T19:22:12.357616,296868,1,1629,-72,0,88,DL,
2026-02-11T19:22:12.457010,296968,1,1630,-67,3,88,DL,
2026-02-11T19:22:12.556431,297068,1,1631,-72,3,88,DL,
2026-02-11T19:22:12.656296,297168,1,1632,-72,3,88,DL,
2026-02-11T19:22:12.757971,297268,1,1633,-62,5,88,DL,
2026-02-11T19:22:12.854926,297368,1,1634,0,0,87,NONE,
2026-02-11T19:22:12.955195,297468,1,1635,-70,2,87,DL,
2026-02-11T19:22:13.056700,297568,1,1636,-70,2,87,DL,
2026-02-11T19:22:13.153075,297668,1,1637,-70,4,87,DL,
2026-02-11T19:22:13.252323,297768,1,1638,-64,4,87,DL,
2026-02-11T19:22:13.350969,297868,1,1639,0,0,86,NONE,
2026-02-11T19:22:13.450614,297968,1,1640,0,0,85,NONE,
2026-02-11T19:22:13.550007,298068,1,1641,0,0,84,NONE,
2026-02-11T19:22:13.649233,298169,1,1642,-67,3,84,DL,
2026-02-11T19:22:13.749001,298269,1,1643,0,0,83,NONE,
2026-02-11T19:22:13.848078,298369,1,1644,-72,1,83,DL,
2026-02-11T19:22:13.947136,298469,1,1645,0,0,82,NONE,
2026-02-11T19:22:14.046898,298569,1,1646,0,0,81,NONE,
2026-02-11T19:22:14.145966,298669,1,1647,-67,3,81,DL,
2026-02-11T19:22:14.245602,298769,1,1648,-72,2,81,DL,
2026-02-11T19:22:14.345268,298869,1,1649,-70,3,81,DL,
2026-02-11T19:22:14.444377,298969,1,1650,0,0,80,NONE,
2026-02-11T19:22:14.543354,299069,1,1651,0,0,79,NONE,
2026-02-11T19:22:14.643629,299169,1,1652,-67,2,79,DL,
2026-02-11T19:22:14.742472,299269,1,1653,-72,1,79,DL,
2026-02-11T19:22:14.842159,299369,1,1654,-70,1,79,DL,
2026-02-11T19:22:14.941441,299469,1,1655,-72,2,79,DL,
2026-02-11T19:22:15.040549,299569,1,1656,-70,3,79,DL,
2026-02-11T19:22:15.139839,299669,1,1657,0,0,78,NONE,
2026-02-11T19:22:15.239606,299770,1,1658,-51,4,78,DL,
2026-02-11T19:22:15.338383,299870,1,1659,0,0,77,NONE,
2026-02-11T19:22:15.437394,299970,1,1660,0,0,76,NONE,
2026-02-11T19:22:15.537568,300070,1,1661,-67,3,77,DL,
2026-02-11T19:22:15.636527,300170,1,1662,-72,2,77,DL,
2026-02-11T19:22:15.735483,300270,1,1663,-73,1,77,DL,
2026-02-11T19:22:15.835471,300370,1,1664,0,0,76,NONE,
2026-02-11T19:22:15.935161,300470,1,1665,-70,3,76,DL,
2026-02-11T19:22:16.034008,300570,1,1666,-50,5,76,DL,
2026-02-11T19:22:16.133511,300670,1,1667,0,0,75,NONE,
2026-02-11T19:22:16.232582,300770,1,1668,-70,3,75,DL,
2026-02-11T19:22:16.332042,300870,1,1669,-73,1,75,DL,
2026-02-11T19:22:16.431400,300970,1,1670,-67,2,75,DL,
2026-02-11T19:22:16.531034,301070,1,1671,-72,3,75,DL,
2026-02-11T19:22:16.630321,301170,1,1672,0,0,75,NONE,
2026-02-11T19:22:16.729587,301270,1,1673,0,0,74,NONE,
2026-02-11T19:22:16.829195,301371,1,1674,-72,3,75,DL,
2026-02-11T19:22:16.928526,301471,1,1675,0,0,74,NONE,
2026-02-11T19:22:17.027296,301571,1,1676,-72,3,74,DL,
2026-02-11T19:22:17.126356,301671,1,1677,-51,6,74,DL,
2026-02-11T19:22:17.226436,301771,1,1678,0,0,73,NONE,
2026-02-11T19:22:17.325146,301871,1,1679,-67,4,73,DL,
2026-02-11T19:22:17.424859,301971,1,1680,0,0,72,NONE,
2026-02-11T19:22:17.524425,302071,1,1681,0,0,72,NONE,
2026-02-11T19:22:17.623297,302171,1,1682,0,0,71,NONE,
2026-02-11T19:22:17.722806,302271,1,1683,0,0,70,NONE,
2026-02-11T19:22:17.822558,302371,1,1684,-67,4,70,DL,
2026-02-11T19:22:17.921093,302471,1,1685,0,0,69,NONE,
2026-02-11T19:22:18.021304,302571,1,1686,0,0,68,NONE,
2026-02-11T19:22:18.123380,302672,1,1687,-64,4,68,DL,
2026-02-11T19:22:18.219727,302772,1,1688,-72,2,68,DL,
2026-02-11T19:22:18.319230,302872,1,1689,0,0,67,NONE,
2026-02-11T19:22:18.418493,302972,1,1690,-70,3,67,DL,
2026-02-11T19:22:18.518684,303072,1,1691,-70,2,68,DL,
2026-02-11T19:22:18.617395,303172,1,1692,0,0,67,NONE,
2026-02-11T19:22:18.716616,303272,1,1693,0,0,66,NONE,
2026-02-11T19:22:18.815990,303372,1,1694,0,0,65,NONE,
2026-02-11T19:22:18.915311,303472,1,1695,-72,4,65,DL,
2026-02-11T19:22:19.014619,303572,1,1696,-67,3,65,DL,
2026-02-11T19:22:19.113959,303672,1,1697,0,0,64,NONE,
2026-02-11T19:22:19.212930,303772,1,1698,-64,4,64,DL,
2026-02-11T19:22:19.312276,303872,1,1699,-67,1,64,DL,
2026-02-11T19:22:19.412290,303972,1,1700,-72,2,64,DL,
2026-02-11T19:22:19.510925,304072,1,1701,-51,5,64,DL,
2026-02-11T19:22:19.610659,304172,1,1702,-67,3,64,DL,
2026-02-11T19:22:19.709824,304272,1,1703,0,0,63,NONE,
2026-02-11T19:22:19.809286,304372,1,1704,-64,4,63,DL,
2026-02-11T19:22:19.908491,304473,1,1705,-72,3,64,DL,
2026-02-11T19:22:20.008166,304573,1,1706,0,0,63,NONE,
2026-02-11T19:22:20.107544,304673,1,1707,-64,3,63,DL,
2026-02-11T19:22:20.207081,304773,1,1708,-67,3,63,DL,
2026-02-11T19:22:20.306468,304873,1,1709,0,0,62,NONE,
2026-02-11T19:22:20.408461,304973,1,1710,-64,3,62,DL,
2026-02-11T19:22:20.504202,305073,1,1711,-69,2,62,DL,
2026-02-11T19:22:20.604569,305173,1,1712,-72,3,63,DL,
2026-02-11T19:22:20.703825,305273,1,1713,-67,2,64,DL,
2026-02-11T19:22:20.802492,305373,1,1714,0,0,63,NONE,
2026-02-11T19:22:20.902598,305473,1,1715,-64,4,64,DL,
2026-02-11T19:22:21.001418,305573,1,1716,-67,4,64,DL,
2026-02-11T19:22:21.100592,305673,1,1717,-67,3,64,DL,
2026-02-11T19:22:21.200398,305773,1,1718,0,0,63,NONE,
2026-02-11T19:22:21.300240,305873,1,1719,-64,4,64,DL,
2026-02-11T19:22:21.398862,305973,1,1720,-67,3,64,DL,
2026-02-11T19:22:21.498225,306073,1,1721,0,0,64,NONE,
2026-02-11T19:22:21.597591,306173,1,1722,-64,4,64,DL,
2026-02-11T19:22:21.696409,306273,1,1723,-67,2,64,DL,
2026-02-11T19:22:21.796542,306374,1,1724,-67,1,64,DL,
2026-02-11T19:22:21.895936,306474,1,1725,-67,2,65,DL,
2026-02-11T19:22:21.995158,306574,1,1726,0,0,64,NONE,
2026-02-11T19:22:22.094478,306674,1,1727,0,0,63,NONE,
2026-02-11T19:22:22.193316,306774,1,1728,-70,2,63,DL,
2026-02-11T19:22:22.292781,306874,1,1729,-67,3,63,DL,
2026-02-11T19:22:22.392117,306974,1,1730,-70,4,63,DL,
2026-02-11T19:22:22.492188,307074,1,1731,-64,3,63,DL,
2026-02-11T19:22:22.591188,307174,1,1732,-51,5,63,DL,
2026-02-11T19:22:22.689689,307274,1,1733,-67,3,63,DL,
2026-02-11T19:22:22.789873,307374,1,1734,-64,2,64,DL,
2026-02-11T19:22:22.889152,307474,1,1735,-70,2,64,DL,
2026-02-11T19:22:22.987829,307574,1,1736,-64,3,64,DL,
2026-02-11T19:22:23.088048,307674,1,1737,-70,2,64,DL,
2026-02-11T19:22:23.187026,307774,1,1738,-67,3,64,DL,
2026-02-11T19:22:23.286419,307874,1,1739,-72,3,65,DL,
2026-02-11T19:22:23.385513,307974,1,1740,0,0,65,NONE,
2026-02-11T19:22:23.484433,308074,1,1741,-67,3,66,DL,
2026-02-11T19:22:23.583750,308174,1,1742,-70,2,66,DL,
2026-02-11T19:22:23.683615,308274,1,1743,-67,3,67,DL,
2026-02-11T19:22:23.783247,308375,1,1744,-70,2,67,DL,
2026-02-11T19:22:23.882610,308475,1,1745,-69,2,68,DL,
2026-02-11T19:22:23.981729,308575,1,1746,-70,2,69,DL,
2026-02-11T19:22:24.080819,308675,1,1747,-72,2,69,DL,
2026-02-11T19:22:24.180442,308775,1,1748,-67,2,69,DL,
2026-02-11T19:22:24.279106,308875,1,1749,-72,2,69,DL,
2026-02-11T19:22:24.378546,308975,1,1750,-67,3,70,DL,
2026-02-11T19:22:24.478714,309075,1,1751,-51,4,71,DL,
2026-02-11T19:22:24.577519,309175,1,1752,-72,2,71,DL,
2026-02-11T19:22:24.677242,309275,1,1753,-67,2,71,DL,
2026-02-11T19:22:24.775800,309375,1,1754,-67,2,71,DL,
2026-02-11T19:22:24.875763,309475,1,1755,-67,4,71,DL,
2026-02-11T19:22:24.975186,309575,1,1756,-69,3,71,DL,
2026-02-11T19:22:25.074751,309675,1,1757,-72,3,72,DL,
2026-02-11T19:22:25.173707,309775,1,1758,-69,2,72,DL,
2026-02-11T19:22:25.272432,309875,1,1759,-67,2,73,DL,
2026-02-11T19:22:25.372435,309975,1,1760,-70,3,74,DL,
2026-02-11T19:22:25.471707,310075,1,1761,-67,2,74,DL,
2026-02-11T19:22:25.570487,310176,1,1762,-70,2,74,DL,
2026-02-11T19:22:25.670418,310276,1,1763,-70,3,74,DL,
2026-02-11T19:22:25.769556,310376,1,1764,-67,4,75,DL,
2026-02-11T19:22:25.868986,310476,1,1765,-67,3,75,DL,
2026-02-11T19:22:25.968284,310576,1,1766,-67,3,75,DL,
2026-02-11T19:22:26.068020,310676,1,1767,-67,3,76,DL,
2026-02-11T19:22:26.167033,310776,1,1768,-73,1,76,DL,
2026-02-11T19:22:26.266955,310876,1,1769,-67,3,76,DL,
2026-02-11T19:22:26.365855,310976,1,1770,-72,2,76,DL,
2026-02-11T19:22:26.465310,311076,1,1771,-70,2,76,DL,
2026-02-11T19:22:26.564247,311176,1,1772,-67,3,77,DL,
2026-02-11T19:22:26.663855,311276,1,1773,-72,2,78,DL,
2026-02-11T19:22:26.765405,311376,1,1774,-67,3,78,DL,
2026-02-11T19:22:26.862699,311476,1,1775,-70,2,79,DL,
2026-02-11T19:22:26.961844,311576,1,1776,-67,2,79,DL,
2026-02-11T19:22:27.061087,311676,1,1777,0,0,78,NONE,
2026-02-11T19:22:27.160266,311776,1,1778,-51,3,79,DL,
2026-02-11T19:22:27.260089,311876,1,1779,-70,1,79,DL,
2026-02-11T19:22:27.359371,311977,1,1780,-72,3,80,DL,
2026-02-11T19:22:27.457922,312077,1,1781,0,0,80,NONE,
2026-02-11T19:22:27.557901,312177,1,1782,-70,2,81,DL,
2026-02-11T19:22:27.657292,312277,1,1783,0,0,81,NONE,
2026-02-11T19:22:27.756209,312377,1,1784,-67,3,81,DL,
2026-02-11T19:22:27.856128,312477,1,1785,-70,1,82,DL,
2026-02-11T19:22:27.955573,312577,1,1786,-70,2,83,DL,
2026-02-11T19:22:28.054268,312677,1,1787,0,0,82,NONE,
2026-02-11T19:22:28.153532,312777,1,1788,-67,2,82,DL,
2026-02-11T19:22:28.253319,312877,1,1789,-72,2,83,DL,
2026-02-11T19:22:28.352910,312977,1,1790,-70,2,83,DL,
2026-02-11T19:22:28.451196,313077,1,1791,-72,2,83,DL,
2026-02-11T19:22:28.551283,313177,1,1792,-67,2,84,DL,
2026-02-11T19:22:28.651564,313277,1,1793,-70,3,85,DL,
2026-02-11T19:22:28.749745,313377,1,1794,-72,2,86,DL,
2026-02-11T19:22:28.849269,313477,1,1795,-67,2,86,DL,
2026-02-11T19:22:28.948757,313578,1,1796,-72,2,86,DL,
2026-02-11T19:22:29.048074,313678,1,1797,-67,3,87,DL,
2026-02-11T19:22:29.148776,313778,1,1798,-51,6,87,DL,
2026-02-11T19:22:29.247166,313878,1,1799,-51,4,87,DL,
2026-02-11T19:22:29.345971,313978,1,1800,-51,4,87,DL,
2026-02-11T19:22:29.444969,314078,1,1801,-54,3,87,DL,
2026-02-11T19:22:29.544934,314178,1,1802,-72,3,87,DL,
2026-02-11T19:22:29.643550,314278,1,1803,-72,2,88,DL,
2026-02-11T19:22:29.743439,314378,1,1804,-69,2,88,DL,
2026-02-11T19:22:29.846491,314478,1,1805,-52,4,88,DL,
2026-02-11T19:22:29.941771,314578,1,1806,-70,3,89,DL,
2026-02-11T19:22:30.041455,314678,1,1807,-70,3,89,DL,
2026-02-11T19:22:30.141027,314778,1,1808,-72,2,89,DL,
2026-02-11T19:22:30.240026,314878,1,1809,-70,2,90,DL,
2026-02-11T19:22:30.339509,314978,1,1810,-72,1,90,DL,
2026-02-11T19:22:30.438228,315078,1,1811,0,0,89,NONE,
2026-02-11T19:22:30.537878,315179,1,1812,-64,2,89,DL,
2026-02-11T19:22:30.637505,315279,1,1813,-67,3,89,DL,
2026-02-11T19:22:30.736873,315379,1,1814,-67,2,90,DL,
2026-02-11T19:22:30.836303,315479,1,1815,-72,2,90,DL,
2026-02-11T19:22:30.935080,315579,1,1816,-67,2,90,DL,
2026-02-11T19:22:31.034962,315679,1,1817,-70,2,90,DL,
2026-02-11T19:22:31.136882,315779,1,1818,-67,3,91,DL,
2026-02-11T19:22:31.233397,315879,1,1819,-72,2,91,DL,
2026-02-11T19:22:31.332980,315979,1,1820,-67,3,91,DL,
2026-02-11T19:22:31.432466,316079,1,1821,-72,1,92,DL,
2026-02-11T19:22:31.531624,316179,1,1822,-70,2,92,DL,
2026-02-11T19:22:31.633996,316279,1,1823,-70,3,92,DL,
2026-02-11T19:22:31.730303,316379,1,1824,-72,1,92,DL,
2026-02-11T19:22:31.829133,316479,1,1825,-67,2,92,DL,
2026-02-11T19:22:31.928521,316579,1,1826,-67,3,93,DL,
2026-02-11T19:22:32.028149,316679,1,1827,-67,3,94,DL,
2026-02-11T19:22:32.127181,316779,1,1828,-67,3,94,DL,
2026-02-11T19:22:32.226837,316879,1,1829,-70,1,94,DL,
2026-02-11T19:22:32.325695,316980,1,1830,-67,2,94,DL,
2026-02-11T19:22:32.425773,317080,1,1831,0,0,93,NONE,
2026-02-11T19:22:32.524607,317180,1,1832,-67,2,93,DL,
2026-02-11T19:22:32.623765,317280,1,1833,-70,2,93,DL,
2026-02-11T19:22:32.723125,317380,1,1834,-67,2,93,DL,
2026-02-11T19:22:32.822962,317480,1,1835,-67,3,93,DL,
2026-02-11T19:22:32.921966,317580,1,1836,-67,2,93,DL,
2026-02-11T19:22:33.021215,317680,1,1837,-67,3,93,DL,
2026-02-11T19:22:33.121112,317780,1,1838,-72,2,93,DL,
2026-02-11T19:22:33.220709,317880,1,1839,-67,2,93,DL,
2026-02-11T19:22:33.319934,317980,1,1840,-72,2,94,DL,
2026-02-11T19:22:33.418751,318080,1,1841,-67,2,94,DL,
2026-02-11T19:22:33.518720,318180,1,1842,-70,2,94,DL,
2026-02-11T19:22:33.618198,318280,1,1843,-72,2,94,DL,
2026-02-11T19:22:33.717365,318380,1,1844,-67,3,94,DL,
2026-02-11T19:22:33.817038,318480,1,1845,-72,2,94,DL,
2026-02-11T19:22:33.916182,318580,1,1846,-67,3,94,DL,
2026-02-11T19:22:34.015427,318681,1,1847,-73,2,94,DL,
2026-02-11T19:22:34.114091,318781,1,1848,-67,3,94,DL,
2026-02-11T19:22:34.213094,318881,1,1849,-51,4,94,DL,
2026-02-11T19:22:34.313469,318981,1,1850,-69,1,94,DL,
2026-02-11T19:22:34.411794,319081,1,1851,-72,2,94,DL,
2026-02-11T19:22:34.511596,319181,1,1852,-72,2,94,DL,
2026-02-11T19:22:34.612283,319281,1,1853,0,0,93,NONE,
2026-02-11T19:22:34.709961,319381,1,1854,-72,2,93,DL,
2026-02-11T19:22:34.809695,319481,1,1855,-72,1,93,DL,
2026-02-11T19:22:34.909734,319581,1,1856,0,0,92,NONE,
2026-02-11T19:22:35.008401,319681,1,1857,-70,2,92,DL,
2026-02-11T19:22:35.108091,319781,1,1858,-51,4,92,DL,
2026-02-11T19:22:35.207279,319881,1,1859,-64,3,92,DL,
2026-02-11T19:22:35.306432,319981,1,1860,0,0,91,NONE,
2026-02-11T19:22:35.406044,320082,1,1861,-67,2,91,DL,
2026-02-11T19:22:35.505216,320182,1,1862,-67,2,91,DL,
2026-02-11T19:22:35.603900,320282,1,1863,-70,2,91,DL,
2026-02-11T19:22:35.703452,320382,1,1864,-72,2,91,DL,
2026-02-11T19:22:35.802594,320482,1,1865,0,0,90,NONE,
2026-02-11T19:22:35.902708,320582,1,1866,-72,1,90,DL,
2026-02-11T19:22:36.001529,320682,1,1867,-72,1,90,DL,
2026-02-11T19:22:36.101356,320782,1,1868,-72,2,90,DL,
2026-02-11T19:22:36.200602,320882,1,1869,-70,2,90,DL,
2026-02-11T19:22:36.299954,320982,1,1870,0,0,89,NONE,
2026-02-11T19:22:36.399273,321082,1,1871,-70,2,89,DL,
2026-02-11T19:22:36.498760,321182,1,1872,-72,2,89,DL,
2026-02-11T19:22:36.597957,321282,1,1873,-72,1,89,DL,
2026-02-11T19:22:36.697797,321382,1,1874,-72,2,89,DL,
2026-02-11T19:22:36.796427,321483,1,1875,-70,1,89,DL,
2026-02-11T19:22:36.898595,321583,1,1876,-70,1,89,DL,
2026-02-11T19:22:36.995480,321683,1,1877,-72,2,90,DL,
2026-02-11T19:22:37.094947,321783,1,1878,-72,1,90,DL,
2026-02-11T19:22:37.193690,321883,1,1879,-70,2,90,DL,
2026-02-11T19:22:37.293759,321983,1,1880,-72,1,90,DL,
2026-02-11T19:22:37.393102,322083,1,1881,-67,2,91,DL,
2026-02-11T19:22:37.492288,322183,1,1882,-70,2,91,DL,
2026-02-11T19:22:37.590948,322283,1,1883,-51,3,92,DL,
2026-02-11T19:22:37.690969,322383,1,1884,-67,1,92,DL,
2026-02-11T19:22:37.789596,322483,1,1885,-72,1,92,DL,
2026-02-11T19:22:37.889567,322583,1,1886,-67,2,92,DL,
2026-02-11T19:22:37.988810,322683,1,1887,-72,2,93,DL,
2026-02-11T19:22:38.088014,322783,1,1888,-51,4,93,DL,
2026-02-11T19:22:38.187330,322883,1,1889,-72,2,93,DL,
2026-02-11T19:22:38.286939,322984,1,1890,-70,2,93,DL,
2026-02-11T19:22:38.385775,323084,1,1891,-70,2,93,DL,
2026-02-11T19:22:38.485019,323184,1,1892,-70,2,93,DL,
2026-02-11T19:22:38.584433,323284,1,1893,-64,3,93,DL,
2026-02-11T19:22:38.684214,323384,1,1894,0,0,92,NONE,
2026-02-11T19:22:38.783539,323484,1,1895,-72,2,92,DL,
2026-02-11T19:22:38.882308,323584,1,1896,-67,3,92,DL,
2026-02-11T19:22:38.982066,323684,1,1897,-70,2,92,DL,
2026-02-11T19:22:39.081088,323784,1,1898,-72,1,92,DL,
2026-02-11T19:22:39.180878,323884,1,1899,-72,3,92,DL,
2026-02-11T19:22:39.280097,323984,1,1900,-67,2,92,DL,
2026-02-11T19:22:39.380440,324084,1,1901,-70,2,92,DL,
2026-02-11T19:22:39.478904,324184,1,1902,-67,2,92,DL,
2026-02-11T19:22:39.577933,324284,1,1903,0,0,91,NONE,
2026-02-11T19:22:39.676850,324384,1,1904,-67,1,91,DL,
2026-02-11T19:22:39.776692,324484,1,1905,-70,2,91,DL,
2026-02-11T19:22:39.876096,324584,1,1906,-51,4,91,DL,
2026-02-11T19:22:39.975467,324684,1,1907,-73,1,91,DL,
2026-02-11T19:22:40.074624,324785,1,1908,-72,2,91,DL,
2026-02-11T19:22:40.173680,324885,1,1909,-69,2,91,DL,
2026-02-11T19:22:40.273446,324985,1,1910,-73,1,91,DL,
2026-02-11T19:22:40.372722,325085,1,1911,-67,3,92,DL,
2026-02-11T19:22:40.471775,325185,1,1912,-72,2,92,DL,
2026-02-11T19:22:40.570972,325285,1,1913,-72,1,92,DL,
2026-02-11T19:22:40.670410,325385,1,1914,-70,2,92,DL,
2026-02-11T19:22:40.770056,325485,1,1915,-72,2,92,DL,
2026-02-11T19:22:40.869586,325585,1,1916,-70,1,92,DL,
2026-02-11T19:22:40.968851,325685,1,1917,-72,0,92,DL,
2026-02-11T19:22:41.072853,325785,1,1918,-67,3,92,DL,
2026-02-11T19:22:41.167599,325885,1,1919,-64,4,92,DL,
2026-02-11T19:22:41.266832,325985,1,1920,-62,4,92,DL,
2026-02-11T19:22:41.366146,326085,1,1921,-72,1,92,DL,
2026-02-11T19:22:41.465480,326185,1,1922,-72,1,92,DL,
2026-02-11T19:22:41.564856,326286,1,1923,-67,2,92,DL,
2026-02-11T19:22:41.664102,326386,1,1924,-72,1,92,DL,
2026-02-11T19:22:41.763458,326486,1,1925,-70,2,92,DL,
2026-02-11T19:22:41.862487,326586,1,1926,-69,2,92,DL,
2026-02-11T19:22:41.962520,326686,1,1927,-72,1,92,DL,
2026-02-11T19:22:42.061393,326786,1,1928,-72,2,92,DL,
2026-02-11T19:22:42.160683,326886,1,1929,-64,1,92,DL,
2026-02-11T19:22:42.260708,326986,1,1930,-67,3,92,DL,
2026-02-11T19:22:42.359119,327086,1,1931,-72,1,93,DL,
2026-02-11T19:22:42.459033,327186,1,1932,-67,1,93,DL,
2026-02-11T19:22:42.558380,327286,1,1933,-51,4,93,DL,
2026-02-11T19:22:42.657801,327386,1,1934,-72,0,93,DL,
2026-02-11T19:22:42.757248,327486,1,1935,-67,3,93,DL,
2026-02-11T19:22:42.858219,327586,1,1936,-72,1,93,DL,
2026-02-11T19:22:42.955417,327686,1,1937,-67,2,93,DL,
2026-02-11T19:22:43.055242,327787,1,1938,-51,4,93,DL,
2026-02-11T19:22:43.153584,327887,1,1939,-72,2,93,DL,
2026-02-11T19:22:43.254043,327987,1,1940,-70,1,93,DL,
2026-02-11T19:22:43.352885,328087,1,1941,-70,3,93,DL,
2026-02-11T19:22:43.452416,328187,1,1942,-70,2,93,DL,
2026-02-11T19:22:43.551893,328287,1,1943,-72,1,93,DL,
2026-02-11T19:22:43.650131,328387,1,1944,-64,2,93,DL,
2026-02-11T19:22:43.750267,328487,1,1945,-70,1,93,DL,
2026-02-11T19:22:43.850005,328587,1,1946,-69,2,93,DL,
2026-02-11T19:22:43.948762,328687,1,1947,-70,2,93,DL,
2026-02-11T19:22:44.048378,328787,1,1948,-69,2,93,DL,
2026-02-11T19:22:44.147318,328887,1,1949,-67,1,93,DL,
2026-02-11T19:22:44.246613,328987,1,1950,-62,3,93,DL,
2026-02-11T19:22:44.346529,329087,1,1951,-67,2,93,DL,
2026-02-11T19:22:44.445296,329187,1,1952,-67,2,93,DL,
2026-02-11T19:22:44.545160,329287,1,1953,-51,4,94,DL,
2026-02-11T19:22:44.643937,329388,1,1954,-72,1,94,DL,
2026-02-11T19:22:44.742923,329488,1,1955,-72,1,94,DL,
2026-02-11T19:22:44.843327,329588,1,1956,-67,3,95,DL,
2026-02-11T19:22:44.942112,329688,1,1957,-62,4,95,DL,
2026-02-11T19:22:45.041601,329788,1,1958,-67,1,95,DL,
2026-02-11T19:22:45.141141,329888,1,1959,-72,1,95,DL,
2026-02-11T19:22:45.239540,329988,1,1960,-67,3,96,DL,
2026-02-11T19:22:45.339904,330088,1,1961,-70,2,96,DL,
2026-02-11T19:22:45.439152,330188,1,1962,-72,3,96,DL,
2026-02-11T19:22:45.538260,330288,1,1963,-67,2,96,DL,
2026-02-11T19:22:45.637879,330388,1,1964,0,0,95,NONE,
2026-02-11T19:22:45.736888,330488,1,1965,-67,2,96,DL,
2026-02-11T19:22:45.835724,330588,1,1966,-72,2,96,DL,
2026-02-11T19:22:45.935238,330688,1,1967,-73,1,96,DL,
2026-02-11T19:22:46.034341,330788,1,1968,-70,2,96,DL,
2026-02-11T19:22:46.134330,330888,1,1969,-72,1,96,DL,
2026-02-11T19:22:46.233894,330989,1,1970,-72,1,97,DL,
2026-02-11T19:22:46.333150,331089,1,1971,-72,2,97,DL,
2026-02-11T19:22:46.431931,331189,1,1972,-67,2,97,DL,
2026-02-11T19:22:46.531310,331289,1,1973,-67,2,97,DL,
2026-02-11T19:22:46.631341,331389,1,1974,-67,3,97,DL,
2026-02-11T19:22:46.730134,331489,1,1975,-72,1,97,DL,
2026-02-11T19:22:46.828997,331589,1,1976,-72,1,97,DL,
2026-02-11T19:22:46.929218,331689,1,1977,-72,2,97,DL,
2026-02-11T19:22:47.027850,331789,1,1978,-72,1,97,DL,
2026-02-11T19:22:47.127829,331889,1,1979,-70,2,97,DL,
2026-02-11T19:22:47.226554,331989,1,1980,-51,4,97,DL,
2026-02-11T19:22:47.325502,332089,1,1981,-70,2,97,DL,
2026-02-11T19:22:47.424898,332189,1,1982,-51,4,97,DL,
2026-02-11T19:22:47.524910,332289,1,1983,-72,2,97,DL,
2026-02-11T19:22:47.623715,332389,1,1984,-67,2,97,DL,
2026-02-11T19:22:47.723495,332490,1,1985,-51,3,97,DL,
2026-02-11T19:22:47.822825,332590,1,1986,-72,2,97,DL,
2026-02-11T19:22:47.922400,332690,1,1987,-70,1,97,DL,
2026-02-11T19:22:48.021673,332790,1,1988,-72,1,97,DL,
2026-02-11T19:22:48.120492,332890,1,1989,-72,1,97,DL,
2026-02-11T19:22:48.220220,332990,1,1990,-72,2,97,DL,
2026-02-11T19:22:48.319508,333090,1,1991,-70,1,97,DL,
2026-02-11T19:22:48.418387,333190,1,1992,0,0,96,NONE,
2026-02-11T19:22:48.518236,333290,1,1993,-70,0,96,DL,
2026-02-11T19:22:48.617515,333390,1,1994,-72,1,97,DL,
2026-02-11T19:22:48.716842,333490,1,1995,-70,1,97,DL,
2026-02-11T19:22:48.816360,333590,1,1996,-70,1,97,DL,
2026-02-11T19:22:48.915396,333690,1,1997,-72,1,97,DL,
2026-02-11T19:22:49.014935,333790,1,1998,-69,2,97,DL,
2026-02-11T19:22:49.114733,333891,1,1999,-73,0,97,DL,
2026-02-11T19:22:49.213581,333991,1,2000,-70,1,97,DL,
2026-02-11T19:22:49.312804,334091,1,2001,-72,1,97,DL,
2026-02-11T19:22:49.412740,334191,1,2002,-72,1,97,DL,
2026-02-11T19:22:49.511528,334291,1,2003,-70,2,98,DL,
2026-02-11T19:22:49.610627,334391,1,2004,-72,1,98,DL,
2026-02-11T19:22:49.709942,334491,1,2005,-72,2,98,DL,
2026-02-11T19:22:49.809757,334591,1,2006,-72,1,98,DL,
2026-02-11T19:22:49.909015,334691,1,2007,-62,3,98,DL,
2026-02-11T19:22:50.007908,334791,1,2008,-72,1,98,DL,
2026-02-11T19:22:50.108560,334891,1,2009,-72,2,98,DL,
2026-02-11T19:22:50.207086,334991,1,2010,-72,2,98,DL,
2026-02-11T19:22:50.306235,335091,1,2011,-72,0,98,DL,
2026-02-11T19:22:50.405966,335192,1,2012,-72,1,98,DL,
2026-02-11T19:22:50.509918,335292,1,2013,-73,2,98,DL,
2026-02-11T19:22:50.603751,335392,1,2014,-72,1,98,DL,
2026-02-11T19:22:50.703756,335492,1,2015,-72,0,98,DL,
2026-02-11T19:22:50.803164,335592,1,2016,-64,2,98,DL,
2026-02-11T19:22:50.901578,335692,1,2017,-67,1,98,DL,
2026-02-11T19:22:51.001820,335792,1,2018,-51,2,98,DL,
2026-02-11T19:22:51.101102,335892,1,2019,-67,2,98,DL,
2026-02-11T19:22:51.200445,335992,1,2020,-70,2,98,DL,
2026-02-11T19:22:51.299307,336092,1,2021,-51,2,98,DL,
2026-02-11T19:22:51.399297,336192,1,2022,-67,2,98,DL,
2026-02-11T19:22:51.498475,336292,1,2023,0,0,97,NONE,
2026-02-11T19:22:51.597205,336392,1,2024,-51,3,97,DL,
2026-02-11T19:22:51.696898,336492,1,2025,-67,3,97,DL,
2026-02-11T19:22:51.796097,336592,1,2026,-72,1,97,DL,
2026-02-11T19:22:51.895544,336693,1,2027,-72,1,97,DL,
2026-02-11T19:22:51.995256,336793,1,2028,-73,2,97,DL,
2026-02-11T19:22:52.095915,336893,1,2029,-70,2,97,DL,
2026-02-11T19:22:52.193528,336993,1,2030,-72,1,97,DL,
2026-02-11T19:22:52.293564,337093,1,2031,-67,1,97,DL,
2026-02-11T19:22:52.392393,337193,1,2032,-72,2,97,DL,
2026-02-11T19:22:52.491793,337293,1,2033,-72,1,97,DL,
2026-02-11T19:22:52.590754,337393,1,2034,-51,2,97,DL,
2026-02-11T19:22:52.690866,337493,1,2035,-72,2,97,DL,
2026-02-11T19:22:52.789798,337593,1,2036,-70,1,97,DL,
2026-02-11T19:22:52.889840,337693,1,2037,-72,1,97,DL,
2026-02-11T19:22:52.987919,337793,1,2038,-67,1,97,DL,
2026-02-11T19:22:53.087771,337893,1,2039,-69,2,97,DL,
2026-02-11T19:22:53.186974,337993,1,2040,-51,2,97,DL,
2026-02-11T19:22:53.286222,338093,1,2041,-72,2,97,DL,
2026-02-11T19:22:53.385809,338193,1,2042,-67,2,97,DL,
2026-02-11T19:22:53.484930,338294,1,2043,-67,1,97,DL,
2026-02-11T19:22:53.584488,338394,1,2044,-70,1,97,DL,
2026-02-11T19:22:53.683816,338494,1,2045,-70,2,97,DL,
2026-02-11T19:22:53.783279,338594,1,2046,-70,1,97,DL,
2026-02-11T19:22:53.882542,338694,1,2047,-69,1,97,DL,
2026-02-11T19:22:53.981870,338794,1,2048,-70,1,97,DL,
2026-02-11T19:22:54.083789,338894,1,2049,-70,2,97,DL,
2026-02-11T19:22:54.180820,338994,1,2050,-69,1,97,DL,
2026-02-11T19:22:54.279912,339094,1,2051,-72,1,97,DL,
2026-02-11T19:22:54.378578,339194,1,2052,-72,1,97,DL,
2026-02-11T19:22:54.478488,339294,1,2053,-70,2,97,DL,
2026-02-11T19:22:54.577911,339394,1,2054,-54,2,97,DL,
2026-02-11T19:22:54.676974,339494,1,2055,-67,2,97,DL,
2026-02-11T19:22:54.776763,339594,1,2056,-70,1,97,DL,
2026-02-11T19:22:54.875306,339694,1,2057,-70,2,97,DL,
2026-02-11T19:22:54.974509,339794,1,2058,-72,1,97,DL,
2026-02-11T19:22:55.074410,339895,1,2059,-72,2,97,DL,
2026-02-11T19:22:55.173802,339995,1,2060,-67,2,97,DL,
2026-02-11T19:22:55.273993,340095,1,2061,-72,2,97,DL,
2026-02-11T19:22:55.371987,340195,1,2062,-67,3,97,DL,
2026-02-11T19:22:55.471903,340295,1,2063,-70,1,97,DL,
2026-02-11T19:22:55.570835,340395,1,2064,-72,2,98,DL,
2026-02-11T19:22:55.670565,340495,1,2065,-67,2,98,DL,
2026-02-11T19:22:55.769524,340595,1,2066,-72,2,98,DL,
2026-02-11T19:22:55.869459,340695,1,2067,-69,1,98,DL,
2026-02-11T19:22:55.968543,340795,1,2068,-62,2,98,DL,
2026-02-11T19:22:56.067553,340895,1,2069,-69,1,98,DL,
2026-02-11T19:22:56.167215,340995,1,2070,-72,0,98,DL,
2026-02-11T19:22:56.266757,341095,1,2071,-70,1,98,DL,
2026-02-11T19:22:56.365449,341195,1,2072,-51,2,98,DL,
2026-02-11T19:22:56.465497,341295,1,2073,-72,0,98,DL,
2026-02-11T19:22:56.564685,341396,1,2074,-51,3,98,DL,
2026-02-11T19:22:56.663459,341496,1,2075,-70,0,98,DL,
2026-02-11T19:22:56.763241,341596,1,2076,-72,1,98,DL,
2026-02-11T19:22:56.862884,341696,1,2077,-72,0,98,DL,
2026-02-11T19:22:56.961664,341796,1,2078,-72,0,98,DL,
2026-02-11T19:22:57.061766,341896,1,2079,-70,2,98,DL,
2026-02-11T19:22:57.163193,341996,1,2080,-72,1,98,DL,
2026-02-11T19:22:57.259843,342096,1,2081,-67,1,98,DL,
2026-02-11T19:22:57.359319,342196,1,2082,-70,1,98,DL,
2026-02-11T19:22:57.458873,342296,1,2083,-72,2,98,DL,
2026-02-11T19:22:57.558028,342396,1,2084,-67,1,98,DL,
2026-02-11T19:22:57.656926,342496,1,2085,-69,0,98,DL,
2026-02-11T19:22:57.756592,342596,1,2086,-67,1,98,DL,
2026-02-11T19:22:57.856001,342696,1,2087,-62,2,98,DL,
2026-02-11T19:22:57.954934,342796,1,2088,-69,2,98,DL,
2026-02-11T19:22:58.054759,342897,1,2089,-51,1,98,DL,
2026-02-11T19:22:58.153663,342997,1,2090,-73,1,98,DL,
2026-02-11T19:22:58.252627,343097,1,2091,-51,3,98,DL,
2026-02-11T19:22:58.352946,343197,1,2092,-72,1,99,DL,
2026-02-11T19:22:58.452704,343297,1,2093,-72,0,99,DL,
2026-02-11T19:22:58.550838,343397,1,2094,-70,1,99,DL,
2026-02-11T19:22:58.651026,343497,1,2095,-72,0,99,DL,
2026-02-11T19:22:58.749841,343597,1,2096,-67,2,99,DL,
2026-02-11T19:22:58.849376,343697,1,2097,-72,1,99,DL,
2026-02-11T19:22:58.948687,343797,1,2098,-67,1,99,DL,
2026-02-11T19:22:59.048451,343897,1,2099,-51,1,99,DL,
2026-02-11T19:22:59.147244,343997,1,2100,-72,0,99,DL,
2026-02-11T19:22:59.247274,344097,1,2101,0,0,98,NONE,
2026-02-11T19:22:59.346025,344197,1,2102,-69,1,98,DL,
2026-02-11T19:22:59.445447,344298,1,2103,-51,1,98,DL,
2026-02-11T19:22:59.544043,344398,1,2104,-64,1,98,DL,
2026-02-11T19:22:59.643814,344498,1,2105,-70,1,98,DL,
2026-02-11T19:22:59.743311,344598,1,2106,-70,1,98,DL,
2026-02-11T19:22:59.842340,344698,1,2107,-72,0,98,DL,
2026-02-11T19:22:59.942044,344798,1,2108,-54,2,98,DL,
2026-02-11T19:23:00.041068,344898,1,2109,-51,2,98,DL,
2026-02-11T19:23:00.140535,344998,1,2110,-67,1,98,DL,
2026-02-11T19:23:00.241302,345098,1,2111,-64,1,98,DL,
2026-02-11T19:23:00.339485,345198,1,2112,-67,1,98,DL,
2026-02-11T19:23:00.439095,345298,1,2113,-72,2,98,DL,
2026-02-11T19:23:00.537500,345398,1,2114,0,0,97,NONE,
2026-02-11T19:23:00.637366,345498,1,2115,-67,2,97,DL,
2026-02-11T19:23:00.736061,345598,1,2116,-72,1,97,DL,
2026-02-11T19:23:00.835511,345699,1,2117,-70,1,97,DL,
2026-02-11T19:23:00.935683,345799,1,2118,-51,2,97,DL,
2026-02-11T19:23:01.034973,345899,1,2119,-70,2,97,DL,
2026-02-11T19:23:01.133586,345999,1,2120,-70,0,97,DL,
2026-02-11T19:23:01.233298,346099,1,2121,-72,0,97,DL,
2026-02-11T19:23:01.332119,346199,1,2122,-70,1,97,DL,
2026-02-11T19:23:01.431696,346299,1,2123,-67,1,98,DL,
2026-02-11T19:23:01.531377,346399,1,2124,-72,0,98,DL,
2026-02-11T19:23:01.630936,346499,1,2125,-72,1,98,DL,
2026-02-11T19:23:01.729910,346599,1,2126,-51,2,98,DL,
2026-02-11T19:23:01.829811,346699,1,2127,-51,2,98,DL,
2026-02-11T19:23:01.929242,346799,1,2128,-72,2,98,DL,
2026-02-11T19:23:02.028080,346899,1,2129,-70,1,98,DL,
2026-02-11T19:23:02.127318,346999,1,2130,-72,1,98,DL,
2026-02-11T19:23:02.229589,347099,1,2131,-67,2,98,DL,
2026-02-11T19:23:02.325985,347200,1,2132,-70,1,98,DL,
2026-02-11T19:23:02.424974,347300,1,2133,-69,1,98,DL,
2026-02-11T19:23:02.524912,347400,1,2134,-67,1,98,DL,
2026-02-11T19:23:02.624212,347500,1,2135,-72,1,98,DL,
2026-02-11T19:23:02.723099,347600,1,2136,-51,2,98,DL,
2026-02-11T19:23:02.822702,347700,1,2137,-51,2,98,DL,
2026-02-11T19:23:02.922028,347800,1,2138,-69,1,98,DL,
2026-02-11T19:23:03.021976,347900,1,2139,-67,2,98,DL,
2026-02-11T19:23:03.120708,348000,1,2140,0,0,97,NONE,
2026-02-11T19:23:03.220197,348100,1,2141,-51,3,97,DL,
2026-02-11T19:23:03.319561,348200,1,2142,-73,1,97,DL,
2026-02-11T19:23:03.418707,348300,1,2143,-70,1,97,DL,
2026-02-11T19:23:03.520748,348400,1,2144,-72,2,97,DL,
2026-02-11T19:23:03.617395,348500,1,2145,-64,2,97,DL,
2026-02-11T19:23:03.716700,348600,1,2146,-67,0,97,DL,
2026-02-11T19:23:03.815920,348701,1,2147,-72,1,97,DL,
2026-02-11T19:23:03.914890,348801,1,2148,-70,1,97,DL,
2026-02-11T19:23:04.014187,348901,1,2149,-51,3,97,DL,
2026-02-11T19:23:04.114480,349001,1,2150,-70,2,97,DL,
2026-02-11T19:23:04.212702,349101,1,2151,-70,1,97,DL,
2026-02-11T19:23:04.312242,349201,1,2152,-72,0,97,DL,
2026-02-11T19:23:04.411872,349301,1,2153,-51,3,97,DL,
2026-02-11T19:23:04.511372,349401,1,2154,-70,1,97,DL,
2026-02-11T19:23:04.610197,349501,1,2155,-62,2,97,DL,
2026-02-11T19:23:04.710059,349601,1,2156,-51,2,97,DL,
2026-02-11T19:23:04.809498,349701,1,2157,-72,0,97,DL,
2026-02-11T19:23:04.908569,349801,1,2158,-72,0,97,DL,
2026-02-11T19:23:05.007987,349901,1,2159,-72,0,97,DL,
2026-02-11T19:23:05.106829,350001,1,2160,-67,2,97,DL,
2026-02-11T19:23:05.206564,350101,1,2161,-72,1,97,DL,
2026-02-11T19:23:05.306645,350202,1,2162,-72,0,97,DL,
2026-02-11T19:23:05.405619,350302,1,2163,-70,1,97,DL,
2026-02-11T19:23:05.505352,350402,1,2164,-72,1,97,DL,
2026-02-11T19:23:05.603306,350502,1,2165,-67,1,97,DL,
2026-02-11T19:23:05.703410,350602,1,2166,-72,0,97,DL,
2026-02-11T19:23:05.802728,350702,1,2167,-67,2,97,DL,
2026-02-11T19:23:05.901442,350802,1,2168,-51,2,97,DL,
2026-02-11T19:23:06.001411,350902,1,2169,-69,1,97,DL,
2026-02-11T19:23:06.100788,351002,1,2170,-72,2,97,DL,
2026-02-11T19:23:06.200187,351102,1,2171,-72,1,97,DL,
2026-02-11T19:23:06.299439,351202,1,2172,-67,2,97,DL,
2026-02-11T19:23:06.398408,351302,1,2173,-72,0,97,DL,
2026-02-11T19:23:06.498117,351402,1,2174,-67,1,97,DL,
2026-02-11T19:23:06.596723,351502,1,2175,-51,2,97,DL,
2026-02-11T19:23:06.696634,351602,1,2176,-72,1,97,DL,
2026-02-11T19:23:06.795778,351703,1,2177,-70,0,97,DL,
2026-02-11T19:23:06.895121,351803,1,2178,-64,1,97,DL,
2026-02-11T19:23:06.994610,351903,1,2179,-51,2,97,DL,
2026-02-11T19:23:07.093894,352003,1,2180,-73,0,97,DL,
2026-02-11T19:23:07.192737,352103,1,2181,-51,2,97,DL,
2026-02-11T19:23:07.292431,352203,1,2182,-64,1,97,DL,
2026-02-11T19:23:07.391769,352303,1,2183,-72,1,97,DL,
2026-02-11T19:23:07.490756,352403,1,2184,-72,0,97,DL,
2026-02-11T19:23:07.590285,352503,1,2185,-69,2,97,DL,
2026-02-11T19:23:07.689230,352603,1,2186,-51,2,97,DL,
2026-02-11T19:23:07.789428,352703,1,2187,-73,1,97,DL,
2026-02-11T19:23:07.888098,352803,1,2188,-72,2,97,DL,
2026-02-11T19:23:07.987320,352903,1,2189,-70,0,97,DL,
2026-02-11T19:23:08.087401,353004,1,2190,-51,1,97,DL,
2026-02-11T19:23:08.186360,353104,1,2191,-70,1,97,DL,
2026-02-11T19:23:08.285811,353204,1,2192,-72,0,97,DL,
2026-02-11T19:23:08.384792,353304,1,2193,-51,3,97,DL,
2026-02-11T19:23:08.484715,353404,1,2194,-67,1,97,DL,
2026-02-11T19:23:08.584041,353504,1,2195,-72,1,97,DL,
2026-02-11T19:23:08.683613,353604,1,2196,-70,2,97,DL,
2026-02-11T19:23:08.782110,353704,1,2197,-71,0,97,DL,
2026-02-11T19:23:08.881822,353804,1,2198,-67,2,97,DL,
2026-02-11T19:23:08.981194,353904,1,2199,-69,0,97,DL,
2026-02-11T19:23:09.080105,354004,1,2200,-51,2,97,DL,
2026-02-11T19:23:09.179782,354104,1,2201,-70,1,98,DL,
2026-02-11T19:23:09.279240,354204,1,2202,-70,0,98,DL,
2026-02-11T19:23:09.378345,354304,1,2203,-67,2,98,DL,
2026-02-11T19:23:09.477869,354404,1,2204,-72,1,98,DL,
2026-02-11T19:23:09.577046,354505,1,2205,-72,1,98,DL,
2026-02-11T19:23:09.676367,354605,1,2206,-51,4,98,DL,
2026-02-11T19:23:09.775946,354705,1,2207,-72,1,98,DL,
2026-02-11T19:23:09.875420,354805,1,2208,-67,2,98,DL,
2026-02-11T19:23:09.973992,354905,1,2209,-72,0,98,DL,
2026-02-11T19:23:10.074280,355005,1,2210,-72,1,98,DL,
2026-02-11T19:23:10.173325,355105,1,2211,-72,2,98,DL,
2026-02-11T19:23:10.271770,355205,1,2212,-70,1,98,DL,
2026-02-11T19:23:10.371952,355305,1,2213,-51,2,98,DL,
2026-02-11T19:23:10.470831,355405,1,2214,-51,2,99,DL,
2026-02-11T19:23:10.570276,355505,1,2215,-51,3,99,DL,
2026-02-11T19:23:10.673082,355605,1,2216,-51,2,99,DL,
2026-02-11T19:23:10.769047,355705,1,2217,-67,1,99,DL,
2026-02-11T19:23:10.868381,355805,1,2218,-72,0,99,DL,
2026-02-11T19:23:10.967317,355906,1,2219,-51,3,99,DL,
2026-02-11T19:23:11.068413,356006,1,2220,-51,2,99,DL,
2026-02-11T19:23:11.166782,356106,1,2221,-70,1,99,DL,
2026-02-11T19:23:11.265072,356206,1,2222,-72,2,99,DL,
2026-02-11T19:23:11.365348,356306,1,2223,-72,1,99,DL,
2026-02-11T19:23:11.464803,356406,1,2224,-70,0,99,DL,
2026-02-11T19:23:11.564112,356506,1,2225,-70,1,99,DL,
2026-02-11T19:23:11.662919,356606,1,2226,-70,1,99,DL,
2026-02-11T19:23:11.762944,356706,1,2227,-70,0,99,DL,
2026-02-11T19:23:11.862197,356806,1,2228,-72,1,99,DL,
2026-02-11T19:23:11.960947,356906,1,2229,-72,0,99,DL,
2026-02-11T19:23:12.060736,357006,1,2230,-62,2,99,DL,
2026-02-11T19:23:12.160105,357106,1,2231,-64,1,99,DL,
2026-02-11T19:23:12.258427,357206,1,2232,-69,1,99,DL,
2026-02-11T19:23:12.358673,357307,1,2233,-64,1,99,DL,
2026-02-11T19:23:12.457406,357407,1,2234,-67,1,99,DL,
2026-02-11T19:23:12.556883,357507,1,2235,-51,4,99,DL,
2026-02-11T19:23:12.656628,357607,1,2236,-67,0,99,DL,
2026-02-11T19:23:12.755278,357707,1,2237,-72,1,99,DL,
2026-02-11T19:23:12.854901,357807,1,2238,-73,0,99,DL,
2026-02-11T19:23:12.959406,357907,1,2239,-70,1,99,DL,
2026-02-11T19:23:13.053226,358007,1,2240,-72,2,100,DL,
2026-02-11T19:23:13.153009,358107,1,2241,-70,0,100,DL,
2026-02-11T19:23:13.251993,358207,1,2242,-73,0,100,DL,
2026-02-11T19:23:13.351525,358307,1,2243,-67,1,100,DL,
2026-02-11T19:23:13.450893,358407,1,2244,-51,3,100,DL,
2026-02-11T19:23:13.549794,358507,1,2245,-72,0,100,DL,
2026-02-11T19:23:13.649703,358607,1,2246,-70,1,100,DL,
2026-02-11T19:23:13.749011,358707,1,2247,-72,0,100,DL,
2026-02-11T19:23:13.848165,358808,1,2248,-70,0,100,DL,
2026-02-11T19:23:13.947767,358908,1,2249,-72,0,100,DL,
2026-02-11T19:23:14.046875,359008,1,2250,-70,2,100,DL,
2026-02-11T19:23:14.146171,359108,1,2251,-51,2,100,DL,
2026-02-11T19:23:14.245720,359208,1,2252,-67,1,100,DL,
2026-02-11T19:23:14.344593,359308,1,2253,-70,0,100,DL,
2026-02-11T19:23:14.444564,359408,1,2254,-72,1,100,DL,
2026-02-11T19:23:14.543192,359508,1,2255,-67,1,100,DL,
2026-02-11T19:23:14.642892,359608,1,2256,-72,1,100,DL,
2026-02-11T19:23:14.743961,359708,1,2257,-67,1,100,DL,
2026-02-11T19:23:14.841128,359808,1,2258,-69,0,100,DL,
2026-02-11T19:23:14.940954,359908,1,2259,-69,2,100,DL,
2026-02-11T19:23:15.040016,360008,1,2260,-70,0,100,DL,
2026-02-11T19:23:15.138944,360108,1,2261,-69,1,100,DL,
2026-02-11T19:23:15.238775,360208,1,2262,-72,0,100,DL,
2026-02-11T19:23:15.337722,360309,1,2263,-72,1,100,DL,
2026-02-11T19:23:15.437321,360409,1,2264,-67,2,100,DL,
2026-02-11T19:23:15.536754,360509,1,2265,-62,2,100,DL,
2026-02-11T19:23:15.636229,360609,1,2266,-70,1,100,DL,
2026-02-11T19:23:15.737930,360709,1,2267,-51,2,100,DL,
2026-02-11T19:23:15.834976,360809,1,2268,-72,1,100,DL,
2026-02-11T19:23:15.933976,360909,1,2269,-67,2,100,DL,
2026-02-11T19:23:16.032762,361009,1,2270,-72,0,100,DL,
2026-02-11T19:23:16.132615,361109,1,2271,-69,1,100,DL,
2026-02-11T19:23:16.231500,361209,1,2272,-72,0,100,DL,
2026-02-11T19:23:16.332488,361309,1,2273,-72,0,100,DL,
2026-02-11T19:23:16.430581,361409,1,2274,-51,3,100,DL,
2026-02-11T19:23:16.529900,361509,1,2275,-72,0,100,DL,
2026-02-11T19:23:16.628814,361609,1,2276,-67,1,100,DL,
2026-02-11T19:23:16.728143,361710,1,2277,-72,0,100,DL,
2026-02-11T19:23:16.827922,361810,1,2278,-67,0,100,DL,
2026-02-11T19:23:16.927212,361910,1,2279,-72,1,100,DL,
2026-02-11T19:23:17.026462,362010,1,2280,-67,0,100,DL,
2026-02-11T19:23:17.125786,362110,1,2281,-72,0,100,DL,
2026-02-11T19:23:17.225180,362210,1,2282,-70,0,100,DL,
2026-02-11T19:23:17.324071,362310,1,2283,-70,1,100,DL,
2026-02-11T19:23:17.423919,362410,1,2284,-72,1,100,DL,
2026-02-11T19:23:17.523141,362510,1,2285,-67,1,100,DL,
2026-02-11T19:23:17.622687,362610,1,2286,-72,0,100,DL,
2026-02-11T19:23:17.721274,362710,1,2287,-67,0,100,DL,
2026-02-11T19:23:17.821037,362810,1,2288,-72,0,100,DL,
2026-02-11T19:23:17.920038,362910,1,2289,-51,2,100,DL,
2026-02-11T19:23:18.019373,363010,1,2290,-67,0,100,DL,
2026-02-11T19:23:18.119046,363110,1,2291,-69,1,100,DL,
2026-02-11T19:23:18.218357,363210,1,2292,-67,2,100,DL,
2026-02-11T19:23:18.317397,363311,1,2293,-72,0,100,DL,
2026-02-11T19:23:18.417135,363411,1,2294,-51,2,100,DL,
2026-02-11T19:23:18.516291,363511,1,2295,-69,1,100,DL,
2026-02-11T19:23:18.615569,363611,1,2296,-72,1,100,DL,
2026-02-11T19:23:18.714990,363711,1,2297,-67,2,100,DL,
2026-02-11T19:23:18.814376,363811,1,2298,-64,1,100,DL,
2026-02-11T19:23:18.913742,363911,1,2299,-70,0,100,DL,
2026-02-11T19:23:19.013152,364011,1,2300,-72,1,100,DL,
2026-02-11T19:23:19.112300,364111,1,2301,-72,1,100,DL,
2026-02-11T19:23:19.211963,364211,1,2302,-72,0,100,DL,
2026-02-11T19:23:19.310604,364311,1,2303,-51,1,100,DL,
2026-02-11T19:23:19.410363,364411,1,2304,-70,2,100,DL,
2026-02-11T19:23:19.509855,364511,1,2305,-72,0,100,DL,
2026-02-11T19:23:19.608866,364611,1,2306,-70,1,100,DL,
2026-02-11T19:23:19.708416,364712,1,2307,-72,0,100,DL,
2026-02-11T19:23:19.807953,364812,1,2308,-51,1,100,DL,
2026-02-11T19:23:19.906536,364912,1,2309,-70,0,100,DL,
2026-02-11T19:23:20.006237,365012,1,2310,-72,1,100,DL,
2026-02-11T19:23:20.105691,365112,1,2311,-51,2,100,DL,
2026-02-11T19:23:20.204930,365212,1,2312,-70,1,100,DL,
2026-02-11T19:23:20.304591,365312,1,2313,-70,1,100,DL,
2026-02-11T19:23:20.403182,365412,1,2314,-70,0,100,DL,
2026-02-11T19:23:20.503065,365512,1,2315,-51,2,100,DL,
2026-02-11T19:23:20.602678,365612,1,2316,-51,2,100,DL,
2026-02-11T19:23:20.701418,365712,1,2317,-70,0,100,DL,
2026-02-11T19:23:20.802528,365812,1,2318,-67,1,100,DL,
2026-02-11T19:23:20.899838,365912,1,2319,-70,2,100,DL,
2026-02-11T19:23:21.000007,366012,1,2320,-51,1,100,DL,
2026-02-11T19:23:21.099192,366112,1,2321,-51,2,100,DL,
2026-02-11T19:23:21.198028,366213,1,2322,-70,0,100,DL,
2026-02-11T19:23:21.297437,366313,1,2323,-67,0,100,DL,
2026-02-11T19:23:21.398362,366413,1,2324,-69,0,100,DL,
2026-02-11T19:23:21.495975,366513,1,2325,-51,1,100,DL,
2026-02-11T19:23:21.595350,366613,1,2326,-72,0,100,DL,
2026-02-11T19:23:21.694846,366713,1,2327,-51,2,100,DL,
2026-02-11T19:23:21.793682,366813,1,2328,-69,0,100,DL,
2026-02-11T19:23:21.893264,366913,1,2329,-72,1,100,DL,
2026-02-11T19:23:21.992341,367013,1,2330,-67,2,100,DL,
2026-02-11T19:23:22.092195,367113,1,2331,-71,0,100,DL,
2026-02-11T19:23:22.190950,367213,1,2332,-70,0,100,DL,
2026-02-11T19:23:22.290577,367313,1,2333,-67,2,100,DL,
2026-02-11T19:23:22.390021,367413,1,2334,-51,2,100,DL,
2026-02-11T19:23:22.488665,367513,1,2335,-51,1,100,DL,
2026-02-11T19:23:22.588771,367613,1,2336,-72,1,100,DL,
2026-02-11T19:23:22.688089,367714,1,2337,-51,3,100,DL,
2026-02-11T19:23:22.787066,367814,1,2338,-70,1,100,DL,
2026-02-11T19:23:22.887010,367914,1,2339,-51,1,100,DL,
2026-02-11T19:23:22.986294,368014,1,2340,-69,1,100,DL,
2026-02-11T19:23:23.085668,368114,1,2341,-72,1,100,DL,
2026-02-11T19:23:23.185022,368214,1,2342,-67,1,100,DL,
2026-02-11T19:23:23.283399,368314,1,2343,-67,1,100,DL,
2026-02-11T19:23:23.383266,368414,1,2344,-67,1,100,DL,
2026-02-11T19:23:23.482249,368514,1,2345,-70,0,100,DL,
2026-02-11T19:23:23.582350,368614,1,2346,-72,0,100,DL,
2026-02-11T19:23:23.680473,368714,1,2347,-51,3,100,DL,
2026-02-11T19:23:23.780377,368814,1,2348,-51,2,100,DL,
2026-02-11T19:23:23.880116,368914,1,2349,-67,1,100,DL,
2026-02-11T19:23:23.978878,369014,1,2350,-69,1,100,DL,
2026-02-11T19:23:24.078194,369114,1,2351,-72,0,100,DL,
2026-02-11T19:23:24.179619,369215,1,2352,-72,1,100,DL,
2026-02-11T19:23:24.277263,369315,1,2353,-73,1,100,DL,
2026-02-11T19:23:24.376191,369415,1,2354,-70,1,100,DL,
2026-02-11T19:23:24.475846,369515,1,2355,-72,0,100,DL,
2026-02-11T19:23:24.575335,369615,1,2356,-67,1,100,DL,
2026-02-11T19:23:24.673947,369715,1,2357,-67,1,100,DL,
2026-02-11T19:23:24.773331,369815,1,2358,-51,3,100,DL,
2026-02-11T19:23:24.873381,369915,1,2359,-51,4,100,DL,
2026-02-11T19:23:24.971544,370015,1,2360,-72,0,100,DL,
2026-02-11T19:23:25.071035,370115,1,2361,-51,1,100,DL,
2026-02-11T19:23:25.171598,370215,1,2362,-62,1,100,DL,
2026-02-11T19:23:25.270119,370315,1,2363,-51,1,100,DL,
2026-02-11T19:23:25.370017,370415,1,2364,-51,3,100,DL,
2026-02-11T19:23:25.468441,370515,1,2365,-72,1,100,DL,
2026-02-11T19:23:25.568687,370615,1,2366,-51,1,100,DL,
2026-02-11T19:23:25.667442,370716,1,2367,-73,1,100,DL,
2026-02-11T19:23:25.767372,370816,1,2368,-70,1,100,DL,
2026-02-11T19:23:25.866706,370916,1,2369,-72,0,100,DL,
2026-02-11T19:23:25.965124,371016,1,2370,-51,2,100,DL,
2026-02-11T19:23:26.064630,371116,1,2371,-69,1,100,DL,
2026-02-11T19:23:26.164315,371216,1,2372,-69,0,100,DL,
2026-02-11T19:23:26.263245,371316,1,2373,-67,0,100,DL,
2026-02-11T19:23:26.363424,371416,1,2374,-70,0,100,DL,
2026-02-11T19:23:26.462201,371516,1,2375,-67,1,100,DL,
2026-02-11T19:23:26.561104,371616,1,2376,-51,2,100,DL,
2026-02-11T19:23:26.660514,371716,1,2377,-70,0,100,DL,
2026-02-11T19:23:26.760129,371816,1,2378,0,0,99,NONE,
2026-02-11T19:23:26.859955,371916,1,2379,-72,0,99,DL,
2026-02-11T19:23:26.959464,372016,1,2380,-51,1,99,DL,
2026-02-11T19:23:27.058256,372116,1,2381,-70,2,99,DL,
2026-02-11T19:23:27.157944,372217,1,2382,-67,0,99,DL,
2026-02-11T19:23:27.256882,372317,1,2383,-67,0,99,DL,
2026-02-11T19:23:27.356040,372417,1,2384,-51,1,99,DL,
2026-02-11T19:23:27.455716,372517,1,2385,-67,1,99,DL,
2026-02-11T19:23:27.555028,372617,1,2386,-72,0,99,DL,
2026-02-11T19:23:27.654459,372717,1,2387,-71,0,99,DL,
2026-02-11T19:23:27.753472,372817,1,2388,-62,1,99,DL,
2026-02-11T19:23:27.853074,372917,1,2389,-64,1,99,DL,
2026-02-11T19:23:27.952767,373017,1,2390,-70,0,99,DL,
2026-02-11T19:23:28.051842,373117,1,2391,-64,1,99,DL,
2026-02-11T19:23:28.151336,373217,1,2392,-70,2,99,DL,
2026-02-11T19:23:28.250797,373317,1,2393,-70,1,99,DL,
2026-02-11T19:23:28.349368,373417,1,2394,-72,0,99,DL,
2026-02-11T19:23:28.449339,373517,1,2395,-72,0,99,DL,
2026-02-11T19:23:28.548944,373618,1,2396,-72,1,99,DL,
2026-02-11T19:23:28.647361,373718,1,2397,-70,1,99,DL,
2026-02-11T19:23:28.747221,373818,1,2398,-72,1,99,DL,
2026-02-11T19:23:28.845824,373918,1,2399,-71,0,99,DL,
2026-02-11T19:23:28.945568,374018,1,2400,-72,0,99,DL,
2026-02-11T19:23:29.044303,374118,1,2401,-72,1,99,DL,
2026-02-11T19:23:29.143531,374218,1,2402,-72,1,99,DL,
2026-02-11T19:23:29.243038,374318,1,2403,-64,1,99,DL,
2026-02-11T19:23:29.342572,374418,1,2404,-51,1,99,DL,
2026-02-11T19:23:29.442660,374518,1,2405,-72,0,99,DL,
2026-02-11T19:23:29.541165,374618,1,2406,-72,0,99,DL,
2026-02-11T19:23:29.640703,374718,1,2407,-64,1,99,DL,
2026-02-11T19:23:29.740692,374819,1,2408,-51,2,99,DL,
2026-02-11T19:23:29.840022,374919,1,2409,-72,0,99,DL,
2026-02-11T19:23:29.939390,375019,1,2410,-72,0,99,DL,
2026-02-11T19:23:30.039010,375119,1,2411,-69,0,99,DL,
2026-02-11T19:23:30.137032,375219,1,2412,-51,2,99,DL,
2026-02-11T19:23:30.237042,375319,1,2413,0,0,98,NONE,
2026-02-11T19:23:30.336111,375419,1,2414,-72,0,98,DL,
2026-02-11T19:23:30.435099,375519,1,2415,-64,0,98,DL,
2026-02-11T19:23:30.535167,375619,1,2416,-72,1,98,DL,
2026-02-11T19:23:30.633906,375719,1,2417,-72,0,98,DL,
2026-02-11T19:23:30.733812,375819,1,2418,-72,0,98,DL,
2026-02-11T19:23:30.832944,375919,1,2419,-51,2,98,DL,
2026-02-11T19:23:30.932809,376020,1,2420,-73,0,98,DL,
2026-02-11T19:23:31.031589,376120,1,2421,-69,0,98,DL,
2026-02-11T19:23:31.130515,376220,1,2422,-64,2,98,DL,
2026-02-11T19:23:31.229889,376320,1,2423,0,0,97,NONE,
2026-02-11T19:23:31.329644,376420,1,2424,-72,0,97,DL,
2026-02-11T19:23:31.429341,376520,1,2425,-72,0,97,DL,
2026-02-11T19:23:31.528501,376620,1,2426,-72,0,97,DL,
2026-02-11T19:23:31.627877,376720,1,2427,-72,0,97,DL,
2026-02-11T19:23:31.727659,376820,1,2428,-62,1,97,DL,
2026-02-11T19:23:31.826766,376920,1,2429,-72,2,97,DL,
2026-02-11T19:23:31.924967,377020,1,2430,-51,2,97,DL,
2026-02-11T19:23:32.024775,377120,1,2431,-72,0,97,DL,
2026-02-11T19:23:32.123701,377220,1,2432,-72,0,97,DL,
2026-02-11T19:23:32.223611,377321,1,2433,-69,0,97,DL,
2026-02-11T19:23:32.322725,377421,1,2434,-72,1,97,DL,
2026-02-11T19:23:32.422298,377521,1,2435,-72,0,97,DL,
2026-02-11T19:23:32.521263,377621,1,2436,-72,0,97,DL,
2026-02-11T19:23:32.620280,377721,1,2437,-51,2,97,DL,
2026-02-11T19:23:32.720336,377821,1,2438,-51,1,97,DL,
2026-02-11T19:23:32.819736,377921,1,2439,-72,1,97,DL,
2026-02-11T19:23:32.918412,378021,1,2440,-67,1,97,DL,
2026-02-11T19:23:33.018441,378121,1,2441,-72,0,97,DL,
2026-02-11T19:23:33.117506,378221,1,2442,-69,1,97,DL,
2026-02-11T19:23:33.216700,378321,1,2443,-51,2,97,DL,
2026-02-11T19:23:33.315586,378421,1,2444,-72,0,97,DL,
2026-02-11T19:23:33.415374,378521,1,2445,-70,0,97,DL,
2026-02-11T19:23:33.514865,378621,1,2446,-71,0,97,DL,
2026-02-11T19:23:33.613761,378722,1,2447,-67,1,97,DL,
2026-02-11T19:23:33.713678,378822,1,2448,-70,1,97,DL,
2026-02-11T19:23:33.812713,378922,1,2449,-70,0,97,DL,
2026-02-11T19:23:33.911961,379022,1,2450,-72,1,97,DL,
2026-02-11T19:23:34.010792,379122,1,2451,-72,1,97,DL,
2026-02-11T19:23:34.110807,379222,1,2452,-67,1,97,DL,
2026-02-11T19:23:34.209307,379322,1,2453,-72,0,97,DL,
2026-02-11T19:23:34.309363,379422,1,2454,0,0,96,NONE,
2026-02-11T19:23:34.407978,379522,1,2455,-70,1,96,DL,
2026-02-11T19:23:34.507407,379622,1,2456,-72,0,96,DL,
2026-02-11T19:23:34.607544,379722,1,2457,-67,0,96,DL,
2026-02-11T19:23:34.706598,379822,1,2458,-71,0,96,DL,
2026-02-11T19:23:34.806154,379922,1,2459,-67,1,96,DL,
2026-02-11T19:23:34.905391,380022,1,2460,-72,2,96,DL,
2026-02-11T19:23:35.004822,380123,1,2461,-69,0,96,DL,
2026-02-11T19:23:35.103416,380223,1,2462,-67,0,96,DL,
2026-02-11T19:23:35.202775,380323,1,2463,-72,0,96,DL,
2026-02-11T19:23:35.302856,380423,1,2464,-51,2,96,DL,
2026-02-11T19:23:35.403863,380523,1,2465,-54,2,96,DL,
2026-02-11T19:23:35.500614,380623,1,2466,-67,1,96,DL,
2026-02-11T19:23:35.600601,380723,1,2467,-72,1,96,DL,
2026-02-11T19:23:35.699350,380823,1,2468,-69,1,96,DL,
2026-02-11T19:23:35.799184,380923,1,2469,-70,0,96,DL,
2026-02-11T19:23:35.898839,381023,1,2470,-71,0,96,DL,
2026-02-11T19:23:35.997503,381123,1,2471,-67,1,96,DL,
2026-02-11T19:23:36.099895,381223,1,2472,-69,0,96,DL,
2026-02-11T19:23:36.196209,381323,1,2473,-51,3,96,DL,
2026-02-11T19:23:36.295783,381423,1,2474,-62,1,96,DL,
2026-02-11T19:23:36.395370,381523,1,2475,-71,0,96,DL,
2026-02-11T19:23:36.493899,381623,1,2476,-67,0,96,DL,
2026-02-11T19:23:36.594070,381724,1,2477,-72,0,96,DL,
2026-02-11T19:23:36.692921,381824,1,2478,-69,1,97,DL,
2026-02-11T19:23:36.792934,381924,1,2479,-70,0,97,DL,
2026-02-11T19:23:36.891727,382024,1,2480,-70,1,97,DL,
2026-02-11T19:23:36.992212,382124,1,2481,-51,1,97,DL,
2026-02-11T19:23:37.090347,382224,1,2482,-51,1,97,DL,
2026-02-11T19:23:37.189977,382324,1,2483,-51,1,97,DL,
2026-02-11T19:23:37.288962,382424,1,2484,-71,0,97,DL,
2026-02-11T19:23:37.388359,382524,1,2485,-67,0,97,DL,
2026-02-11T19:23:37.487347,382624,1,2486,-69,0,97,DL,
2026-02-11T19:23:37.587261,382724,1,2487,-62,3,97,DL,
2026-02-11T19:23:37.686212,382824,1,2488,-67,0,97,DL,
2026-02-11T19:23:37.786070,382924,1,2489,-64,2,97,DL,
2026-02-11T19:23:37.885119,383024,1,2490,-64,1,97,DL,
2026-02-11T19:23:37.984324,383124,1,2491,-67,0,97,DL,
2026-02-11T19:23:38.083302,383224,1,2492,-69,0,97,DL,
2026-02-11T19:23:38.183050,383325,1,2493,-64,1,97,DL,
2026-02-11T19:23:38.282337,383425,1,2494,-72,0,97,DL,
2026-02-11T19:23:38.381267,383525,1,2495,-67,1,97,DL,
2026-02-11T19:23:38.480699,383625,1,2496,-70,0,97,DL,
2026-02-11T19:23:38.580347,383725,1,2497,-67,2,97,DL,
2026-02-11T19:23:38.680176,383825,1,2498,-70,0,97,DL,
2026-02-11T19:23:38.778526,383925,1,2499,-66,0,97,DL,
2026-02-11T19:23:38.878301,384025,1,2500,-51,1,97,DL,
2026-02-11T19:23:38.977992,384125,1,2501,-62,0,97,DL,
2026-02-11T19:23:39.076865,384225,1,2502,-67,0,97,DL,
2026-02-11T19:23:39.176245,384325,1,2503,-51,1,97,DL,
2026-02-11T19:23:39.275539,384425,1,2504,-70,0,97,DL,
2026-02-11T19:23:39.374528,384525,1,2505,-71,0,97,DL,
2026-02-11T19:23:39.474291,384625,1,2506,-51,2,97,DL,
2026-02-11T19:23:39.572966,384725,1,2507,-67,1,97,DL,
2026-02-11T19:23:39.672526,384825,1,2508,-51,1,97,DL,
2026-02-11T19:23:39.771839,384926,1,2509,-67,0,97,DL,
2026-02-11T19:23:39.871537,385026,1,2510,-70,2,97,DL,
2026-02-11T19:23:39.970839,385126,1,2511,-72,0,97,DL,
2026-02-11T19:23:40.069873,385226,1,2512,-68,0,97,DL,
2026-02-11T19:23:40.169691,385326,1,2513,-72,1,98,DL,
2026-02-11T19:23:40.268411,385426,1,2514,-67,0,98,DL,
2026-02-11T19:23:40.368069,385526,1,2515,-51,1,98,DL,
2026-02-11T19:23:40.467522,385626,1,2516,-69,1,98,DL,
2026-02-11T19:23:40.566794,385726,1,2517,-70,0,98,DL,
2026-02-11T19:23:40.666116,385826,1,2518,-51,2,98,DL,
2026-02-11T19:23:40.765391,385926,1,2519,-66,0,98,DL,
2026-02-11T19:23:40.864196,386026,1,2520,-70,1,98,DL,
2026-02-11T19:23:40.963776,386126,1,2521,-70,0,98,DL,
2026-02-11T19:23:41.063033,386226,1,2522,-70,0,98,DL,
2026-02-11T19:23:41.165172,386326,1,2523,-70,1,99,DL,
2026-02-11T19:23:41.261885,386426,1,2524,-64,0,99,DL,
2026-02-11T19:23:41.361421,386527,1,2525,-51,2,99,DL,
2026-02-11T19:23:41.460711,386627,1,2526,-67,0,99,DL,
2026-02-11T19:23:41.560195,386727,1,2527,-69,0,99,DL,
2026-02-11T19:23:41.659082,386827,1,2528,-64,2,99,DL,
2026-02-11T19:23:41.758874,386927,1,2529,-72,0,99,DL,
2026-02-11T19:23:41.858031,387027,1,2530,-72,1,99,DL,
2026-02-11T19:23:41.957510,387127,1,2531,-72,0,99,DL,
2026-02-11T19:23:42.056744,387227,1,2532,-72,0,99,DL,
2026-02-11T19:23:42.155382,387327,1,2533,-70,0,99,DL,
2026-02-11T19:23:42.256777,387427,1,2534,-67,0,99,DL,
2026-02-11T19:23:42.354786,387527,1,2535,-70,0,99,DL,
2026-02-11T19:23:42.454136,387627,1,2536,-70,1,99,DL,
2026-02-11T19:23:42.553151,387727,1,2537,-71,0,99,DL,
2026-02-11T19:23:42.652215,387827,1,2538,-67,0,99,DL,
2026-02-11T19:23:42.752045,387927,1,2539,-70,0,99,DL,
2026-02-11T19:23:42.851181,388027,1,2540,-67,0,99,DL,
2026-02-11T19:23:42.950818,388128,1,2541,-51,2,99,DL,
2026-02-11T19:23:43.049490,388228,1,2542,-72,1,99,DL,
2026-02-11T19:23:43.149699,388328,1,2543,-67,0,99,DL,
2026-02-11T19:23:43.248986,388428,1,2544,-71,0,99,DL,
2026-02-11T19:23:43.348058,388528,1,2545,-67,2,99,DL,
2026-02-11T19:23:43.447417,388628,1,2546,-69,1,99,DL,
2026-02-11T19:23:43.547144,388728,1,2547,-70,1,99,DL,
2026-02-11T19:23:43.645358,388828,1,2548,-68,0,99,DL,
2026-02-11T19:23:43.746000,388928,1,2549,-72,0,99,DL,
2026-02-11T19:23:43.844032,389028,1,2550,-67,1,99,DL,
2026-02-11T19:23:43.943634,389128,1,2551,-67,0,99,DL,
2026-02-11T19:23:44.043780,389228,1,2552,-69,0,99,DL,
2026-02-11T19:23:44.141909,389328,1,2553,-66,0,99,DL,
2026-02-11T19:23:44.242135,389428,1,2554,-67,0,100,DL,
2026-02-11T19:23:44.340747,389528,1,2555,-64,1,100,DL,
2026-02-11T19:23:44.439978,389628,1,2556,-72,0,100,DL,
2026-02-11T19:23:44.540209,389729,1,2557,-67,0,100,DL,
2026-02-11T19:23:44.639555,389829,1,2558,-64,2,100,DL,
2026-02-11T19:23:44.737968,389929,1,2559,-67,2,100,DL,
2026-02-11T19:23:44.842610,390029,1,2560,-66,0,100,DL,
2026-02-11T19:23:44.936954,390129,1,2561,-70,0,100,DL,
2026-02-11T19:23:45.036573,390229,1,2562,-67,1,100,DL,
2026-02-11T19:23:45.135767,390329,1,2563,-70,0,100,DL,
2026-02-11T19:23:45.234895,390429,1,2564,-63,0,100,DL,
2026-02-11T19:23:45.333842,390529,1,2565,-70,1,100,DL,
2026-02-11T19:23:45.434514,390629,1,2566,-50,1,100,DL,
2026-02-11T19:23:45.532602,390729,1,2567,-50,1,100,DL,
2026-02-11T19:23:45.631909,390829,1,2568,-72,0,100,DL,
2026-02-11T19:23:45.731362,390929,1,2569,-51,1,100,DL,
2026-02-11T19:23:45.831099,391029,1,2570,-51,1,100,DL,
2026-02-11T19:23:45.930354,391129,1,2571,-66,0,100,DL,
2026-02-11T19:23:46.029596,391229,1,2572,-67,1,100,DL,
2026-02-11T19:23:46.129456,391329,1,2573,-51,2,100,DL,
2026-02-11T19:23:46.230339,391430,1,2574,-66,0,100,DL,
2026-02-11T19:23:46.327487,391530,1,2575,-62,2,100,DL,
2026-02-11T19:23:46.427025,391630,1,2576,-64,0,100,DL,
2026-02-11T19:23:46.525749,391730,1,2577,-67,1,100,DL,
2026-02-11T19:23:46.628354,391830,1,2578,-67,2,100,DL,
2026-02-11T19:23:46.724855,391930,1,2579,-69,0,100,DL,
2026-02-11T19:23:46.824367,392030,1,2580,-50,2,100,DL,
2026-02-11T19:23:46.923709,392130,1,2581,-67,0,100,DL,
2026-02-11T19:23:47.022688,392230,1,2582,-50,3,100,DL,
2026-02-11T19:23:47.122593,392330,1,2583,-67,0,100,DL,
2026-02-11T19:23:47.220881,392430,1,2584,-67,1,100,DL,
2026-02-11T19:23:47.320790,392530,1,2585,-72,0,100,DL,
2026-02-11T19:23:47.421032,392630,1,2586,-50,0,100,DL,
2026-02-11T19:23:47.520124,392730,1,2587,-72,1,100,DL,
2026-02-11T19:23:47.618361,392830,1,2588,-51,2,100,DL,
2026-02-11T19:23:47.718346,392930,1,2589,-69,0,100,DL,
2026-02-11T19:23:47.818008,393030,1,2590,-67,0,100,DL,
2026-02-11T19:23:47.917034,393131,1,2591,-69,1,100,DL,
2026-02-11T19:23:48.016304,393231,1,2592,-69,0,100,DL,
2026-02-11T19:23:48.115214,393331,1,2593,0,0,99,NONE,
2026-02-11T19:23:48.215184,393431,1,2594,-66,0,99,DL,
2026-02-11T19:23:48.314612,393531,1,2595,-67,2,99,DL,
2026-02-11T19:23:48.413553,393631,1,2596,-67,1,99,DL,
2026-02-11T19:23:48.512830,393731,1,2597,-67,0,99,DL,
2026-02-11T19:23:48.612340,393831,1,2598,-66,0,99,DL,
2026-02-11T19:23:48.711526,393931,1,2599,-67,1,99,DL,
2026-02-11T19:23:48.810900,394031,1,2600,-64,0,99,DL,
2026-02-11T19:23:48.909833,394131,1,2601,-70,1,99,DL,
2026-02-11T19:23:49.009776,394231,1,2602,-69,0,99,DL,
2026-02-11T19:23:49.108833,394331,1,2603,-67,0,99,DL,
2026-02-11T19:23:49.207814,394431,1,2604,-71,0,99,DL,
2026-02-11T19:23:49.307760,394531,1,2605,-72,0,99,DL,
2026-02-11T19:23:49.406807,394631,1,2606,-69,0,99,DL,
2026-02-11T19:23:49.506029,394731,1,2607,-67,0,99,DL,
2026-02-11T19:23:49.605733,394832,1,2608,-51,0,99,DL,
2026-02-11T19:23:49.704706,394932,1,2609,-51,1,99,DL,
2026-02-11T19:23:49.804045,395032,1,2610,-51,3,99,DL,
2026-02-11T19:23:49.903253,395132,1,2611,-68,-1,99,DL,
2026-02-11T19:23:50.002974,395232,1,2612,-67,1,99,DL,
2026-02-11T19:23:50.102087,395332,1,2613,-66,-1,99,DL,
2026-02-11T19:23:50.200901,395432,1,2614,-51,0,99,DL,
2026-02-11T19:23:50.300879,395532,1,2615,-70,0,99,DL,
2026-02-11T19:23:50.400214,395632,1,2616,-70,1,99,DL,
2026-02-11T19:23:50.499188,395732,1,2617,-67,2,99,DL,
2026-02-11T19:23:50.598861,395832,1,2618,-67,0,99,DL,
2026-02-11T19:23:50.698470,395932,1,2619,-51,2,99,DL,
2026-02-11T19:23:50.797839,396032,1,2620,-50,1,99,DL,
2026-02-11T19:23:50.896615,396132,1,2621,-72,0,99,DL,
2026-02-11T19:23:50.995522,396232,1,2622,-67,0,99,DL,
2026-02-11T19:23:51.095324,396332,1,2623,-50,1,99,DL,
2026-02-11T19:23:51.194192,396432,1,2624,-66,0,99,DL,
2026-02-11T19:23:51.294025,396533,1,2625,-73,0,99,DL,
2026-02-11T19:23:51.393574,396633,1,2626,-50,2,99,DL,
2026-02-11T19:23:51.492798,396733,1,2627,-72,0,99,DL,
2026-02-11T19:23:51.592083,396833,1,2628,-51,2,99,DL,
2026-02-11T19:23:51.691224,396933,1,2629,-62,0,99,DL,
2026-02-11T19:23:51.790158,397033,1,2630,-71,0,99,DL,
2026-02-11T19:23:51.889432,397133,1,2631,-51,0,99,DL,
2026-02-11T19:23:51.989170,397233,1,2632,-70,-1,99,DL,
2026-02-11T19:23:52.088072,397333,1,2633,-70,1,99,DL,
2026-02-11T19:23:52.187940,397433,1,2634,-72,0,99,DL,
2026-02-11T19:23:52.287185,397533,1,2635,-51,3,99,DL,
2026-02-11T19:23:52.386772,397633,1,2636,-71,-1,99,DL,
2026-02-11T19:23:52.485914,397733,1,2637,-63,0,99,DL,
2026-02-11T19:23:52.585088,397833,1,2638,-72,1,99,DL,
2026-02-11T19:23:52.685756,397934,1,2639,-51,0,99,DL,
2026-02-11T19:23:52.783403,398034,1,2640,-72,0,99,DL,
2026-02-11T19:23:52.882944,398134,1,2641,-69,0,99,DL,
2026-02-11T19:23:52.983039,398234,1,2642,-71,0,99,DL,
2026-02-11T19:23:53.081420,398334,1,2643,-67,2,99,DL,
2026-02-11T19:23:53.181287,398434,1,2644,-51,1,99,DL,
2026-02-11T19:23:53.280170,398534,1,2645,-66,0,99,DL,
2026-02-11T19:23:53.379193,398634,1,2646,-69,-1,99,DL,
2026-02-11T19:23:53.479249,398734,1,2647,-71,0,99,DL,
2026-02-11T19:23:53.578756,398834,1,2648,-67,1,99,DL,
2026-02-11T19:23:53.677852,398934,1,2649,-71,0,99,DL,
2026-02-11T19:23:53.776769,399034,1,2650,-51,0,99,DL,
2026-02-11T19:23:53.876794,399134,1,2651,-71,0,99,DL,
2026-02-11T19:23:53.975973,399234,1,2652,-71,0,99,DL,
2026-02-11T19:23:54.075243,399335,1,2653,-66,0,99,DL,
2026-02-11T19:23:54.175032,399435,1,2654,-51,0,99,DL,
2026-02-11T19:23:54.274175,399535,1,2655,-68,0,99,DL,
2026-02-11T19:23:54.373047,399635,1,2656,-72,1,99,DL,
2026-02-11T19:23:54.472886,399735,1,2657,-51,0,99,DL,
2026-02-11T19:23:54.571520,399835,1,2658,-72,1,99,DL,
2026-02-11T19:23:54.671279,399935,1,2659,-72,0,99,DL,
2026-02-11T19:23:54.770977,400035,1,2660,-72,1,99,DL,
2026-02-11T19:23:54.869144,400135,1,2661,-64,2,99,DL,
2026-02-11T19:23:54.969599,400235,1,2662,-67,1,99,DL,
2026-02-11T19:23:55.068797,400335,1,2663,-51,2,99,DL,
2026-02-11T19:23:55.168088,400435,1,2664,-69,0,99,DL,
2026-02-11T19:23:55.266456,400535,1,2665,-71,0,99,DL,
2026-02-11T19:23:55.366420,400635,1,2666,-64,0,99,DL,
2026-02-11T19:23:55.465285,400736,1,2667,-50,2,99,DL,
2026-02-11T19:23:55.565049,400836,1,2668,-72,0,99,DL,
2026-02-11T19:23:55.663938,400936,1,2669,-50,2,99,DL,
2026-02-11T19:23:55.763794,401036,1,2670,-50,2,99,DL,
2026-02-11T19:23:55.862684,401136,1,2671,-72,0,99,DL,
2026-02-11T19:23:55.961957,401236,1,2672,-71,0,99,DL,
2026-02-11T19:23:56.066468,401336,1,2673,-50,1,99,DL,
2026-02-11T19:23:56.161209,401436,1,2674,-64,1,99,DL,
2026-02-11T19:23:56.260098,401536,1,2675,-71,0,99,DL,
2026-02-11T19:23:56.359125,401636,1,2676,-68,0,99,DL,
2026-02-11T19:23:56.459358,401736,1,2677,-50,1,99,DL,
2026-02-11T19:23:56.557944,401836,1,2678,-71,0,99,DL,
2026-02-11T19:23:56.657755,401936,1,2679,-72,0,99,DL,
2026-02-11T19:23:56.757052,402036,1,2680,-50,3,99,DL,
2026-02-11T19:23:56.856275,402136,1,2681,-50,2,99,DL,
2026-02-11T19:23:56.955611,402237,1,2682,-50,2,99,DL,
2026-02-11T19:23:57.055123,402337,1,2683,-72,0,99,DL,
2026-02-11T19:23:57.153881,402437,1,2684,-50,0,99,DL,
2026-02-11T19:23:57.253579,402537,1,2685,-50,2,99,DL,
2026-02-11T19:23:57.353885,402637,1,2686,-50,1,99,DL,
2026-02-11T19:23:57.452091,402737,1,2687,-50,1,99,DL,
2026-02-11T19:23:57.551227,402837,1,2688,-50,0,99,DL,
2026-02-11T19:23:57.650554,402937,1,2689,-72,1,99,DL,
2026-02-11T19:23:57.750041,403037,1,2690,-68,0,99,DL,
2026-02-11T19:23:57.853780,403137,1,2691,-50,0,99,DL,
2026-02-11T19:23:57.949166,403237,1,2692,-50,2,99,DL,
2026-02-11T19:23:58.048229,403337,1,2693,-64,1,100,DL,
2026-02-11T19:23:58.147488,403437,1,2694,-50,1,100,DL,
2026-02-11T19:23:58.247033,403537,1,2695,-50,1,100,DL,
2026-02-11T19:23:58.346362,403637,1,2696,-50,1,100,DL,
2026-02-11T19:23:58.444765,403738,1,2697,-50,0,100,DL,
2026-02-11T19:23:58.544772,403838,1,2698,-66,0,100,DL,
2026-02-11T19:23:58.643520,403938,1,2699,-69,0,100,DL,
2026-02-11T19:23:58.743519,404038,1,2700,-67,1,100,DL,
2026-02-11T19:23:58.843224,404138,1,2701,-50,2,100,DL,
2026-02-11T19:23:58.941604,404238,1,2702,-69,0,100,DL,
2026-02-11T19:23:59.041140,404338,1,2703,-50,0,100,DL,
2026-02-11T19:23:59.141224,404438,1,2704,-70,0,100,DL,
2026-02-11T19:23:59.239519,404538,1,2705,-50,1,100,DL,
2026-02-11T19:23:59.339388,404638,1,2706,-50,1,100,DL,
2026-02-11T19:23:59.438545,404738,1,2707,-67,0,100,DL,
2026-02-11T19:23:59.538087,404838,1,2708,-51,2,100,DL,
2026-02-11T19:23:59.639678,404938,1,2709,-70,1,100,DL,
2026-02-11T19:23:59.736291,405038,1,2710,-50,1,100,DL,
2026-02-11T19:23:59.836060,405138,1,2711,-69,0,100,DL,
2026-02-11T19:23:59.935351,405238,1,2712,-50,3,100,DL,
2026-02-11T19:24:00.034804,405338,1,2713,-50,0,100,DL,
2026-02-11T19:24:00.134081,405439,1,2714,-68,0,100,DL,
2026-02-11T19:24:00.233762,405539,1,2715,-67,1,100,DL,
2026-02-11T19:24:00.332852,405639,1,2716,-72,0,100,DL,
2026-02-11T19:24:00.432274,405739,1,2717,-67,0,100,DL,
2026-02-11T19:24:00.531782,405839,1,2718,-50,1,100,DL,
2026-02-11T19:24:00.630800,405939,1,2719,-49,0,100,DL,
2026-02-11T19:24:00.729441,406039,1,2720,-49,1,100,DL,
2026-02-11T19:24:00.829744,406139,1,2721,-49,1,100,DL,
2026-02-11T19:24:00.928531,406239,1,2722,-67,1,100,DL,
2026-02-11T19:24:01.027541,406339,1,2723,-50,1,100,DL,
2026-02-11T19:24:01.127321,406439,1,2724,-50,2,100,DL,
2026-02-11T19:24:01.226582,406539,1,2725,-50,1,100,DL,
2026-02-11T19:24:01.325547,406639,1,2726,-50,1,100,DL,
2026-02-11T19:24:01.425516,406739,1,2727,-67,0,100,DL,
2026-02-11T19:24:01.524500,406839,1,2728,-50,1,100,DL,
2026-02-11T19:24:01.623969,406939,1,2729,-50,0,100,DL,
2026-02-11T19:24:01.722849,407039,1,2730,-67,1,100,DL,
2026-02-11T19:24:01.823085,407140,1,2731,-67,0,100,DL,
2026-02-11T19:24:01.922179,407240,1,2732,-70,1,100,DL,
2026-02-11T19:24:02.021378,407340,1,2733,-68,-1,100,DL,
2026-02-11T19:24:02.120189,407440,1,2734,-67,0,100,DL,
2026-02-11T19:24:02.219744,407540,1,2735,-67,0,100,DL,
2026-02-11T19:24:02.318860,407640,1,2736,-67,0,100,DL,
2026-02-11T19:24:02.418709,407740,1,2737,-50,2,100,DL,
2026-02-11T19:24:02.517412,407840,1,2738,-67,1,100,DL,
2026-02-11T19:24:02.616673,407940,1,2739,-67,1,100,DL,
2026-02-11T19:24:02.715774,408040,1,2740,-70,0,100,DL,
2026-02-11T19:24:02.815813,408140,1,2741,-64,1,100,DL,
2026-02-11T19:24:02.914789,408240,1,2742,-50,4,100,DL,
2026-02-11T19:24:03.014459,408340,1,2743,-69,0,100,DL,
2026-02-11T19:24:03.114428,408440,1,2744,-69,0,100,DL,
2026-02-11T19:24:03.213067,408540,1,2745,-50,2,100,DL,
2026-02-11T19:24:03.312198,408640,1,2746,-66,0,100,DL,
2026-02-11T19:24:03.411960,408740,1,2747,-72,0,100,DL,
2026-02-11T19:24:03.511459,408840,1,2748,-47,3,100,DL,
2026-02-11T19:24:03.610956,408941,1,2749,-47,2,100,DL,
2026-02-11T19:24:03.709736,409041,1,2750,-47,1,100,DL,
2026-02-11T19:24:03.809272,409141,1,2751,-47,3,100,DL,
2026-02-11T19:24:03.908475,409241,1,2752,-48,0,100,DL,
2026-02-11T19:24:04.007898,409341,1,2753,-49,0,100,DL,
2026-02-11T19:24:04.107148,409441,1,2754,-69,-2,100,DL,
2026-02-11T19:24:04.205991,409541,1,2755,-67,0,100,DL,
2026-02-11T19:24:04.305955,409641,1,2756,-45,-1,100,DL,
2026-02-11T19:24:04.404870,409741,1,2757,-45,12,100,DL,
2026-02-11T19:24:04.504401,409841,1,2758,-41,12,100,DL,
2026-02-11T19:24:04.603326,409941,1,2759,-72,6,100,DL,
2026-02-11T19:24:04.703392,410041,1,2760,-72,6,100,DL,
2026-02-11T19:24:04.802444,410141,1,2761,-72,6,100,DL,
2026-02-11T19:24:04.902041,410241,1,2762,-70,7,100,DL,
2026-02-11T19:24:05.001208,410341,1,2763,0,0,99,NONE,
2026-02-11T19:24:05.099996,410442,1,2764,-70,6,99,DL,
2026-02-11T19:24:05.200041,410542,1,2765,-72,6,99,DL,
2026-02-11T19:24:05.299232,410642,1,2766,0,0,98,NONE,
2026-02-11T19:24:05.398255,410742,1,2767,0,0,97,NONE,
2026-02-11T19:24:05.497314,410842,1,2768,-73,6,97,DL,
2026-02-11T19:24:05.596762,410942,1,2769,-72,6,97,DL,
2026-02-11T19:24:05.696367,411042,1,2770,-64,9,97,DL,
2026-02-11T19:24:05.795148,411142,1,2771,-72,7,97,DL,
2026-02-11T19:24:05.898005,411242,1,2772,-67,12,97,DL,
2026-02-11T19:24:05.994793,411342,1,2773,-74,11,97,DL,
2026-02-11T19:24:06.093453,411442,1,2774,-73,10,97,DL,
2026-02-11T19:24:06.192463,411542,1,2775,-74,12,97,DL,
2026-02-11T19:24:06.291804,411642,1,2776,0,0,96,NONE,
2026-02-11T19:24:06.391700,411742,1,2777,-67,10,96,DL,
2026-02-11T19:24:06.491095,411842,1,2778,-70,8,96,DL,
2026-02-11T19:24:06.590286,411943,1,2779,-73,7,96,DL,
2026-02-11T19:24:06.689684,412043,1,2780,-73,8,96,DL,
2026-02-11T19:24:06.788941,412143,1,2781,-74,10,96,DL,
2026-02-11T19:24:06.888286,412243,1,2782,-73,8,96,DL,
2026-02-11T19:24:06.987285,412343,1,2783,-73,8,96,DL,
2026-02-11T19:24:07.086604,412443,1,2784,-73,8,96,DL,
2026-02-11T19:24:07.185994,412543,1,2785,-73,8,96,DL,
2026-02-11T19:24:07.290224,412643,1,2786,-70,9,96,DL,
2026-02-11T19:24:07.384463,412743,1,2787,-73,7,96,DL,
2026-02-11T19:24:07.484512,412843,1,2788,-73,8,96,DL,
2026-02-11T19:24:07.583229,412943,1,2789,-73,8,96,DL,
2026-02-11T19:24:07.682290,413043,1,2790,-73,8,96,DL,
2026-02-11T19:24:07.782770,413143,1,2791,-67,12,96,DL,
2026-02-11T19:24:07.880821,413243,1,2792,-73,8,96,DL,
2026-02-11T19:24:07.980610,413343,1,2793,-71,12,96,DL,
